,杨戴/伤逝__chunk001,杨戴/伤逝__chunk002,杨戴/伤逝__chunk003,杨戴/伤逝__chunk004,杨戴/伤逝__chunk005,杨戴/伤逝__chunk006,杨戴/伤逝__chunk007,杨戴/在酒楼上__chunk001,杨戴/在酒楼上__chunk002,杨戴/在酒楼上__chunk003,杨戴/在酒楼上__chunk004,杨戴/在酒楼上__chunk005,杨戴/奔月__chunk001,杨戴/奔月__chunk002,杨戴/奔月__chunk003,杨戴/奔月__chunk004,杨戴/孤独者__chunk001,杨戴/孤独者__chunk002,杨戴/孤独者__chunk003,杨戴/孤独者__chunk004,杨戴/孤独者__chunk005,杨戴/孤独者__chunk006,杨戴/孤独者__chunk007,杨戴/孤独者__chunk008,杨戴/幸福的家庭__chunk001,杨戴/幸福的家庭__chunk002,杨戴/幸福的家庭__chunk003,杨戴/故乡__chunk001,杨戴/故乡__chunk002,杨戴/故乡__chunk003,杨戴/故乡__chunk004,杨戴/明天__chunk001,杨戴/明天__chunk002,杨戴/明天__chunk003,杨戴/狂人日记__chunk001,杨戴/狂人日记__chunk002,杨戴/狂人日记__chunk003,杨戴/狂人日记__chunk004,杨戴/社戏__chunk001,杨戴/社戏__chunk002,杨戴/社戏__chunk003,杨戴/社戏__chunk004,杨戴/祝福__chunk001,杨戴/祝福__chunk002,杨戴/祝福__chunk003,杨戴/祝福__chunk004,杨戴/祝福__chunk005,杨戴/祝福__chunk006,杨戴/祝福__chunk007,杨戴/离婚__chunk001,杨戴/离婚__chunk002,杨戴/离婚__chunk003,杨戴/肥皂__chunk001,杨戴/肥皂__chunk002,杨戴/肥皂__chunk003,杨戴/肥皂__chunk004,杨戴/药__chunk001,杨戴/药__chunk002,杨戴/药__chunk003,杨戴/铸剑__chunk001,杨戴/铸剑__chunk002,杨戴/铸剑__chunk003,杨戴/铸剑__chunk004,杨戴/铸剑__chunk005,杨戴/铸剑__chunk006,杨戴/铸剑__chunk007,杨戴/阿Q正传__chunk001,杨戴/阿Q正传__chunk002,杨戴/阿Q正传__chunk003,杨戴/阿Q正传__chunk004,杨戴/阿Q正传__chunk005,杨戴/阿Q正传__chunk006,杨戴/阿Q正传__chunk007,杨戴/阿Q正传__chunk008,杨戴/阿Q正传__chunk009,杨戴/阿Q正传__chunk010,杨戴/阿Q正传__chunk011,杨戴/阿Q正传__chunk012,杨戴/阿Q正传__chunk013,杨戴/阿Q正传__chunk014,杨戴/阿Q正传__chunk015,杨戴/阿Q正传__chunk016,杨戴/阿Q正传__chunk017,杨戴/风波__chunk001,杨戴/风波__chunk002,杨戴/风波__chunk003,蓝/伤逝__chunk001,蓝/伤逝__chunk002,蓝/伤逝__chunk003,蓝/伤逝__chunk004,蓝/伤逝__chunk005,蓝/伤逝__chunk006,蓝/伤逝__chunk007,蓝/在酒楼上__chunk001,蓝/在酒楼上__chunk002,蓝/在酒楼上__chunk003,蓝/在酒楼上__chunk004,蓝/奔月__chunk001,蓝/奔月__chunk002,蓝/奔月__chunk003,蓝/奔月__chunk004,蓝/孤独者__chunk001,蓝/孤独者__chunk002,蓝/孤独者__chunk003,蓝/孤独者__chunk004,蓝/孤独者__chunk005,蓝/孤独者__chunk006,蓝/孤独者__chunk007,蓝/孤独者__chunk008,蓝/幸福的家庭__chunk001,蓝/幸福的家庭__chunk002,蓝/幸福的家庭__chunk003,蓝/故乡__chunk001,蓝/故乡__chunk002,蓝/故乡__chunk003,蓝/明天__chunk001,蓝/明天__chunk002,蓝/狂人日记__chunk001,蓝/狂人日记__chunk002,蓝/狂人日记__chunk003,蓝/社戏__chunk001,蓝/社戏__chunk002,蓝/社戏__chunk003,蓝/社戏__chunk004,蓝/祝福__chunk001,蓝/祝福__chunk002,蓝/祝福__chunk003,蓝/祝福__chunk004,蓝/祝福__chunk005,蓝/祝福__chunk006,蓝/祝福__chunk007,蓝/离婚__chunk001,蓝/离婚__chunk002,蓝/离婚__chunk003,蓝/肥皂__chunk001,蓝/肥皂__chunk002,蓝/肥皂__chunk003,蓝/肥皂__chunk004,蓝/药__chunk001,蓝/药__chunk002,蓝/药__chunk003,蓝/铸剑__chunk001,蓝/铸剑__chunk002,蓝/铸剑__chunk003,蓝/铸剑__chunk004,蓝/铸剑__chunk005,蓝/铸剑__chunk006,蓝/铸剑__chunk007,蓝/阿Q正传__chunk001,蓝/阿Q正传__chunk002,蓝/阿Q正传__chunk003,蓝/阿Q正传__chunk004,蓝/阿Q正传__chunk005,蓝/阿Q正传__chunk006,蓝/阿Q正传__chunk007,蓝/阿Q正传__chunk008,蓝/阿Q正传__chunk009,蓝/阿Q正传__chunk010,蓝/阿Q正传__chunk011,蓝/阿Q正传__chunk012,蓝/阿Q正传__chunk013,蓝/阿Q正传__chunk014,蓝/阿Q正传__chunk015,蓝/阿Q正传__chunk016,蓝/阿Q正传__chunk017,蓝/风波__chunk001,蓝/风波__chunk002,蓝/风波__chunk003
杨戴/伤逝__chunk001,0.000000,0.913824,0.997720,1.106562,0.933806,0.926219,0.914353,1.067741,1.061818,1.083878,1.029264,1.086316,1.016184,1.062684,1.091824,1.140711,0.959132,0.979485,0.993024,1.088065,1.061098,1.288524,1.090603,1.151121,1.379632,1.212288,1.117475,1.005474,1.010021,1.312100,1.185702,0.961198,1.068785,1.240169,1.069112,1.309193,1.301900,1.227888,1.099957,0.959015,1.046094,1.072660,0.952259,1.024782,1.025063,1.099001,1.098782,1.163381,1.011166,1.063574,0.998888,0.887814,0.990537,1.136210,1.102042,0.924156,1.135523,1.106381,0.961377,1.172351,0.991517,1.113220,1.132504,1.118740,1.069727,1.174510,1.236906,1.126160,1.060599,1.137511,1.092749,1.076148,1.146169,1.288366,1.108275,1.035048,1.362955,1.024670,1.091845,1.228304,1.264569,1.168486,1.262312,0.952205,1.151472,1.016919,0.781798,0.934446,0.983691,1.010476,0.979517,1.001999,0.975380,0.988037,0.955495,1.219308,1.145838,1.034657,0.970175,1.083578,1.291971,1.060266,1.018087,0.997185,1.085413,1.019623,1.189662,0.881784,1.263344,1.200512,1.073528,1.346326,0.918956,1.129150,1.069095,1.043909,1.148960,1.099423,1.182544,1.086020,0.939620,1.022234,1.137725,1.146192,0.960909,1.000319,0.946220,1.099482,1.287001,1.093299,1.092078,1.066693,1.110062,1.000737,1.010522,1.074863,1.248495,1.091990,1.137419,1.208261,0.996215,1.266893,1.055076,1.139519,1.032523,1.139318,1.125940,1.095362,1.098805,1.072092,1.163825,1.135501,1.272675,0.987490,1.225077,1.128121,1.088445,1.104729,1.109276,1.079016,1.148672,1.080435,1.164463,1.193903,1.268585,0.905765,1.101024,1.134719
杨戴/伤逝__chunk002,0.913824,0.000000,0.817039,0.891919,0.882434,0.824081,0.889109,1.031322,0.824456,0.958725,0.831560,1.048866,1.050715,1.106559,1.138235,1.211086,0.999846,0.986928,1.114814,0.946287,0.909638,1.245196,1.073836,1.182027,1.299206,1.272777,1.195893,1.008349,1.098873,1.298226,1.056229,1.005060,1.044165,1.002883,1.126397,1.193220,1.279016,1.276243,0.942204,0.983129,1.051326,0.974552,1.088630,1.043336,0.981436,1.028254,1.045557,1.175978,0.998821,1.253956,0.941581,0.904412,1.029440,1.051072,1.049412,0.950493,1.150495,1.092979,1.049263,1.169702,1.113629,1.102416,1.185622,1.161067,1.203734,1.181330,1.246074,1.265850,1.174448,1.099970,1.104220,1.182328,1.184583,1.119601,1.165413,1.230928,1.302488,1.056018,1.111795,1.162954,1.178109,1.232476,1.164676,1.014114,1.214806,1.182848,1.097208,0.814616,0.980882,1.025406,0.965060,1.034592,1.195039,1.150459,0.898365,0.976434,0.990503,1.097222,1.198078,1.266864,1.265950,1.222351,1.168731,1.081916,1.143633,1.171474,1.177542,1.137197,1.266063,1.286510,1.216193,1.508697,1.068177,1.159408,1.173143,1.068796,1.194100,1.149108,1.215395,1.216523,1.082759,1.160110,1.185821,1.244075,1.221005,0.941409,1.053952,1.140277,1.197307,1.108034,1.258279,1.294467,1.173721,1.189232,1.133855,1.160379,1.299448,1.204327,1.447610,1.272964,1.195572,1.310053,1.137392,1.210949,1.209884,1.231889,1.381111,1.201255,1.192680,1.131836,1.406245,1.193174,1.419712,1.158872,1.308905,1.320463,1.187030,1.178472,1.219294,1.096836,1.271570,1.252293,1.252809,1.276331,1.316251,1.109818,1.221773,1.333283
杨戴/伤逝__chunk003,0.997720,0.817039,0.000000,0.933346,0.929537,0.858859,0.939240,1.082462,0.823355,0.924611,0.776862,1.159392,0.964996,1.063841,1.045470,1.205207,1.044462,0.969383,0.946061,0.907780,0.905801,1.232736,0.982198,1.190714,1.343508,1.137171,1.093833,0.957870,0.980544,1.102091,1.078895,0.972833,1.104031,1.114803,1.175754,1.313409,1.270580,1.351837,0.918083,0.978423,1.013638,0.947614,0.983078,0.971475,0.935787,0.992628,0.951061,1.123689,0.997012,1.174063,0.985211,0.961699,0.886558,1.151849,1.027418,0.870231,1.081488,0.968144,1.005921,1.034456,1.066215,1.180898,1.180773,1.110511,1.245856,1.178684,1.156846,1.168025,1.142758,1.218982,1.089927,1.122655,1.082836,1.228663,1.054085,1.030726,1.207493,1.146949,0.995727,1.104197,1.203416,1.134286,1.243465,0.949571,1.196933,0.903261,0.973297,0.871164,0.835011,1.043380,0.931776,0.891426,1.112547,1.065993,0.825056,1.047727,0.990393,1.041919,1.100061,1.051431,1.216115,1.051358,1.010888,0.972980,1.051916,0.959395,1.024393,1.030067,1.106197,1.198304,1.048319,1.314316,0.957298,1.038043,1.025446,0.953573,1.027024,1.168088,1.134971,1.183618,0.974940,1.008580,1.058750,1.090188,1.002982,0.895414,0.927477,1.038598,1.061721,1.191326,1.082475,1.192503,1.094138,1.046666,0.964637,1.105526,1.125376,1.173702,1.306264,1.172210,1.093309,1.134533,1.030684,1.103361,1.125263,1.069525,1.255642,1.254980,1.136927,1.107074,1.259638,1.116903,1.136501,1.121904,1.159412,1.255822,1.014982,1.116360,1.111147,1.057772,1.101825,1.184755,1.152526,1.139217,1.296669,0.960571,1.145448,1.194052
杨戴/伤逝__chunk004,1.106562,0.891919,0.933346,0.000000,0.934814,0.876553,0.909847,1.004109,0.898910,0.866817,0.891775,1.133561,1.182268,1.078045,1.159695,1.228259,1.070271,0.938386,1.100766,0.948937,0.865559,1.126506,0.939012,1.071922,1.392268,1.257819,1.186549,0.950052,0.952694,1.056513,1.041378,1.084135,1.000539,1.132341,1.276462,1.287283,1.185161,1.220824,1.011631,0.798233,1.046145,1.098708,1.088030,1.011194,0.962887,1.122773,1.048887,1.118751,1.026695,1.208721,1.036670,0.930551,0.976870,0.990632,1.074250,0.957689,1.259201,1.170866,1.070003,1.016407,1.088612,1.216049,1.221058,1.214529,1.307316,1.128266,1.204699,1.150876,1.179142,1.092655,1.085094,1.190691,1.154399,1.163717,1.056448,1.057231,1.142363,1.174018,1.060259,1.089052,1.127789,1.157966,1.120152,1.060568,1.085436,1.086353,1.143323,1.006082,0.999648,0.840661,1.060519,1.037606,1.090194,1.185601,0.930292,1.096063,1.090095,1.075665,1.146222,1.106665,1.341006,1.115928,1.195110,1.056804,1.049703,0.990503,1.059850,1.139344,1.139521,1.269846,1.201452,1.430399,0.986780,1.146380,1.005323,1.088683,1.122613,1.272329,1.224842,1.085419,1.100141,1.004654,1.151026,1.260768,1.146984,0.962109,1.142560,1.162020,1.204763,1.224058,1.295844,1.247623,1.206220,1.158205,1.136733,1.110954,1.169100,1.233251,1.418484,1.265251,1.242104,1.184250,1.152040,1.181699,1.183118,1.274480,1.404542,1.096274,1.218043,1.167369,1.410818,1.149291,1.346351,1.179980,1.267543,1.227309,1.140977,1.107154,1.070647,1.209639,1.014971,1.147693,1.158494,1.174241,1.272059,1.093477,1.202903,1.339028
杨戴/伤逝__chunk005,0.933806,0.882434,0.929537,0.934814,0.000000,0.669319,0.772605,0.999835,0.964295,0.954687,0.935279,1.203340,1.077613,0.965535,1.079632,1.108693,1.018872,0.981479,1.000006,1.046486,0.824261,1.102079,0.965466,1.192895,1.366000,1.196282,1.190672,0.996408,0.994229,1.194061,1.134541,0.942750,1.090476,1.144736,1.125884,1.159937,1.305144,1.267571,0.856771,0.771698,0.966038,1.181600,1.009099,0.992025,0.949668,1.061332,1.017658,1.012531,1.045701,1.163798,1.024633,0.915378,1.044045,0.977221,1.127807,0.993794,1.233621,1.064659,1.084801,1.141847,1.132875,1.093560,1.120497,1.139990,1.191430,1.245591,1.218182,0.994190,1.122318,1.229538,1.192664,1.171811,1.095331,1.119083,1.114592,1.102092,1.223660,1.066706,1.142255,1.133064,1.186742,1.106124,1.218992,1.016246,1.079462,1.094996,0.957690,0.973063,0.968147,0.785742,0.871562,1.021452,1.037913,1.050668,1.028096,1.040235,1.063895,1.050623,1.024768,1.165617,1.255918,1.157667,1.094629,0.965604,1.063387,0.860659,1.040413,1.013479,1.214421,1.190092,1.162895,1.368493,1.007216,1.267692,1.146365,0.996202,1.223141,1.118639,1.156232,1.159951,0.921720,0.889049,1.115673,1.237847,1.050115,0.987478,1.054442,1.122045,1.187382,1.198452,1.223031,1.179901,1.227516,1.086071,1.098138,0.965765,1.217005,1.190950,1.369669,1.305596,1.209003,1.216676,1.107494,1.143856,1.110896,1.103872,1.367644,1.289379,1.212770,1.125466,1.306382,1.172827,1.248584,1.206899,1.228776,1.190241,1.107297,1.114186,1.111916,1.212160,1.136348,1.096166,1.151000,1.194272,1.174102,1.017149,1.116181,1.205195
杨戴/伤逝__chunk006,0.926219,0.824081,0.858859,0.876553,0.669319,0.000000,0.752959,0.949435,0.800497,0.853126,0.857644,1.029804,0.949853,0.879881,0.930275,1.046500,0.967053,0.847350,0.884404,0.920832,0.823267,1.048462,0.881135,1.116699,1.290176,1.203526,1.076830,0.924260,0.876593,1.049881,0.899709,0.965756,1.032990,1.052845,1.115599,1.108458,1.200252,1.257848,0.814277,0.886488,0.950954,0.965432,0.888954,1.022883,0.841330,1.027364,0.989178,1.197916,0.974267,1.083078,0.920086,0.775608,0.893652,0.903898,0.895253,0.940026,1.167073,0.983924,0.930904,0.941648,0.978230,1.057016,1.057901,1.027420,1.165298,1.107882,1.147715,1.117044,1.155692,1.118641,1.008417,1.085201,0.977808,1.157606,1.007973,1.043211,1.145338,0.983431,1.030964,1.107451,1.123182,1.116895,1.074242,0.877145,1.029865,0.901493,0.885165,0.853604,0.901667,0.787664,0.743903,0.835799,0.965999,1.032835,0.833913,0.935827,0.923051,0.962678,0.902234,0.986991,1.139732,1.074913,1.037156,0.975275,0.946645,0.929869,0.810237,0.990726,1.095582,1.123904,1.036046,1.285648,0.884585,1.061006,0.954650,0.997313,1.062985,1.030046,1.107035,1.084662,0.874762,0.972447,1.015204,1.077283,0.935824,0.860847,0.982337,0.984114,1.134920,1.237312,1.142512,1.090874,1.030445,1.031022,0.991759,0.838569,1.033384,1.067779,1.333273,1.064778,1.061007,1.060896,1.004684,1.053215,0.976610,1.045153,1.304711,1.120547,1.116920,1.123919,1.231047,1.113884,1.136800,1.140708,1.142295,1.116373,1.059502,1.086374,1.057888,0.959369,1.127652,1.071875,1.127752,1.063455,1.138698,0.861285,1.009310,1.121667
杨戴/伤逝__chunk007,0.914353,0.889109,0.939240,0.909847,0.772605,0.752959,0.000000,0.933498,0.895222,0.923886,0.873966,1.040290,0.978070,0.905854,1.050456,1.047818,1.057084,0.964264,1.008368,0.895813,0.786877,1.093567,0.944262,1.081839,1.348883,1.186042,1.131670,0.967966,0.900357,1.014344,1.075490,0.934395,1.084871,1.161807,1.076325,1.121805,1.222203,1.176282,0.860472,0.926104,1.010362,1.030898,0.888338,0.868221,0.924061,0.957696,0.886847,1.037299,1.036649,1.152984,0.858593,0.957112,0.971534,0.939249,1.100950,0.899894,1.132002,1.084871,0.974933,1.086752,1.020376,1.082269,1.155197,1.133225,1.192979,1.176357,1.123280,1.182878,1.177591,1.230343,1.115180,1.061347,1.073008,1.064404,1.017014,1.106811,1.189233,1.137049,1.061515,1.187338,1.082684,1.262704,1.153526,0.980403,1.122814,0.955015,0.893714,0.971743,0.740192,0.819589,0.840587,0.783899,0.810942,1.020133,0.880767,0.965817,0.972954,0.939672,0.986514,1.012578,1.113026,1.124854,1.071600,0.951659,0.980102,0.898298,0.922059,0.946866,1.091240,1.248122,1.152967,1.293357,0.890707,1.033900,1.067603,1.053636,1.026538,1.010747,1.032614,1.046346,0.991112,1.066473,1.061086,1.126783,0.994231,0.870804,1.056967,1.127028,0.985962,1.101185,1.073660,1.186249,1.136480,1.001835,1.075544,0.967060,1.197696,1.084488,1.271364,1.126478,1.096687,1.108755,1.093931,1.125461,1.118113,1.098250,1.277533,1.254790,1.072989,1.132742,1.311266,1.171382,1.266030,1.044876,1.152691,1.177668,1.185408,1.148426,1.102902,1.184131,1.113066,1.181695,1.190761,1.088289,1.190058,1.001061,1.182179,1.125472
杨戴/在酒楼上__chunk001,1.067741,1.031322,1.082462,1.004109,0.999835,0.949435,0.933498,0.000000,1.013278,1.085083,0.997665,1.234947,0.971047,1.067822,0.985821,0.996596,0.977172,1.065110,1.094958,1.040434,0.890728,1.144761,1.004970,1.119301,1.376182,1.216367,1.185661,0.962882,1.193150,1.219782,1.122121,0.871290,0.963584,1.208853,1.185925,1.268767,1.313490,1.233558,0.900001,1.023936,0.993727,1.101642,0.933709,1.042598,0.954863,1.212763,1.084548,1.114187,1.170951,1.285755,1.038179,1.041271,1.192357,1.133134,1.216887,1.087718,1.063438,1.049025,0.980469,1.028479,1.005045,1.087902,1.111691,1.093659,0.997255,1.015281,1.176679,1.213066,1.242764,1.083781,1.121735,1.094979,0.995029,1.151471,0.982525,0.957506,1.268163,1.094791,1.069788,1.072807,1.133197,1.050102,0.999431,0.984127,1.089478,1.065485,1.075926,1.177756,1.120844,1.049373,1.015438,1.020171,1.075710,0.853699,0.990469,1.260983,1.246605,0.989840,1.189276,1.086508,1.155672,1.111627,1.173874,1.131108,1.102443,1.153835,1.102020,0.980994,1.112410,1.237588,1.162197,1.390643,0.954859,1.314087,1.206564,0.957651,1.153750,1.200979,1.227015,1.324370,0.904926,1.129990,1.053581,1.145130,1.055557,1.087275,1.122562,1.216418,1.228215,1.310103,1.348622,1.215698,1.284094,1.204136,1.214815,1.160016,1.264144,1.155703,1.207634,1.275799,1.120208,1.093852,1.080787,1.102665,1.050018,1.030015,1.165026,1.141757,1.082169,1.107247,1.315018,1.142847,1.276363,1.119494,1.049172,1.109993,1.057909,1.061952,1.071529,1.161680,1.020753,1.115073,1.012802,1.187817,1.173229,0.982350,1.205334,1.117710
杨戴/在酒楼上__chunk002,1.061818,0.824456,0.823355,0.898910,0.964295,0.800497,0.895222,1.013278,0.000000,0.721736,0.846880,0.956822,0.961552,0.970961,0.876684,0.935518,0.959159,0.869116,0.890472,0.825743,0.788580,1.066650,0.899205,1.043949,1.171163,1.100448,1.045946,0.796308,0.916952,1.065938,0.900283,0.927455,0.959792,1.118715,0.985826,1.051442,1.020112,1.166772,0.821452,0.878276,1.013032,0.954215,0.877082,1.003193,0.922909,0.949247,0.854071,1.151709,1.001763,1.105526,0.840938,0.877103,0.889825,0.966182,0.918022,0.934785,1.032687,0.966799,0.928399,0.943317,0.947373,1.014817,0.989753,1.021112,1.132165,1.118290,1.099232,1.089506,1.152489,1.053973,1.018823,1.080700,0.926832,1.027886,1.018376,0.982729,1.133417,0.937371,0.871730,1.042276,1.020235,1.101176,0.990869,0.900067,0.975932,0.923747,0.950174,0.866956,0.878693,0.946098,0.801549,0.885244,0.979768,1.026065,0.652826,0.974261,1.003406,0.897050,0.867500,0.973389,1.009626,0.949235,1.022583,0.982962,0.868982,1.014017,0.889792,0.918120,1.024118,1.095127,0.998215,1.331393,0.775437,1.068923,0.998544,0.899402,1.047271,0.891624,1.079182,0.974106,0.981999,0.997494,1.037077,1.058408,0.967935,0.896087,1.034994,1.002311,1.019790,1.098185,1.207399,1.065498,1.045770,1.001340,0.955704,0.922111,1.124581,1.072080,1.186939,1.087888,1.074876,0.998450,0.903030,1.006473,0.974129,1.011650,1.213057,1.161467,1.063558,1.038025,1.256163,1.086917,1.114475,1.068177,1.168776,1.073309,1.032972,0.955961,1.049758,0.985207,1.050404,1.054521,1.038856,1.058901,1.117575,1.011018,0.945214,0.982236
杨戴/在酒楼上__chunk003,1.083878,0.958725,0.924611,0.866817,0.954687,0.853126,0.923886,1.085083,0.721736,0.000000,0.841654,1.035231,1.104079,0.995621,1.098826,1.138751,1.097662,1.013452,0.911592,0.915494,0.828147,0.991051,0.960797,1.141430,1.331841,1.304504,1.167693,0.898315,1.015261,0.999757,1.003463,0.990559,1.076173,1.239299,1.066698,1.071581,1.012065,1.126251,1.011457,0.999213,1.239195,1.187181,0.988339,0.947918,0.970411,0.984347,0.944002,1.049668,0.945421,1.217614,0.907718,0.953939,0.957457,1.033479,1.113809,0.985892,1.263255,1.173449,1.079244,1.023585,1.159075,1.274672,1.205820,1.101578,1.366133,1.283404,1.100097,1.164388,1.227803,1.142598,1.121809,1.155769,1.101307,1.143217,1.102657,1.139229,1.131389,1.124220,0.974482,1.181274,1.082948,1.233422,0.962672,0.998178,1.095268,1.048249,1.096318,1.052209,0.981945,1.047352,0.930621,1.010533,1.050373,1.128040,0.890312,0.927183,1.061445,1.051939,0.982964,1.241584,1.223652,1.157231,1.244397,1.076812,1.025604,1.037604,1.018316,1.173532,1.257408,1.371846,1.257952,1.454088,0.945194,1.183261,1.125383,1.079978,1.153385,1.120456,1.207695,1.053658,1.125606,1.204051,1.319245,1.331831,1.057154,0.936530,1.256366,1.148998,1.201986,1.187079,1.285880,1.220443,1.218815,1.108910,1.126748,1.073883,1.291068,1.238426,1.497556,1.237217,1.310712,1.141243,1.149320,1.239083,1.148336,1.211785,1.487024,1.302835,1.122533,1.202240,1.484915,1.159780,1.296532,1.157029,1.367270,1.230033,1.234411,1.159058,1.180708,1.238110,1.120355,1.240919,1.246493,1.133058,1.314471,1.151542,1.110059,1.230747
杨戴/在酒楼上__chunk004,1.029264,0.831560,0.776862,0.891775,0.935279,0.857644,0.873966,0.997665,0.846880,0.841654,0.000000,1.043205,1.040012,1.101046,1.138340,1.072001,1.003770,0.926915,0.970240,0.879983,0.835502,1.224376,0.942931,1.166343,1.341743,1.222074,1.158922,0.945435,1.006527,1.053400,1.061054,0.948758,1.013910,1.078572,1.065538,1.181799,1.167129,1.238857,0.928317,1.012729,1.074350,1.015081,1.040350,0.992049,0.906196,0.935556,0.894639,0.943562,0.929240,1.060992,1.000568,0.898929,0.926331,1.003048,1.042365,0.967992,1.130476,1.005734,0.989363,1.095020,1.070407,1.104455,1.163318,1.112669,1.213059,1.132453,1.155024,1.111273,1.139043,1.090717,1.037951,1.149492,1.108076,1.115544,1.018915,1.039220,1.095597,1.000763,0.938250,1.009762,1.141106,1.139147,1.146762,0.937492,1.041808,0.903435,1.011386,1.012948,0.983475,1.056314,0.884968,0.929298,1.008475,1.039882,0.931736,0.973817,0.910651,1.005011,1.154435,1.089453,1.189523,1.065928,1.065335,0.977417,1.037739,0.946576,1.132123,1.085217,1.102228,1.238919,1.109292,1.360876,0.914538,1.147072,1.058917,0.933307,1.000349,1.057159,1.131334,1.149938,1.029354,1.061407,1.154215,1.043630,1.074383,0.862130,0.980192,1.036878,1.127514,1.099459,1.035329,1.069505,1.150189,1.116027,1.023431,0.996721,1.165253,1.154520,1.329213,1.165031,1.182011,1.148026,1.014802,1.125657,1.106093,1.053380,1.235358,1.090211,1.117671,1.119387,1.278538,1.044569,1.246832,1.143054,1.227837,1.112019,1.060276,0.993460,1.034950,1.105760,1.122081,1.106089,1.151677,1.184388,1.176713,0.965672,1.079542,1.184900
杨戴/在酒楼上__chunk005,1.086316,1.048866,1.159392,1.133561,1.203340,1.029804,1.040290,1.234947,0.956822,1.035231,1.043205,0.000000,1.198675,1.121529,1.253401,1.257851,1.158399,0.987821,1.074569,0.995513,0.983937,1.231304,1.052337,1.180150,1.266295,1.357882,1.243015,1.265544,1.152392,1.182384,1.185076,1.111712,1.333522,1.456427,1.150598,1.210417,1.196192,1.337560,1.083979,1.104162,1.161555,1.205223,1.287367,1.129544,1.127100,1.121253,1.163195,1.290083,1.137948,1.138219,1.136077,0.985489,1.026476,1.039209,1.108337,1.071497,1.342590,1.115319,1.194897,1.241163,1.153222,1.206996,1.176313,1.180517,1.279809,1.191085,1.203899,1.250164,1.303455,1.161376,1.144551,1.174424,1.259351,1.193462,1.187427,1.087225,1.240747,1.091205,1.124235,1.138760,1.302259,1.307006,1.235459,1.168996,1.264483,1.027656,1.191822,1.073005,1.142410,1.104347,1.129440,1.264057,1.249101,1.196659,0.987655,1.180789,1.021220,1.214994,1.189853,1.210796,1.326607,1.143622,1.111568,1.028496,1.178268,1.210608,1.135611,1.117697,1.238086,1.359682,1.195088,1.360486,1.119486,1.129499,1.111204,1.153356,1.246120,1.019294,1.218816,1.064132,1.167979,1.169391,1.137932,1.254654,1.290344,1.017889,1.145572,1.184276,1.252557,1.231744,1.177581,1.095547,1.220577,1.099720,1.159604,1.101016,1.128119,1.187425,1.396680,1.145274,1.318528,1.268465,1.033332,1.318436,1.046652,1.240581,1.279937,1.174037,1.194071,1.128059,1.536158,1.316730,1.475189,1.152211,1.317362,1.235763,1.195642,1.122805,1.130297,1.118406,1.340180,1.199911,1.317738,1.322373,1.343484,1.281196,1.227882,1.275538
杨戴/奔月__chunk001,1.016184,1.050715,0.964996,1.182268,1.077613,0.949853,0.978070,0.971047,0.961552,1.104079,1.040012,1.198675,0.000000,0.870312,0.823113,0.791371,0.933024,0.887147,1.039325,0.999575,1.034933,1.215349,0.934338,1.112832,1.197396,1.062684,0.944243,1.064271,1.086351,1.040281,1.034140,0.846166,1.024563,1.222482,1.171695,1.166885,1.146925,1.323596,0.940198,0.993812,1.040945,0.971071,0.966202,1.188758,1.048340,1.094345,0.967559,1.186311,1.031212,0.987566,0.901778,0.896729,0.828240,0.890732,0.927671,0.848028,0.945356,0.842432,0.961763,0.882079,0.831025,0.897940,0.964515,0.917681,0.891413,0.997530,1.096553,1.177755,1.018343,1.141025,0.972228,1.004692,0.924563,1.080048,1.040516,0.992690,1.174675,0.881643,0.922642,0.981997,1.122905,0.968371,1.049075,0.654599,0.923981,0.706534,0.963300,1.011247,0.989509,1.048073,0.972000,1.080708,1.098030,0.955161,0.876494,1.108666,1.028389,0.758248,0.932994,0.850161,0.941108,0.969306,0.967257,0.933677,1.044595,1.084059,1.101839,0.918638,1.075807,0.983760,0.961942,1.134340,0.889087,0.993944,0.855381,0.898348,0.925958,1.178043,1.143958,1.002041,0.982919,1.072218,1.072506,0.913358,1.054857,1.099897,0.921431,1.036733,1.067833,1.014224,1.094041,0.939979,0.963651,0.978503,0.815053,0.955658,1.057546,0.933711,1.076439,0.939879,0.989422,0.901392,0.851851,0.913752,0.844264,0.871994,0.995420,1.076417,0.969385,1.059953,1.010652,1.077398,1.062963,0.991642,0.897011,0.986013,1.018590,1.000349,1.045329,0.882494,0.937794,0.969912,0.980745,0.978070,1.010622,0.792163,0.947995,0.884822
杨戴/奔月__chunk002,1.062684,1.106559,1.063841,1.078045,0.965535,0.879881,0.905854,1.067822,0.970961,0.995621,1.101046,1.121529,0.870312,0.000000,0.869623,0.962910,1.013202,0.805625,0.969645,0.827757,0.919898,1.138035,0.839423,1.047897,1.099393,0.977870,1.019637,0.983636,0.829177,0.977134,1.019014,0.961776,0.938282,1.264788,1.145143,1.109359,1.110169,1.205211,0.957815,1.013337,0.989390,1.097726,0.923936,1.086351,1.081178,1.042125,1.013966,1.204424,1.017982,0.927603,0.909308,0.877542,0.848830,0.818075,0.828492,0.741557,1.082768,0.905336,0.949224,0.812777,0.874627,0.981785,0.993409,0.918136,1.011046,1.216053,1.011854,1.067531,1.060434,1.188593,1.037076,0.987529,0.943112,1.105296,1.107713,1.052199,1.218880,1.065376,1.031983,1.069914,1.142380,1.074427,1.151747,0.946285,0.896096,0.914759,0.953969,1.025134,0.940259,0.910071,0.938792,1.074061,1.047806,1.020069,0.900438,0.914407,1.051326,0.791964,0.622815,0.890021,0.975472,0.969607,0.902490,0.936602,0.834425,0.944810,0.957919,0.955144,0.993381,0.987681,0.917324,1.113763,0.896494,0.920969,0.921962,0.925171,0.994334,1.085888,1.031134,1.026139,0.955016,0.982262,1.021029,1.116608,0.937780,0.958896,0.993367,1.007660,1.144055,1.142023,1.213733,0.976401,1.050824,0.870255,0.993917,0.907392,0.899054,0.832381,1.185023,0.935597,1.096016,0.825261,0.860221,0.974417,0.917389,0.976472,1.176921,1.298595,1.009288,1.006204,1.119613,1.068360,1.194488,1.065895,1.063945,1.001729,0.994204,1.123418,1.081272,0.958182,1.035129,0.955630,1.014722,1.043336,1.276457,0.929030,0.913837,1.026750
杨戴/奔月__chunk003,1.091824,1.138235,1.045470,1.159695,1.079632,0.930275,1.050456,0.985821,0.876684,1.098826,1.138340,1.253401,0.823113,0.869623,0.000000,0.942416,0.926790,0.961671,0.976420,1.073158,1.005719,1.249501,0.939633,1.102257,1.187165,1.074441,0.949577,1.055905,1.060544,1.002185,1.018983,0.813624,1.010080,1.181914,1.198062,1.247948,1.148437,1.380163,0.853520,1.167935,1.046090,1.001801,0.931385,1.238045,1.052512,1.096139,0.976401,1.213654,1.059781,1.090442,0.895970,0.931429,0.888158,0.952805,0.942866,0.837974,0.870696,0.874498,0.947122,0.705002,0.809960,0.941816,0.912375,1.022017,0.932151,1.222695,1.095297,1.200549,1.056604,1.140004,0.990882,1.108591,0.767139,1.035612,1.023485,0.966610,1.251219,0.956826,0.934641,1.027223,1.019536,0.909671,0.994339,0.853258,1.050335,0.831538,0.963096,0.996617,1.008177,1.068786,0.958983,1.072951,1.121055,0.958072,0.824521,1.155563,1.072511,0.783805,0.831839,0.591786,0.900080,0.923619,0.978351,1.002681,0.978094,1.112071,1.069777,0.876500,0.964462,0.890614,0.826234,1.119407,0.925662,0.997118,0.917709,0.838750,0.955796,1.240889,1.242149,1.087234,0.849378,1.112160,0.934052,1.019986,0.966252,1.045029,0.975546,0.982818,1.034687,1.096882,1.243660,0.988658,1.023066,0.981344,0.941442,0.914436,0.969240,0.913348,0.883428,0.957391,0.964310,0.832413,0.830808,0.857724,0.892072,0.910339,1.053460,1.186563,1.016587,1.123246,1.074678,0.980827,0.977878,1.051124,0.911703,1.071942,0.873695,0.942855,1.010728,0.969008,0.997351,0.868577,0.772688,0.863986,1.057530,0.868268,0.823707,0.863870
杨戴/奔月__chunk004,1.140711,1.211086,1.205207,1.228259,1.108693,1.046500,1.047818,0.996596,0.935518,1.138751,1.072001,1.257851,0.791371,0.962910,0.942416,0.000000,0.926745,0.941565,1.052971,1.072294,1.037495,1.212256,0.865221,1.045431,1.295425,1.124565,1.069632,1.115880,1.033016,1.069594,1.038104,0.948089,1.018652,1.191350,1.250755,1.158169,1.114059,1.303082,0.973409,0.986225,1.024694,1.078084,0.977343,1.128806,1.073393,1.166085,0.988886,1.082237,1.100687,1.070809,1.043257,0.958911,1.010592,0.945002,1.041290,0.949707,1.077612,0.955970,0.902656,0.946681,0.932101,1.006080,0.991241,0.991674,1.053098,1.095282,1.211125,1.185519,1.139226,1.081812,1.092613,1.159919,0.876701,1.110306,1.055653,1.043192,1.077052,1.006415,0.962934,1.092390,0.997959,0.981849,1.035290,0.937781,1.018050,0.889680,1.174664,1.186325,1.163772,1.183543,1.066611,1.192453,1.095511,1.039026,1.002200,1.196036,1.107481,0.901589,1.008215,1.012601,0.799120,0.948924,1.128843,1.092713,0.939971,1.119927,1.167640,1.058162,1.058266,1.128318,1.086706,1.285740,1.019237,1.149098,0.965760,1.013718,1.170206,1.198626,1.209729,1.080330,1.120727,1.126207,1.196009,1.178021,0.993139,1.121976,1.095104,1.125458,1.145805,1.185352,1.290075,1.124099,1.141783,1.096638,1.126996,1.011822,1.202835,1.082042,1.176429,1.095246,1.000598,0.970821,0.954983,1.009965,0.983268,1.012145,1.180694,1.077428,1.148692,1.136705,1.172857,1.133782,1.245171,1.088837,1.073529,1.048027,1.062449,1.065646,1.037912,1.128696,1.041662,1.003780,0.934761,1.083045,1.082925,1.010418,1.071482,0.964360
杨戴/孤独者__chunk001,0.959132,0.999846,1.044462,1.070271,1.018872,0.967053,1.057084,0.977172,0.959159,1.097662,1.003770,1.158399,0.933024,1.013202,0.926790,0.926745,0.000000,0.740824,0.953619,1.100767,0.881448,1.146093,0.760461,1.091494,1.212670,1.132233,1.033296,0.936187,1.046861,1.179827,1.065707,0.987946,0.878853,1.106062,1.190197,1.137645,1.143614,1.297493,0.924554,0.995156,0.915002,1.030822,0.852841,1.042378,0.984991,1.106031,0.966949,1.050891,1.193638,1.078685,0.918690,0.854425,0.994503,1.068787,1.089795,1.017032,0.951856,0.886983,0.978463,0.934530,0.981963,0.826709,0.978122,0.972024,0.950647,0.824422,1.030682,1.029666,0.905406,1.015756,0.855578,0.909833,0.902591,0.894547,1.063080,0.847491,1.004356,0.929528,0.866906,0.905916,1.058491,0.969725,0.978130,0.924106,1.015767,0.875335,1.104243,0.993056,1.173103,1.068778,1.004114,1.136848,1.124447,0.942238,1.007276,1.244257,1.043499,1.028511,1.013067,0.892632,1.135794,0.628761,0.880373,0.994228,1.105706,1.073979,1.148357,0.775871,1.070857,1.121587,0.999638,1.307302,0.849123,1.176587,0.993218,0.937389,1.018255,1.132129,1.152869,1.036475,0.967477,0.999717,1.025182,1.185219,0.890863,1.029024,0.967332,1.049629,1.178827,1.109359,1.113116,1.072569,1.024672,1.109376,1.055231,1.008981,1.209374,1.218052,1.087317,1.002881,1.023208,1.010337,0.998158,0.873464,0.951283,1.054834,1.014428,0.904150,1.082927,1.056592,1.089822,0.980087,1.026086,0.845772,1.060558,0.860702,0.993895,0.849237,0.865055,1.006712,0.930619,0.975776,0.935841,1.034221,1.146618,0.968213,1.014385,0.988121
杨戴/孤独者__chunk002,0.979485,0.986928,0.969383,0.938386,0.981479,0.847350,0.964264,1.065110,0.869116,1.013452,0.926915,0.987821,0.887147,0.805625,0.961671,0.941565,0.740824,0.000000,0.859790,0.808460,0.878173,1.098522,0.737669,1.020586,1.117751,1.022950,1.017927,0.926310,0.861239,0.948067,0.940745,0.925330,0.993782,1.276720,0.936816,0.987783,0.952854,1.131944,0.846534,0.776096,0.905716,0.989523,0.855685,1.033831,0.954080,0.884441,0.972117,1.042715,0.973759,0.958554,0.836581,0.815287,0.953167,0.917379,0.858855,0.761476,0.991501,0.844838,0.905535,0.882827,0.930334,0.803214,0.941586,0.915744,0.895742,0.934206,0.897135,0.932390,0.854886,0.935054,0.966988,0.951560,0.943392,0.943019,1.020785,0.916869,1.024513,0.873273,0.868106,1.041927,1.042862,0.991391,1.048803,0.916624,0.943638,0.816868,1.019714,0.909541,0.968542,0.932268,0.923666,0.987495,1.130412,0.983530,0.928951,1.061530,0.948540,0.859862,0.838815,0.846854,1.041648,0.890902,0.763241,0.757037,0.864729,0.926090,0.944299,0.848707,0.902079,0.915558,0.857188,1.160434,0.900855,1.004199,0.854646,0.874679,1.019146,0.926307,1.019354,0.877237,0.939575,0.915729,0.920054,1.045926,0.903486,0.974669,0.914748,0.967049,1.179887,1.087438,1.135732,0.954424,0.939046,1.038566,0.916460,0.929630,0.883593,1.005399,1.098038,0.976661,1.065866,0.993038,0.813064,0.815359,0.875899,1.002109,0.971129,0.948746,0.942857,0.959776,1.087629,0.861878,1.098489,0.887189,1.106896,0.984029,0.927140,0.929342,0.872840,0.904692,0.992556,0.894501,0.960729,1.045926,1.077965,0.944038,0.971815,0.986220
杨戴/孤独者__chunk003,0.993024,1.114814,0.946061,1.100766,1.000006,0.884404,1.008368,1.094958,0.890472,0.911592,0.970240,1.074569,1.039325,0.969645,0.976420,1.052971,0.953619,0.859790,0.000000,0.932853,0.929024,1.094424,0.912396,1.114520,1.371327,1.167579,1.195369,0.905836,0.890026,0.991223,1.079781,1.094605,1.080422,1.394319,0.966513,1.011966,1.118873,1.225383,0.949983,0.947610,1.064484,1.115729,1.049462,0.965080,0.968786,1.045540,0.955519,1.203799,1.085053,1.080666,0.959134,0.921500,1.003937,1.044058,1.126664,0.995000,1.218586,0.973343,1.001579,0.940792,0.968807,1.137899,0.947210,1.077033,1.233473,1.153477,1.048016,1.083512,1.169391,1.102526,0.956472,1.022846,0.940790,1.098397,0.996324,0.985457,1.084021,1.028005,0.904705,1.014427,1.029723,1.035778,1.121911,0.906965,1.137782,0.950874,1.109618,1.130952,1.047891,1.080991,1.032024,1.042153,1.088442,1.070518,0.937043,1.145789,1.039367,1.047281,1.010884,1.025675,1.163829,1.023210,1.026609,0.870663,0.992331,1.022128,1.019808,1.018114,1.172201,1.180415,1.099671,1.358637,0.916534,1.142000,1.062377,1.019664,1.108567,1.089952,1.142929,1.006909,0.971753,1.040366,1.146943,1.221122,1.010090,1.000377,1.016194,1.163053,1.275913,1.160727,1.246518,1.157068,1.084397,1.098064,1.065162,1.059720,1.174774,1.105061,1.303838,1.214272,1.141556,1.041777,0.916558,1.123123,0.939744,1.221057,1.253140,1.139485,1.042347,1.082130,1.253549,1.144519,1.197424,1.035918,1.178274,1.144514,1.007362,1.076133,1.033239,1.078680,1.055622,1.008166,1.065536,1.063967,1.263649,1.095843,1.102910,1.170423
杨戴/孤独者__chunk004,1.088065,0.946287,0.907780,0.948937,1.046486,0.920832,0.895813,1.040434,0.825743,0.915494,0.879983,0.995513,0.999575,0.827757,1.073158,1.072294,1.100767,0.808460,0.932853,0.000000,0.850095,1.088890,0.942797,1.077695,1.248836,1.082631,1.099747,0.925630,0.895997,0.932135,1.091711,1.036155,1.041329,1.174871,1.005530,1.032959,1.073739,1.047584,0.953397,0.941220,1.035755,1.084135,0.944697,0.958079,0.891584,0.898191,0.918280,1.084714,1.016312,1.067040,0.888889,0.878878,0.912921,0.922238,0.889806,0.976909,1.069628,0.991376,0.927060,1.005029,0.991110,1.137035,1.032461,1.080868,1.100720,1.140554,1.112327,1.204003,1.245916,1.170452,1.052529,1.129829,1.145285,1.197432,1.082086,1.001765,1.181594,1.118963,0.971455,1.097844,1.058645,1.152740,1.133735,0.943664,1.036660,0.923636,1.030787,1.140023,0.993120,0.992522,0.950257,1.013409,1.104988,1.061855,0.896479,0.970976,1.069044,1.014173,0.942275,1.060090,1.018333,1.003265,1.044759,0.886889,0.842563,0.963204,0.972132,1.083374,1.037443,1.128659,1.081427,1.283305,0.985628,0.993454,0.983818,1.081708,1.058754,1.004836,1.082122,1.013517,1.087129,1.034328,1.140471,1.161215,0.988102,0.966431,1.000071,1.011266,1.101135,1.098757,1.278542,1.012590,1.065740,1.006690,0.977164,0.950504,1.081003,0.990558,1.302026,1.119562,1.213243,1.077462,0.956422,1.114707,1.082204,1.128469,1.274001,1.177273,1.065635,1.185559,1.291614,1.204802,1.334028,1.132899,1.273080,1.130809,1.067510,1.114423,1.084005,1.042420,1.119123,1.206759,1.126054,1.195142,1.284455,0.988137,1.051631,1.019329
杨戴/孤独者__chunk005,1.061098,0.909638,0.905801,0.865559,0.824261,0.823267,0.786877,0.890728,0.788580,0.828147,0.835502,0.983937,1.034933,0.919898,1.005719,1.037495,0.881448,0.878173,0.929024,0.850095,0.000000,1.001336,0.782919,1.109734,1.104170,1.101397,1.091494,1.025194,0.910664,1.024642,1.009762,0.961328,1.044192,1.141694,1.030016,1.008356,1.114438,1.194905,0.780041,0.861705,1.032529,1.100530,0.888386,0.884096,0.907336,0.997826,0.872494,1.052531,0.982009,1.114293,0.948203,0.919964,0.964400,0.967151,1.034991,0.895490,1.085351,0.973689,0.889686,0.909702,1.017842,0.991801,1.064779,1.018895,1.129178,1.067189,1.062506,0.915060,1.008150,1.141250,0.949393,0.963845,0.920006,1.016887,1.030487,1.046423,1.015145,1.006773,0.903679,0.940320,1.034521,1.124659,1.024096,0.953893,1.001256,0.953179,0.987881,0.977688,0.965344,0.815795,0.908993,0.967898,0.970276,0.882597,0.820539,1.002632,0.972307,0.903328,1.020718,0.994219,1.189055,0.928492,1.036586,0.946785,0.884085,0.816634,0.907214,1.062970,1.023475,1.098142,1.064913,1.228617,0.913256,1.149080,1.045952,0.983299,1.079021,0.990071,0.980518,1.060227,0.875940,0.966500,0.991293,1.087267,0.960968,0.871250,1.025754,1.023341,1.078174,1.110137,1.089474,1.126103,1.164747,0.979886,1.135410,0.999630,1.179252,1.048573,1.228345,1.147524,1.143772,0.945581,0.976416,1.052683,0.957751,0.992918,1.176415,1.065002,0.947259,1.055613,1.298960,1.125741,1.153854,0.982944,1.053351,1.111503,0.971844,1.020346,1.056145,1.047548,0.903047,1.085360,1.117640,1.119395,1.045987,0.964721,1.069844,1.060186
杨戴/孤独者__chunk006,1.288524,1.245196,1.232736,1.126506,1.102079,1.048462,1.093567,1.144761,1.066650,0.991051,1.224376,1.231304,1.215349,1.138035,1.249501,1.212256,1.146093,1.098522,1.094424,1.088890,1.001336,0.000000,1.182088,1.135068,1.341748,1.201510,1.383851,1.118003,1.183206,1.203884,1.202988,1.205658,1.283767,1.523420,1.241839,1.195147,1.090190,1.193256,0.980834,1.059546,1.285278,1.348364,1.202908,0.939797,1.128823,1.168583,1.295327,1.355437,1.244312,1.231509,1.267259,1.071046,1.232261,1.039026,1.217515,1.135195,1.307519,1.261146,1.303260,1.193236,1.283427,1.291726,1.238496,1.229088,1.429247,1.247178,0.989249,1.090551,1.247613,1.175216,1.293727,1.219404,1.209568,1.276163,1.189495,1.229749,1.075042,1.178822,1.220697,1.222050,1.171614,1.295073,1.212394,1.204295,1.294759,1.247668,1.274204,1.222372,1.165155,1.089890,1.033255,1.206770,1.233265,1.223685,1.083585,1.275235,1.255128,1.238371,1.100360,1.242868,1.317015,1.148882,1.352496,1.186365,1.205351,1.224865,0.811301,1.213345,1.274196,1.322256,1.239736,1.574716,1.135719,1.243836,1.226662,1.277728,1.358939,1.166666,1.130804,1.173689,1.061504,1.195839,1.409973,1.430522,1.198623,1.104510,1.364876,1.287070,1.402335,1.383179,1.566599,1.298082,1.358739,1.145646,1.222105,1.184432,1.232619,1.329699,1.476086,1.408028,1.436235,1.207805,1.205735,1.344458,1.181083,1.330512,1.529147,1.396194,1.076115,1.140130,1.465900,1.221599,1.330154,1.237431,1.367665,1.191428,1.294730,1.287269,1.241631,1.263640,1.214425,1.226138,1.248696,1.316740,1.503200,1.241694,1.228179,1.327614
杨戴/孤独者__chunk007,1.090603,1.073836,0.982198,0.939012,0.965466,0.881135,0.944262,1.004970,0.899205,0.960797,0.942931,1.052337,0.934338,0.839423,0.939633,0.865221,0.760461,0.737669,0.912396,0.942797,0.782919,1.182088,0.000000,1.048133,1.178773,1.075961,1.098329,0.918189,0.859392,0.937213,0.972617,0.978380,0.901833,1.262656,1.092026,1.021458,1.082028,1.192369,0.820505,0.909680,0.959031,0.969335,0.823661,1.026699,0.962425,0.917814,0.895979,1.031228,1.046919,1.056326,0.882118,0.863691,1.040086,0.914421,1.094085,0.968940,0.957934,0.916277,0.983553,0.903766,0.955413,0.848646,1.030327,1.015692,1.076443,1.059240,1.125659,1.100700,1.012902,1.063849,0.966113,0.996907,0.863682,0.947625,0.998359,0.949806,1.006493,0.904319,0.873926,1.030580,1.008178,0.948505,1.077161,0.928593,0.957419,0.803554,1.114969,1.049291,0.969766,0.926854,0.963865,1.040974,0.982564,1.013468,0.944840,1.010055,0.942588,0.938181,1.017829,0.927083,1.051006,0.754159,0.784583,0.901643,0.896377,0.873621,1.015201,0.777926,0.859472,1.120632,1.020613,1.223402,0.857990,1.072220,0.864850,0.939356,0.966305,1.079803,1.039131,0.963267,0.933521,0.921503,0.967489,1.113130,0.893685,0.896654,1.007714,1.014537,1.041277,1.024264,1.176388,1.036116,0.947114,1.005494,1.067822,0.939279,1.087143,1.049586,1.113933,1.023804,1.103958,0.918817,0.944228,0.884270,0.947922,0.975578,1.071718,1.045676,1.087309,1.099221,1.178134,1.072064,1.147701,1.035059,1.102452,1.054512,0.936190,0.962228,1.005561,0.892499,0.974014,1.010284,0.926514,1.028295,1.078330,1.048988,0.947404,1.010810
杨戴/孤独者__chunk008,1.151121,1.182027,1.190714,1.071922,1.192895,1.116699,1.081839,1.119301,1.043949,1.141430,1.166343,1.180150,1.112832,1.047897,1.102257,1.045431,1.091494,1.020586,1.114520,1.077695,1.109734,1.135068,1.048133,0.000000,1.251025,1.134228,1.159889,1.139081,1.094376,1.136234,1.145972,1.114148,1.047280,1.443162,1.207724,1.161385,1.139160,1.111398,1.037077,1.018018,1.120887,1.146679,1.168333,1.086421,1.140885,1.115398,1.247311,1.268999,1.264010,1.253579,1.090580,1.030286,1.051113,1.114917,1.145538,1.030112,1.018134,1.090849,1.012557,1.058804,1.104919,1.064481,1.325678,1.071583,1.194929,1.095432,1.200768,1.153465,1.183346,1.092305,1.259651,1.152729,1.125688,1.171814,1.064041,1.133281,1.124440,1.012467,0.972046,1.057058,1.122148,0.999984,1.092815,1.005730,1.121692,1.032474,1.218796,1.125058,1.064658,1.103227,1.159378,1.094878,1.271248,1.227940,1.013010,1.253115,1.174967,1.037327,1.001632,1.090079,1.161288,1.067813,1.156788,1.066583,0.966569,1.296181,1.226254,1.151903,0.854555,1.223609,1.079970,1.317782,1.017529,1.177029,1.022947,1.148491,1.127067,1.193178,1.142846,1.095618,1.076554,1.242820,1.261505,1.297241,1.249511,1.066327,1.232952,1.146938,1.156988,1.191235,1.324196,1.169040,1.246184,1.207511,1.159484,0.982585,1.124423,1.169601,1.277114,1.105285,1.234704,1.102021,0.986708,1.141123,1.188444,1.175137,1.273560,1.397728,1.307371,1.156914,1.264502,1.285154,1.340317,1.132929,1.296188,1.192343,1.011056,1.158580,1.137576,1.156641,1.103759,1.136509,1.018636,1.119773,1.325252,1.034904,1.245894,1.207429
杨戴/幸福的家庭__chunk001,1.379632,1.299206,1.343508,1.392268,1.366000,1.290176,1.348883,1.376182,1.171163,1.331841,1.341743,1.266295,1.197396,1.099393,1.187165,1.295425,1.212670,1.117751,1.371327,1.248836,1.104170,1.341748,1.178773,1.251025,0.000000,0.950274,1.169742,1.379717,1.249784,1.320465,1.335259,1.211733,1.339258,1.496846,1.318267,1.280893,1.214916,1.308246,1.261379,1.323762,1.284209,1.346399,1.223227,1.315649,1.367600,1.283112,1.307183,1.451031,1.335488,1.176021,1.175226,1.182506,1.195512,1.221389,1.087372,0.977765,1.292832,1.187405,1.220674,1.130115,1.171210,1.199558,1.236360,1.200481,1.255435,1.294696,1.150794,1.205890,1.199544,1.321053,1.274495,1.159567,1.218847,1.260630,1.378383,1.235505,1.294905,1.267168,1.210774,1.312802,1.429132,1.268299,1.213467,1.193091,1.194830,1.142712,1.427664,1.391554,1.353781,1.277822,1.205728,1.394003,1.410222,1.304096,1.190457,1.433879,1.311339,1.086538,1.162736,1.178127,1.431180,1.198008,1.175320,1.067588,1.174391,1.343225,1.265743,1.276298,1.197136,0.810987,0.904248,1.295970,1.326015,1.369083,1.253494,1.145880,1.274684,1.221525,1.194353,1.289543,1.136005,1.279208,1.277926,1.414064,1.199640,1.271856,1.290933,1.202687,1.387228,1.311695,1.430257,1.186823,1.253534,1.219053,1.161600,1.183036,1.112033,1.183256,1.388428,1.248008,1.318022,1.238072,1.086902,1.204502,1.158683,1.199493,1.299754,1.337543,1.187823,1.268961,1.332901,1.382783,1.391037,1.239193,1.306898,1.287376,1.241970,1.154663,1.235366,1.151152,1.145796,1.236599,1.268158,1.247318,1.325908,1.152527,1.169146,1.211430
杨戴/幸福的家庭__chunk002,1.212288,1.272777,1.137171,1.257819,1.196282,1.203526,1.186042,1.216367,1.100448,1.304504,1.222074,1.357882,1.062684,0.977870,1.074441,1.124565,1.132233,1.022950,1.167579,1.082631,1.101397,1.201510,1.075961,1.134228,0.950274,0.000000,1.069384,1.211722,1.062792,1.168764,1.225865,0.999967,1.146421,1.491395,1.276863,1.240149,1.186017,1.323008,1.073676,1.171193,1.109787,1.179307,1.060654,1.080289,1.213364,1.186826,1.103424,1.284823,1.248504,1.072845,1.091897,1.081611,1.127235,1.019814,1.159893,0.932171,1.079790,1.036864,1.148031,0.982978,0.982397,1.082167,1.165334,1.153635,1.160136,1.154837,1.089959,1.005663,1.129042,1.214278,1.181450,1.049047,1.062647,1.157642,1.137925,1.126180,1.200733,1.064444,1.080272,1.137292,1.240041,1.068921,1.261998,1.090981,1.045848,1.113318,1.290162,1.305602,1.211798,1.249302,1.140687,1.287182,1.274677,1.225382,1.053918,1.432224,1.312542,0.981227,1.092684,1.083122,1.190961,1.105736,1.136173,1.162851,1.001623,1.193639,1.153318,1.192690,1.034530,0.852797,0.833219,1.238924,1.189519,1.233164,1.154198,1.088905,1.107085,1.181231,1.098482,1.293584,1.053364,1.204582,1.180107,1.265620,1.078641,1.246279,1.200196,1.155296,1.296975,1.278676,1.383550,1.133256,1.115492,1.171960,1.112139,1.100271,1.166194,1.107918,1.150646,1.191503,1.189345,1.033471,0.940189,1.038011,1.123752,1.092700,1.237007,1.303963,1.091174,1.114520,1.202055,1.137579,1.348294,1.051509,1.156227,1.208955,1.057246,1.070834,1.198265,1.085081,1.016662,1.175647,1.057656,1.167846,1.381577,1.018274,1.098121,1.086121
杨戴/幸福的家庭__chunk003,1.117475,1.195893,1.093833,1.186549,1.190672,1.076830,1.131670,1.185661,1.045946,1.167693,1.158922,1.243015,0.944243,1.019637,0.949577,1.069632,1.033296,1.017927,1.195369,1.099747,1.091494,1.383851,1.098329,1.159889,1.169742,1.069384,0.000000,1.183684,1.166998,1.173242,1.112287,1.027323,1.036891,1.313143,1.307715,1.229850,1.232134,1.344456,1.017645,1.298277,1.132787,1.116799,1.079632,1.188917,1.122064,1.215559,1.098917,1.230845,1.007147,0.983518,0.985382,0.984495,0.962407,0.995762,1.025818,0.912782,0.992408,0.860840,1.096909,0.877967,0.940046,1.100952,1.067250,0.979807,1.074108,1.250870,1.192740,1.233566,1.058032,1.222782,1.016709,1.127805,0.918162,1.080065,1.192582,1.066003,1.308342,1.084503,1.029282,1.146256,1.224421,1.101776,1.083279,1.005319,1.052434,1.032170,1.027391,1.148284,1.191321,1.055811,1.036162,1.150905,1.263043,1.109183,1.088763,1.257397,1.172994,0.888332,1.008975,0.872468,1.208433,1.054920,1.125373,1.097691,1.162506,1.207101,1.124152,1.100081,1.132119,1.111419,0.913504,0.884136,1.174735,1.171863,0.990474,0.959044,0.979824,1.231449,1.184664,1.100050,1.092332,1.231792,1.174328,1.207756,1.051919,1.152964,1.072622,1.081553,1.086371,1.113275,1.195848,1.036892,1.135406,1.017201,0.922570,1.050993,1.082058,1.165145,1.078124,0.924273,1.044171,0.913168,0.953556,1.026314,0.975732,0.939508,1.019206,1.284042,1.176686,1.217144,1.096366,1.050590,1.120035,1.037976,1.045034,1.154118,1.089630,1.140622,1.129368,0.960439,1.105950,1.072051,1.074560,1.008361,1.114527,0.925157,1.026032,0.984668
杨戴/故乡__chunk001,1.005474,1.008349,0.957870,0.950052,0.996408,0.924260,0.967966,0.962882,0.796308,0.898315,0.945435,1.265544,1.064271,0.983636,1.055905,1.115880,0.936187,0.926310,0.905836,0.925630,1.025194,1.118003,0.918189,1.139081,1.379717,1.211722,1.183684,0.000000,0.968648,1.191350,1.000443,1.016684,0.949616,1.130170,1.140978,1.129610,1.140187,1.207107,0.902204,0.908187,1.055992,1.064580,0.941606,0.986918,0.966895,1.101676,1.013326,1.192721,1.126685,1.174347,0.972492,0.989880,1.080768,1.105599,1.086140,1.018833,1.039581,1.029317,1.056765,1.032584,1.024870,1.150821,1.164495,1.093716,1.160265,1.133620,1.118153,1.124180,1.121854,1.042823,1.072269,1.035208,1.028877,1.190136,0.978626,0.936537,1.089989,0.995521,0.942460,1.017270,1.133681,1.104830,1.102878,0.912229,1.079414,1.034654,1.047954,1.156980,1.038475,1.047389,0.985181,1.047907,1.010322,1.002692,0.993675,1.096182,1.211595,1.083183,1.020408,1.119729,1.230761,0.912147,1.067181,1.029541,1.090777,1.090049,1.123234,0.944406,1.178366,1.282885,1.140669,1.421090,0.742586,1.245270,1.136661,1.044895,1.145874,1.157321,1.048322,1.119553,1.025408,1.014824,1.181919,1.226679,0.951746,0.980276,1.100601,1.177969,1.262758,1.312422,1.348138,1.151688,1.285428,1.188103,1.141619,1.038193,1.107900,1.171671,1.276654,1.176832,1.274994,1.116977,1.035688,1.154592,1.110829,1.041085,1.260683,1.237285,1.099601,1.117665,1.301691,1.090748,1.152219,1.023758,1.275394,1.069905,1.065087,1.033513,0.975155,1.091509,1.084114,1.140411,1.062323,1.095574,1.309709,1.003665,1.097050,1.142521
杨戴/故乡__chunk002,1.010021,1.098873,0.980544,0.952694,0.994229,0.876593,0.900357,1.193150,0.916952,1.015261,1.006527,1.152392,1.086351,0.829177,1.060544,1.033016,1.046861,0.861239,0.890026,0.895997,0.910664,1.183206,0.859392,1.094376,1.249784,1.062792,1.166998,0.968648,0.000000,0.859631,0.877623,1.047819,1.006839,1.225543,1.021076,1.073990,1.129373,1.102748,1.026875,0.961196,0.900295,0.965249,1.009920,0.995726,0.928442,0.885913,0.974436,1.127866,1.037159,1.008867,0.990643,0.887887,1.025095,1.063729,1.065351,0.918614,1.105067,0.957699,0.883439,0.941071,0.973251,1.051333,1.122169,1.028485,1.225546,1.155686,1.156774,1.081035,1.245283,1.224738,0.998171,1.111137,1.068293,1.197072,1.088243,1.064142,1.102719,1.026117,1.010866,1.166430,1.196996,1.038165,1.211563,0.917765,0.850943,0.888181,1.072231,1.147151,1.106433,0.979894,1.034660,1.111997,0.979495,1.103932,0.942525,1.197246,0.996982,0.984993,0.964210,1.082402,1.117657,1.063416,1.003664,0.883574,0.938845,1.046631,0.998051,1.111208,1.018048,1.172330,1.064219,1.304283,0.929434,0.913091,0.961538,1.055811,1.126934,1.140551,1.035106,1.126339,1.060414,1.103519,1.050500,1.180198,1.013048,1.010467,1.035339,1.049699,1.107719,1.196343,1.247602,1.057425,1.194635,0.950241,1.061317,0.916138,1.096717,1.073606,1.262598,1.180607,1.153775,1.029394,1.043560,1.114686,1.045984,1.119835,1.337695,1.245377,1.135661,1.192842,1.257405,1.264129,1.296288,1.112493,1.235022,1.198553,1.110919,1.138230,1.075392,1.091207,1.087824,1.209876,1.031087,1.130470,1.316782,1.039578,1.042457,1.174996
杨戴/故乡__chunk003,1.312100,1.298226,1.102091,1.056513,1.194061,1.049881,1.014344,1.219782,1.065938,0.999757,1.053400,1.182384,1.040281,0.977134,1.002185,1.069594,1.179827,0.948067,0.991223,0.932135,1.024642,1.203884,0.937213,1.136234,1.320465,1.168764,1.173242,1.191350,0.859631,0.000000,1.027843,1.131434,1.204683,1.446080,1.219094,1.177314,1.103210,1.161999,1.120660,1.120605,1.113923,1.123134,1.114917,1.110686,1.022281,1.086122,0.989512,1.183532,1.126266,1.163155,1.015494,1.046154,1.046241,1.084676,1.032869,1.038327,1.096465,1.059924,1.086979,0.974893,1.073222,1.109096,1.151839,1.118991,1.284346,1.231985,1.178836,1.391514,1.209378,1.286387,1.048687,1.231016,1.174501,1.130616,1.145451,1.194632,1.214875,1.085818,1.021055,1.104219,1.092629,1.158470,1.172618,1.008391,1.195857,0.956302,1.199285,1.243875,1.196813,1.151822,1.257588,1.127131,1.187014,1.243857,1.070165,1.186977,1.142978,1.033385,1.089531,1.101200,1.083260,1.210635,1.159989,1.089664,1.007704,1.145059,1.043432,1.235951,1.002331,1.179079,1.179121,1.269834,1.192251,0.937498,0.931536,1.181017,1.170136,1.336686,1.219530,1.085902,1.299911,1.377005,1.251723,1.242364,1.240153,1.087308,1.234207,1.161210,1.124577,1.281289,1.324610,1.164389,1.162658,1.034412,1.174178,1.135934,1.172326,1.172681,1.325563,1.179962,1.278783,1.027279,1.072764,1.182876,1.102971,1.119130,1.333788,1.293142,1.208150,1.357798,1.363061,1.331854,1.307202,1.152464,1.179462,1.328536,1.195364,1.281049,1.184304,1.184945,1.132497,1.247669,1.215656,1.089456,1.324203,1.202144,1.194043,1.213505
杨戴/故乡__chunk004,1.185702,1.056229,1.078895,1.041378,1.134541,0.899709,1.075490,1.122121,0.900283,1.003463,1.061054,1.185076,1.034140,1.019014,1.018983,1.038104,1.065707,0.940745,1.079781,1.091711,1.009762,1.202988,0.972617,1.145972,1.335259,1.225865,1.112287,1.000443,0.877623,1.027843,0.000000,1.122326,1.049309,1.294956,1.094174,1.049731,1.088701,1.108003,0.998397,1.034409,1.047365,1.049633,0.967470,1.099195,0.986713,1.026490,1.063253,1.095518,1.123320,1.077629,1.034295,1.022262,1.128632,1.089382,1.026163,1.015309,1.121074,1.066294,1.052774,0.988776,1.026100,1.130259,1.163656,1.195681,1.222307,1.148240,1.200016,1.173018,1.218106,1.242878,1.112482,1.060814,1.028360,1.005232,1.025072,1.209807,1.157374,0.952275,0.899365,1.098846,1.149330,1.206924,1.013763,1.000261,1.017046,0.975773,1.145992,1.063989,1.115841,1.057209,1.043472,1.074201,1.060438,1.095314,0.976666,1.133127,1.176665,1.064326,1.035340,1.053252,1.166090,1.075913,1.161026,1.093103,1.157850,1.197391,1.123628,1.138146,1.039961,1.282477,1.176327,1.469950,0.974370,1.090437,0.947128,1.088968,1.163248,1.148753,1.131459,1.097924,0.977293,1.099691,1.051571,1.162545,1.068586,1.080042,1.160462,1.156580,1.111193,1.292879,1.340771,1.184837,1.181786,1.207161,1.091494,0.988018,1.224540,1.120670,1.281537,1.209209,1.206172,1.086891,1.031900,1.117253,1.067794,1.205040,1.338070,1.245528,1.115798,1.202101,1.231553,1.232271,1.298922,1.110094,1.188471,1.164101,1.070291,1.168438,1.133597,1.063734,1.101850,1.220602,1.128160,1.094850,1.313232,1.071378,1.131623,1.195347
杨戴/明天__chunk001,0.961198,1.005060,0.972833,1.084135,0.942750,0.965756,0.934395,0.871290,0.927455,0.990559,0.948758,1.111712,0.846166,0.961776,0.813624,0.948089,0.987946,0.925330,1.094605,1.036155,0.961328,1.205658,0.978380,1.114148,1.211733,0.999967,1.027323,1.016684,1.047819,1.131434,1.122326,0.000000,0.829702,1.121599,1.194094,1.273222,1.288675,1.396087,0.989568,1.070564,1.095362,1.002662,0.943542,1.127700,0.903058,1.015374,0.918382,1.028853,0.913999,0.982679,0.901682,0.899794,0.844447,0.905014,1.005741,0.883261,0.936298,0.901137,0.829198,0.899245,0.941459,0.995116,0.943191,1.046691,0.979840,1.098901,1.094852,1.021162,1.101494,1.086001,0.990166,1.076287,0.981427,1.117089,0.947429,0.945219,1.178924,0.896182,0.908190,1.058747,1.114297,1.047648,1.095664,0.832175,0.900660,0.793226,1.065796,1.011518,1.026184,1.047928,0.939326,1.067152,1.058741,0.971648,0.879183,1.217374,0.967926,0.795516,0.970821,0.900428,1.123066,1.053535,1.035857,1.047246,1.043324,1.009252,1.069704,0.909054,1.099135,0.950863,0.983517,1.257329,0.970112,1.091707,0.999332,0.734033,0.981988,1.162356,1.151265,1.147431,0.996644,1.223537,1.099226,0.994919,0.922516,1.076729,0.952975,0.954670,1.146344,1.116351,1.133169,1.056614,1.032032,0.998583,0.976784,0.981293,1.094975,0.974223,1.035845,1.040616,0.975680,0.952916,0.929041,1.003019,0.933348,1.026970,1.184099,1.156040,1.022064,0.996158,1.205810,1.049014,1.137830,1.089085,0.984470,1.113784,1.044993,0.955429,1.021963,1.045011,1.019750,0.974914,0.926635,1.085387,1.144755,0.858900,0.965406,0.951494
杨戴/明天__chunk002,1.068785,1.044165,1.104031,1.000539,1.090476,1.032990,1.084871,0.963584,0.959792,1.076173,1.013910,1.333522,1.024563,0.938282,1.010080,1.018652,0.878853,0.993782,1.080422,1.041329,1.044192,1.283767,0.901833,1.047280,1.339258,1.146421,1.036891,0.949616,1.006839,1.204683,1.049309,0.829702,0.000000,1.100394,1.262349,1.284526,1.348852,1.337696,1.102173,1.167975,0.969844,0.986461,0.903395,1.154583,1.028419,1.028519,0.983662,1.031285,1.008945,1.127790,0.876439,0.967532,0.997352,1.058817,1.052333,0.969690,0.986610,0.992103,0.901090,0.961392,0.960688,0.985715,1.092533,0.917047,0.967080,0.998837,1.238746,1.161810,1.193194,1.168639,1.034317,1.054526,0.950595,1.040291,0.967660,0.994317,1.161678,0.829550,0.896413,1.070909,1.104933,0.970082,1.065154,0.812686,0.894806,0.919853,1.080416,1.131560,1.046724,1.050614,1.149669,0.998920,1.082301,1.073873,1.006554,1.136413,1.095228,0.898430,0.959322,0.914309,1.096635,0.927005,1.084052,1.091985,1.050179,1.122727,1.179300,0.919876,1.091762,1.102412,1.079824,1.181817,0.981225,1.162704,1.040740,0.846518,0.794192,1.253268,1.239635,1.141732,1.045884,1.179257,1.152063,1.123458,1.025997,1.060256,1.044609,1.033613,1.056013,1.156170,1.167620,1.088502,1.002851,1.102304,0.951167,1.027006,1.104896,1.004437,1.133597,1.050709,0.958718,0.903499,1.004431,0.981380,1.002172,1.031801,1.062719,1.169334,1.120807,1.173249,1.097549,1.067526,1.013975,1.128862,1.015567,0.960711,0.985383,1.041640,0.884861,0.879906,1.006329,1.029191,0.937732,1.039221,1.260847,0.892753,0.986809,1.013341
杨戴/明天__chunk003,1.240169,1.002883,1.114803,1.132341,1.144736,1.052845,1.161807,1.208853,1.118715,1.239299,1.078572,1.456427,1.222482,1.264788,1.181914,1.191350,1.106062,1.276720,1.394319,1.174871,1.141694,1.523420,1.262656,1.443162,1.496846,1.491395,1.313143,1.130170,1.225543,1.446080,1.294956,1.121599,1.100394,0.000000,1.492647,1.473823,1.525028,1.620299,1.259589,1.264065,1.223039,1.209645,1.205471,1.344697,1.087754,1.187648,1.135373,1.230299,1.241129,1.375465,1.211204,1.170509,1.158800,1.294034,1.184248,1.174631,1.240200,1.297703,1.050799,1.293915,1.286055,1.243563,1.355710,1.256886,1.320776,1.268305,1.514014,1.406806,1.366462,1.323766,1.208485,1.442272,1.207983,1.287136,1.321598,1.226738,1.360702,1.210814,1.219190,1.255868,1.280278,1.450602,1.280624,1.164847,1.177831,1.139584,1.286912,1.278864,1.313893,1.261428,1.194215,1.200932,1.146489,1.245753,1.199637,1.309871,1.295798,1.207937,1.288141,1.193459,1.305588,1.245529,1.320050,1.312567,1.265569,1.335291,1.391861,1.224190,1.420989,1.321384,1.267934,1.511536,1.223108,1.428066,1.270016,1.136788,1.201232,1.368490,1.381051,1.436404,1.307281,1.330217,1.328974,1.339234,1.200414,1.175057,1.169216,1.175225,1.253427,1.389157,1.227752,1.343946,1.277058,1.306393,1.248365,1.270369,1.407866,1.311518,1.478952,1.406522,1.224805,1.347839,1.307628,1.209660,1.326413,1.236070,1.413500,1.287854,1.394056,1.325335,1.447020,1.262883,1.333559,1.297973,1.316299,1.375842,1.344924,1.144935,1.185556,1.353784,1.265803,1.269644,1.317696,1.379698,1.240984,1.194189,1.252725,1.208645
杨戴/狂人日记__chunk001,1.069112,1.126397,1.175754,1.276462,1.125884,1.115599,1.076325,1.185925,0.985826,1.066698,1.065538,1.150598,1.171695,1.145143,1.198062,1.250755,1.190197,0.936816,0.966513,1.005530,1.030016,1.241839,1.092026,1.207724,1.318267,1.276863,1.307715,1.140978,1.021076,1.219094,1.094174,1.194094,1.262349,1.492647,0.000000,1.046813,1.177586,0.979065,1.120854,1.029918,1.155794,1.221446,1.106931,1.074841,1.061813,1.139522,1.109570,1.195053,1.129779,1.161988,1.010343,1.065009,1.157711,1.165577,1.129080,1.053618,1.202416,1.147384,1.073488,1.128418,1.047105,1.038067,1.274525,1.241123,1.106060,1.233654,1.193629,1.181152,1.284225,1.110916,1.273087,1.228379,1.235157,1.239507,1.203456,1.143232,1.196636,1.014259,1.107745,1.301301,1.324752,1.270897,1.115567,1.127900,1.135794,1.103275,1.089091,1.291164,1.162845,1.269804,1.137003,1.141130,1.146570,1.185961,1.146353,1.319384,1.286749,1.146702,1.151229,1.260578,1.296667,1.243973,1.074387,0.996655,1.127321,1.104686,1.285388,1.111270,1.092928,1.283028,1.243673,1.575070,1.122656,1.176363,1.227394,1.213283,1.308349,0.719999,1.052957,1.076405,1.126027,1.069658,1.218678,1.348853,1.174275,1.153590,1.233808,1.250738,1.374323,1.217824,1.355603,1.145582,1.180767,1.176634,1.213363,1.165771,1.258293,1.231768,1.341293,1.331269,1.201081,1.290372,1.085327,1.188187,1.205068,1.276246,1.215445,1.256846,1.068704,1.154021,1.371354,1.297563,1.443881,1.203229,1.429848,1.351586,1.148431,1.181304,1.148772,1.131177,1.236976,1.335420,1.170874,1.273226,1.315842,1.188666,1.175616,1.187706
杨戴/狂人日记__chunk002,1.309193,1.193220,1.313409,1.287283,1.159937,1.108458,1.121805,1.268767,1.051442,1.071581,1.181799,1.210417,1.166885,1.109359,1.247948,1.158169,1.137645,0.987783,1.011966,1.032959,1.008356,1.195147,1.021458,1.161385,1.280893,1.240149,1.229850,1.129610,1.073990,1.177314,1.049731,1.273222,1.284526,1.473823,1.046813,0.000000,0.970753,0.962379,1.058649,1.181901,1.281993,1.298709,1.173688,1.015041,1.058427,1.070200,1.177533,1.181561,1.295176,1.174234,1.146931,1.124891,1.293338,1.144574,1.217386,1.068978,1.224494,1.124974,1.086733,1.192452,1.205900,1.130016,1.283111,1.197155,1.277546,1.354884,1.172943,1.207693,1.299556,1.364488,1.276908,1.211893,1.115521,1.178031,1.256380,1.250016,1.134020,1.122701,1.112923,1.319330,1.232793,1.167897,1.266882,1.181760,1.188185,1.159808,1.230630,1.256624,1.203453,1.203628,1.056101,1.238068,1.178353,1.259711,1.205682,1.220457,1.254185,1.242920,1.204347,1.281328,1.279436,1.229158,1.326184,1.122461,1.137845,1.247936,1.214740,1.289402,1.249527,1.347621,1.281108,1.480926,1.200739,1.254788,1.217242,1.348319,1.348031,1.121010,0.833583,1.020189,1.144672,1.264971,1.359592,1.411604,1.211170,1.121980,1.422187,1.278044,1.442877,1.293061,1.474646,1.200201,1.301747,1.202445,1.321518,1.274511,1.273938,1.388903,1.477041,1.269684,1.455680,1.339238,1.181309,1.217952,1.156816,1.243602,1.411383,1.474078,1.217464,1.306665,1.403632,1.371219,1.509326,1.375929,1.430561,1.342033,1.253035,1.288251,1.316120,1.199855,1.299852,1.355816,1.308909,1.175721,1.451804,1.282447,1.245722,1.376659
杨戴/狂人日记__chunk003,1.301900,1.279016,1.270580,1.185161,1.305144,1.200252,1.222203,1.313490,1.020112,1.012065,1.167129,1.196192,1.146925,1.110169,1.148437,1.114059,1.143614,0.952854,1.118873,1.073739,1.114438,1.090190,1.082028,1.139160,1.214916,1.186017,1.232134,1.140187,1.129373,1.103210,1.088701,1.288675,1.348852,1.525028,1.177586,0.970753,0.000000,0.965223,1.185984,1.058010,1.328120,1.433869,1.199236,1.090215,1.209462,1.111138,1.145717,1.198123,1.259646,1.189114,1.144229,1.024228,1.134116,1.028435,1.030585,1.170127,1.204462,1.180879,1.118865,1.182008,1.226739,1.224835,1.149481,1.129694,1.234288,1.312606,1.123431,1.197834,1.219779,1.273891,1.324375,1.207288,1.254629,1.223326,1.263798,1.152407,1.132399,1.180691,1.147506,1.291010,1.187690,1.149112,1.304136,1.253748,1.269914,1.115315,1.233575,1.309643,1.187071,1.222852,1.107087,1.303987,1.222518,1.255169,1.086474,1.234217,1.214104,1.120089,1.167828,1.232111,1.242235,1.182258,1.222082,0.993762,1.136855,1.282162,1.111436,1.277908,1.185735,1.179460,1.109200,1.487167,1.164852,1.189188,1.189239,1.184602,1.345739,1.234034,0.962159,0.785628,1.298727,1.227971,1.367940,1.456213,1.241462,1.126769,1.331394,1.211038,1.438137,1.262179,1.424358,1.116799,1.323987,1.128239,1.261722,1.078744,1.197595,1.291658,1.446238,1.240455,1.354236,1.254018,1.071655,1.207475,1.144609,1.189598,1.360294,1.475786,1.135685,1.212432,1.435146,1.197673,1.470221,1.163144,1.465876,1.230506,1.211973,1.253288,1.252254,1.265162,1.229570,1.276251,1.197184,1.247187,1.430707,1.294411,1.242568,1.265298
杨戴/狂人日记__chunk004,1.227888,1.276243,1.351837,1.220824,1.267571,1.257848,1.176282,1.233558,1.166772,1.126251,1.238857,1.337560,1.323596,1.205211,1.380163,1.303082,1.297493,1.131944,1.225383,1.047584,1.194905,1.193256,1.192369,1.111398,1.308246,1.323008,1.344456,1.207107,1.102748,1.161999,1.108003,1.396087,1.337696,1.620299,0.979065,0.962379,0.965223,0.000000,1.301344,1.130001,1.347081,1.374233,1.228578,0.966392,1.190139,1.130343,1.235815,1.217646,1.305635,1.167420,1.176626,1.131001,1.304174,1.271279,1.252589,1.159594,1.358253,1.269294,1.147609,1.327721,1.292040,1.278176,1.408589,1.342318,1.293993,1.283392,1.108264,1.278959,1.399588,1.279522,1.463864,1.245865,1.342679,1.330711,1.340960,1.286698,1.267099,1.240351,1.232511,1.451981,1.310195,1.256874,1.289813,1.299339,1.244480,1.259336,1.209148,1.390221,1.246969,1.248743,1.199055,1.153043,1.208989,1.309442,1.283209,1.343044,1.408296,1.269194,1.228289,1.355254,1.431871,1.319644,1.303854,1.057024,1.161927,1.323771,1.283839,1.324934,1.201951,1.355390,1.264020,1.618632,1.208981,1.208087,1.297742,1.344242,1.437987,1.148394,1.001086,1.006029,1.244335,1.227833,1.431108,1.552754,1.291877,1.113011,1.392492,1.284971,1.373225,1.277003,1.530261,1.160420,1.365844,1.258932,1.324142,1.216116,1.290274,1.338091,1.531882,1.388710,1.372037,1.433465,1.264840,1.324107,1.299447,1.348343,1.416621,1.441571,1.232295,1.293375,1.444590,1.447385,1.635396,1.249764,1.568964,1.350515,1.312621,1.312705,1.317702,1.269276,1.294463,1.451267,1.334067,1.308379,1.517107,1.314505,1.291983,1.417680
杨戴/社戏__chunk001,1.099957,0.942204,0.918083,1.011631,0.856771,0.814277,0.860472,0.900001,0.821452,1.011457,0.928317,1.083979,0.940198,0.957815,0.853520,0.973409,0.924554,0.846534,0.949983,0.953397,0.780041,0.980834,0.820505,1.037077,1.261379,1.073676,1.017645,0.902204,1.026875,1.120660,0.998397,0.989568,1.102173,1.259589,1.120854,1.058649,1.185984,1.301344,0.000000,0.843328,0.936918,0.949546,0.882407,0.996432,0.997957,1.003688,0.945795,1.110666,1.105148,1.172003,1.039009,0.953722,1.078847,0.946768,1.095130,0.932421,0.957717,0.914337,1.044747,0.960196,0.991045,1.007233,1.055225,1.081466,1.091738,1.037310,1.028181,1.068555,1.145283,1.086591,1.124498,1.092828,0.838426,1.073745,0.987971,1.005795,1.151457,0.965884,0.869769,1.048956,1.081340,1.061694,1.097867,0.893253,1.149416,0.946954,0.990116,0.907273,0.918550,0.845779,0.836522,0.962479,1.050230,0.884100,0.842326,1.015810,0.952434,1.026961,0.974489,0.933389,1.074107,0.938476,1.047875,1.024872,0.946672,0.953110,0.902138,0.951565,0.975477,1.088396,0.981529,1.314684,0.869981,1.129903,1.042324,0.927482,1.027773,1.042964,1.160752,1.092094,0.692507,0.914180,0.886969,1.111641,0.913789,0.880743,0.947331,1.041165,1.074951,1.156262,1.248332,1.133219,1.168085,1.080762,1.090188,0.966927,1.099584,1.072237,1.069477,1.118790,1.107901,0.961783,0.958734,1.084352,0.980481,1.033067,1.170766,1.171906,1.123532,1.116501,1.276860,1.041626,1.235409,1.032486,1.023167,1.135422,0.957004,0.973358,1.097932,0.989128,1.032594,1.046722,0.946205,1.063143,1.163297,0.962358,1.097485,1.080255
杨戴/社戏__chunk002,0.959015,0.983129,0.978423,0.798233,0.771698,0.886488,0.926104,1.023936,0.878276,0.999213,1.012729,1.104162,0.993812,1.013337,1.167935,0.986225,0.995156,0.776096,0.947610,0.941220,0.861705,1.059546,0.909680,1.018018,1.323762,1.171193,1.298277,0.908187,0.961196,1.120605,1.034409,1.070564,1.167975,1.264065,1.029918,1.181901,1.058010,1.130001,0.843328,0.000000,0.923926,1.137551,1.068908,0.938842,0.936675,1.056938,1.045503,1.014710,1.072982,1.201969,1.080884,0.966239,1.111640,1.016875,1.069335,1.046733,1.209527,1.110209,1.041853,1.084804,1.097371,1.042987,1.118035,1.126201,1.158952,0.999020,1.144652,1.050503,1.135799,1.072933,1.181335,1.020595,1.076032,1.113672,1.076417,0.928470,1.129953,1.050408,1.008046,1.130761,1.094478,1.137071,1.239517,0.971668,1.149546,1.010668,1.016860,0.972376,0.975825,0.890226,0.967352,1.029359,1.062959,1.055117,0.915089,1.166080,1.125926,1.082959,1.013237,1.129324,1.258163,1.006545,1.096515,0.973730,0.993886,1.007006,1.045926,1.039444,1.126340,1.143811,1.129838,1.504797,0.953792,1.164406,1.046804,1.077126,1.167221,0.988817,1.093733,0.959672,0.983969,0.711668,1.052039,1.252918,1.078197,0.985348,1.005861,1.125403,1.180002,1.195591,1.264619,1.156365,1.248507,1.162405,1.140761,0.918747,1.142970,1.190336,1.341937,1.273372,1.197028,1.131726,0.994287,1.168503,1.132476,1.162611,1.239369,1.033018,1.152548,1.069168,1.311956,1.085345,1.353862,0.960738,1.269099,1.145624,1.076341,1.054479,1.028167,1.140131,1.040465,1.074973,1.116922,1.165408,1.168189,1.079373,1.167248,1.154040
杨戴/社戏__chunk003,1.046094,1.051326,1.013638,1.046145,0.966038,0.950954,1.010362,0.993727,1.013032,1.239195,1.074350,1.161555,1.040945,0.989390,1.046090,1.024694,0.915002,0.905716,1.064484,1.035755,1.032529,1.285278,0.959031,1.120887,1.284209,1.109787,1.132787,1.055992,0.900295,1.113923,1.047365,1.095362,0.969844,1.223039,1.155794,1.281993,1.328120,1.347081,0.936918,0.923926,0.000000,0.839653,0.976139,1.124869,1.000206,1.000316,1.021321,1.124893,1.201553,1.074893,0.972975,0.995315,1.095857,1.044392,1.145233,0.951839,1.109715,0.955149,0.979844,0.987863,0.883482,0.858490,1.082511,0.922860,0.922273,0.921753,1.249417,1.231962,1.155762,1.155761,1.144784,1.183228,1.031165,1.158421,1.036062,0.950247,1.216954,0.994328,1.000797,1.150708,1.248530,1.036134,1.228701,0.890031,1.102964,0.889506,1.061251,1.009800,1.005242,0.934806,1.100251,1.107204,1.119419,0.951874,0.971348,1.236266,1.150386,0.970808,0.996266,0.953353,1.051802,0.994287,0.973500,1.126664,0.975651,1.030600,1.047271,0.930024,1.000516,1.086859,1.042699,1.231799,0.914682,1.124533,0.920593,0.942129,0.937402,1.154830,1.244746,1.148891,0.891135,0.852462,0.740625,0.951623,1.072994,1.052135,0.945352,0.980357,1.185663,1.131187,1.090093,0.967673,1.099114,1.073374,1.073976,0.915287,1.149360,1.015548,1.072494,1.063469,1.076573,0.997252,0.956554,1.004920,0.949736,0.934782,1.024816,0.987152,1.153933,1.256643,1.167804,1.101070,1.223848,1.041735,1.087143,1.059680,0.940938,1.006186,0.884200,1.025745,1.088384,1.076576,0.984200,1.118231,1.188100,0.905319,1.095902,0.993306
杨戴/社戏__chunk004,1.072660,0.974552,0.947614,1.098708,1.181600,0.965432,1.030898,1.101642,0.954215,1.187181,1.015081,1.205223,0.971071,1.097726,1.001801,1.078084,1.030822,0.989523,1.115729,1.084135,1.100530,1.348364,0.969335,1.146679,1.346399,1.179307,1.116799,1.064580,0.965249,1.123134,1.049633,1.002662,0.986461,1.209645,1.221446,1.298709,1.433869,1.374233,0.949546,1.137551,0.839653,0.000000,1.037779,1.242870,1.057759,0.972563,1.010759,1.206655,1.175881,1.041677,1.031019,1.059302,1.070691,1.150101,1.188687,0.921164,0.905281,0.889356,0.957076,0.952440,0.943726,0.949399,1.141228,0.906838,1.015375,0.993135,1.301089,1.253531,1.179497,1.219098,1.021527,1.111026,0.999641,1.097633,1.081578,1.096341,1.246697,0.928113,0.892917,1.132408,1.188038,1.000666,1.190729,0.851290,1.067026,0.892113,1.223249,0.993085,1.041564,1.063164,1.211591,1.104474,1.162661,1.030002,0.868550,1.173038,1.047087,1.014569,1.104281,0.938999,1.144025,1.054300,1.046559,1.136666,1.056745,1.164118,1.081269,1.042308,1.063182,1.191199,1.084586,1.274418,1.043266,1.093190,0.899514,1.029374,0.983696,1.263305,1.270454,1.243111,0.940703,1.193968,0.978057,0.939329,1.103549,1.100042,0.996139,1.073184,0.995435,1.202815,1.191834,1.148174,1.132806,1.152665,1.047744,1.119355,1.267822,1.027768,1.125739,1.108358,1.049202,1.073222,1.050998,1.062174,1.102483,1.028513,1.067204,1.103859,1.135577,1.269134,1.236900,1.222921,1.272233,1.139389,1.028709,1.189597,1.037921,1.161906,1.078843,1.026491,1.085530,1.134290,1.014109,1.033160,1.206185,0.950850,1.127054,1.074127
杨戴/祝福__chunk001,0.952259,1.088630,0.983078,1.088030,1.009099,0.888954,0.888338,0.933709,0.877082,0.988339,1.040350,1.287367,0.966202,0.923936,0.931385,0.977343,0.852841,0.855685,1.049462,0.944697,0.888386,1.202908,0.823661,1.168333,1.223227,1.060654,1.079632,0.941606,1.009920,1.114917,0.967470,0.943542,0.903395,1.205471,1.106931,1.173688,1.199236,1.228578,0.882407,1.068908,0.976139,1.037779,0.000000,1.080782,0.966249,0.985046,0.847189,1.146571,1.011556,1.106100,0.857039,0.946286,0.977999,1.087101,1.095379,0.913033,0.935964,1.042177,0.886397,0.871308,1.019631,0.964545,1.069895,1.080129,1.014236,1.063405,1.115394,1.085734,1.080345,1.201547,1.040542,1.031236,0.920990,1.100313,0.986718,1.043213,1.183868,1.071306,0.878198,1.155044,1.130458,1.099627,1.084599,0.952938,1.053922,0.891142,0.946581,1.007407,1.002392,0.959770,0.825153,0.876927,1.001903,0.959034,0.905886,1.085254,1.082383,0.925952,0.921036,0.922371,1.080706,0.782494,0.973502,1.010996,0.908059,0.909830,1.058163,0.813774,1.049155,1.009868,1.009672,1.240372,0.850897,1.091683,1.038610,0.911826,0.933428,1.120257,1.195673,1.103389,0.841140,1.008742,0.951319,1.000105,0.601451,0.991306,0.918776,0.955388,1.121160,1.152177,1.026913,1.118861,1.013280,1.152991,1.051983,0.970041,1.129020,1.121879,1.064181,1.024896,0.913915,0.921730,1.041451,0.967569,0.961879,0.954162,0.997664,1.085869,0.995709,1.157802,1.196546,1.065284,1.093400,1.030392,1.065066,1.102613,1.010822,1.021664,0.976323,0.913872,0.969782,1.048209,1.032521,1.041989,1.177084,0.813686,1.026219,1.009684
杨戴/祝福__chunk002,1.024782,1.043336,0.971475,1.011194,0.992025,1.022883,0.868221,1.042598,1.003193,0.947918,0.992049,1.129544,1.188758,1.086351,1.238045,1.128806,1.042378,1.033831,0.965080,0.958079,0.884096,0.939797,1.026699,1.086421,1.315649,1.080289,1.188917,0.986918,0.995726,1.110686,1.099195,1.127700,1.154583,1.344697,1.074841,1.015041,1.090215,0.966392,0.996432,0.938842,1.124869,1.242870,1.080782,0.000000,0.928885,1.034116,1.147501,1.083468,1.121388,1.115214,1.074560,0.908756,1.190652,1.012891,1.128608,1.084517,1.225426,1.080201,1.164338,1.138034,1.139114,1.216328,1.219403,1.184170,1.306488,1.131163,0.983366,0.952193,1.112915,1.089709,1.128418,1.089126,1.087687,1.120973,1.064685,1.127020,0.908196,1.092900,1.028120,1.253430,1.138621,1.179479,1.162720,1.142809,1.077646,1.129672,0.962031,1.059798,0.904362,1.020697,0.925314,1.068419,0.997302,1.159368,1.107081,1.169869,1.129187,1.165908,1.151239,1.192888,1.223989,1.101275,1.191023,0.977262,1.098503,1.019398,1.051543,1.152695,1.144763,1.321634,1.134687,1.430311,1.096412,1.180166,1.190803,1.200665,1.238634,1.117222,1.032762,1.113361,1.117580,1.128485,1.293364,1.400408,1.107560,0.804157,1.176383,1.171349,1.296996,1.246327,1.316681,1.168946,1.298936,1.035606,1.248790,1.157627,1.186086,1.285085,1.421538,1.323705,1.355836,1.202887,1.109249,1.244108,1.208412,1.206480,1.381030,1.291890,1.070757,1.063581,1.325708,1.156120,1.245541,1.065492,1.362137,1.213877,1.147090,1.142230,1.113723,1.241028,1.120450,1.242328,1.187274,1.263636,1.416429,1.155045,1.202248,1.200160
杨戴/祝福__chunk003,1.025063,0.981436,0.935787,0.962887,0.949668,0.841330,0.924061,0.954863,0.922909,0.970411,0.906196,1.127100,1.048340,1.081178,1.052512,1.073393,0.984991,0.954080,0.968786,0.891584,0.907336,1.128823,0.962425,1.140885,1.367600,1.213364,1.122064,0.966895,0.928442,1.022281,0.986713,0.903058,1.028419,1.087754,1.061813,1.058427,1.209462,1.190139,0.997957,0.936675,1.000206,1.057759,0.966249,0.928885,0.000000,0.843950,0.809076,0.998556,0.971389,1.107420,0.906078,0.814636,0.997017,1.086769,0.988755,1.058449,1.137965,1.035418,0.842818,1.067237,1.044252,1.090116,1.096864,1.130389,1.170698,1.149588,1.105117,1.147573,1.024124,1.003265,1.015232,1.034494,1.085259,1.027720,0.958779,0.954761,1.009115,1.039059,1.012454,1.073761,1.123237,1.138071,1.053452,0.863073,1.011449,0.944771,1.050583,1.014763,1.134171,0.997958,1.013409,0.993143,1.062447,1.068566,1.021349,1.186260,1.094440,1.080921,1.054785,1.044193,1.185001,0.941825,1.090324,1.060980,1.125442,1.020693,1.083674,1.046312,1.123958,1.270716,1.086152,1.348438,1.000424,1.207829,1.106582,0.976734,1.116824,1.094660,1.169317,1.206456,1.004572,1.093257,1.141199,1.096400,0.911216,0.951905,0.856003,1.019795,1.157472,1.154479,1.155257,1.180158,1.132243,1.082556,1.076458,1.064340,1.130734,1.159414,1.249607,1.221182,1.115989,1.226022,1.100081,1.085976,1.089243,1.132863,1.241654,1.093718,1.058750,1.106234,1.337349,1.169948,1.184002,1.119317,1.206455,1.218370,1.005201,1.010135,1.014805,1.129701,1.090827,1.179498,1.132178,1.115200,1.197815,0.947777,1.150193,1.124952
杨戴/祝福__chunk004,1.099001,1.028254,0.992628,1.122773,1.061332,1.027364,0.957696,1.212763,0.949247,0.984347,0.935556,1.121253,1.094345,1.042125,1.096139,1.166085,1.106031,0.884441,1.045540,0.898191,0.997826,1.168583,0.917814,1.115398,1.283112,1.186826,1.215559,1.101676,0.885913,1.086122,1.026490,1.015374,1.028519,1.187648,1.139522,1.070200,1.111138,1.130343,1.003688,1.056938,1.000316,0.972563,0.985046,1.034116,0.843950,0.000000,0.785188,0.994307,0.940136,1.158494,1.018235,0.967006,1.109433,1.029081,1.141495,1.052212,1.119892,1.095037,0.875655,1.108430,1.134431,1.139180,1.219534,1.097421,1.177008,1.195060,1.138973,1.205010,1.178907,1.191841,1.021011,1.101354,1.069204,1.083182,1.083312,1.095818,1.141621,1.025182,0.958308,1.111234,1.029923,1.062189,1.165822,0.942455,0.938942,0.888510,1.092025,1.101336,1.085464,1.095350,0.971502,1.102209,1.065507,1.203089,0.992512,1.156348,1.059940,1.017086,1.139327,1.059257,1.135765,1.100887,1.132415,1.011985,1.019562,1.117129,1.122717,1.118023,1.041401,1.248044,1.092262,1.315694,1.053602,1.079246,1.072818,0.926599,1.045243,1.153507,1.121115,1.048335,1.111720,1.145016,1.149776,1.192782,1.128913,1.037080,0.985929,0.834588,0.972571,1.019142,1.174479,1.088938,1.093755,1.075529,1.107530,1.052592,1.223970,1.122718,1.274813,1.254703,1.135321,1.176226,1.041710,1.197299,1.162176,1.170980,1.279168,1.233093,1.109055,1.229076,1.210932,1.116732,1.292661,1.106888,1.300869,1.176240,1.068488,1.154629,1.136552,1.209442,1.197555,1.162739,1.065651,1.189544,1.348581,1.045686,0.967836,1.171111
杨戴/祝福__chunk005,1.098782,1.045557,0.951061,1.048887,1.017658,0.989178,0.886847,1.084548,0.854071,0.944002,0.894639,1.163195,0.967559,1.013966,0.976401,0.988886,0.966949,0.972117,0.955519,0.918280,0.872494,1.295327,0.895979,1.247311,1.307183,1.103424,1.098917,1.013326,0.974436,0.989512,1.063253,0.918382,0.983662,1.135373,1.109570,1.177533,1.145717,1.235815,0.945795,1.045503,1.021321,1.010759,0.847189,1.147501,0.809076,0.785188,0.000000,0.857453,0.949730,1.150732,0.880673,0.945933,0.999932,1.000889,1.125364,1.008970,1.051236,1.079090,0.844085,1.058997,1.081236,1.072897,1.138982,1.106852,1.082696,1.070577,1.174879,1.259800,1.147826,1.278769,0.959577,1.060135,1.065577,1.080900,1.074556,1.007041,1.118548,1.088936,0.882243,1.019887,1.047019,1.118222,1.068820,0.917652,0.984899,0.852353,1.116476,1.109158,1.108368,1.106094,1.103223,1.068369,1.044038,1.128265,0.957091,1.189640,1.098378,0.962755,1.070068,1.046390,1.073978,0.942855,1.165589,1.076973,0.990859,1.024172,1.125830,1.058429,1.150528,1.141337,1.073107,1.325071,1.010863,1.240143,1.111701,0.955440,1.044407,1.141219,1.105158,1.100086,1.090641,1.145219,1.101798,1.143109,0.990798,1.110151,0.990110,0.956452,0.987510,1.033040,1.089737,1.219205,1.099755,1.099859,1.116876,1.005742,1.337865,1.123903,1.273657,1.220943,1.067701,1.078213,1.122637,1.104901,1.079136,1.105093,1.256927,1.131134,1.125681,1.204096,1.344829,1.226193,1.301040,1.056594,1.204757,1.168502,1.096575,1.036959,1.145859,1.191743,1.013541,1.232280,1.147921,1.170257,1.239229,1.024140,1.124852,1.023126
杨戴/祝福__chunk006,1.163381,1.175978,1.123689,1.118751,1.012531,1.197916,1.037299,1.114187,1.151709,1.049668,0.943562,1.290083,1.186311,1.204424,1.213654,1.082237,1.050891,1.042715,1.203799,1.084714,1.052531,1.355437,1.031228,1.268999,1.451031,1.284823,1.230845,1.192721,1.127866,1.183532,1.095518,1.028853,1.031285,1.230299,1.195053,1.181561,1.198123,1.217646,1.110666,1.014710,1.124893,1.206655,1.146571,1.083468,0.998556,0.994307,0.857453,0.000000,0.917940,1.329992,1.168201,1.124946,1.267584,1.189105,1.292069,1.107158,1.176688,1.194481,0.995307,1.213929,1.185692,1.285117,1.263572,1.239547,1.244259,1.179948,1.313620,1.146606,1.277185,1.333436,1.298579,1.164768,1.144316,1.120784,1.140663,1.090444,1.129295,1.069955,1.040841,1.138299,1.164203,1.186989,1.303389,1.065381,1.136592,1.084169,1.131081,1.214633,1.191263,1.202056,1.192984,1.195615,1.132116,1.230743,1.169812,1.318638,1.246226,1.152955,1.279825,1.215953,1.297628,1.165824,1.217567,1.132071,1.175781,1.136878,1.335032,1.167764,1.259583,1.336043,1.381811,1.485993,1.243971,1.347676,1.237849,1.075281,1.172793,1.253235,1.137122,1.177002,1.228657,1.178069,1.295455,1.337675,1.209161,1.144992,1.234580,1.246763,1.102773,1.008449,1.229527,1.312055,1.326112,1.307173,1.197884,1.207664,1.326356,1.329822,1.439173,1.375215,1.286256,1.280571,1.168317,1.285894,1.259900,1.311911,1.371877,1.286652,1.327850,1.218292,1.252464,1.227905,1.446995,1.198098,1.279363,1.232527,1.189297,1.158871,1.110704,1.296537,1.183861,1.272782,1.235619,1.277843,1.427080,1.106636,1.229433,1.193569
杨戴/祝福__chunk007,1.011166,0.998821,0.997012,1.026695,1.045701,0.974267,1.036649,1.170951,1.001763,0.945421,0.929240,1.137948,1.031212,1.017982,1.059781,1.100687,1.193638,0.973759,1.085053,1.016312,0.982009,1.244312,1.046919,1.264010,1.335488,1.248504,1.007147,1.126685,1.037159,1.126266,1.123320,0.913999,1.008945,1.241129,1.129779,1.295176,1.259646,1.305635,1.105148,1.072982,1.201553,1.175881,1.011556,1.121388,0.971389,0.940136,0.949730,0.917940,0.000000,1.121070,0.998226,0.981990,0.936223,1.049270,0.961088,0.945574,1.183808,1.097161,0.977665,0.886313,1.022988,1.198358,1.044782,1.106821,1.265029,1.302552,1.260197,1.166263,1.109143,1.222773,1.114195,1.149507,1.071527,1.159815,1.042802,1.113349,1.202629,1.045424,0.989219,1.163191,1.121244,1.069692,1.115797,1.015002,1.017376,0.983833,1.075287,1.018022,1.082237,1.121380,1.018139,1.060600,1.189783,1.231418,1.034392,1.141932,1.078032,1.006667,1.022080,1.069362,1.223697,1.158288,1.171207,1.021711,1.055930,1.127050,1.127655,1.168164,1.224087,1.259093,1.170669,1.283513,1.179217,1.157236,1.048007,0.981476,1.084087,1.191492,1.221843,1.181453,1.153566,1.204389,1.262447,1.231343,1.065931,1.064059,0.984196,0.953175,1.219698,0.907921,1.090757,1.180154,1.154627,1.108548,0.973440,1.123785,1.085622,1.170249,1.340516,1.180136,1.072413,1.063537,1.012074,1.181980,1.107124,1.181111,1.245055,1.277397,1.147307,1.120032,1.193707,1.111089,1.229927,1.108151,1.257225,1.230460,1.106901,1.154292,1.163169,1.048693,1.179143,1.134200,1.174216,1.079589,1.235297,0.994682,1.055354,1.223257
杨戴/离婚__chunk001,1.063574,1.253956,1.174063,1.208721,1.163798,1.083078,1.152984,1.285755,1.105526,1.217614,1.060992,1.138219,0.987566,0.927603,1.090442,1.070809,1.078685,0.958554,1.080666,1.067040,1.114293,1.231509,1.056326,1.253579,1.176021,1.072845,0.983518,1.174347,1.008867,1.163155,1.077629,0.982679,1.127790,1.375465,1.161988,1.174234,1.189114,1.167420,1.172003,1.201969,1.074893,1.041677,1.106100,1.115214,1.107420,1.158494,1.150732,1.329992,1.121070,0.000000,1.004826,0.872261,1.005534,0.940305,0.950743,0.874913,1.177811,0.917734,1.156001,0.974511,0.898918,1.044492,0.998689,1.097841,1.075844,1.249043,1.098939,1.053595,1.087622,1.188804,1.075975,1.109861,1.031589,1.206718,1.072360,1.031757,1.167909,1.096717,1.025970,1.210460,1.271724,1.063112,1.267446,0.991770,0.842390,0.836903,1.139976,1.213490,1.157416,1.066176,1.043400,1.241477,1.253524,1.108179,1.042052,1.192645,1.107738,1.033733,0.966716,0.947471,1.219110,1.032063,0.977699,0.914525,1.116184,1.053661,1.119730,1.035815,1.080836,1.096225,0.922082,1.211216,1.037738,1.010678,0.913916,1.088538,1.103556,1.116151,1.107262,0.941950,1.014693,1.122680,1.179316,1.081808,1.058929,1.150247,0.975189,1.052764,1.309013,1.182274,1.240850,0.735203,1.026230,0.979731,0.881185,1.014879,1.016701,0.945593,1.167491,0.973680,1.106210,1.100287,0.941542,1.002561,0.928906,1.073297,1.081709,1.230230,0.944053,1.169971,1.122632,1.123515,1.144535,1.116106,1.119998,1.087191,1.000994,1.072826,1.106890,0.951067,1.140001,1.104386,1.069329,1.045169,1.235884,0.932667,0.874642,1.000676
杨戴/离婚__chunk002,0.998888,0.941581,0.985211,1.036670,1.024633,0.920086,0.858593,1.038179,0.840938,0.907718,1.000568,1.136077,0.901778,0.909308,0.895970,1.043257,0.918690,0.836581,0.959134,0.888889,0.948203,1.267259,0.882118,1.090580,1.175226,1.091897,0.985382,0.972492,0.990643,1.015494,1.034295,0.901682,0.876439,1.211204,1.010343,1.146931,1.144229,1.176626,1.039009,1.080884,0.972975,1.031019,0.857039,1.074560,0.906078,1.018235,0.880673,1.168201,0.998226,1.004826,0.000000,0.837271,0.883591,0.864451,0.886798,0.793863,0.981132,0.884342,0.897475,0.916239,0.984830,0.901233,1.044620,0.949813,0.994731,1.091516,1.106705,1.106469,1.044191,1.022722,1.004796,0.957003,0.933407,1.138761,0.978718,0.926125,1.138388,0.943551,0.993165,1.070886,1.082600,1.025689,0.962720,0.838560,0.878831,0.845317,1.053422,1.084465,0.997914,1.082004,0.989962,1.045303,1.107575,1.081951,0.954414,1.092371,1.076828,0.900647,0.952724,0.978843,1.066259,0.968233,0.973121,0.981072,1.007377,1.123141,1.040214,0.978916,1.027599,1.118222,0.934091,1.259279,0.987471,1.147966,1.016782,0.969825,0.970993,1.074300,1.191396,1.054651,1.064953,1.127049,1.092286,1.163195,1.057883,1.049474,1.080629,1.006507,1.199977,1.118444,1.196969,1.044179,0.752544,1.003513,0.940177,0.922896,1.059809,0.895594,1.111720,0.978918,1.048568,1.021652,1.031903,0.958742,1.046935,1.043842,1.116571,1.156441,1.019617,1.164989,1.221536,1.117736,1.127361,0.992640,1.084355,1.148041,1.022719,0.962066,0.969008,0.956876,1.080277,1.069389,1.044357,1.034189,1.101778,0.928203,0.954263,0.958954
杨戴/离婚__chunk003,0.887814,0.904412,0.961699,0.930551,0.915378,0.775608,0.957112,1.041271,0.877103,0.953939,0.898929,0.985489,0.896729,0.877542,0.931429,0.958911,0.854425,0.815287,0.921500,0.878878,0.919964,1.071046,0.863691,1.030286,1.182506,1.081611,0.984495,0.989880,0.887887,1.046154,1.022262,0.899794,0.967532,1.170509,1.065009,1.124891,1.024228,1.131001,0.953722,0.966239,0.995315,1.059302,0.946286,0.908756,0.814636,0.967006,0.945933,1.124946,0.981990,0.872261,0.837271,0.000000,0.832611,0.915741,0.738926,0.814383,1.085154,0.815260,0.881969,1.001083,0.889249,1.056866,0.989388,0.991902,1.044753,1.110287,0.925680,0.994886,0.945919,1.058484,0.928239,1.013637,0.918076,0.979526,1.021755,0.801541,0.995956,0.904588,0.954735,1.056776,1.070507,1.006768,1.118880,0.804036,0.893387,0.780751,0.950903,0.935888,1.077909,0.857870,0.876045,1.035348,1.048843,1.089070,0.928390,1.097198,0.884467,0.893910,0.931195,0.951791,1.129939,0.910751,0.994949,0.910848,0.878186,0.973902,0.887831,0.980317,0.948265,1.035446,0.912778,1.256588,0.912087,0.974171,0.950480,0.927288,1.088310,1.008223,1.102197,0.950443,0.987943,1.059939,1.098149,1.066553,0.905812,0.859293,0.946165,0.908938,1.099388,1.065564,1.144206,0.923178,0.976200,0.790388,0.931680,0.840888,0.930638,0.943927,1.189128,1.012582,1.046061,1.119184,0.955222,1.033859,1.010265,1.050701,1.211703,1.130762,0.960204,1.017713,1.151120,1.029301,1.085910,0.999032,1.148989,0.992316,0.976152,0.891893,0.986628,0.943228,1.065319,1.008808,0.994992,1.023133,1.156745,0.865749,0.917402,0.989579
杨戴/肥皂__chunk001,0.990537,1.029440,0.886558,0.976870,1.044045,0.893652,0.971534,1.192357,0.889825,0.957457,0.926331,1.026476,0.828240,0.848830,0.888158,1.010592,0.994503,0.953167,1.003937,0.912921,0.964400,1.232261,1.040086,1.051113,1.195512,1.127235,0.962407,1.080768,1.025095,1.046241,1.128632,0.844447,0.997352,1.158800,1.157711,1.293338,1.134116,1.304174,1.078847,1.111640,1.095857,1.070691,0.977999,1.190652,0.997017,1.109433,0.999932,1.267584,0.936223,1.005534,0.883591,0.832611,0.000000,0.895847,0.794042,0.744801,1.123625,0.934064,0.887197,0.843098,0.920189,1.072465,0.994739,0.941492,1.038444,1.177327,1.106834,1.077799,1.109638,1.172055,0.923791,1.027508,0.981225,1.148909,1.033662,0.995307,1.197282,1.005783,1.001037,1.000372,1.256600,1.080005,1.111596,0.864324,1.055328,0.814458,0.933907,0.937941,1.035129,0.989205,0.942776,0.969200,1.100492,1.010695,0.815348,0.909528,0.861427,0.875491,0.852843,0.858415,1.041519,0.990961,1.037283,0.910296,0.922607,1.041922,0.970732,0.977589,0.961930,1.063891,0.944063,1.200528,0.901557,0.908046,0.976667,0.819050,0.950001,1.047365,1.164052,1.019261,1.051539,1.128542,1.038094,1.095774,0.966155,0.912467,0.909956,0.880036,1.109110,1.113802,1.059509,0.974685,1.017083,0.911450,0.660743,0.832044,0.981803,0.895783,1.142619,0.942653,0.938335,0.908648,0.859872,0.951296,0.919289,0.963817,1.116562,1.142056,1.021634,1.010105,1.194863,1.068581,1.096433,1.045524,1.008600,1.079344,1.008300,1.047160,1.039734,0.959966,1.005498,0.956325,0.993908,0.935795,1.208091,0.893613,0.925887,0.974294
杨戴/肥皂__chunk002,1.136210,1.051072,1.151849,0.990632,0.977221,0.903898,0.939249,1.133134,0.966182,1.033479,1.003048,1.039209,0.890732,0.818075,0.952805,0.945002,1.068787,0.917379,1.044058,0.922238,0.967151,1.039026,0.914421,1.114917,1.221389,1.019814,0.995762,1.105599,1.063729,1.084676,1.089382,0.905014,1.058817,1.294034,1.165577,1.144574,1.028435,1.271279,0.946768,1.016875,1.044392,1.150101,1.087101,1.012891,1.086769,1.029081,1.000889,1.189105,1.049270,0.940305,0.864451,0.915741,0.895847,0.000000,0.970494,0.863113,1.187660,0.969109,1.093015,0.892712,0.999528,1.148694,1.042676,1.062190,1.181952,1.142886,1.019277,1.045580,1.120293,0.974616,1.109488,1.136778,1.038655,1.168272,1.081905,1.049287,1.190353,1.053874,1.086697,1.101928,1.158922,1.085773,1.108994,0.992594,0.954227,0.888786,1.148009,1.124000,1.059475,0.983045,0.960813,1.282063,1.241252,1.114908,1.007569,1.041796,1.020730,0.925750,0.963346,1.074558,1.069957,1.051237,1.075026,1.036482,1.034578,1.069403,1.024869,1.134536,1.058263,1.081167,1.012695,1.286465,1.040599,1.029374,0.984726,1.010117,1.139919,1.186745,1.160738,0.954276,1.082531,1.057571,1.202272,1.234930,1.137330,1.034521,1.073555,0.989534,1.201869,1.101162,1.373742,1.021453,1.074365,1.003573,1.011333,0.776991,1.049400,0.991000,1.312492,1.145675,1.185197,0.943847,0.939201,1.137356,1.021095,1.132736,1.242038,1.261362,1.067830,1.085800,1.269739,1.104890,1.285276,1.115586,1.234688,1.135946,1.059682,1.124402,1.167961,1.087548,1.111317,1.114589,1.107129,1.101327,1.243398,1.024802,0.997544,1.078209
杨戴/肥皂__chunk003,1.102042,1.049412,1.027418,1.074250,1.127807,0.895253,1.100950,1.216887,0.918022,1.113809,1.042365,1.108337,0.927671,0.828492,0.942866,1.041290,1.089795,0.858855,1.126664,0.889806,1.034991,1.217515,1.094085,1.145538,1.087372,1.159893,1.025818,1.086140,1.065351,1.032869,1.026163,1.005741,1.052333,1.184248,1.129080,1.217386,1.030585,1.252589,1.095130,1.069335,1.145233,1.188687,1.095379,1.128608,0.988755,1.141495,1.125364,1.292069,0.961088,0.950743,0.886798,0.738926,0.794042,0.970494,0.000000,0.881160,1.129275,0.901970,0.949905,0.963300,0.936457,1.125657,1.014143,1.067907,1.041707,1.156165,1.109997,1.219511,1.090498,1.226362,1.162925,1.162570,1.099816,1.203388,1.163590,1.027112,1.246315,1.123800,1.017179,1.169152,1.261258,1.143298,1.137073,0.877153,0.980017,0.890561,0.925471,1.089951,1.053790,1.067576,0.980334,1.088378,1.141238,1.146613,0.953431,1.059396,1.078960,0.931599,0.891806,0.991792,1.087738,1.036494,1.064398,0.960919,0.945244,1.113444,0.897815,1.047513,1.004295,1.072991,0.972935,1.179735,1.060949,0.989680,0.960903,0.951617,0.988477,1.049320,1.204990,1.062299,1.106255,1.123971,1.128893,1.139102,1.026073,0.967200,0.973954,1.002965,1.282199,1.113632,1.199738,0.957564,0.979527,0.868775,0.856738,0.956944,0.739867,0.913152,1.188907,0.959153,1.063102,1.099489,0.901781,0.954394,0.905566,1.070791,1.164708,1.217518,1.030849,1.041656,1.222433,1.132341,1.155142,1.147427,1.086947,1.102215,1.058464,0.999606,1.017460,0.993496,1.124303,1.010160,1.106671,1.093407,1.223443,0.873523,0.973539,0.974387
杨戴/肥皂__chunk004,0.924156,0.950493,0.870231,0.957689,0.993794,0.940026,0.899894,1.087718,0.934785,0.985892,0.967992,1.071497,0.848028,0.741557,0.837974,0.949707,1.017032,0.761476,0.995000,0.976909,0.895490,1.135195,0.968940,1.030112,0.977765,0.932171,0.912782,1.018833,0.918614,1.038327,1.015309,0.883261,0.969690,1.174631,1.053618,1.068978,1.170127,1.159594,0.932421,1.046733,0.951839,0.921164,0.913033,1.084517,1.058449,1.052212,1.008970,1.107158,0.945574,0.874913,0.793863,0.814383,0.744801,0.863113,0.881160,0.000000,0.995121,0.879850,0.880884,0.815589,0.777276,0.870936,0.986843,0.877294,1.020342,1.110458,0.938015,1.009010,1.005639,1.086829,1.010004,1.013912,0.840320,1.008213,1.002993,0.991940,1.103767,0.900524,0.922334,1.062399,1.154811,0.971275,1.119827,0.828561,0.952113,0.791263,0.999066,0.938239,0.937996,0.856645,0.931406,0.955080,1.071849,0.977909,0.792870,1.031226,0.935891,0.776608,0.847503,0.815533,0.985061,0.986903,0.962016,0.940273,0.870562,0.938993,1.006926,1.004739,0.920241,0.895957,0.806646,1.044971,0.921701,0.895805,0.852683,0.865366,0.907789,0.992851,0.994370,1.042410,0.820928,0.995430,0.911965,1.068263,0.987455,0.914379,0.995503,0.970120,1.153125,1.068038,1.055070,0.932749,0.889734,0.946386,0.796428,0.933917,0.845381,0.746762,1.057455,0.946354,0.918642,0.919610,0.792801,0.879780,0.914087,0.936004,1.054157,1.149706,0.929522,1.019382,1.100425,1.047692,1.118102,1.024045,0.966158,1.094895,0.908221,0.976597,0.926194,0.882664,0.935465,0.952549,0.953188,0.937853,1.125508,0.792585,0.823255,0.903695
杨戴/药__chunk001,1.135523,1.150495,1.081488,1.259201,1.233621,1.167073,1.132002,1.063438,1.032687,1.263255,1.130476,1.342590,0.945356,1.082768,0.870696,1.077612,0.951856,0.991501,1.218586,1.069628,1.085351,1.307519,0.957934,1.018134,1.292832,1.079790,0.992408,1.039581,1.105067,1.096465,1.121074,0.936298,0.986610,1.240200,1.202416,1.224494,1.204462,1.358253,0.957717,1.209527,1.109715,0.905281,0.935964,1.225426,1.137965,1.119892,1.051236,1.176688,1.183808,1.177811,0.981132,1.085154,1.123625,1.187660,1.129275,0.995121,0.000000,0.714436,0.935164,0.910410,0.935662,0.881774,1.090041,1.107193,0.957540,0.935906,1.244569,1.241181,1.094513,1.251265,1.007367,1.211336,0.982037,1.061945,0.932707,1.124404,1.143222,0.961365,0.917388,1.113276,1.130809,0.982426,1.078405,0.939291,1.121961,0.958204,1.116813,1.188038,1.093173,1.171581,1.155923,1.159303,1.141083,1.028228,0.933890,1.304657,1.085559,1.027520,1.099427,0.839196,1.021633,0.995641,1.009029,1.018325,1.070951,1.209071,1.239692,1.034152,1.003458,1.047915,1.056576,1.251300,1.009357,1.145709,0.987363,1.090066,0.966744,1.223723,1.175418,1.181323,0.996590,1.225914,1.064235,1.005415,1.120285,1.142512,1.074725,1.138614,1.135686,1.137706,1.198270,1.136902,1.094505,1.123110,1.114662,1.077187,1.224512,1.047668,0.893359,0.914971,1.118562,0.942084,0.910395,0.949126,1.041029,1.021682,0.922594,1.236634,1.162218,1.184959,1.186999,1.134109,1.207475,1.112597,1.003010,1.075962,0.936406,1.070333,1.026905,1.017017,0.989977,1.028780,0.889792,1.025059,1.145781,0.937664,1.092208,0.979207
杨戴/药__chunk002,1.106381,1.092979,0.968144,1.170866,1.064659,0.983924,1.084871,1.049025,0.966799,1.173449,1.005734,1.115319,0.842432,0.905336,0.874498,0.955970,0.886983,0.844838,0.973343,0.991376,0.973689,1.261146,0.916277,1.090849,1.187405,1.036864,0.860840,1.029317,0.957699,1.059924,1.066294,0.901137,0.992103,1.297703,1.147384,1.124974,1.180879,1.269294,0.914337,1.110209,0.955149,0.889356,1.042177,1.080201,1.035418,1.095037,1.079090,1.194481,1.097161,0.917734,0.884342,0.815260,0.934064,0.969109,0.901970,0.879850,0.714436,0.000000,0.902758,0.756251,0.825738,0.921826,0.847203,0.867562,0.955238,0.998679,1.082265,1.066953,1.013570,1.063046,0.899120,1.087445,0.811429,1.000874,1.023011,0.973416,1.145694,0.959247,0.964635,0.984148,1.069036,0.864634,1.090313,0.772939,0.964133,0.846851,1.012743,1.009432,1.089258,1.058883,1.005936,1.114070,1.200688,0.940877,0.928818,1.130489,0.932149,0.885195,1.019626,0.812016,1.002309,0.982580,0.909204,0.931353,0.988611,1.000295,0.963103,0.956633,0.934185,1.007804,0.908530,1.082684,0.859860,1.080084,0.921522,0.860269,0.981978,1.142068,1.102840,1.096437,0.972547,1.108526,0.981931,1.030833,1.019036,1.042450,0.867466,1.008750,1.163812,1.032210,1.155828,0.924334,1.053041,0.902277,0.879730,0.964892,1.009588,0.951636,0.875415,0.676876,1.012144,0.822981,0.784671,0.839277,0.763772,0.854548,0.984604,1.089818,1.016030,1.014817,1.141624,0.945290,1.014381,1.074537,0.905952,0.925263,0.852800,0.992727,0.946123,0.933961,0.949418,0.923368,0.818247,0.922565,1.045171,0.825903,0.938856,0.918673
杨戴/药__chunk003,0.961377,1.049263,1.005921,1.070003,1.084801,0.930904,0.974933,0.980469,0.928399,1.079244,0.989363,1.194897,0.961763,0.949224,0.947122,0.902656,0.978463,0.905535,1.001579,0.927060,0.889686,1.303260,0.983553,1.012557,1.220674,1.148031,1.096909,1.056765,0.883439,1.086979,1.052774,0.829198,0.901090,1.050799,1.073488,1.086733,1.118865,1.147609,1.044747,1.041853,0.979844,0.957076,0.886397,1.164338,0.842818,0.875655,0.844085,0.995307,0.977665,1.156001,0.897475,0.881969,0.887197,1.093015,0.949905,0.880884,0.935164,0.902758,0.000000,0.954616,0.970760,0.944259,0.992269,0.950346,0.961598,1.041540,1.181320,1.160981,1.125136,1.192620,0.987862,1.007134,0.996548,1.120666,1.046981,0.961196,1.124196,0.973061,0.827868,0.998708,1.076033,1.028599,1.043895,0.788085,0.913440,0.776713,0.975225,1.083002,1.096667,1.070806,1.039761,0.980669,1.003500,0.933903,0.890190,1.180677,1.017276,0.864559,1.046547,0.936765,1.055286,1.024230,0.994766,0.958680,0.861517,1.114459,1.058225,0.953709,0.961023,1.059148,1.029686,1.216426,0.920436,1.058544,0.995471,0.793112,0.961098,1.089654,1.026178,1.015134,1.021043,1.109739,1.023203,1.017085,0.945881,0.930451,0.886974,0.953148,1.105392,1.037895,1.050421,1.068773,0.940560,0.923224,0.975552,0.953713,1.046574,0.969103,1.085037,1.051454,0.860233,1.043110,0.968796,0.986870,0.936368,0.957234,1.076935,1.078220,1.086211,1.072723,1.181501,1.147079,1.167172,1.025251,1.061956,1.084877,0.961746,1.059247,0.924629,1.014871,0.921938,1.079651,0.971832,1.048894,1.121195,0.758705,0.919745,0.993264
杨戴/铸剑__chunk001,1.172351,1.169702,1.034456,1.016407,1.141847,0.941648,1.086752,1.028479,0.943317,1.023585,1.095020,1.241163,0.882079,0.812777,0.705002,0.946681,0.934530,0.882827,0.940792,1.005029,0.909702,1.193236,0.903766,1.058804,1.130115,0.982978,0.877967,1.032584,0.941071,0.974893,0.988776,0.899245,0.961392,1.293915,1.128418,1.192452,1.182008,1.327721,0.960196,1.084804,0.987863,0.952440,0.871308,1.138034,1.067237,1.108430,1.058997,1.213929,0.886313,0.974511,0.916239,1.001083,0.843098,0.892712,0.963300,0.815589,0.910410,0.756251,0.954616,0.000000,0.750109,0.944432,0.893069,0.893504,1.037233,1.154329,1.058621,1.054980,1.035688,0.979616,0.875801,1.019269,0.728955,1.044613,0.891154,0.976260,1.183397,0.998154,0.884676,0.979241,1.020084,0.891604,0.888179,0.838617,0.912920,0.794169,1.027781,1.085681,0.995508,1.075566,0.917157,1.050965,1.156225,0.870362,0.861711,1.034225,1.044287,0.792975,0.861023,0.740120,0.981615,0.898540,0.859226,0.999251,0.946769,0.976741,0.954097,0.982342,0.877251,1.029394,0.942682,1.065559,0.932800,1.038612,0.939443,0.791774,0.841443,1.184934,1.156621,1.127121,0.887669,1.171438,0.958393,1.043141,0.877442,1.039852,0.964297,0.981248,1.121830,1.061023,1.186869,1.059643,1.028675,1.005735,0.898350,0.987220,0.992645,0.944497,0.937309,0.832290,0.930420,0.521120,0.711738,0.820467,0.863270,0.911057,0.986566,1.112775,0.916727,1.059947,1.097693,0.894920,0.931389,1.034960,0.907177,1.001393,0.838582,1.003999,0.991652,0.885524,0.848744,0.872028,0.812471,0.873737,1.053183,0.787063,0.877352,0.989297
杨戴/铸剑__chunk002,0.991517,1.113629,1.066215,1.088612,1.132875,0.978230,1.020376,1.005045,0.947373,1.159075,1.070407,1.153222,0.831025,0.874627,0.809960,0.932101,0.981963,0.930334,0.968807,0.991110,1.017842,1.283427,0.955413,1.104919,1.171210,0.982397,0.940046,1.024870,0.973251,1.073222,1.026100,0.941459,0.960688,1.286055,1.047105,1.205900,1.226739,1.292040,0.991045,1.097371,0.883482,0.943726,1.019631,1.139114,1.044252,1.134431,1.081236,1.185692,1.022988,0.898918,0.984830,0.889249,0.920189,0.999528,0.936457,0.777276,0.935662,0.825738,0.970760,0.750109,0.000000,0.894071,0.779904,1.026166,0.910867,1.036891,1.086471,1.139247,1.078070,1.097606,0.962250,1.082780,0.844389,1.040647,0.949480,1.008240,1.216208,0.923588,0.978396,1.048688,1.212026,0.929909,1.038376,0.787449,1.041207,0.836755,0.974888,1.072999,1.072910,1.019526,0.996404,1.042774,1.042115,0.898357,0.834468,1.163890,1.114832,0.865706,0.877786,0.798733,0.932303,0.990407,0.914931,0.971054,0.963442,1.043200,1.080630,0.802826,0.914889,1.020172,0.889171,1.037088,0.935449,1.048338,0.749499,0.995783,0.876712,1.042000,1.203944,1.044892,0.891383,0.986548,0.889882,0.975553,0.986047,0.884929,1.067671,1.068464,1.112318,1.098421,1.011742,0.948574,0.899378,0.952486,0.864383,0.960020,1.070368,0.843354,0.939040,0.906695,0.915373,0.840503,0.587156,0.853628,0.765608,0.896913,0.938312,1.031977,0.866055,1.044032,1.116027,1.031369,0.955756,1.018733,0.816140,0.925592,0.880198,1.015417,0.884621,0.845222,0.953787,0.888589,0.897059,0.906804,0.990039,0.824671,0.902853,0.838460
杨戴/铸剑__chunk003,1.113220,1.102416,1.180898,1.216049,1.093560,1.057016,1.082269,1.087902,1.014817,1.274672,1.104455,1.206996,0.897940,0.981785,0.941816,1.006080,0.826709,0.803214,1.137899,1.137035,0.991801,1.291726,0.848646,1.064481,1.199558,1.082167,1.100952,1.150821,1.051333,1.109096,1.130259,0.995116,0.985715,1.243563,1.038067,1.130016,1.224835,1.278176,1.007233,1.042987,0.858490,0.949399,0.964545,1.216328,1.090116,1.139180,1.072897,1.285117,1.198358,1.044492,0.901233,1.056866,1.072465,1.148694,1.125657,0.870936,0.881774,0.921826,0.944259,0.944432,0.894071,0.000000,0.911855,0.894349,0.775298,0.953834,1.157021,1.080869,0.975317,0.992922,1.008207,1.086599,0.887085,0.960630,0.919918,1.007982,1.169009,0.827143,0.923042,0.950329,1.068719,0.993636,1.047592,0.988363,0.992874,0.940558,1.121866,1.059220,1.104744,1.115239,1.074588,1.064336,1.083528,0.957424,0.934690,1.287599,0.936564,0.956032,0.985313,0.822892,1.007751,0.893868,0.873965,1.080061,1.008438,1.066449,1.162736,0.904347,0.894072,1.057335,0.941299,1.165307,0.993707,1.118176,0.914878,0.999894,0.923868,0.957177,1.059789,1.077700,0.969427,1.035140,0.842742,1.065036,1.039761,1.038815,1.030400,1.040518,1.224913,1.175402,1.047988,0.911094,0.923962,1.026389,1.002113,1.051551,1.070561,1.003817,0.930289,0.907326,0.906177,0.963318,0.900457,0.585282,0.892839,0.835258,0.789885,0.991654,1.018150,1.136671,1.067757,1.016288,1.061073,1.036519,0.916217,1.036710,0.881866,0.977301,0.999468,0.853377,0.897118,0.949316,0.810521,1.049835,0.963653,0.968813,0.964226,0.919867
杨戴/铸剑__chunk004,1.132504,1.185622,1.180773,1.221058,1.120497,1.057901,1.155197,1.111691,0.989753,1.205820,1.163318,1.176313,0.964515,0.993409,0.912375,0.991241,0.978122,0.941586,0.947210,1.032461,1.064779,1.238496,1.030327,1.325678,1.236360,1.165334,1.067250,1.164495,1.122169,1.151839,1.163656,0.943191,1.092533,1.355710,1.274525,1.283111,1.149481,1.408589,1.055225,1.118035,1.082511,1.141228,1.069895,1.219403,1.096864,1.219534,1.138982,1.263572,1.044782,0.998689,1.044620,0.989388,0.994739,1.042676,1.014143,0.986843,1.090041,0.847203,0.992269,0.893069,0.779904,0.911855,0.000000,0.946374,1.030927,1.102752,1.070792,1.154133,1.092199,1.142891,0.984333,1.138132,0.994567,1.092837,1.037662,1.029559,1.297742,1.091795,1.017003,1.081774,1.157335,1.026097,1.198092,0.927504,1.107805,1.058667,1.122578,1.075145,1.178324,1.089496,1.020740,1.150839,1.203723,0.967058,0.876399,1.190746,0.976929,0.943111,0.913737,0.852195,0.978560,1.085831,0.943145,0.997096,1.008159,1.038306,0.890710,0.954806,1.119366,1.043231,0.947361,1.174380,1.061468,1.088656,0.952476,0.901567,0.974200,1.193546,1.184856,1.057365,0.962142,1.142922,0.917973,1.055286,0.916451,1.060263,0.918681,1.049297,1.363252,1.215041,1.157643,0.981772,1.005214,0.989160,0.968766,0.997422,1.036308,0.925750,0.992528,0.961830,0.900273,0.932519,0.782865,0.845541,0.585954,0.964353,0.981161,0.962952,0.974806,1.062523,1.166173,1.027840,0.951943,1.018895,0.860597,1.020870,0.933231,1.063211,1.041854,0.938990,1.109695,0.892990,1.013422,1.001632,1.045455,1.019101,0.877540,0.971997
杨戴/铸剑__chunk005,1.118740,1.161067,1.110511,1.214529,1.139990,1.027420,1.133225,1.093659,1.021112,1.101578,1.112669,1.180517,0.917681,0.918136,1.022017,0.991674,0.972024,0.915744,1.077033,1.080868,1.018895,1.229088,1.015692,1.071583,1.200481,1.153635,0.979807,1.093716,1.028485,1.118991,1.195681,1.046691,0.917047,1.256886,1.241123,1.197155,1.129694,1.342318,1.081466,1.126201,0.922860,0.906838,1.080129,1.184170,1.130389,1.097421,1.106852,1.239547,1.106821,1.097841,0.949813,0.991902,0.941492,1.062190,1.067907,0.877294,1.107193,0.867562,0.950346,0.893504,1.026166,0.894349,0.946374,0.000000,0.849310,1.077949,1.254284,1.202775,1.110976,1.196107,1.079125,1.065486,1.029525,1.084266,1.142673,0.977263,1.225729,0.987611,0.985829,1.117934,1.166360,0.923394,1.193177,0.890619,0.997337,0.899015,1.109917,1.207818,1.173727,1.229866,1.186166,1.134011,1.207773,1.095943,1.018132,1.184663,1.126854,0.839108,1.052706,1.054380,1.096693,1.066848,1.075434,1.064464,1.092607,1.226477,1.109136,1.070194,1.059178,1.141449,0.937155,1.145296,1.111288,1.209314,1.121714,1.006461,1.002365,1.193067,1.134884,1.119494,1.065590,1.205099,1.038232,1.135782,1.133381,1.132784,1.098032,1.109585,1.217578,1.218181,1.203457,0.978218,1.184307,0.928922,0.977067,1.019977,1.085285,1.070765,1.101574,0.997526,1.150108,0.955805,0.954851,0.961959,0.952334,0.631684,0.920267,1.193850,1.110487,1.154478,1.226656,1.113114,1.110694,1.106136,1.135661,1.053307,1.073124,1.095368,1.102675,1.088080,1.128563,1.012276,1.006910,1.091792,1.211142,0.904545,1.035819,1.014239
杨戴/铸剑__chunk006,1.069727,1.203734,1.245856,1.307316,1.191430,1.165298,1.192979,0.997255,1.132165,1.366133,1.213059,1.279809,0.891413,1.011046,0.932151,1.053098,0.950647,0.895742,1.233473,1.100720,1.129178,1.429247,1.076443,1.194929,1.255435,1.160136,1.074108,1.160265,1.225546,1.284346,1.222307,0.979840,0.967080,1.320776,1.106060,1.277546,1.234288,1.293993,1.091738,1.158952,0.922273,1.015375,1.014236,1.306488,1.170698,1.177008,1.082696,1.244259,1.265029,1.075844,0.994731,1.044753,1.038444,1.181952,1.041707,1.020342,0.957540,0.955238,0.961598,1.037233,0.910867,0.775298,1.030927,0.849310,0.000000,0.955892,1.289644,1.266856,1.128353,1.214129,1.148359,1.148687,0.983147,1.109000,1.077305,0.951861,1.300896,1.015381,1.049299,1.108856,1.200613,1.021644,1.131370,0.981248,1.026116,1.009202,1.035490,1.217511,1.143674,1.206032,1.219332,1.148713,1.231362,0.965663,0.998652,1.286812,1.219299,0.927035,1.120613,0.893686,1.046419,0.964313,1.017964,1.092047,1.115386,1.180614,1.285707,0.925943,1.075365,1.085962,1.034917,1.202545,1.036818,1.228748,1.053457,1.024224,0.990590,1.114844,1.191674,1.105623,1.037848,1.164891,0.973498,1.017397,1.156235,1.209346,1.059604,1.119868,1.214048,1.105826,1.125988,0.931595,1.021233,1.028897,1.025610,1.074816,1.124230,1.032411,0.990850,0.992846,1.030927,1.033415,0.955969,0.820024,0.946028,0.741134,0.668222,1.010210,1.059309,1.217399,1.129936,1.108854,1.202644,1.131584,1.017707,1.017253,1.006316,1.022288,1.008341,0.984022,1.097265,1.053837,0.921546,1.178465,1.166421,0.887912,0.977313,0.877065
杨戴/铸剑__chunk007,1.174510,1.181330,1.178684,1.128266,1.245591,1.107882,1.176357,1.015281,1.118290,1.283404,1.132453,1.191085,0.997530,1.216053,1.222695,1.095282,0.824422,0.934206,1.153477,1.140554,1.067189,1.247178,1.059240,1.095432,1.294696,1.154837,1.250870,1.133620,1.155686,1.231985,1.148240,1.098901,0.998837,1.268305,1.233654,1.354884,1.312606,1.283392,1.037310,0.999020,0.921753,0.993135,1.063405,1.131163,1.149588,1.195060,1.070577,1.179948,1.302552,1.249043,1.091516,1.110287,1.177327,1.142886,1.156165,1.110458,0.935906,0.998679,1.041540,1.154329,1.036891,0.953834,1.102752,1.077949,0.955892,0.000000,1.176550,1.259389,1.245148,1.231620,1.099758,1.157846,1.160832,1.190380,1.092197,1.053090,1.163239,1.042170,0.968707,1.089354,1.264139,1.138149,1.190883,0.923303,1.101369,0.990603,1.179598,1.141727,1.161229,1.131595,1.266935,1.187086,1.193142,1.053707,1.092666,1.374598,1.221563,1.201205,1.183023,1.084914,1.296457,1.022201,1.070620,1.055998,1.109577,1.207451,1.162836,1.038649,1.069009,1.137355,1.119108,1.426982,1.067809,1.278631,0.992863,1.053299,1.033557,1.179399,1.256771,1.164778,1.053011,1.084363,0.968512,1.205351,1.162403,1.054451,1.047990,1.064942,1.231117,1.259956,1.102452,1.114622,1.067253,1.221333,1.174765,1.078564,1.264408,1.148976,1.162530,1.149604,1.123919,1.129792,1.051449,1.003638,0.986259,1.067023,0.894540,0.696732,1.207992,1.121180,1.235261,1.218628,1.264828,1.010174,1.101301,1.037707,1.068696,1.015387,0.938036,1.112916,1.003745,1.122007,1.129086,1.249082,1.281729,0.965255,1.173702,0.991684
杨戴/阿Q正传__chunk001,1.236906,1.246074,1.156846,1.204699,1.218182,1.147715,1.123280,1.176679,1.099232,1.100097,1.155024,1.203899,1.096553,1.011854,1.095297,1.211125,1.030682,0.897135,1.048016,1.112327,1.062506,0.989249,1.125659,1.200768,1.150794,1.089959,1.192740,1.118153,1.156774,1.178836,1.200016,1.094852,1.238746,1.514014,1.193629,1.172943,1.123431,1.108264,1.028181,1.144652,1.249417,1.301089,1.115394,0.983366,1.105117,1.138973,1.174879,1.313620,1.260197,1.098939,1.106705,0.925680,1.106834,1.019277,1.109997,0.938015,1.244569,1.082265,1.181320,1.058621,1.086471,1.157021,1.070792,1.254284,1.289644,1.176550,0.000000,0.826028,0.903505,0.937166,0.998776,0.907523,0.944106,1.019296,1.063467,0.876182,0.957171,1.058227,1.072754,1.102820,1.027816,1.080037,1.091297,1.103872,1.162303,1.085852,1.208284,1.125263,1.126193,1.188198,1.112447,1.257736,1.293684,1.095003,1.087518,1.320200,1.182577,1.142666,1.013500,1.079361,1.284975,1.007536,1.166727,1.159966,1.195208,1.204556,1.083897,1.127722,1.169872,1.121333,1.027843,1.403413,1.136287,1.198264,1.115240,1.051403,1.198601,1.182245,1.157761,1.150670,1.084016,1.207339,1.182392,1.321856,1.105895,1.046051,1.176227,1.185601,1.403018,1.365723,1.372389,1.164165,1.228217,1.120086,1.203863,1.200340,1.146462,1.123590,1.282938,1.148274,1.221349,1.174487,0.996778,1.083822,1.051510,1.235915,1.286256,1.223825,0.629427,0.897594,1.157978,1.004146,1.196461,0.932998,1.127025,1.020654,1.075848,0.921361,0.997990,1.052269,1.069213,1.019636,1.036736,1.063265,1.221014,1.159374,1.112592,1.243854
杨戴/阿Q正传__chunk002,1.126160,1.265850,1.168025,1.150876,0.994190,1.117044,1.182878,1.213066,1.089506,1.164388,1.111273,1.250164,1.177755,1.067531,1.200549,1.185519,1.029666,0.932390,1.083512,1.204003,0.915060,1.090551,1.100700,1.153465,1.205890,1.005663,1.233566,1.124180,1.081035,1.391514,1.173018,1.021162,1.161810,1.406806,1.181152,1.207693,1.197834,1.278959,1.068555,1.050503,1.231962,1.253531,1.085734,0.952193,1.147573,1.205010,1.259800,1.146606,1.166263,1.053595,1.106469,0.994886,1.077799,1.045580,1.219511,1.009010,1.241181,1.066953,1.160981,1.054980,1.139247,1.080869,1.154133,1.202775,1.266856,1.259389,0.826028,0.000000,0.880638,0.966768,1.018229,0.915392,0.852504,1.027824,0.913732,1.003959,1.003890,0.937883,1.009400,1.040765,1.061801,1.092573,1.116632,1.184054,0.998207,1.087712,1.134895,1.093474,1.163668,1.064899,1.030575,1.227349,1.181886,1.145215,1.133389,1.294910,1.178570,1.131666,1.117802,1.116908,1.447611,1.064062,1.053023,1.048180,1.114612,1.092365,1.178894,1.110369,1.204296,1.184478,1.094331,1.528096,1.125881,1.366946,1.205627,1.062312,1.290676,1.121249,1.135874,1.205630,1.056871,1.127749,1.189075,1.322416,1.057491,1.103399,1.235519,1.284487,1.438849,1.320272,1.365126,1.170088,1.266704,1.207519,1.202392,1.178336,1.204729,1.270066,1.313615,1.246233,1.162174,1.094669,1.040682,1.094544,1.043340,1.222506,1.285292,1.260682,0.856878,0.738428,1.070482,0.959646,1.104852,1.036261,1.092089,0.990708,0.936607,1.006168,1.002056,1.074818,0.976896,0.971401,0.997979,1.065617,1.188251,1.158257,1.122958,1.251185
杨戴/阿Q正传__chunk003,1.060599,1.174448,1.142758,1.179142,1.122318,1.155692,1.177591,1.242764,1.152489,1.227803,1.139043,1.303455,1.018343,1.060434,1.056604,1.139226,0.905406,0.854886,1.169391,1.245916,1.008150,1.247613,1.012902,1.183346,1.199544,1.129042,1.058032,1.121854,1.245283,1.209378,1.218106,1.101494,1.193194,1.366462,1.284225,1.299556,1.219779,1.399588,1.145283,1.135799,1.155762,1.179497,1.080345,1.112915,1.024124,1.178907,1.147826,1.277185,1.109143,1.087622,1.044191,0.945919,1.109638,1.120293,1.090498,1.005639,1.094513,1.013570,1.125136,1.035688,1.078070,0.975317,1.092199,1.110976,1.128353,1.245148,0.903505,0.880638,0.000000,0.946120,0.813027,0.857771,0.868501,0.881658,1.002558,0.895229,0.967287,0.956834,0.894427,0.948844,1.016239,0.984373,1.062499,1.032652,1.094430,1.023354,1.136608,1.061915,1.244826,1.151986,1.144499,1.263479,1.328627,1.149284,1.119550,1.361522,1.111775,0.971125,1.105610,1.037828,1.285551,1.001659,1.076903,1.110747,1.166920,1.197141,1.218517,1.086042,1.140511,1.218982,1.013331,1.273404,1.120045,1.279394,1.047559,1.048185,1.163949,1.271512,1.129464,1.158799,1.116186,1.146247,1.215613,1.206852,1.037095,1.126508,1.111043,1.152395,1.373958,1.159283,1.321366,1.182047,1.197656,1.131503,1.178619,1.180957,1.145029,1.250827,1.151323,1.091792,1.203310,1.133359,1.003216,0.954435,1.039732,1.050455,1.104061,1.198965,0.951094,0.957099,0.887843,0.934581,1.002688,0.844589,1.083701,0.982865,0.882698,0.891073,0.969249,1.026075,0.881103,0.941754,0.993953,0.899734,1.069617,1.056187,1.057256,1.129856
杨戴/阿Q正传__chunk004,1.137511,1.099970,1.218982,1.092655,1.229538,1.118641,1.230343,1.083781,1.053973,1.142598,1.090717,1.161376,1.141025,1.188593,1.140004,1.081812,1.015756,0.935054,1.102526,1.170452,1.141250,1.175216,1.063849,1.092305,1.321053,1.214278,1.222782,1.042823,1.224738,1.286387,1.242878,1.086001,1.168639,1.323766,1.110916,1.364488,1.273891,1.279522,1.086591,1.072933,1.155761,1.219098,1.201547,1.089709,1.003265,1.191841,1.278769,1.333436,1.222773,1.188804,1.022722,1.058484,1.172055,0.974616,1.226362,1.086829,1.251265,1.063046,1.192620,0.979616,1.097606,0.992922,1.142891,1.196107,1.214129,1.231620,0.937166,0.966768,0.946120,0.000000,0.998547,0.957464,0.878065,1.085275,0.983942,0.999418,1.053989,0.964487,1.056327,0.918972,0.924281,1.082331,0.946446,1.171271,1.096475,1.144833,1.298448,1.128143,1.221761,1.269753,1.124350,1.258505,1.401290,1.141513,1.174993,1.397827,1.218168,1.137498,1.216033,1.131758,1.221926,0.990229,1.029616,1.230950,1.247104,1.302793,1.331745,1.109831,1.114844,1.349591,1.125436,1.394701,1.097589,1.354933,1.126428,1.073511,1.253463,1.185842,1.377097,1.272523,1.217727,1.242354,1.296028,1.342404,1.197360,1.100591,1.130976,1.244494,1.370531,1.305683,1.462830,1.212335,1.155837,1.257992,1.179045,1.229945,1.210462,1.269253,1.315592,1.207293,1.205357,1.117929,1.035332,1.113731,1.168045,1.259895,1.196601,1.120193,0.957230,0.981950,1.189512,0.811587,1.155171,0.998269,1.167694,1.105761,1.030684,0.954791,1.001453,1.064861,1.073476,0.995147,0.976139,1.148968,1.137127,1.169512,1.153728,1.216197
杨戴/阿Q正传__chunk005,1.092749,1.104220,1.089927,1.085094,1.192664,1.008417,1.115180,1.121735,1.018823,1.121809,1.037951,1.144551,0.972228,1.037076,0.990882,1.092613,0.855578,0.966988,0.956472,1.052529,0.949393,1.293727,0.966113,1.259651,1.274495,1.181450,1.016709,1.072269,0.998171,1.048687,1.112482,0.990166,1.034317,1.208485,1.273087,1.276908,1.324375,1.463864,1.124498,1.181335,1.144784,1.021527,1.040542,1.128418,1.015232,1.021011,0.959577,1.298579,1.114195,1.075975,1.004796,0.928239,0.923791,1.109488,1.162925,1.010004,1.007367,0.899120,0.987862,0.875801,0.962250,1.008207,0.984333,1.079125,1.148359,1.099758,0.998776,1.018229,0.813027,0.998547,0.000000,0.904981,0.699828,0.923446,0.869045,0.864260,0.957641,0.815238,0.842032,0.754381,0.867557,0.960903,0.917939,0.888359,0.926258,0.899502,1.160423,1.128546,1.254220,1.096935,1.086510,1.139378,1.151156,1.114784,1.027006,1.314359,1.042940,0.989909,1.134867,0.927376,1.173776,0.981190,1.087507,1.154123,1.191617,1.211139,1.163512,1.053360,1.149911,1.241411,1.130899,1.248251,1.021794,1.239240,0.941680,0.990529,1.060544,1.239494,1.234241,1.174334,1.142283,1.293171,1.145318,1.167291,1.048488,1.107159,1.048274,1.164567,1.165980,1.222217,1.256938,1.248479,1.119303,1.097412,1.191889,1.113957,1.309455,1.152466,1.146646,1.041523,1.145795,0.982337,0.990945,0.979213,0.996168,1.098586,1.169647,1.072745,0.907439,1.040274,1.003718,0.954884,0.879444,0.923745,0.905406,0.893019,0.876257,0.932503,1.003682,0.936368,0.887529,0.910938,0.880174,0.925997,0.967308,1.036974,0.975726,1.065300
杨戴/阿Q正传__chunk006,1.076148,1.182328,1.122655,1.190691,1.171811,1.085201,1.061347,1.094979,1.080700,1.155769,1.149492,1.174424,1.004692,0.987529,1.108591,1.159919,0.909833,0.951560,1.022846,1.129829,0.963845,1.219404,0.996907,1.152729,1.159567,1.049047,1.127805,1.035208,1.111137,1.231016,1.060814,1.076287,1.054526,1.442272,1.228379,1.211893,1.207288,1.245865,1.092828,1.020595,1.183228,1.111026,1.031236,1.089126,1.034494,1.101354,1.060135,1.164768,1.149507,1.109861,0.957003,1.013637,1.027508,1.136778,1.162570,1.013912,1.211336,1.087445,1.007134,1.019269,1.082780,1.086599,1.138132,1.065486,1.148687,1.157846,0.907523,0.915392,0.857771,0.957464,0.904981,0.000000,0.873198,0.929225,0.931827,0.889060,1.069901,1.012242,0.922275,0.897603,1.026460,1.079866,1.063554,1.024426,1.072622,0.931208,1.174874,1.075770,1.178230,1.242085,1.152330,1.160564,1.196173,1.077761,1.040653,1.353739,1.209199,1.068714,1.084755,1.073293,1.397652,0.938131,1.066120,1.118919,1.149481,1.250323,1.188597,1.026399,1.137449,1.165229,1.074924,1.359101,1.048673,1.268017,1.131842,1.032768,1.154093,1.146887,1.129085,1.111389,1.104307,1.151006,1.183381,1.241190,1.035882,1.118233,1.127246,1.227262,1.199992,1.176593,1.322911,1.168803,1.144059,1.072286,1.087969,1.125478,1.168845,1.226897,1.233596,1.130651,1.116196,1.114896,1.001526,1.032729,1.101075,1.195530,1.145074,1.167002,0.921709,0.884774,1.106579,1.028997,1.152048,0.700352,1.028276,0.986538,1.021079,1.016338,1.063403,1.031203,0.974203,1.034442,1.012011,1.016794,1.247061,1.022124,1.096799,1.161109
杨戴/阿Q正传__chunk007,1.146169,1.184583,1.082836,1.154399,1.095331,0.977808,1.073008,0.995029,0.926832,1.101307,1.108076,1.259351,0.924563,0.943112,0.767139,0.876701,0.902591,0.943392,0.940790,1.145285,0.920006,1.209568,0.863682,1.125688,1.218847,1.062647,0.918162,1.028877,1.068293,1.174501,1.028360,0.981427,0.950595,1.207983,1.235157,1.115521,1.254629,1.342679,0.838426,1.076032,1.031165,0.999641,0.920990,1.087687,1.085259,1.069204,1.065577,1.144316,1.071527,1.031589,0.933407,0.918076,0.981225,1.038655,1.099816,0.840320,0.982037,0.811429,0.996548,0.728955,0.844389,0.887085,0.994567,1.029525,0.983147,1.160832,0.944106,0.852504,0.868501,0.878065,0.699828,0.873198,0.000000,0.799022,0.755089,0.840160,0.991525,0.837710,0.862800,0.869217,0.794502,0.861692,0.886751,0.931862,0.926353,0.855928,1.047418,1.074936,1.090539,1.037120,0.921706,1.078210,1.057979,0.963235,0.923201,1.193181,1.083703,0.903207,0.948115,0.796104,1.037406,0.900250,1.024958,1.107705,1.020695,1.101517,1.069237,0.999571,1.028049,1.102870,0.978700,1.124201,0.976705,1.226125,0.928662,0.872127,0.982186,1.168070,1.215514,1.140733,0.871040,1.102202,1.054417,1.107362,0.973712,1.035961,1.065565,1.110505,1.032541,1.134814,1.179426,1.064297,1.083775,1.022725,1.085755,1.042944,1.133634,1.093488,1.019213,0.913426,0.970198,0.898934,0.851683,0.870190,0.918626,0.959550,1.048106,1.128541,0.845782,0.991708,0.888374,0.755761,0.844022,0.929212,0.727161,0.897384,0.747348,0.854369,0.948097,0.791978,0.895515,0.770936,0.756999,0.836592,0.927712,0.944866,0.882419,0.903927
杨戴/阿Q正传__chunk008,1.288366,1.119601,1.228663,1.163717,1.119083,1.157606,1.064404,1.151471,1.027886,1.143217,1.115544,1.193462,1.080048,1.105296,1.035612,1.110306,0.894547,0.943019,1.098397,1.197432,1.016887,1.276163,0.947625,1.171814,1.260630,1.157642,1.080065,1.190136,1.197072,1.130616,1.005232,1.117089,1.040291,1.287136,1.239507,1.178031,1.223326,1.330711,1.073745,1.113672,1.158421,1.097633,1.100313,1.120973,1.027720,1.083182,1.080900,1.120784,1.159815,1.206718,1.138761,0.979526,1.148909,1.168272,1.203388,1.008213,1.061945,1.000874,1.120666,1.044613,1.040647,0.960630,1.092837,1.084266,1.109000,1.190380,1.019296,1.027824,0.881658,1.085275,0.923446,0.929225,0.799022,0.000000,0.950456,0.952314,0.918310,0.873422,0.883211,0.894824,0.885079,0.989806,1.127961,1.096710,1.085906,1.020375,1.197679,1.145535,1.301787,1.070502,1.128751,1.179702,1.226109,1.057781,1.014968,1.215484,1.051450,1.046186,1.136223,0.975174,1.128130,0.999835,1.194759,1.026115,1.182483,1.219390,1.139170,1.157945,1.015209,1.228338,1.061264,1.343229,1.136033,1.261246,1.098573,1.040526,1.181323,1.166589,1.149917,1.224836,1.048949,1.248783,1.160438,1.173883,1.157036,1.109662,1.194017,1.164407,1.091511,1.169164,1.256190,1.180484,1.196329,1.143593,1.153017,1.108933,1.226437,1.265924,1.227675,1.124250,1.233613,1.068696,0.956386,1.002127,1.086763,1.159277,1.165425,1.188037,0.959039,1.042857,1.155665,0.957509,1.079402,1.036512,1.022697,0.910400,1.023820,0.915522,0.990971,1.047696,0.960300,0.974899,0.969179,0.991313,1.199910,1.079786,1.121231,1.051724
杨戴/阿Q正传__chunk009,1.108275,1.165413,1.054085,1.056448,1.114592,1.007973,1.017014,0.982525,1.018376,1.102657,1.018915,1.187427,1.040516,1.107713,1.023485,1.055653,1.063080,1.020785,0.996324,1.082086,1.030487,1.189495,0.998359,1.064041,1.378383,1.137925,1.192582,0.978626,1.088243,1.145451,1.025072,0.947429,0.967660,1.321598,1.203456,1.256380,1.263798,1.340960,0.987971,1.076417,1.036062,1.081578,0.986718,1.064685,0.958779,1.083312,1.074556,1.140663,1.042802,1.072360,0.978718,1.021755,1.033662,1.081905,1.163590,1.002993,0.932707,1.023011,1.046981,0.891154,0.949480,0.919918,1.037662,1.142673,1.077305,1.092197,1.063467,0.913732,1.002558,0.983942,0.869045,0.931827,0.755089,0.950456,0.000000,0.925751,0.939008,0.953002,0.770018,0.882998,0.853738,0.894837,0.947065,0.940028,1.009516,0.907272,1.196501,1.141611,1.075845,1.102163,1.031900,1.095658,1.005669,1.061902,0.900413,1.218446,1.086602,1.022975,1.059857,0.935410,1.157888,1.064298,1.093212,1.105397,1.074802,1.152554,1.136561,1.087394,1.067048,1.172250,1.147527,1.345398,0.936633,1.177023,0.998265,0.982761,0.990904,1.156579,1.199826,1.182003,1.017578,1.103837,1.017151,1.011942,0.969933,1.002080,1.057480,1.157363,1.183020,1.226677,1.249475,1.078942,1.058373,1.177347,1.108300,1.045856,1.216745,1.119464,1.102957,1.080621,1.139426,0.946025,0.944962,0.991141,1.032351,1.194018,1.130357,1.145789,0.972287,0.967897,1.078476,0.917658,0.998812,1.009396,0.920748,0.928299,0.622781,1.014733,0.965614,0.960835,0.930567,0.921066,0.874681,0.924157,1.075987,0.927898,1.039869,1.063643
杨戴/阿Q正传__chunk010,1.035048,1.230928,1.030726,1.057231,1.102092,1.043211,1.106811,0.957506,0.982729,1.139229,1.039220,1.087225,0.992690,1.052199,0.966610,1.043192,0.847491,0.916869,0.985457,1.001765,1.046423,1.229749,0.949806,1.133281,1.235505,1.126180,1.066003,0.936537,1.064142,1.194632,1.209807,0.945219,0.994317,1.226738,1.143232,1.250016,1.152407,1.286698,1.005795,0.928470,0.950247,1.096341,1.043213,1.127020,0.954761,1.095818,1.007041,1.090444,1.113349,1.031757,0.926125,0.801541,0.995307,1.049287,1.027112,0.991940,1.124404,0.973416,0.961196,0.976260,1.008240,1.007982,1.029559,0.977263,0.951861,1.053090,0.876182,1.003959,0.895229,0.999418,0.864260,0.889060,0.840160,0.952314,0.925751,0.000000,0.895463,0.877880,0.941493,0.939370,1.002784,0.845122,1.055136,0.907042,0.983193,0.873297,1.094557,1.201483,1.151107,1.133893,1.075054,1.153402,1.131986,0.926031,0.982358,1.329537,1.195685,0.946596,1.050917,1.002195,1.203253,0.805079,1.077556,1.040830,1.027666,1.129758,1.088650,0.910438,1.053102,1.007144,0.889257,1.347668,1.012843,1.227379,1.085413,0.851003,0.992145,1.090245,1.027341,0.988018,0.952465,1.039966,1.002562,1.137103,1.038091,1.071900,1.028266,1.045478,1.248311,1.183665,1.192294,1.008387,1.100189,0.998030,1.081901,0.987260,1.055869,1.132500,1.152577,1.057572,1.045933,1.079691,1.014731,0.998026,0.938826,1.077630,1.061776,1.024655,0.876570,1.012440,0.993609,0.899642,1.048188,0.841563,0.930264,0.883276,0.925039,0.672607,0.788659,0.978397,0.968970,0.848042,0.963578,0.985902,1.019728,0.930935,0.986941,0.972454
杨戴/阿Q正传__chunk011,1.362955,1.302488,1.207493,1.142363,1.223660,1.145338,1.189233,1.268163,1.133417,1.131389,1.095597,1.240747,1.174675,1.218880,1.251219,1.077052,1.004356,1.024513,1.084021,1.181594,1.015145,1.075042,1.006493,1.124440,1.294905,1.200733,1.308342,1.089989,1.102719,1.214875,1.157374,1.178924,1.161678,1.360702,1.196636,1.134020,1.132399,1.267099,1.151457,1.129953,1.216954,1.246697,1.183868,0.908196,1.009115,1.141621,1.118548,1.129295,1.202629,1.167909,1.138388,0.995956,1.197282,1.190353,1.246315,1.103767,1.143222,1.145694,1.124196,1.183397,1.216208,1.169009,1.297742,1.225729,1.300896,1.163239,0.957171,1.003890,0.967287,1.053989,0.957641,1.069901,0.991525,0.918310,0.939008,0.895463,0.000000,1.014781,0.944093,0.991861,0.996998,1.027324,1.115336,1.103456,1.083208,1.006519,1.396658,1.298202,1.265413,1.174751,1.241958,1.283740,1.247266,1.207828,1.127953,1.290380,1.192121,1.102980,1.205807,1.122366,1.261912,0.995569,1.261013,1.064795,1.133782,1.212017,1.211515,1.197445,1.147859,1.297517,1.140428,1.521872,1.099610,1.336069,1.114903,1.173987,1.188712,1.222121,1.026171,1.195076,1.131045,1.215201,1.315192,1.251681,1.165698,1.057646,1.299870,1.224290,1.430959,1.278544,1.309740,1.202067,1.221150,1.214332,1.273725,1.188866,1.243076,1.303733,1.365911,1.212527,1.360432,1.208388,1.165463,1.231161,1.231844,1.297749,1.343516,1.260681,1.012727,1.082199,1.269068,1.058469,1.166181,1.045424,1.119083,1.029420,1.012027,0.838230,0.844941,1.109181,1.032075,1.093370,1.036808,1.074261,1.212362,1.131885,1.182610,1.206991
杨戴/阿Q正传__chunk012,1.024670,1.056018,1.146949,1.174018,1.066706,0.983431,1.137049,1.094791,0.937371,1.124220,1.000763,1.091205,0.881643,1.065376,0.956826,1.006415,0.929528,0.873273,1.028005,1.118963,1.006773,1.178822,0.904319,1.012467,1.267168,1.064444,1.084503,0.995521,1.026117,1.085818,0.952275,0.896182,0.829550,1.210814,1.014259,1.122701,1.180691,1.240351,0.965884,1.050408,0.994328,0.928113,1.071306,1.092900,1.039059,1.025182,1.088936,1.069955,1.045424,1.096717,0.943551,0.904588,1.005783,1.053874,1.123800,0.900524,0.961365,0.959247,0.973061,0.998154,0.923588,0.827143,1.091795,0.987611,1.015381,1.042170,1.058227,0.937883,0.956834,0.964487,0.815238,1.012242,0.837710,0.873422,0.953002,0.877880,1.014781,0.000000,0.827172,0.916469,1.016689,0.913354,0.934138,0.883148,0.947061,0.824180,1.078298,1.034846,1.101886,1.058659,1.107135,1.097975,1.143641,1.055264,1.041188,1.336918,1.075563,0.950908,1.081598,0.942119,1.126473,1.019405,1.043276,1.071681,1.134285,1.290878,1.204909,1.018733,1.021286,1.157340,1.064869,1.348018,1.091838,1.130582,0.992051,0.986644,1.079641,0.994235,1.150758,1.032717,1.017104,1.135261,1.138416,1.107086,1.130510,1.095919,1.187544,1.086829,1.174282,1.184472,1.266727,1.033912,1.017324,1.078298,1.072144,0.998575,1.181847,1.078818,1.171014,1.094753,1.127823,1.004212,0.861118,0.945491,0.984528,1.025472,1.147207,1.189014,0.931559,0.997666,1.023622,0.978398,1.030396,0.911197,0.925190,0.992624,0.876906,0.945094,0.925766,0.767945,0.957428,0.940452,0.895597,0.907483,1.048142,1.062038,0.958820,1.012097
杨戴/阿Q正传__chunk013,1.091845,1.111795,0.995727,1.060259,1.142255,1.030964,1.061515,1.069788,0.871730,0.974482,0.938250,1.124235,0.922642,1.031983,0.934641,0.962934,0.866906,0.868106,0.904705,0.971455,0.903679,1.220697,0.873926,0.972046,1.210774,1.080272,1.029282,0.942460,1.010866,1.021055,0.899365,0.908190,0.896413,1.219190,1.107745,1.112923,1.147506,1.232511,0.869769,1.008046,1.000797,0.892917,0.878198,1.028120,1.012454,0.958308,0.882243,1.040841,0.989219,1.025970,0.993165,0.954735,1.001037,1.086697,1.017179,0.922334,0.917388,0.964635,0.827868,0.884676,0.978396,0.923042,1.017003,0.985829,1.049299,0.968707,1.072754,1.009400,0.894427,1.056327,0.842032,0.922275,0.862800,0.883211,0.770018,0.941493,0.944093,0.827172,0.000000,0.837263,0.922606,0.914584,0.942200,0.771742,0.853721,0.721520,1.168579,1.079865,1.067317,1.106052,1.017469,1.040012,1.069545,1.068104,0.928567,1.225833,1.006691,0.947012,1.012470,0.892538,1.097318,0.933823,1.060816,1.045733,1.022892,1.159374,1.181157,1.079960,0.925919,1.146216,0.986700,1.305840,0.920426,1.183794,0.847185,0.856758,0.993942,1.053062,1.052130,1.049312,1.012239,1.103549,0.985139,1.017017,0.901609,1.025619,0.982013,0.990267,1.155161,1.083370,1.130490,1.090813,1.061738,1.118076,0.980626,1.024884,1.142775,1.143581,1.141312,1.005369,1.021757,0.947561,0.933603,0.979435,0.956997,1.075903,1.072521,1.055042,1.082159,1.033918,1.032077,1.047124,1.058394,0.868037,0.940737,0.951442,0.872831,0.874638,0.926069,0.937363,0.683344,0.949261,0.876624,0.938809,1.128744,0.826722,1.000428,0.901438
杨戴/阿Q正传__chunk014,1.228304,1.162954,1.104197,1.089052,1.133064,1.107451,1.187338,1.072807,1.042276,1.181274,1.009762,1.138760,0.981997,1.069914,1.027223,1.092390,0.905916,1.041927,1.014427,1.097844,0.940320,1.222050,1.030580,1.057058,1.312802,1.137292,1.146256,1.017270,1.166430,1.104219,1.098846,1.058747,1.070909,1.255868,1.301301,1.319330,1.291010,1.451981,1.048956,1.130761,1.150708,1.132408,1.155044,1.253430,1.073761,1.111234,1.019887,1.138299,1.163191,1.210460,1.070886,1.056776,1.000372,1.101928,1.169152,1.062399,1.113276,0.984148,0.998708,0.979241,1.048688,0.950329,1.081774,1.117934,1.108856,1.089354,1.102820,1.040765,0.948844,0.918972,0.754381,0.897603,0.869217,0.894824,0.882998,0.939370,0.991861,0.916469,0.837263,0.000000,0.875154,1.001357,0.945347,0.944471,1.003841,0.936693,1.196885,1.136228,1.256405,1.107021,1.201670,1.237989,1.309368,1.041881,0.955199,1.276379,1.133773,0.996025,1.174719,0.903279,1.206493,0.932141,1.057096,1.032594,1.056807,1.211659,1.205166,1.057391,1.020103,1.249616,1.085961,1.254677,1.012318,1.217616,1.016305,0.969154,1.044910,1.196472,1.228255,1.196220,1.068354,1.198715,1.126470,1.184795,1.127678,1.138455,1.134880,1.161041,1.106764,1.220304,1.294686,1.217253,1.132091,1.268208,1.173804,1.126889,1.213739,1.123634,1.237959,1.139622,1.209843,1.037940,0.959550,0.985829,1.052785,1.075348,1.177043,1.084980,1.105027,1.004255,1.038110,0.974333,0.994635,0.917771,0.865244,0.910500,0.941557,0.934736,0.961530,0.967927,0.868373,0.854398,0.845579,1.043222,1.088774,0.984450,1.095559,1.032351
杨戴/阿Q正传__chunk015,1.264569,1.178109,1.203416,1.127789,1.186742,1.123182,1.082684,1.133197,1.020235,1.082948,1.141106,1.302259,1.122905,1.142380,1.019536,0.997959,1.058491,1.042862,1.029723,1.058645,1.034521,1.171614,1.008178,1.122148,1.429132,1.240041,1.224421,1.133681,1.196996,1.092629,1.149330,1.114297,1.104933,1.280278,1.324752,1.232793,1.187690,1.310195,1.081340,1.094478,1.248530,1.188038,1.130458,1.138621,1.123237,1.029923,1.047019,1.164203,1.121244,1.271724,1.082600,1.070507,1.256600,1.158922,1.261258,1.154811,1.130809,1.069036,1.076033,1.020084,1.212026,1.068719,1.157335,1.166360,1.200613,1.264139,1.027816,1.061801,1.016239,0.924281,0.867557,1.026460,0.794502,0.885079,0.853738,1.002784,0.996998,1.016689,0.922606,0.875154,0.000000,1.004379,0.980857,1.123240,1.118695,1.054378,1.252168,1.202492,1.208441,1.128651,1.129924,1.153719,1.196129,1.276769,1.000458,1.246357,1.102636,1.056092,1.157696,1.095782,1.149978,1.098045,1.119167,1.147660,1.052931,1.225240,1.129361,1.185156,1.141333,1.277499,1.253992,1.387847,1.136024,1.302350,1.012364,1.096826,1.175291,1.318884,1.276495,1.206413,1.237430,1.340278,1.214093,1.319828,1.163324,1.185435,1.275638,1.220925,1.155026,1.168070,1.421288,1.238040,1.215694,1.167507,1.290869,1.152002,1.394256,1.282641,1.341958,1.186384,1.266292,1.121409,1.132173,1.090033,1.167599,1.232609,1.378126,1.279966,1.001202,1.021145,1.089932,0.938821,1.089897,1.033294,1.139908,1.025763,0.969171,1.043657,1.071949,1.062036,0.985230,0.909259,0.842549,1.059473,1.132384,1.181071,1.040756,1.171546
杨戴/阿Q正传__chunk016,1.168486,1.232476,1.134286,1.157966,1.106124,1.116895,1.262704,1.050102,1.101176,1.233422,1.139147,1.307006,0.968371,1.074427,0.909671,0.981849,0.969725,0.991391,1.035778,1.152740,1.124659,1.295073,0.948505,0.999984,1.268299,1.068921,1.101776,1.104830,1.038165,1.158470,1.206924,1.047648,0.970082,1.450602,1.270897,1.167897,1.149112,1.256874,1.061694,1.137071,1.036134,1.000666,1.099627,1.179479,1.138071,1.062189,1.118222,1.186989,1.069692,1.063112,1.025689,1.006768,1.080005,1.085773,1.143298,0.971275,0.982426,0.864634,1.028599,0.891604,0.929909,0.993636,1.026097,0.923394,1.021644,1.138149,1.080037,1.092573,0.984373,1.082331,0.960903,1.079866,0.861692,0.989806,0.894837,0.845122,1.027324,0.913354,0.914584,1.001357,1.004379,0.000000,1.011122,0.857947,0.935906,0.967647,1.195791,1.152322,1.203785,1.164779,1.130731,1.249137,1.241555,0.992299,0.982122,1.307092,1.130119,0.858007,1.117952,0.969553,1.024667,1.013462,1.069585,0.953427,1.015412,1.166748,1.207077,1.063912,0.988844,1.098170,0.979495,1.276050,1.059138,1.266765,1.056438,0.929020,1.017355,1.322446,1.125302,1.172943,0.914140,1.206898,1.074428,1.134632,1.107056,1.128752,1.154193,1.109407,1.273171,1.148556,1.301078,0.962918,1.127446,1.093452,1.043281,0.946492,1.175668,1.076564,1.059480,0.999852,1.075268,1.015071,0.895688,0.954535,0.993527,0.971352,1.122331,1.247337,1.033295,1.057561,0.942420,1.059792,1.057839,1.082242,0.936231,0.920193,0.856234,0.946861,0.979492,0.964400,1.060874,0.873494,0.730717,0.693846,1.106733,0.952625,1.022959,1.143323
杨戴/阿Q正传__chunk017,1.262312,1.164676,1.243465,1.120152,1.218992,1.074242,1.153526,0.999431,0.990869,0.962672,1.146762,1.235459,1.049075,1.151747,0.994339,1.035290,0.978130,1.048803,1.121911,1.133735,1.024096,1.212394,1.077161,1.092815,1.213467,1.261998,1.083279,1.102878,1.211563,1.172618,1.013763,1.095664,1.065154,1.280624,1.115567,1.266882,1.304136,1.289813,1.097867,1.239517,1.228701,1.190729,1.084599,1.162720,1.053452,1.165822,1.068820,1.303389,1.115797,1.267446,0.962720,1.118880,1.111596,1.108994,1.137073,1.119827,1.078405,1.090313,1.043895,0.888179,1.038376,1.047592,1.198092,1.193177,1.131370,1.190883,1.091297,1.116632,1.062499,0.946446,0.917939,1.063554,0.886751,1.127961,0.947065,1.055136,1.115336,0.934138,0.942200,0.945347,0.980857,1.011122,0.000000,1.099429,1.003187,1.083199,1.284142,1.255254,1.196341,1.217603,1.152959,1.218589,1.264311,1.121907,1.105106,1.277093,1.233144,1.024405,1.101401,1.033351,1.132367,1.023850,1.178273,1.171140,1.121821,1.293402,1.300184,1.094960,1.114783,1.391863,1.213710,1.316295,1.064493,1.365266,1.065207,1.037783,1.129848,1.161999,1.398623,1.254732,1.075021,1.282013,1.292967,1.264228,1.135452,1.219314,1.307539,1.301668,1.302575,1.293237,1.436521,1.317068,1.105414,1.302122,1.223389,1.139679,1.326362,1.295324,1.304749,1.166877,1.174353,1.108848,1.137454,1.028116,1.097018,1.185868,1.275276,1.171403,1.082959,1.082120,1.130406,1.063660,1.041346,1.022418,1.058921,1.085781,0.990828,1.022579,1.007398,1.083797,0.963331,0.929918,0.940479,0.929993,0.939371,1.152805,1.090226,1.178967
杨戴/风波__chunk001,0.952205,1.014114,0.949571,1.060568,1.016246,0.877145,0.980403,0.984127,0.900067,0.998178,0.937492,1.168996,0.654599,0.946285,0.853258,0.937781,0.924106,0.916624,0.906965,0.943664,0.953893,1.204295,0.928593,1.005730,1.193091,1.090981,1.005319,0.912229,0.917765,1.008391,1.000261,0.832175,0.812686,1.164847,1.127900,1.181760,1.253748,1.299339,0.893253,0.971668,0.890031,0.851290,0.952938,1.142809,0.863073,0.942455,0.917652,1.065381,1.015002,0.991770,0.838560,0.804036,0.864324,0.992594,0.877153,0.828561,0.939291,0.772939,0.788085,0.838617,0.787449,0.988363,0.927504,0.890619,0.981248,0.923303,1.103872,1.184054,1.032652,1.171271,0.888359,1.024426,0.931862,1.096710,0.940028,0.907042,1.103456,0.883148,0.771742,0.944471,1.123240,0.857947,1.099429,0.000000,0.874303,0.634217,0.986127,0.983519,1.065327,0.995119,0.964841,0.964630,1.044646,0.952808,0.887336,1.134256,0.961983,0.799450,0.916814,0.923266,1.054915,0.970438,0.941349,0.982635,0.983878,1.073214,1.053953,0.882685,0.970873,1.077316,0.913365,1.143813,0.869808,1.038008,0.866730,0.846640,0.804797,1.169904,1.127358,1.063181,0.838804,1.059223,0.944309,0.944934,0.925438,0.957605,0.815347,0.935220,1.074771,0.961160,1.062933,1.000913,0.963641,0.987217,0.835637,0.847649,1.076594,0.832507,1.003025,0.894411,0.942597,0.950515,0.792034,0.910164,0.783543,0.981853,1.053010,1.026726,1.012020,1.097048,1.045191,1.068833,1.045779,0.948079,0.829787,0.933968,0.836024,0.935837,0.916048,0.928108,0.995396,0.951819,0.894538,0.945532,1.065615,0.573389,0.902159,0.850041
杨戴/风波__chunk002,1.151472,1.214806,1.196933,1.085436,1.079462,1.029865,1.122814,1.089478,0.975932,1.095268,1.041808,1.264483,0.923981,0.896096,1.050335,1.018050,1.015767,0.943638,1.137782,1.036660,1.001256,1.294759,0.957419,1.121692,1.194830,1.045848,1.052434,1.079414,0.850943,1.195857,1.017046,0.900660,0.894806,1.177831,1.135794,1.188185,1.269914,1.244480,1.149416,1.149546,1.102964,1.067026,1.053922,1.077646,1.011449,0.938942,0.984899,1.136592,1.017376,0.842390,0.878831,0.893387,1.055328,0.954227,0.980017,0.952113,1.121961,0.964133,0.913440,0.912920,1.041207,0.992874,1.107805,0.997337,1.026116,1.101369,1.162303,0.998207,1.094430,1.096475,0.926258,1.072622,0.926353,1.085906,1.009516,0.983193,1.083208,0.947061,0.853721,1.003841,1.118695,0.935906,1.003187,0.874303,0.000000,0.765156,1.178832,1.250027,1.193706,1.074737,1.088797,1.257075,1.127130,1.094792,1.040105,1.233937,1.239477,0.876839,1.020819,1.030851,1.166350,0.958154,1.059438,0.965194,1.093554,1.155601,1.166522,1.114963,1.079982,1.199008,0.968340,1.304574,1.013557,1.176390,1.019467,0.967975,1.065564,1.094581,1.151478,1.191182,1.078419,1.140930,1.199616,1.096594,1.027924,1.170444,1.086484,1.069560,1.208107,1.107891,1.251692,0.896966,1.011916,1.017251,1.009475,0.961338,1.098256,1.053051,1.219770,1.145894,1.137246,1.037427,1.056673,0.971688,1.005166,1.034022,1.102930,1.127994,1.053480,1.094206,1.039931,1.056050,1.096026,1.139813,1.134042,1.053451,1.012575,0.922219,1.014594,1.013229,1.024387,1.010247,0.989884,1.062890,1.191525,0.864000,0.769451,0.959049
杨戴/风波__chunk003,1.016919,1.182848,0.903261,1.086353,1.094996,0.901493,0.955015,1.065485,0.923747,1.048249,0.903435,1.027656,0.706534,0.914759,0.831538,0.889680,0.875335,0.816868,0.950874,0.923636,0.953179,1.247668,0.803554,1.032474,1.142712,1.113318,1.032170,1.034654,0.888181,0.956302,0.975773,0.793226,0.919853,1.139584,1.103275,1.159808,1.115315,1.259336,0.946954,1.010668,0.889506,0.892113,0.891142,1.129672,0.944771,0.888510,0.852353,1.084169,0.983833,0.836903,0.845317,0.780751,0.814458,0.888786,0.890561,0.791263,0.958204,0.846851,0.776713,0.794169,0.836755,0.940558,1.058667,0.899015,1.009202,0.990603,1.085852,1.087712,1.023354,1.144833,0.899502,0.931208,0.855928,1.020375,0.907272,0.873297,1.006519,0.824180,0.721520,0.936693,1.054378,0.967647,1.083199,0.634217,0.765156,0.000000,0.989827,1.022292,0.927327,0.974655,0.970573,1.007101,1.024441,0.917976,0.816970,1.105382,0.948853,0.791554,0.835061,0.780074,1.035362,0.870657,0.860380,0.935178,0.950277,1.036171,1.021657,0.862748,0.861790,1.008495,0.818252,1.220106,0.859679,0.947290,0.811715,0.721412,0.799116,0.992859,1.035950,0.925027,0.884774,1.000168,0.966202,0.900130,0.887067,0.961916,0.880242,0.892703,0.980104,0.989842,1.001187,0.875718,0.890297,0.892966,0.867591,0.846209,1.046659,0.923304,1.037114,0.857707,0.892545,0.874779,0.835663,0.872407,0.870549,0.915989,1.043361,1.040500,0.955509,1.016165,1.037357,1.008271,0.971826,0.958603,0.936980,0.910894,0.851924,0.885196,0.945227,0.819394,0.922993,0.962736,0.861494,0.930576,1.068246,0.736981,0.883157,0.775269
蓝/伤逝__chunk001,0.781798,1.097208,0.973297,1.143323,0.957690,0.885165,0.893714,1.075926,0.950174,1.096318,1.011386,1.191822,0.963300,0.953969,0.963096,1.174664,1.104243,1.019714,1.109618,1.030787,0.987881,1.274204,1.114969,1.218796,1.427664,1.290162,1.027391,1.047954,1.072231,1.199285,1.145992,1.065796,1.080416,1.286912,1.089091,1.230630,1.233575,1.209148,0.990116,1.016860,1.061251,1.223249,0.946581,0.962031,1.050583,1.092025,1.116476,1.131081,1.075287,1.139976,1.053422,0.950903,0.933907,1.148009,0.925471,0.999066,1.116813,1.012743,0.975225,1.027781,0.974888,1.121866,1.122578,1.109917,1.035490,1.179598,1.208284,1.134895,1.136608,1.298448,1.160423,1.174874,1.047418,1.197679,1.196501,1.094557,1.396658,1.078298,1.168579,1.196885,1.252168,1.195791,1.284142,0.986127,1.178832,0.989827,0.000000,0.885351,0.820812,0.960086,0.772334,0.790830,0.894481,0.878502,0.880408,1.056744,1.124121,0.889957,0.902722,0.896121,1.112245,1.060257,1.056661,1.015274,1.051186,0.981308,1.039934,0.891773,1.088704,1.144671,1.078417,1.199595,0.890936,1.052800,1.098035,0.852474,0.891310,1.076077,1.144068,0.997047,0.850511,1.011235,0.991130,1.132554,0.930136,0.842960,0.904903,1.039983,1.143284,1.121475,0.981413,0.988459,1.032141,0.940687,0.932965,0.971720,1.001869,0.985960,1.061827,1.033608,0.968764,1.010660,0.968553,0.972399,0.921827,0.907971,1.062157,1.167528,1.025858,1.030151,1.080965,1.052175,1.025184,1.084107,1.080976,0.984114,1.084885,1.078049,1.076887,1.043438,1.119566,0.984708,1.017529,1.147624,1.208004,0.815594,1.032564,0.962868
蓝/伤逝__chunk002,0.934446,0.814616,0.871164,1.006082,0.973063,0.853604,0.971743,1.177756,0.866956,1.052209,1.012948,1.073005,1.011247,1.025134,0.996617,1.186325,0.993056,0.909541,1.130952,1.140023,0.977688,1.222372,1.049291,1.125058,1.391554,1.305602,1.148284,1.156980,1.147151,1.243875,1.063989,1.011518,1.131560,1.278864,1.291164,1.256624,1.309643,1.390221,0.907273,0.972376,1.009800,0.993085,1.007407,1.059798,1.014763,1.101336,1.109158,1.214633,1.018022,1.213490,1.084465,0.935888,0.937941,1.124000,1.089951,0.938239,1.188038,1.009432,1.083002,1.085681,1.072999,1.059220,1.075145,1.207818,1.217511,1.141727,1.125263,1.093474,1.061915,1.128143,1.128546,1.075770,1.074936,1.145535,1.141611,1.201483,1.298202,1.034846,1.079865,1.136228,1.202492,1.152322,1.255254,0.983519,1.250027,1.022292,0.885351,0.000000,0.790528,0.836382,0.860299,0.908328,1.166918,0.969667,0.811172,0.989566,0.880110,1.000298,0.921644,0.961402,1.196418,1.047434,0.993551,1.084422,1.014678,1.009160,0.955379,0.905801,1.136769,1.194075,1.119294,1.216910,0.912003,1.037734,0.966150,0.988982,1.060337,1.155002,1.239877,1.076941,0.880594,1.063869,0.919009,1.040365,0.993712,0.930711,0.959306,0.928253,1.100833,1.020860,1.113285,1.177226,1.148275,1.112024,0.973577,1.014018,1.097105,1.095196,1.218933,1.056863,1.005745,1.093596,1.011210,1.065088,1.052603,1.101759,1.240897,1.151976,1.168569,1.070130,1.183341,1.107639,1.133522,1.131878,1.128330,1.172967,1.052413,1.150623,1.148131,0.944882,1.089554,1.024890,1.128323,1.143436,1.256975,0.950428,1.156734,1.139702
蓝/伤逝__chunk003,0.983691,0.980882,0.835011,0.999648,0.968147,0.901667,0.740192,1.120844,0.878693,0.981945,0.983475,1.142410,0.989509,0.940259,1.008177,1.163772,1.173103,0.968542,1.047891,0.993120,0.965344,1.165155,0.969766,1.064658,1.353781,1.211798,1.191321,1.038475,1.106433,1.196813,1.115841,1.026184,1.046724,1.313893,1.162845,1.203453,1.187071,1.246969,0.918550,0.975825,1.005242,1.041564,1.002392,0.904362,1.134171,1.085464,1.108368,1.191263,1.082237,1.157416,0.997914,1.077909,1.035129,1.059475,1.053790,0.937996,1.093173,1.089258,1.096667,0.995508,1.072910,1.104744,1.178324,1.173727,1.143674,1.161229,1.126193,1.163668,1.244826,1.221761,1.254220,1.178230,1.090539,1.301787,1.075845,1.151107,1.265413,1.101886,1.067317,1.256405,1.208441,1.203785,1.196341,1.065327,1.193706,0.927327,0.820812,0.790528,0.000000,0.876854,0.834555,0.826559,0.895557,0.989440,0.858077,0.994036,1.096403,0.956679,0.906633,0.936336,1.087456,1.058804,1.041475,1.012103,0.963769,0.960149,1.060467,0.936577,1.101950,1.190499,1.120096,1.351780,0.914169,1.058005,1.033025,0.996867,0.904302,1.120933,1.132216,1.053487,0.939742,0.956812,0.994911,1.092835,1.115971,0.936206,1.063081,1.084577,1.200916,1.129249,1.115796,1.117680,1.072712,1.047814,1.123596,1.052710,1.124295,0.992654,1.264489,1.100364,1.047989,1.025364,1.027182,1.054185,1.138248,1.095400,1.245832,1.223784,1.045023,1.137256,1.242021,1.142214,1.195943,1.182918,1.118641,1.162507,1.064327,1.156016,1.185616,1.041974,1.131292,1.081009,1.123540,1.180363,1.308938,1.026036,1.153369,1.030434
蓝/伤逝__chunk004,1.010476,1.025406,1.043380,0.840661,0.785742,0.787664,0.819589,1.049373,0.946098,1.047352,1.056314,1.104347,1.048073,0.910071,1.068786,1.183543,1.068778,0.932268,1.080991,0.992522,0.815795,1.089890,0.926854,1.103227,1.277822,1.249302,1.055811,1.047389,0.979894,1.151822,1.057209,1.047928,1.050614,1.261428,1.269804,1.203628,1.222852,1.248743,0.845779,0.890226,0.934806,1.063164,0.959770,1.020697,0.997958,1.095350,1.106094,1.202056,1.121380,1.066176,1.082004,0.857870,0.989205,0.983045,1.067576,0.856645,1.171581,1.058883,1.070806,1.075566,1.019526,1.115239,1.089496,1.229866,1.206032,1.131595,1.188198,1.064899,1.151986,1.269753,1.096935,1.242085,1.037120,1.070502,1.102163,1.133893,1.174751,1.058659,1.106052,1.107021,1.128651,1.164779,1.217603,0.995119,1.074737,0.974655,0.960086,0.836382,0.876854,0.000000,0.867768,0.918084,0.994396,0.996487,0.908756,0.892383,0.879072,0.908811,0.905493,0.910132,1.233895,1.040318,0.997230,0.899193,0.912011,0.819166,0.853525,0.969583,1.014409,1.130658,1.051740,1.206596,0.864192,1.024906,0.907575,1.018825,0.980945,1.102748,1.157278,1.016413,0.804568,0.842731,0.953025,1.006309,0.954755,0.808676,1.044588,1.000199,1.092321,1.164004,1.137613,1.054198,1.138688,1.071621,1.092378,0.895476,1.052545,0.930649,1.277887,1.180459,1.120168,1.056230,1.079203,1.074413,1.020362,1.088235,1.228177,1.184039,1.176653,1.052155,1.222206,1.167444,1.148662,1.142875,1.128166,1.091491,1.004637,1.114066,1.010278,0.909404,1.008501,0.988015,1.062862,1.028436,1.179684,0.938784,1.014396,1.133023
蓝/伤逝__chunk005,0.979517,0.965060,0.931776,1.060519,0.871562,0.743903,0.840587,1.015438,0.801549,0.930621,0.884968,1.129440,0.972000,0.938792,0.958983,1.066611,1.004114,0.923666,1.032024,0.950257,0.908993,1.033255,0.963865,1.159378,1.205728,1.140687,1.036162,0.985181,1.034660,1.257588,1.043472,0.939326,1.149669,1.194215,1.137003,1.056101,1.107087,1.199055,0.836522,0.967352,1.100251,1.211591,0.825153,0.925314,1.013409,0.971502,1.103223,1.192984,1.018139,1.043400,0.989962,0.876045,0.942776,0.960813,0.980334,0.931406,1.155923,1.005936,1.039761,0.917157,0.996404,1.074588,1.020740,1.186166,1.219332,1.266935,1.112447,1.030575,1.144499,1.124350,1.086510,1.152330,0.921706,1.128751,1.031900,1.075054,1.241958,1.107135,1.017469,1.201670,1.129924,1.130731,1.152959,0.964841,1.088797,0.970573,0.772334,0.860299,0.834555,0.867768,0.000000,0.784709,0.918094,0.849546,0.888603,0.920385,0.946669,0.875393,0.914574,0.900727,1.103055,0.978883,1.031154,0.920314,0.968059,0.899653,0.871158,0.857519,1.056016,1.143964,0.985100,1.252946,0.887883,1.002325,1.076405,0.897749,0.965930,0.957710,1.003233,0.983748,0.790263,0.937247,1.006988,1.105980,0.760740,0.790710,1.005011,0.929306,1.141805,1.159631,1.075381,1.076835,1.006053,0.955817,0.865479,0.938257,1.013093,1.034391,1.127222,1.052372,0.963858,0.956926,0.925125,0.973261,0.993230,0.994208,1.212787,1.208005,1.020344,1.089570,1.091637,0.988806,1.041691,1.061457,1.110562,1.087430,1.035447,1.067182,1.073444,0.965456,1.055715,0.947515,1.051053,1.023598,1.165892,0.872939,0.950073,1.044831
蓝/伤逝__chunk006,1.001999,1.034592,0.891426,1.037606,1.021452,0.835799,0.783899,1.020171,0.885244,1.010533,0.929298,1.264057,1.080708,1.074061,1.072951,1.192453,1.136848,0.987495,1.042153,1.013409,0.967898,1.206770,1.040974,1.094878,1.394003,1.287182,1.150905,1.047907,1.111997,1.127131,1.074201,1.067152,0.998920,1.200932,1.141130,1.238068,1.303987,1.153043,0.962479,1.029359,1.107204,1.104474,0.876927,1.068419,0.993143,1.102209,1.068369,1.195615,1.060600,1.241477,1.045303,1.035348,0.969200,1.282063,1.088378,0.955080,1.159303,1.114070,0.980669,1.050965,1.042774,1.064336,1.150839,1.134011,1.148713,1.187086,1.257736,1.227349,1.263479,1.258505,1.139378,1.160564,1.078210,1.179702,1.095658,1.153402,1.283740,1.097975,1.040012,1.237989,1.153719,1.249137,1.218589,0.964630,1.257075,1.007101,0.790830,0.908328,0.826559,0.918084,0.784709,0.000000,0.850322,1.047780,0.909049,1.019226,1.032981,0.861211,0.932660,0.984778,1.046278,1.131043,1.021704,1.097121,0.912829,0.952862,0.941481,0.891724,1.069165,1.212570,1.009707,1.232240,0.838886,1.098947,1.047949,1.036216,0.892647,0.969892,1.163494,1.094006,0.868050,1.057308,0.964193,1.131399,0.870420,0.838925,0.939012,1.008255,1.086756,1.176735,1.038879,1.180138,1.027890,1.065826,0.919954,1.042283,1.116119,1.007876,1.139718,1.068281,0.907044,1.021776,1.015018,0.976775,1.017434,1.039892,1.176331,1.246352,1.097808,1.114796,1.158842,1.039414,1.102793,1.117358,1.096324,1.096717,1.043642,1.106798,1.048079,0.957987,1.043507,1.060553,1.083819,1.057224,1.194076,0.902244,1.047329,1.084845
蓝/伤逝__chunk007,0.975380,1.195039,1.112547,1.090194,1.037913,0.965999,0.810942,1.075710,0.979768,1.050373,1.008475,1.249101,1.098030,1.047806,1.121055,1.095511,1.124447,1.130412,1.088442,1.104988,0.970276,1.233265,0.982564,1.271248,1.410222,1.274677,1.263043,1.010322,0.979495,1.187014,1.060438,1.058741,1.082301,1.146489,1.146570,1.178353,1.222518,1.208989,1.050230,1.062959,1.119419,1.162661,1.001903,0.997302,1.062447,1.065507,1.044038,1.132116,1.189783,1.253524,1.107575,1.048843,1.100492,1.241252,1.141238,1.071849,1.141083,1.200688,1.003500,1.156225,1.042115,1.083528,1.203723,1.207773,1.231362,1.193142,1.293684,1.181886,1.328627,1.401290,1.151156,1.196173,1.057979,1.226109,1.005669,1.131986,1.247266,1.143641,1.069545,1.309368,1.196129,1.241555,1.264311,1.044646,1.127130,1.024441,0.894481,1.166918,0.895557,0.994396,0.918094,0.850322,0.000000,1.001067,1.036006,1.119820,1.266775,1.015077,1.027674,1.104595,1.131317,1.147933,1.061596,1.080927,0.999331,1.052110,1.086578,0.981585,1.215252,1.228457,1.169163,1.428215,0.974223,1.239758,1.152090,1.072217,1.083586,1.084546,1.079951,1.047931,1.005807,1.086377,1.084058,1.181271,0.976433,0.910627,1.190800,1.191255,1.168247,1.320023,1.167316,1.125711,1.153396,1.074091,1.132831,1.030364,1.334708,1.047005,1.226170,1.236538,1.161104,1.110942,1.076953,1.088349,1.056651,1.158519,1.235115,1.191543,1.109032,1.164962,1.285686,1.198975,1.200885,1.238996,1.124772,1.168839,1.051584,1.147276,1.092473,1.158474,1.088739,1.135384,1.199766,1.193465,1.194268,1.034402,1.120954,1.034782
蓝/在酒楼上__chunk001,0.988037,1.150459,1.065993,1.185601,1.050668,1.032835,1.020133,0.853699,1.026065,1.128040,1.039882,1.196659,0.955161,1.020069,0.958072,1.039026,0.942238,0.983530,1.070518,1.061855,0.882597,1.223685,1.013468,1.227940,1.304096,1.225382,1.109183,1.002692,1.103932,1.243857,1.095314,0.971648,1.073873,1.245753,1.185961,1.259711,1.255169,1.309442,0.884100,1.055117,0.951874,1.030002,0.959034,1.159368,1.068566,1.203089,1.128265,1.230743,1.231418,1.108179,1.081951,1.089070,1.010695,1.114908,1.146613,0.977909,1.028228,0.940877,0.933903,0.870362,0.898357,0.957424,0.967058,1.095943,0.965663,1.053707,1.095003,1.145215,1.149284,1.141513,1.114784,1.077761,0.963235,1.057781,1.061902,0.926031,1.207828,1.055264,1.068104,1.041881,1.276769,0.992299,1.121907,0.952808,1.094792,0.917976,0.878502,0.969667,0.989440,0.996487,0.849546,1.047780,1.001067,0.000000,0.802260,1.016414,1.086398,0.938215,0.999128,0.898680,1.069110,0.856975,0.959197,0.905937,0.972942,0.981450,0.974663,0.835629,1.011430,1.101638,1.009485,1.301413,0.806506,1.108538,1.026359,0.826733,0.918367,1.099129,1.024634,1.090125,0.681817,0.988460,0.860920,0.942548,0.817626,0.856466,0.975725,1.093203,1.188989,1.231679,1.094915,1.021010,1.178640,1.077822,1.003718,1.014772,1.110905,0.977674,0.971977,1.015033,0.941909,0.922430,0.895390,0.918551,0.905494,0.952103,0.906019,1.006831,0.939822,1.072782,1.235959,1.002232,1.024062,0.989840,0.878652,0.954943,1.030751,0.961483,0.909523,0.974763,0.979175,0.888186,1.015409,1.045436,1.054592,0.882421,1.037505,0.970051
蓝/在酒楼上__chunk002,0.955495,0.898365,0.825056,0.930292,1.028096,0.833913,0.880767,0.990469,0.652826,0.890312,0.931736,0.987655,0.876494,0.900438,0.824521,1.002200,1.007276,0.928951,0.937043,0.896479,0.820539,1.083585,0.944840,1.013010,1.190457,1.053918,1.088763,0.993675,0.942525,1.070165,0.976666,0.879183,1.006554,1.199637,1.146353,1.205682,1.086474,1.283209,0.842326,0.915089,0.971348,0.868550,0.905886,1.107081,1.021349,0.992512,0.957091,1.169812,1.034392,1.042052,0.954414,0.928390,0.815348,1.007569,0.953431,0.792870,0.933890,0.928818,0.890190,0.861711,0.834468,0.934690,0.876399,1.018132,0.998652,1.092666,1.087518,1.133389,1.119550,1.174993,1.027006,1.040653,0.923201,1.014968,0.900413,0.982358,1.127953,1.041188,0.928567,0.955199,1.000458,0.982122,1.105106,0.887336,1.040105,0.816970,0.880408,0.811172,0.858077,0.908756,0.888603,0.909049,1.036006,0.802260,0.000000,0.830154,0.811436,0.805176,0.765944,0.781121,0.908639,0.940473,0.916745,0.894234,0.789025,0.896903,0.740129,0.829547,0.949287,0.990213,0.881911,1.160497,0.674688,0.911250,0.768393,0.812685,0.800062,1.051528,1.036876,0.995558,0.776647,0.970152,0.876284,0.830887,0.869094,0.898894,0.861436,0.885435,0.945755,1.056966,0.985133,0.876162,0.990502,0.969393,0.850895,0.803830,0.992534,0.867143,1.014843,0.884338,0.914131,0.889304,0.826241,0.902936,0.845488,0.965976,1.104007,1.108963,0.987294,1.073267,1.176139,0.998398,1.058594,1.023045,0.896031,0.918188,0.894251,0.953515,0.966405,0.889914,0.935952,0.879471,0.894799,0.977887,1.087072,0.883156,0.889910,0.910016
蓝/在酒楼上__chunk003,1.219308,0.976434,1.047727,1.096063,1.040235,0.935827,0.965817,1.260983,0.974261,0.927183,0.973817,1.180789,1.108666,0.914407,1.155563,1.196036,1.244257,1.061530,1.145789,0.970976,1.002632,1.275235,1.010055,1.253115,1.433879,1.432224,1.257397,1.096182,1.197246,1.186977,1.133127,1.217374,1.136413,1.309871,1.319384,1.220457,1.234217,1.343044,1.015810,1.166080,1.236266,1.173038,1.085254,1.169869,1.186260,1.156348,1.189640,1.318638,1.141932,1.192645,1.092371,1.097198,0.909528,1.041796,1.059396,1.031226,1.304657,1.130489,1.180677,1.034225,1.163890,1.287599,1.190746,1.184663,1.286812,1.374598,1.320200,1.294910,1.361522,1.397827,1.314359,1.353739,1.193181,1.215484,1.218446,1.329537,1.290380,1.336918,1.225833,1.276379,1.246357,1.307092,1.277093,1.134256,1.233937,1.105382,1.056744,0.989566,0.994036,0.892383,0.920385,1.019226,1.119820,1.016414,0.830154,0.000000,0.868157,1.087304,0.968244,1.145814,1.126271,1.089947,1.023911,0.939962,0.910104,0.904516,0.903932,1.009775,1.037720,1.410100,1.320716,1.401149,0.897163,1.014415,1.122337,1.041865,1.053889,1.280961,1.261391,1.145746,1.053211,1.086339,1.209889,1.177541,1.026382,0.926751,1.093088,1.119098,1.107584,1.085299,1.158558,1.144086,1.152208,1.169471,1.005717,0.986116,1.098539,1.050064,1.410853,1.146475,1.236680,1.066549,1.113887,1.142358,1.182213,1.168968,1.386067,1.361486,1.133134,1.271748,1.415519,1.212601,1.246986,1.361885,1.271678,1.112019,1.165696,1.225321,1.155089,1.066958,1.186652,1.141043,1.244365,1.138511,1.350256,1.129613,1.172673,1.206532
蓝/在酒楼上__chunk004,1.145838,0.990503,0.990393,1.090095,1.063895,0.923051,0.972954,1.246605,1.003406,1.061445,0.910651,1.021220,1.028389,1.051326,1.072511,1.107481,1.043499,0.948540,1.039367,1.069044,0.972307,1.255128,0.942588,1.174967,1.311339,1.312542,1.172994,1.211595,0.996982,1.142978,1.176665,0.967926,1.095228,1.295798,1.286749,1.254185,1.214104,1.408296,0.952434,1.125926,1.150386,1.047087,1.082383,1.129187,1.094440,1.059940,1.098378,1.246226,1.078032,1.107738,1.076828,0.884467,0.861427,1.020730,1.078960,0.935891,1.085559,0.932149,1.017276,1.044287,1.114832,0.936564,0.976929,1.126854,1.219299,1.221563,1.182577,1.178570,1.111775,1.218168,1.042940,1.209199,1.083703,1.051450,1.086602,1.195685,1.192121,1.075563,1.006691,1.133773,1.102636,1.130119,1.233144,0.961983,1.239477,0.948853,1.124121,0.880110,1.096403,0.879072,0.946669,1.032981,1.266775,1.086398,0.811436,0.868157,0.000000,0.965952,0.994646,1.000447,1.112440,1.083023,0.985275,1.028889,0.927802,0.914201,0.915127,1.046933,0.931328,1.227391,1.112121,1.238875,0.867342,0.968453,0.919472,0.935912,1.029407,1.154983,1.146641,1.147997,1.064599,1.137529,1.041787,1.111759,1.025243,0.946358,0.847714,0.915520,1.067587,1.129748,1.137461,1.071185,1.179476,0.990045,0.892839,0.934644,0.998567,1.050399,1.161591,1.058860,1.087146,1.019226,1.031111,0.968408,1.051282,1.094018,1.324241,1.265842,1.152163,1.183080,1.243354,1.076074,1.189980,1.198240,1.122462,1.092260,1.057635,1.123001,1.136418,0.970672,1.000201,1.004400,0.940319,1.080829,1.206390,0.997571,1.108950,1.133139
蓝/奔月__chunk001,1.034657,1.097222,1.041919,1.075665,1.050623,0.962678,0.939672,0.989840,0.897050,1.051939,1.005011,1.214994,0.758248,0.791964,0.783805,0.901589,1.028511,0.859862,1.047281,1.014173,0.903328,1.238371,0.938181,1.037327,1.086538,0.981227,0.888332,1.083183,0.984993,1.033385,1.064326,0.795516,0.898430,1.207937,1.146702,1.242920,1.120089,1.269194,1.026961,1.082959,0.970808,1.014569,0.925952,1.165908,1.080921,1.017086,0.962755,1.152955,1.006667,1.033733,0.900647,0.893910,0.875491,0.925750,0.931599,0.776608,1.027520,0.885195,0.864559,0.792975,0.865706,0.956032,0.943111,0.839108,0.927035,1.201205,1.142666,1.131666,0.971125,1.137498,0.989909,1.068714,0.903207,1.046186,1.022975,0.946596,1.102980,0.950908,0.947012,0.996025,1.056092,0.858007,1.024405,0.799450,0.876839,0.791554,0.889957,1.000298,0.956679,0.908811,0.875393,0.861211,1.015077,0.938215,0.805176,1.087304,0.965952,0.000000,0.839217,0.791346,0.835395,0.967577,0.858342,0.995824,0.743182,1.006070,0.899247,0.867358,0.857513,0.914654,0.797480,0.926505,0.875147,1.063221,0.907732,0.768452,0.823679,1.131334,1.097631,0.984626,0.875737,1.087430,0.966585,0.875459,0.910093,1.008143,0.969027,0.885139,1.056551,1.058829,1.097391,0.917906,0.971023,0.890626,0.784054,0.843808,0.969561,0.827890,0.962115,0.925959,0.840589,0.723668,0.779329,0.776882,0.820042,0.784577,1.050880,1.147099,0.983100,1.095231,0.933020,0.922894,1.020266,0.990460,0.875827,0.945755,0.907863,0.973349,0.981626,0.905723,0.898600,0.794521,0.839851,0.841170,0.964883,0.702313,0.890379,0.812414
蓝/奔月__chunk002,0.970175,1.198078,1.100061,1.146222,1.024768,0.902234,0.986514,1.189276,0.867500,0.982964,1.154435,1.189853,0.932994,0.622815,0.831839,1.008215,1.013067,0.838815,1.010884,0.942275,1.020718,1.100360,1.017829,1.001632,1.162736,1.092684,1.008975,1.020408,0.964210,1.089531,1.035340,0.970821,0.959322,1.288141,1.151229,1.204347,1.167828,1.228289,0.974489,1.013237,0.996266,1.104281,0.921036,1.151239,1.054785,1.139327,1.070068,1.279825,1.022080,0.966716,0.952724,0.931195,0.852843,0.963346,0.891806,0.847503,1.099427,1.019626,1.046547,0.861023,0.877786,0.985313,0.913737,1.052706,1.120613,1.183023,1.013500,1.117802,1.105610,1.216033,1.134867,1.084755,0.948115,1.136223,1.059857,1.050917,1.205807,1.081598,1.012470,1.174719,1.157696,1.117952,1.101401,0.916814,1.020819,0.835061,0.902722,0.921644,0.906633,0.905493,0.914574,0.932660,1.027674,0.999128,0.765944,0.968244,0.994646,0.839217,0.000000,0.792208,0.966231,0.931905,0.910891,0.985820,0.855641,0.941136,0.873124,0.865771,0.992190,0.944383,0.866159,1.038977,0.801330,0.985577,0.848991,0.827361,0.863530,1.042630,1.143113,0.955620,0.891572,0.948103,1.008607,1.119821,0.812093,0.973119,0.890540,0.868967,1.106316,1.207821,1.163168,0.928976,1.020941,0.999161,0.879474,0.828345,0.931886,0.877481,1.028608,0.923157,0.951200,0.845646,0.884281,0.906984,0.843117,0.995700,1.136884,1.267742,0.979529,1.072357,1.139196,0.995811,1.048195,0.982604,1.043026,1.023298,0.961750,1.004424,1.040662,0.867264,1.030550,0.899697,0.977004,1.003318,1.101696,0.843115,0.931359,0.928707
蓝/奔月__chunk003,1.083578,1.266864,1.051431,1.106665,1.165617,0.986991,1.012578,1.086508,0.973389,1.241584,1.089453,1.210796,0.850161,0.890021,0.591786,1.012601,0.892632,0.846854,1.025675,1.060090,0.994219,1.242868,0.927083,1.090079,1.178127,1.083122,0.872468,1.119729,1.082402,1.101200,1.053252,0.900428,0.914309,1.193459,1.260578,1.281328,1.232111,1.355254,0.933389,1.129324,0.953353,0.938999,0.922371,1.192888,1.044193,1.059257,1.046390,1.215953,1.069362,0.947471,0.978843,0.951791,0.858415,1.074558,0.991792,0.815533,0.839196,0.812016,0.936765,0.740120,0.798733,0.822892,0.852195,1.054380,0.893686,1.084914,1.079361,1.116908,1.037828,1.131758,0.927376,1.073293,0.796104,0.975174,0.935410,1.002195,1.122366,0.942119,0.892538,0.903279,1.095782,0.969553,1.033351,0.923266,1.030851,0.780074,0.896121,0.961402,0.936336,0.910132,0.900727,0.984778,1.104595,0.898680,0.781121,1.145814,1.000447,0.791346,0.792208,0.000000,0.937878,0.855030,0.852410,0.886775,0.972543,0.926655,1.023334,0.783923,0.877835,0.934182,0.844365,0.991309,0.830506,0.991248,0.780499,0.782400,0.733098,1.099028,1.203195,1.012009,0.807947,0.950622,0.816045,0.884211,0.861105,0.986751,0.878215,0.881437,1.052696,1.118555,0.998751,0.851565,0.948312,0.971783,0.826553,0.918732,0.845070,0.845488,0.763090,0.771217,0.819957,0.731183,0.729861,0.695679,0.811675,0.836227,0.875846,1.070808,0.947682,1.076941,0.954684,0.876851,0.816136,0.968718,0.779595,0.898364,0.817986,0.941217,0.849880,0.777267,0.902778,0.773559,0.758110,0.811583,0.953282,0.801556,0.918362,0.786836
蓝/奔月__chunk004,1.291971,1.265950,1.216115,1.341006,1.255918,1.139732,1.113026,1.155672,1.009626,1.223652,1.189523,1.326607,0.941108,0.975472,0.900080,0.799120,1.135794,1.041648,1.163829,1.018333,1.189055,1.317015,1.051006,1.161288,1.431180,1.190961,1.208433,1.230761,1.117657,1.083260,1.166090,1.123066,1.096635,1.305588,1.296667,1.279436,1.242235,1.431871,1.074107,1.258163,1.051802,1.144025,1.080706,1.223989,1.185001,1.135765,1.073978,1.297628,1.223697,1.219110,1.066259,1.129939,1.041519,1.069957,1.087738,0.985061,1.021633,1.002309,1.055286,0.981615,0.932303,1.007751,0.978560,1.096693,1.046419,1.296457,1.284975,1.447611,1.285551,1.221926,1.173776,1.397652,1.037406,1.128130,1.157888,1.203253,1.261912,1.126473,1.097318,1.206493,1.149978,1.024667,1.132367,1.054915,1.166350,1.035362,1.112245,1.196418,1.087456,1.233895,1.103055,1.046278,1.131317,1.069110,0.908639,1.126271,1.112440,0.835395,0.966231,0.937878,0.000000,1.043795,1.112992,1.181834,0.950195,1.168358,1.131595,1.037088,1.031012,1.181320,1.035657,1.197031,1.018860,1.085121,1.032059,1.000500,0.959810,1.217973,1.234160,1.183475,1.099113,1.241622,1.096179,1.134664,1.066928,1.147780,1.107693,1.056826,1.145281,1.183040,1.250669,1.004651,1.044656,1.076651,1.050437,0.937375,1.161384,0.953571,1.023882,0.968920,1.075755,0.939017,0.830288,0.929722,0.919599,1.031377,1.168313,1.193980,1.146092,1.333500,1.274469,1.134565,1.222905,1.262752,1.079291,1.094661,1.086473,1.088364,1.122536,1.119957,1.146979,1.030413,0.952215,1.095949,1.204276,1.093042,1.069113,0.852807
蓝/孤独者__chunk001,1.060266,1.222351,1.051358,1.115928,1.157667,1.074913,1.124854,1.111627,0.949235,1.157231,1.065928,1.143622,0.969306,0.969607,0.923619,0.948924,0.628761,0.890902,1.023210,1.003265,0.928492,1.148882,0.754159,1.067813,1.198008,1.105736,1.054920,0.912147,1.063416,1.210635,1.075913,1.053535,0.927005,1.245529,1.243973,1.229158,1.182258,1.319644,0.938476,1.006545,0.994287,1.054300,0.782494,1.101275,0.941825,1.100887,0.942855,1.165824,1.158288,1.032063,0.968233,0.910751,0.990961,1.051237,1.036494,0.986903,0.995641,0.982580,1.024230,0.898540,0.990407,0.893868,1.085831,1.066848,0.964313,1.022201,1.007536,1.064062,1.001659,0.990229,0.981190,0.938131,0.900250,0.999835,1.064298,0.805079,0.995569,1.019405,0.933823,0.932141,1.098045,1.013462,1.023850,0.970438,0.958154,0.870657,1.060257,1.047434,1.058804,1.040318,0.978883,1.131043,1.147933,0.856975,0.940473,1.089947,1.083023,0.967577,0.931905,0.855030,1.043795,0.000000,0.890860,0.923620,0.978091,0.967224,1.078822,0.799659,0.982279,1.121436,0.956173,1.252334,0.771091,1.141025,0.956637,0.898505,0.873815,1.106464,1.127285,1.127216,0.900653,0.918209,1.046412,1.119131,0.779292,0.952788,0.890468,0.973605,1.062692,1.154206,1.104780,1.000372,0.981250,1.057396,0.994741,0.951845,1.017931,1.075865,1.088646,1.024273,1.028982,0.926091,0.994448,0.925518,1.001421,0.978912,0.948603,0.975312,0.995224,1.093146,1.130676,0.987631,1.044202,0.894235,1.017012,0.882258,0.957855,0.787363,0.840787,0.951659,0.878300,0.924042,0.914193,1.029320,1.093676,0.899788,0.987517,0.927340
蓝/孤独者__chunk002,1.018087,1.168731,1.010888,1.195110,1.094629,1.037156,1.071600,1.173874,1.022583,1.244397,1.065335,1.111568,0.967257,0.902490,0.978351,1.128843,0.880373,0.763241,1.026609,1.044759,1.036586,1.352496,0.784583,1.156788,1.175320,1.136173,1.125373,1.067181,1.003664,1.159989,1.161026,1.035857,1.084052,1.320050,1.074387,1.326184,1.222082,1.303854,1.047875,1.096515,0.973500,1.046559,0.973502,1.191023,1.090324,1.132415,1.165589,1.217567,1.171207,0.977699,0.973121,0.994949,1.037283,1.075026,1.064398,0.962016,1.009029,0.909204,0.994766,0.859226,0.914931,0.873965,0.943145,1.075434,1.017964,1.070620,1.166727,1.053023,1.076903,1.029616,1.087507,1.066120,1.024958,1.194759,1.093212,1.077556,1.261013,1.043276,1.060816,1.057096,1.119167,1.069585,1.178273,0.941349,1.059438,0.860380,1.056661,0.993551,1.041475,0.997230,1.031154,1.021704,1.061596,0.959197,0.916745,1.023911,0.985275,0.858342,0.910891,0.852410,1.112992,0.890860,0.000000,0.821385,0.875401,0.861587,0.989274,0.709323,0.871597,1.092597,0.980631,1.084499,0.946660,1.014894,0.879780,0.890551,0.900788,1.070730,1.221934,1.005028,0.897954,0.933775,0.922445,0.960857,0.911492,0.998548,0.912097,1.013826,1.107475,1.053634,1.094434,0.947217,0.903921,1.081524,0.900296,0.967781,1.007109,0.912884,0.991843,0.983395,0.955658,0.926176,0.863988,0.737025,0.904286,0.979372,0.901041,0.999649,1.035196,1.044297,1.031444,1.018817,1.076750,1.024951,0.980450,1.010179,0.816032,0.977755,0.948146,0.762891,1.054503,0.961109,0.922408,1.107640,1.090018,0.904381,0.928443,0.942820
蓝/孤独者__chunk003,0.997185,1.081916,0.972980,1.056804,0.965604,0.975275,0.951659,1.131108,0.982962,1.076812,0.977417,1.028496,0.933677,0.936602,1.002681,1.092713,0.994228,0.757037,0.870663,0.886889,0.946785,1.186365,0.901643,1.066583,1.067588,1.162851,1.097691,1.029541,0.883574,1.089664,1.093103,1.047246,1.091985,1.312567,0.996655,1.122461,0.993762,1.057024,1.024872,0.973730,1.126664,1.136666,1.010996,0.977262,1.060980,1.011985,1.076973,1.132071,1.021711,0.914525,0.981072,0.910848,0.910296,1.036482,0.960919,0.940273,1.018325,0.931353,0.958680,0.999251,0.971054,1.080061,0.997096,1.064464,1.092047,1.055998,1.159966,1.048180,1.110747,1.230950,1.154123,1.118919,1.107705,1.026115,1.105397,1.040830,1.064795,1.071681,1.045733,1.032594,1.147660,0.953427,1.171140,0.982635,0.965194,0.935178,1.015274,1.084422,1.012103,0.899193,0.920314,1.097121,1.080927,0.905937,0.894234,0.939962,1.028889,0.995824,0.985820,0.886775,1.181834,0.923620,0.821385,0.000000,0.848371,0.893624,0.993382,0.885664,0.946342,1.062665,0.948919,1.283733,0.880989,0.926483,0.960696,1.022143,1.023053,1.031819,0.995730,0.926716,0.944436,0.941333,1.107023,1.111920,1.047618,0.840326,1.019387,0.993438,1.188704,1.037275,1.082918,0.854627,1.050990,0.986393,0.868026,0.865421,0.878797,0.983519,1.215988,1.018445,1.145564,1.055643,0.877469,1.031774,0.923619,1.035262,1.074376,1.184706,1.014408,0.990948,1.160317,1.096879,1.104648,1.065134,1.117525,1.007943,0.947533,0.998435,0.817914,0.893137,1.070047,0.947434,1.042391,1.002870,1.159019,0.900766,0.938111,1.093306
蓝/孤独者__chunk004,1.085413,1.143633,1.051916,1.049703,1.063387,0.946645,0.980102,1.102443,0.868982,1.025604,1.037739,1.178268,1.044595,0.834425,0.978094,0.939971,1.105706,0.864729,0.992331,0.842563,0.884085,1.205351,0.896377,0.966569,1.174391,1.001623,1.162506,1.090777,0.938845,1.007704,1.157850,1.043324,1.050179,1.265569,1.127321,1.137845,1.136855,1.161927,0.946672,0.993886,0.975651,1.056745,0.908059,1.098503,1.125442,1.019562,0.990859,1.175781,1.055930,1.116184,1.007377,0.878186,0.922607,1.034578,0.945244,0.870562,1.070951,0.988611,0.861517,0.946769,0.963442,1.008438,1.008159,1.092607,1.115386,1.109577,1.195208,1.114612,1.166920,1.247104,1.191617,1.149481,1.020695,1.182483,1.074802,1.027666,1.133782,1.134285,1.022892,1.056807,1.052931,1.015412,1.121821,0.983878,1.093554,0.950277,1.051186,1.014678,0.963769,0.912011,0.968059,0.912829,0.999331,0.972942,0.789025,0.910104,0.927802,0.743182,0.855641,0.972543,0.950195,0.978091,0.875401,0.848371,0.000000,0.853481,0.771809,0.867078,0.889402,0.921974,0.966791,1.106989,0.834710,0.974718,0.839170,0.946584,1.007319,1.095744,1.060866,0.976301,0.904628,0.993162,0.991123,1.011468,0.959415,0.803082,1.072081,0.864470,1.019567,1.070964,1.123055,0.895237,0.990189,0.991393,0.957391,0.870824,0.934654,0.919330,1.200268,1.006451,1.038586,0.957689,0.934015,0.974795,0.994848,0.980101,1.168090,1.154116,1.031471,1.087258,1.102493,1.076788,1.183368,1.101756,1.041325,1.104676,0.940498,0.971112,0.981022,0.924849,0.956244,0.905349,0.980612,1.032269,1.165803,0.885169,0.983590,0.991551
蓝/孤独者__chunk005,1.019623,1.171474,0.959395,0.990503,0.860659,0.929869,0.898298,1.153835,1.014017,1.037604,0.946576,1.210608,1.084059,0.944810,1.112071,1.119927,1.073979,0.926090,1.022128,0.963204,0.816634,1.224865,0.873621,1.296181,1.343225,1.193639,1.207101,1.090049,1.046631,1.145059,1.197391,1.009252,1.122727,1.335291,1.104686,1.247936,1.282162,1.323771,0.953110,1.007006,1.030600,1.164118,0.909830,1.019398,1.020693,1.117129,1.024172,1.136878,1.127050,1.053661,1.123141,0.973902,1.041922,1.069403,1.113444,0.938993,1.209071,1.000295,1.114459,0.976741,1.043200,1.066449,1.038306,1.226477,1.180614,1.207451,1.204556,1.092365,1.197141,1.302793,1.211139,1.250323,1.101517,1.219390,1.152554,1.129758,1.212017,1.290878,1.159374,1.211659,1.225240,1.166748,1.293402,1.073214,1.155601,1.036171,0.981308,1.009160,0.960149,0.819166,0.899653,0.952862,1.052110,0.981450,0.896903,0.904516,0.914201,1.006070,0.941136,0.926655,1.168358,0.967224,0.861587,0.893624,0.853481,0.000000,0.896859,0.934307,1.070907,1.140617,1.151610,1.260367,0.850363,1.090749,1.031438,0.988783,1.015369,1.075012,1.167379,1.086642,0.843931,0.869986,0.999516,1.142360,0.898293,0.909824,0.949000,0.995179,1.141064,1.095177,1.074256,1.016648,1.177421,1.026770,1.028192,1.081979,1.058013,1.012308,1.121465,1.118349,1.014452,1.045389,1.072756,1.002475,1.057887,1.053912,1.182164,1.137970,1.138119,1.135462,1.262047,1.153678,1.226157,1.227535,1.121892,1.135901,1.052972,1.138785,1.021664,1.099472,1.019095,1.079348,1.045356,1.146212,1.215987,0.984343,1.080956,1.093664
蓝/孤独者__chunk006,1.189662,1.177542,1.024393,1.059850,1.040413,0.810237,0.922059,1.102020,0.889792,1.018316,1.132123,1.135611,1.101839,0.957919,1.069777,1.167640,1.148357,0.944299,1.019808,0.972132,0.907214,0.811301,1.015201,1.226254,1.265743,1.153318,1.124152,1.123234,0.998051,1.043432,1.123628,1.069704,1.179300,1.391861,1.285388,1.214740,1.111436,1.283839,0.902138,1.045926,1.047271,1.081269,1.058163,1.051543,1.083674,1.122717,1.125830,1.335032,1.127655,1.119730,1.040214,0.887831,0.970732,1.024869,0.897815,1.006926,1.239692,0.963103,1.058225,0.954097,1.080630,1.162736,0.890710,1.109136,1.285707,1.162836,1.083897,1.178894,1.218517,1.331745,1.163512,1.188597,1.069237,1.139170,1.136561,1.088650,1.211515,1.204909,1.181157,1.205166,1.129361,1.207077,1.300184,1.053953,1.166522,1.021657,1.039934,0.955379,1.060467,0.853525,0.871158,0.941481,1.086578,0.974663,0.740129,0.903932,0.915127,0.899247,0.873124,1.023334,1.131595,1.078822,0.989274,0.993382,0.771809,0.896859,0.000000,1.009207,1.006988,1.065538,1.037675,1.169146,0.949939,0.964728,0.977952,1.011028,1.070128,1.144176,1.059256,1.025819,0.932853,1.048445,1.041321,1.026933,0.918954,0.894984,1.023806,0.906750,1.106323,1.210707,1.221245,1.014360,1.114284,0.861182,0.886951,0.855408,0.966965,0.975623,1.214747,1.050660,1.108182,0.966862,0.986338,1.060486,0.952695,1.064797,1.272734,1.290698,1.045750,1.143359,1.247016,1.079030,1.104183,1.172646,1.097736,1.037999,1.057299,1.158182,1.089861,0.963786,1.055062,1.045357,1.106096,1.081119,1.223716,0.956334,0.993727,1.074012
蓝/孤独者__chunk007,0.881784,1.137197,1.030067,1.139344,1.013479,0.990726,0.946866,0.980994,0.918120,1.173532,1.085217,1.117697,0.918638,0.955144,0.876500,1.058162,0.775871,0.848707,1.018114,1.083374,1.062970,1.213345,0.777926,1.151903,1.276298,1.192690,1.100081,0.944406,1.111208,1.235951,1.138146,0.909054,0.919876,1.224190,1.111270,1.289402,1.277908,1.324934,0.951565,1.039444,0.930024,1.042308,0.813774,1.152695,1.046312,1.118023,1.058429,1.167764,1.168164,1.035815,0.978916,0.980317,0.977589,1.134536,1.047513,1.004739,1.034152,0.956633,0.953709,0.982342,0.802826,0.904347,0.954806,1.070194,0.925943,1.038649,1.127722,1.110369,1.086042,1.109831,1.053360,1.026399,0.999571,1.157945,1.087394,0.910438,1.197445,1.018733,1.079960,1.057391,1.185156,1.063912,1.094960,0.882685,1.114963,0.862748,0.891773,0.905801,0.936577,0.969583,0.857519,0.891724,0.981585,0.835629,0.829547,1.009775,1.046933,0.867358,0.865771,0.783923,1.037088,0.799659,0.709323,0.885664,0.867078,0.934307,1.009207,0.000000,0.949753,1.020665,0.929760,1.144517,0.728639,1.090329,0.911265,0.809021,0.741894,1.034646,1.117856,1.001014,0.763803,0.863808,0.897286,0.993470,0.801934,0.889297,0.920920,0.982172,1.148046,1.079931,1.022244,0.885161,0.904592,0.969176,0.859111,0.909141,0.947103,0.959344,0.895424,0.908251,0.850264,0.951009,0.877291,0.829578,0.848521,0.851471,0.919930,1.030737,0.957338,1.040897,1.071704,0.964776,0.959386,0.968333,0.841895,0.927670,0.944915,0.807356,0.783250,0.756622,0.991214,0.827700,0.883020,0.954845,1.097319,0.881113,0.964934,0.883874
蓝/孤独者__chunk008,1.263344,1.266063,1.106197,1.139521,1.214421,1.095582,1.091240,1.112410,1.024118,1.257408,1.102228,1.238086,1.075807,0.993381,0.964462,1.058266,1.070857,0.902079,1.172201,1.037443,1.023475,1.274196,0.859472,0.854555,1.197136,1.034530,1.132119,1.178366,1.018048,1.002331,1.039961,1.099135,1.091762,1.420989,1.092928,1.249527,1.185735,1.201951,0.975477,1.126340,1.000516,1.063182,1.049155,1.144763,1.123958,1.041401,1.150528,1.259583,1.224087,1.080836,1.027599,0.948265,0.961930,1.058263,1.004295,0.920241,1.003458,0.934185,0.961023,0.877251,0.914889,0.894072,1.119366,1.059178,1.075365,1.069009,1.169872,1.204296,1.140511,1.114844,1.149911,1.137449,1.028049,1.015209,1.067048,1.053102,1.147859,1.021286,0.925919,1.020103,1.141333,0.988844,1.114783,0.970873,1.079982,0.861790,1.088704,1.136769,1.101950,1.014409,1.056016,1.069165,1.215252,1.011430,0.949287,1.037720,0.931328,0.857513,0.992190,0.877835,1.031012,0.982279,0.871597,0.946342,0.889402,1.070907,1.006988,0.949753,0.000000,1.140647,0.943728,1.141921,0.913311,1.030937,0.929180,0.924789,1.013489,1.045840,1.079085,1.115425,0.954464,1.063958,0.916186,1.024542,1.040477,0.930603,1.018408,0.884871,1.136673,1.156737,1.237686,0.958852,1.061522,0.977841,0.903234,0.846317,0.988494,0.902632,0.995539,0.950306,1.049344,0.934497,0.870923,0.863229,1.050534,0.971788,1.082556,1.231164,1.097250,1.085651,1.152812,1.050644,1.112085,1.006639,1.050366,0.951440,0.929895,0.988896,1.052415,0.954653,0.931768,0.928496,0.831138,1.014893,1.140565,0.880030,0.988579,0.925885
蓝/幸福的家庭__chunk001,1.200512,1.286510,1.198304,1.269846,1.190092,1.123904,1.248122,1.237588,1.095127,1.371846,1.238919,1.359682,0.983760,0.987681,0.890614,1.128318,1.121587,0.915558,1.180415,1.128659,1.098142,1.322256,1.120632,1.223609,0.810987,0.852797,1.111419,1.282885,1.172330,1.179079,1.282477,0.950863,1.102412,1.321384,1.283028,1.347621,1.179460,1.355390,1.088396,1.143811,1.086859,1.191199,1.009868,1.321634,1.270716,1.248044,1.141337,1.336043,1.259093,1.096225,1.118222,1.035446,1.063891,1.081167,1.072991,0.895957,1.047915,1.007804,1.059148,1.029394,1.020172,1.057335,1.043231,1.141449,1.085962,1.137355,1.121333,1.184478,1.218982,1.349591,1.241411,1.165229,1.102870,1.228338,1.172250,1.007144,1.297517,1.157340,1.146216,1.249616,1.277499,1.098170,1.391863,1.077316,1.199008,1.008495,1.144671,1.194075,1.190499,1.130658,1.143964,1.212570,1.228457,1.101638,0.990213,1.410100,1.227391,0.914654,0.944383,0.934182,1.181320,1.121436,1.092597,1.062665,0.921974,1.140617,1.065538,1.020665,1.140647,0.000000,0.767377,1.143330,1.138294,1.194731,1.049821,0.966163,1.070518,1.220188,1.202942,1.061146,0.964852,1.174119,1.044854,1.127880,1.089431,1.104771,1.011163,0.974194,1.215091,1.317446,1.219661,1.031551,1.064673,1.116971,0.994472,0.984661,1.010311,0.949118,1.117986,1.003473,1.080624,1.055775,0.957787,1.067509,1.012526,1.029339,1.073253,1.222858,1.091129,1.221690,1.188858,1.135076,1.219379,1.092895,1.056951,1.185715,1.021738,1.048575,1.093560,0.970282,1.067731,1.017131,1.091749,1.189115,1.149793,0.962028,0.999179,0.993202
蓝/幸福的家庭__chunk002,1.073528,1.216193,1.048319,1.201452,1.162895,1.036046,1.152967,1.162197,0.998215,1.257952,1.109292,1.195088,0.961942,0.917324,0.826234,1.086706,0.999638,0.857188,1.099671,1.081427,1.064913,1.239736,1.020613,1.079970,0.904248,0.833219,0.913504,1.140669,1.064219,1.179121,1.176327,0.983517,1.079824,1.267934,1.243673,1.281108,1.109200,1.264020,0.981529,1.129838,1.042699,1.084586,1.009672,1.134687,1.086152,1.092262,1.073107,1.381811,1.170669,0.922082,0.934091,0.912778,0.944063,1.012695,0.972935,0.806646,1.056576,0.908530,1.029686,0.942682,0.889171,0.941299,0.947361,0.937155,1.034917,1.119108,1.027843,1.094331,1.013331,1.125436,1.130899,1.074924,0.978700,1.061264,1.147527,0.889257,1.140428,1.064869,0.986700,1.085961,1.253992,0.979495,1.213710,0.913365,0.968340,0.818252,1.078417,1.119294,1.120096,1.051740,0.985100,1.009707,1.169163,1.009485,0.881911,1.320716,1.112121,0.797480,0.866159,0.844365,1.035657,0.956173,0.980631,0.948919,0.966791,1.151610,1.037675,0.929760,0.943728,0.767377,0.000000,1.171257,0.958480,1.135517,0.923923,0.840206,0.967914,1.021326,1.014258,1.049643,0.854706,1.026714,0.901046,1.079549,0.935956,0.981424,0.945360,0.872415,1.288088,1.152229,1.157300,0.859811,1.007579,1.014279,0.896407,0.914021,0.934056,0.879423,0.942672,0.957694,0.977882,0.996470,0.878596,0.891106,0.849087,0.923574,0.996844,1.100089,0.995927,1.028815,0.973442,0.943964,1.068862,0.972572,1.006759,1.050466,0.937381,0.791548,0.964857,0.922719,0.984411,0.868002,0.959517,1.033232,1.100932,0.844453,0.896996,0.846420
蓝/幸福的家庭__chunk003,1.346326,1.508697,1.314316,1.430399,1.368493,1.285648,1.293357,1.390643,1.331393,1.454088,1.360876,1.360486,1.134340,1.113763,1.119407,1.285740,1.307302,1.160434,1.358637,1.283305,1.228617,1.574716,1.223402,1.317782,1.295970,1.238924,0.884136,1.421090,1.304283,1.269834,1.469950,1.257329,1.181817,1.511536,1.575070,1.480926,1.487167,1.618632,1.314684,1.504797,1.231799,1.274418,1.240372,1.430311,1.348438,1.315694,1.325071,1.485993,1.283513,1.211216,1.259279,1.256588,1.200528,1.286465,1.179735,1.044971,1.251300,1.082684,1.216426,1.065559,1.037088,1.165307,1.174380,1.145296,1.202545,1.426982,1.403413,1.528096,1.273404,1.394701,1.248251,1.359101,1.124201,1.343229,1.345398,1.347668,1.521872,1.348018,1.305840,1.254677,1.387847,1.276050,1.316295,1.143813,1.304574,1.220106,1.199595,1.216910,1.351780,1.206596,1.252946,1.232240,1.428215,1.301413,1.160497,1.401149,1.238875,0.926505,1.038977,0.991309,1.197031,1.252334,1.084499,1.283733,1.106989,1.260367,1.169146,1.144517,1.141921,1.143330,1.171257,0.000000,1.308208,1.232703,1.013115,1.102451,0.985804,1.501374,1.420410,1.285197,1.208317,1.422390,1.183033,1.210152,1.223988,1.237720,1.097564,1.145131,1.133600,1.233834,1.200633,1.143993,1.244238,1.180096,1.020018,1.179180,1.019885,1.125584,1.188424,0.922903,1.135609,1.084651,0.994677,1.071108,1.114993,1.000845,1.072933,1.453818,1.370557,1.455664,1.257770,1.215264,1.138755,1.259422,1.060772,1.270375,1.149438,1.310666,1.243354,1.060389,1.218239,1.075406,1.167818,1.231036,1.028463,1.027276,1.061770,1.029158
蓝/故乡__chunk001,0.918956,1.068177,0.957298,0.986780,1.007216,0.884585,0.890707,0.954859,0.775437,0.945194,0.914538,1.119486,0.889087,0.896494,0.925662,1.019237,0.849123,0.900855,0.916534,0.985628,0.913256,1.135719,0.857990,1.017529,1.326015,1.189519,1.174735,0.742586,0.929434,1.192251,0.974370,0.970112,0.981225,1.223108,1.122656,1.200739,1.164852,1.208981,0.869981,0.953792,0.914682,1.043266,0.850897,1.096412,1.000424,1.053602,1.010863,1.243971,1.179217,1.037738,0.987471,0.912087,0.901557,1.040599,1.060949,0.921701,1.009357,0.859860,0.920436,0.932800,0.935449,0.993707,1.061468,1.111288,1.036818,1.067809,1.136287,1.125881,1.120045,1.097589,1.021794,1.048673,0.976705,1.136033,0.936633,1.012843,1.099610,1.091838,0.920426,1.012318,1.136024,1.059138,1.064493,0.869808,1.013557,0.859679,0.890936,0.912003,0.914169,0.864192,0.887883,0.838886,0.974223,0.806506,0.674688,0.897163,0.867342,0.875147,0.801330,0.830506,1.018860,0.771091,0.946660,0.880989,0.834710,0.850363,0.949939,0.728639,0.913311,1.138294,0.958480,1.308208,0.000000,1.000218,0.886210,0.820496,0.943707,0.985409,1.076191,0.963087,0.859858,0.786583,0.900603,0.972706,0.821564,0.844849,0.795159,0.900740,1.113068,1.066573,1.084379,0.905188,1.052240,1.062177,0.872160,0.796519,1.000840,0.931095,0.995573,0.968178,1.090357,0.950125,0.923899,1.016663,0.890062,1.017393,1.112943,1.121363,1.022366,1.031885,1.138121,1.016735,1.022351,1.010754,1.094729,0.837140,0.932171,0.886072,0.876355,0.965814,0.813339,0.934515,0.921679,0.973999,1.162358,0.820209,0.921849,0.985405
蓝/故乡__chunk002,1.129150,1.159408,1.038043,1.146380,1.267692,1.061006,1.033900,1.314087,1.068923,1.183261,1.147072,1.129499,0.993944,0.920969,0.997118,1.149098,1.176587,1.004199,1.142000,0.993454,1.149080,1.243836,1.072220,1.177029,1.369083,1.233164,1.171863,1.245270,0.913091,0.937498,1.090437,1.091707,1.162704,1.428066,1.176363,1.254788,1.189188,1.208087,1.129903,1.164406,1.124533,1.093190,1.091683,1.180166,1.207829,1.079246,1.240143,1.347676,1.157236,1.010678,1.147966,0.974171,0.908046,1.029374,0.989680,0.895805,1.145709,1.080084,1.058544,1.038612,1.048338,1.118176,1.088656,1.209314,1.228748,1.278631,1.198264,1.366946,1.279394,1.354933,1.239240,1.268017,1.226125,1.261246,1.177023,1.227379,1.336069,1.130582,1.183794,1.217616,1.302350,1.266765,1.365266,1.038008,1.176390,0.947290,1.052800,1.037734,1.058005,1.024906,1.002325,1.098947,1.239758,1.108538,0.911250,1.014415,0.968453,1.063221,0.985577,0.991248,1.085121,1.141025,1.014894,0.926483,0.974718,1.090749,0.964728,1.090329,1.030937,1.194731,1.135517,1.232703,1.000218,0.000000,0.920557,1.113184,1.047351,1.141644,1.166143,0.932382,1.059249,1.114356,1.128375,1.109887,1.059562,1.002757,0.949188,0.948998,1.085828,1.106988,1.250623,0.972763,1.051454,0.983101,0.939917,0.948887,0.923616,1.013121,1.286496,1.183237,1.137844,1.082333,1.022099,1.132796,1.087790,1.136994,1.224456,1.308035,1.177784,1.297636,1.219785,1.251587,1.288844,1.134290,1.227585,1.212960,1.117437,1.243473,1.192405,0.943662,1.210346,1.267290,1.108548,1.108200,1.461464,1.051054,1.011277,1.093571
蓝/故乡__chunk003,1.069095,1.173143,1.025446,1.005323,1.146365,0.954650,1.067603,1.206564,0.998544,1.125383,1.058917,1.111204,0.855381,0.921962,0.917709,0.965760,0.993218,0.854646,1.062377,0.983818,1.045952,1.226662,0.864850,1.022947,1.253494,1.154198,0.990474,1.136661,0.961538,0.931536,0.947128,0.999332,1.040740,1.270016,1.227394,1.217242,1.189239,1.297742,1.042324,1.046804,0.920593,0.899514,1.038610,1.190803,1.106582,1.072818,1.111701,1.237849,1.048007,0.913916,1.016782,0.950480,0.976667,0.984726,0.960903,0.852683,0.987363,0.921522,0.995471,0.939443,0.749499,0.914878,0.952476,1.121714,1.053457,0.992863,1.115240,1.205627,1.047559,1.126428,0.941680,1.131842,0.928662,1.098573,0.998265,1.085413,1.114903,0.992051,0.847185,1.016305,1.012364,1.056438,1.065207,0.866730,1.019467,0.811715,1.098035,0.966150,1.033025,0.907575,1.076405,1.047949,1.152090,1.026359,0.768393,1.122337,0.919472,0.907732,0.848991,0.780499,1.032059,0.956637,0.879780,0.960696,0.839170,1.031438,0.977952,0.911265,0.929180,1.049821,0.923923,1.013115,0.886210,0.920557,0.000000,1.005213,0.920137,1.194478,1.153431,0.951623,0.971801,1.000434,0.909463,0.968251,1.073645,0.954242,1.031761,0.901348,1.048229,1.046660,1.005523,0.919660,0.922370,0.988059,0.919602,0.948115,0.968566,0.955328,1.101126,0.872352,1.032098,0.966434,0.826706,0.851647,0.914271,1.000775,1.040547,1.109146,1.041896,1.146529,1.020025,1.079326,0.991290,1.037036,0.916360,1.024596,0.868445,1.051215,0.887585,0.875837,0.954824,0.952898,0.977422,1.001335,1.034538,0.798290,0.898994,0.908167
蓝/明天__chunk001,1.043909,1.068796,0.953573,1.088683,0.996202,0.997313,1.053636,0.957651,0.899402,1.079978,0.933307,1.153356,0.898348,0.925171,0.838750,1.013718,0.937389,0.874679,1.019664,1.081708,0.983299,1.277728,0.939356,1.148491,1.145880,1.088905,0.959044,1.044895,1.055811,1.181017,1.088968,0.734033,0.846518,1.136788,1.213283,1.348319,1.184602,1.344242,0.927482,1.077126,0.942129,1.029374,0.911826,1.200665,0.976734,0.926599,0.955440,1.075281,0.981476,1.088538,0.969825,0.927288,0.819050,1.010117,0.951617,0.865366,1.090066,0.860269,0.793112,0.791774,0.995783,0.999894,0.901567,1.006461,1.024224,1.053299,1.051403,1.062312,1.048185,1.073511,0.990529,1.032768,0.872127,1.040526,0.982761,0.851003,1.173987,0.986644,0.856758,0.969154,1.096826,0.929020,1.037783,0.846640,0.967975,0.721412,0.852474,0.988982,0.996867,1.018825,0.897749,1.036216,1.072217,0.826733,0.812685,1.041865,0.935912,0.768452,0.827361,0.782400,1.000500,0.898505,0.890551,1.022143,0.946584,0.988783,1.011028,0.809021,0.924789,0.966163,0.840206,1.102451,0.820496,1.113184,1.005213,0.000000,0.731654,1.119083,1.118792,1.016170,0.863790,0.968791,0.820407,1.040548,0.797302,0.957455,0.754651,0.807045,1.062915,1.051323,1.039381,0.948783,0.916927,1.032019,0.823738,0.909663,0.994772,0.970916,0.933304,0.911093,0.840245,0.850105,0.878032,0.867919,0.823024,0.903793,0.969244,0.996105,0.975405,0.912548,0.987299,0.842353,0.923961,1.000679,0.869208,0.915365,0.874545,0.794696,0.894887,0.934491,0.917039,0.798207,0.821792,0.972942,0.990811,0.765627,0.857201,0.876179
蓝/明天__chunk002,1.148960,1.194100,1.027024,1.122613,1.223141,1.062985,1.026538,1.153750,1.047271,1.153385,1.000349,1.246120,0.925958,0.994334,0.955796,1.170206,1.018255,1.019146,1.108567,1.058754,1.079021,1.358939,0.966305,1.127067,1.274684,1.107085,0.979824,1.145874,1.126934,1.170136,1.163248,0.981988,0.794192,1.201232,1.308349,1.348031,1.345739,1.437987,1.027773,1.167221,0.937402,0.983696,0.933428,1.238634,1.116824,1.045243,1.044407,1.172793,1.084087,1.103556,0.970993,1.088310,0.950001,1.139919,0.988477,0.907789,0.966744,0.981978,0.961098,0.841443,0.876712,0.923868,0.974200,1.002365,0.990590,1.033557,1.198601,1.290676,1.163949,1.253463,1.060544,1.154093,0.982186,1.181323,0.990904,0.992145,1.188712,1.079641,0.993942,1.044910,1.175291,1.017355,1.129848,0.804797,1.065564,0.799116,0.891310,1.060337,0.904302,0.980945,0.965930,0.892647,1.083586,0.918367,0.800062,1.053889,1.029407,0.823679,0.863530,0.733098,0.959810,0.873815,0.900788,1.023053,1.007319,1.015369,1.070128,0.741894,1.013489,1.070518,0.967914,0.985804,0.943707,1.047351,0.920137,0.731654,0.000000,1.175038,1.194702,1.164314,0.878449,1.045247,0.864681,1.007120,0.948938,0.971243,0.886237,0.954289,1.096580,1.009181,0.947885,0.945672,0.896161,1.012931,0.905246,0.985928,0.938804,0.829977,0.907629,0.893496,0.848004,0.804781,0.902650,0.830238,0.913400,0.848209,0.944800,1.110479,1.053160,1.182746,1.062654,0.972605,0.911374,0.979651,0.785239,0.925459,0.906217,0.925226,0.850057,0.816282,1.044179,0.879883,0.899434,0.925549,1.050380,0.759919,0.940043,0.876992
蓝/狂人日记__chunk001,1.099423,1.149108,1.168088,1.272329,1.118639,1.030046,1.010747,1.200979,0.891624,1.120456,1.057159,1.019294,1.178043,1.085888,1.240889,1.198626,1.132129,0.926307,1.089952,1.004836,0.990071,1.166666,1.079803,1.193178,1.221525,1.181231,1.231449,1.157321,1.140551,1.336686,1.148753,1.162356,1.253268,1.368490,0.719999,1.121010,1.234034,1.148394,1.042964,0.988817,1.154830,1.263305,1.120257,1.117222,1.094660,1.153507,1.141219,1.253235,1.191492,1.116151,1.074300,1.008223,1.047365,1.186745,1.049320,0.992851,1.223723,1.142068,1.089654,1.184934,1.042000,0.957177,1.193546,1.193067,1.114844,1.179399,1.182245,1.121249,1.271512,1.185842,1.239494,1.146887,1.168070,1.166589,1.156579,1.090245,1.222121,0.994235,1.053062,1.196472,1.318884,1.322446,1.161999,1.169904,1.094581,0.992859,1.076077,1.155002,1.120933,1.102748,0.957710,0.969892,1.084546,1.099129,1.051528,1.280961,1.154983,1.131334,1.042630,1.099028,1.217973,1.106464,1.070730,1.031819,1.095744,1.075012,1.144176,1.034646,1.045840,1.220188,1.021326,1.501374,0.985409,1.141644,1.194478,1.119083,1.175038,0.000000,0.960124,0.975898,1.009404,0.867919,1.072387,1.268982,1.030805,0.965098,1.145052,1.176299,1.367979,1.245797,1.317003,1.043312,1.071463,1.075220,1.010316,1.019410,1.123257,1.162749,1.234944,1.204992,1.139640,1.207532,1.037466,1.005069,1.086625,1.174776,1.172410,1.133515,1.112439,0.966099,1.296032,1.133347,1.322229,1.051195,1.242752,1.175544,1.103804,1.022491,1.023177,0.983520,1.031264,1.139482,1.112279,1.238603,1.197240,1.108936,0.996328,1.043972
蓝/狂人日记__chunk002,1.182544,1.215395,1.134971,1.224842,1.156232,1.107035,1.032614,1.227015,1.079182,1.207695,1.131334,1.218816,1.143958,1.031134,1.242149,1.209729,1.152869,1.019354,1.142929,1.082122,0.980518,1.130804,1.039131,1.142846,1.194353,1.098482,1.184664,1.048322,1.035106,1.219530,1.131459,1.151265,1.239635,1.381051,1.052957,0.833583,0.962159,1.001086,1.160752,1.093733,1.244746,1.270454,1.195673,1.032762,1.169317,1.121115,1.105158,1.137122,1.221843,1.107262,1.191396,1.102197,1.164052,1.160738,1.204990,0.994370,1.175418,1.102840,1.026178,1.156621,1.203944,1.059789,1.184856,1.134884,1.191674,1.256771,1.157761,1.135874,1.129464,1.377097,1.234241,1.129085,1.215514,1.149917,1.199826,1.027341,1.026171,1.150758,1.052130,1.228255,1.276495,1.125302,1.398623,1.127358,1.151478,1.035950,1.144068,1.239877,1.132216,1.157278,1.003233,1.163494,1.079951,1.024634,1.036876,1.261391,1.146641,1.097631,1.143113,1.203195,1.234160,1.127285,1.221934,0.995730,1.060866,1.167379,1.059256,1.117856,1.079085,1.202942,1.014258,1.420410,1.076191,1.166143,1.153431,1.118792,1.194702,0.960124,0.000000,0.943508,1.081824,1.150642,1.221216,1.266524,1.134343,0.988546,1.295246,1.187160,1.437536,1.227276,1.275846,1.039501,1.278951,1.048719,1.201615,1.111311,1.141348,1.201633,1.327651,1.142893,1.209161,1.195101,1.065315,1.093611,1.071645,1.094277,1.237003,1.387289,1.099338,1.134452,1.223466,1.257330,1.417357,1.106761,1.291310,1.158351,1.176881,1.082904,1.144107,1.147338,1.152551,1.292472,1.189672,1.184671,1.379893,1.141345,1.109383,1.251091
蓝/狂人日记__chunk003,1.086020,1.216523,1.183618,1.085419,1.159951,1.084662,1.046346,1.324370,0.974106,1.053658,1.149938,1.064132,1.002041,1.026139,1.087234,1.080330,1.036475,0.877237,1.006909,1.013517,1.060227,1.173689,0.963267,1.095618,1.289543,1.293584,1.100050,1.119553,1.126339,1.085902,1.097924,1.147431,1.141732,1.436404,1.076405,1.020189,0.785628,1.006029,1.092094,0.959672,1.148891,1.243111,1.103389,1.113361,1.206456,1.048335,1.100086,1.177002,1.181453,0.941950,1.054651,0.950443,1.019261,0.954276,1.062299,1.042410,1.181323,1.096437,1.015134,1.127121,1.044892,1.077700,1.057365,1.119494,1.105623,1.164778,1.150670,1.205630,1.158799,1.272523,1.174334,1.111389,1.140733,1.224836,1.182003,0.988018,1.195076,1.032717,1.049312,1.196220,1.206413,1.172943,1.254732,1.063181,1.191182,0.925027,0.997047,1.076941,1.053487,1.016413,0.983748,1.094006,1.047931,1.090125,0.995558,1.145746,1.147997,0.984626,0.955620,1.012009,1.183475,1.127216,1.005028,0.926716,0.976301,1.086642,1.025819,1.001014,1.115425,1.061146,1.049643,1.285197,0.963087,0.932382,0.951623,1.016170,1.164314,0.975898,0.943508,0.000000,1.078175,0.950030,1.166585,1.192320,1.142926,1.003170,1.120366,1.040247,1.231749,1.113088,1.220870,0.967460,1.042822,1.033223,1.055081,0.969292,1.113891,1.122867,1.284144,0.984938,1.132716,1.076459,0.963992,1.071192,0.952489,1.135283,1.093360,1.256299,1.120563,1.113730,1.071407,1.106668,1.247658,0.972314,1.246780,1.109718,1.106799,1.194481,1.077495,0.928182,1.122411,1.106312,1.220648,1.046142,1.214892,1.073237,0.947792,1.141475
蓝/社戏__chunk001,0.939620,1.082759,0.974940,1.100141,0.921720,0.874762,0.991112,0.904926,0.981999,1.125606,1.029354,1.167979,0.982919,0.955016,0.849378,1.120727,0.967477,0.939575,0.971753,1.087129,0.875940,1.061504,0.933521,1.076554,1.136005,1.053364,1.092332,1.025408,1.060414,1.299911,0.977293,0.996644,1.045884,1.307281,1.126027,1.144672,1.298727,1.244335,0.692507,0.983969,0.891135,0.940703,0.841140,1.117580,1.004572,1.111720,1.090641,1.228657,1.153566,1.014693,1.064953,0.987943,1.051539,1.082531,1.106255,0.820928,0.996590,0.972547,1.021043,0.887669,0.891383,0.969427,0.962142,1.065590,1.037848,1.053011,1.084016,1.056871,1.116186,1.217727,1.142283,1.104307,0.871040,1.048949,1.017578,0.952465,1.131045,1.017104,1.012239,1.068354,1.237430,0.914140,1.075021,0.838804,1.078419,0.884774,0.850511,0.880594,0.939742,0.804568,0.790263,0.868050,1.005807,0.681817,0.776647,1.053211,1.064599,0.875737,0.891572,0.807947,1.099113,0.900653,0.897954,0.944436,0.904628,0.843931,0.932853,0.763803,0.954464,0.964852,0.854706,1.208317,0.859858,1.059249,0.971801,0.863790,0.878449,1.009404,1.081824,1.078175,0.000000,0.803226,0.794638,0.920668,0.721632,0.892966,0.924805,0.963539,1.158818,1.163196,1.088045,0.971033,1.060504,1.065551,0.940127,0.954223,1.002408,0.922142,0.954992,1.025463,0.893550,0.980675,0.909654,0.924993,0.838443,0.899753,0.979056,1.012862,1.015541,1.050465,1.073081,1.072589,1.038343,1.036262,0.841482,1.050391,0.899866,0.899381,0.921033,0.862900,0.988808,0.884319,0.872404,0.967145,1.058741,0.750527,0.961535,0.921602
蓝/社戏__chunk002,1.022234,1.160110,1.008580,1.004654,0.889049,0.972447,1.066473,1.129990,0.997494,1.204051,1.061407,1.169391,1.072218,0.982262,1.112160,1.126207,0.999717,0.915729,1.040366,1.034328,0.966500,1.195839,0.921503,1.242820,1.279208,1.204582,1.231792,1.014824,1.103519,1.377005,1.099691,1.223537,1.179257,1.330217,1.069658,1.264971,1.227971,1.227833,0.914180,0.711668,0.852462,1.193968,1.008742,1.128485,1.093257,1.145016,1.145219,1.178069,1.204389,1.122680,1.127049,1.059939,1.128542,1.057571,1.123971,0.995430,1.225914,1.108526,1.109739,1.171438,0.986548,1.035140,1.142922,1.205099,1.164891,1.084363,1.207339,1.127749,1.146247,1.242354,1.293171,1.151006,1.102202,1.248783,1.103837,1.039966,1.215201,1.135261,1.103549,1.198715,1.340278,1.206898,1.282013,1.059223,1.140930,1.000168,1.011235,1.063869,0.956812,0.842731,0.937247,1.057308,1.086377,0.988460,0.970152,1.086339,1.137529,1.087430,0.948103,0.950622,1.241622,0.918209,0.933775,0.941333,0.993162,0.869986,1.048445,0.863808,1.063958,1.174119,1.026714,1.422390,0.786583,1.114356,1.000434,0.968791,1.045247,0.867919,1.150642,0.950030,0.803226,0.000000,0.910396,1.145226,0.918944,0.922096,0.973055,1.020987,1.277880,1.178492,1.150048,0.987458,1.135249,1.146722,1.044931,0.953979,1.018398,1.052395,1.234590,1.253496,1.146588,1.156983,1.035802,1.090941,1.062860,1.104820,1.141502,1.036074,1.124347,1.065193,1.202404,1.075090,1.215688,1.073993,1.176070,1.031898,0.996977,0.990101,0.907308,1.042003,1.020088,1.007441,1.098871,1.147645,1.120600,0.926113,1.011604,1.039615
蓝/社戏__chunk003,1.137725,1.185821,1.058750,1.151026,1.115673,1.015204,1.061086,1.053581,1.037077,1.319245,1.154215,1.137932,1.072506,1.021029,0.934052,1.196009,1.025182,0.920054,1.146943,1.140471,0.991293,1.409973,0.967489,1.261505,1.277926,1.180107,1.174328,1.181919,1.050500,1.251723,1.051571,1.099226,1.152063,1.328974,1.218678,1.359592,1.367940,1.431108,0.886969,1.052039,0.740625,0.978057,0.951319,1.293364,1.141199,1.149776,1.101798,1.295455,1.262447,1.179316,1.092286,1.098149,1.038094,1.202272,1.128893,0.911965,1.064235,0.981931,1.023203,0.958393,0.889882,0.842742,0.917973,1.038232,0.973498,0.968512,1.182392,1.189075,1.215613,1.296028,1.145318,1.183381,1.054417,1.160438,1.017151,1.002562,1.315192,1.138416,0.985139,1.126470,1.214093,1.074428,1.292967,0.944309,1.199616,0.966202,0.991130,0.919009,0.994911,0.953025,1.006988,0.964193,1.084058,0.860920,0.876284,1.209889,1.041787,0.966585,1.008607,0.816045,1.096179,1.046412,0.922445,1.107023,0.991123,0.999516,1.041321,0.897286,0.916186,1.044854,0.901046,1.183033,0.900603,1.128375,0.909463,0.820407,0.864681,1.072387,1.221216,1.166585,0.794638,0.910396,0.000000,0.957285,0.847659,0.982517,0.918031,0.973206,1.206517,1.207361,1.072078,1.027017,1.102964,1.089855,1.005561,0.891264,1.041001,0.914254,0.787498,0.953824,0.952956,0.948304,0.862815,0.855672,0.795812,0.926350,0.920880,0.957196,1.063692,1.124329,1.118333,1.040539,1.106082,1.060337,0.958711,0.988308,0.902231,0.937193,0.987357,0.976884,0.947819,0.938346,0.920241,1.139262,1.064878,0.833793,0.966954,0.928265
蓝/社戏__chunk004,1.146192,1.244075,1.090188,1.260768,1.237847,1.077283,1.126783,1.145130,1.058408,1.331831,1.043630,1.254654,0.913358,1.116608,1.019986,1.178021,1.185219,1.045926,1.221122,1.161215,1.087267,1.430522,1.113130,1.297241,1.414064,1.265620,1.207756,1.226679,1.180198,1.242364,1.162545,0.994919,1.123458,1.339234,1.348853,1.411604,1.456213,1.552754,1.111641,1.252918,0.951623,0.939329,1.000105,1.400408,1.096400,1.192782,1.143109,1.337675,1.231343,1.081808,1.163195,1.066553,1.095774,1.234930,1.139102,1.068263,1.005415,1.030833,1.017085,1.043141,0.975553,1.065036,1.055286,1.135782,1.017397,1.205351,1.321856,1.322416,1.206852,1.342404,1.167291,1.241190,1.107362,1.173883,1.011942,1.137103,1.251681,1.107086,1.017017,1.184795,1.319828,1.134632,1.264228,0.944934,1.096594,0.900130,1.132554,1.040365,1.092835,1.006309,1.105980,1.131399,1.181271,0.942548,0.830887,1.177541,1.111759,0.875459,1.119821,0.884211,1.134664,1.119131,0.960857,1.111920,1.011468,1.142360,1.026933,0.993470,1.024542,1.127880,1.079549,1.210152,0.972706,1.109887,0.968251,1.040548,1.007120,1.268982,1.266524,1.192320,0.920668,1.145226,0.957285,0.000000,0.991334,1.119851,1.007631,0.993965,1.150572,1.215108,0.981868,0.986523,1.046285,1.092631,0.938385,0.986836,1.152339,0.993625,1.025293,1.014313,1.049144,1.082798,0.980928,1.020475,1.009162,0.959251,0.980638,1.114240,1.093756,1.207422,1.158406,1.130394,1.127536,1.196626,0.951690,1.045630,0.994263,1.099094,1.077338,0.880033,1.078706,0.990329,1.107593,1.039077,1.110498,0.854581,1.049542,0.935786
蓝/祝福__chunk001,0.960909,1.221005,1.002982,1.146984,1.050115,0.935824,0.994231,1.055557,0.967935,1.057154,1.074383,1.290344,1.054857,0.937780,0.966252,0.993139,0.890863,0.903486,1.010090,0.988102,0.960968,1.198623,0.893685,1.249511,1.199640,1.078641,1.051919,0.951746,1.013048,1.240153,1.068586,0.922516,1.025997,1.200414,1.174275,1.211170,1.241462,1.291877,0.913789,1.078197,1.072994,1.103549,0.601451,1.107560,0.911216,1.128913,0.990798,1.209161,1.065931,1.058929,1.057883,0.905812,0.966155,1.137330,1.026073,0.987455,1.120285,1.019036,0.945881,0.877442,0.986047,1.039761,0.916451,1.133381,1.156235,1.162403,1.105895,1.057491,1.037095,1.197360,1.048488,1.035882,0.973712,1.157036,0.969933,1.038091,1.165698,1.130510,0.901609,1.127678,1.163324,1.107056,1.135452,0.925438,1.027924,0.887067,0.930136,0.993712,1.115971,0.954755,0.760740,0.870420,0.976433,0.817626,0.869094,1.026382,1.025243,0.910093,0.812093,0.861105,1.066928,0.779292,0.911492,1.047618,0.959415,0.898293,0.918954,0.801934,1.040477,1.089431,0.935956,1.223988,0.821564,1.059562,1.073645,0.797302,0.948938,1.030805,1.134343,1.142926,0.721632,0.918944,0.847659,0.991334,0.000000,0.942026,0.852589,0.952720,1.181010,1.235654,1.098816,1.038677,1.028576,1.051173,0.938247,0.900381,1.050522,1.030059,0.922831,1.058333,0.853870,0.948976,1.000192,0.916908,0.877974,0.955593,1.076611,1.017652,0.978674,1.050883,1.142623,0.959456,1.000787,1.000278,0.998852,0.994706,0.986301,0.910651,0.956934,0.941800,0.849497,0.937113,0.944854,0.965725,1.103538,0.819866,0.961467,0.962184
蓝/祝福__chunk002,1.000319,0.941409,0.895414,0.962109,0.987478,0.860847,0.870804,1.087275,0.896087,0.936530,0.862130,1.017889,1.099897,0.958896,1.045029,1.121976,1.029024,0.974669,1.000377,0.966431,0.871250,1.104510,0.896654,1.066327,1.271856,1.246279,1.152964,0.980276,1.010467,1.087308,1.080042,1.076729,1.060256,1.175057,1.153590,1.121980,1.126769,1.113011,0.880743,0.985348,1.052135,1.100042,0.991306,0.804157,0.951905,1.037080,1.110151,1.144992,1.064059,1.150247,1.049474,0.859293,0.912467,1.034521,0.967200,0.914379,1.142512,1.042450,0.930451,1.039852,0.884929,1.038815,1.060263,1.132784,1.209346,1.054451,1.046051,1.103399,1.126508,1.100591,1.107159,1.118233,1.035961,1.109662,1.002080,1.071900,1.057646,1.095919,1.025619,1.138455,1.185435,1.128752,1.219314,0.957605,1.170444,0.961916,0.842960,0.930711,0.936206,0.808676,0.790710,0.838925,0.910627,0.856466,0.898894,0.926751,0.946358,1.008143,0.973119,0.986751,1.147780,0.952788,0.998548,0.840326,0.803082,0.909824,0.894984,0.889297,0.930603,1.104771,0.981424,1.237720,0.844849,1.002757,0.954242,0.957455,0.971243,0.965098,0.988546,1.003170,0.892966,0.922096,0.982517,1.119851,0.942026,0.000000,0.929873,0.964744,1.099394,1.147921,0.995934,0.959087,1.018284,0.905359,0.952120,0.915732,0.949614,1.029270,1.220876,1.057940,1.079002,1.040280,0.926086,1.015554,0.987903,1.026675,1.092429,1.130509,0.961928,0.917620,1.269716,1.003133,1.049517,1.009847,1.098501,1.031257,0.961031,0.964610,0.868799,0.934292,0.956524,0.914793,1.034236,1.055051,1.132515,0.959467,0.917379,1.077801
蓝/祝福__chunk003,0.946220,1.053952,0.927477,1.142560,1.054442,0.982337,1.056967,1.122562,1.034994,1.256366,0.980192,1.145572,0.921431,0.993367,0.975546,1.095104,0.967332,0.914748,1.016194,1.000071,1.025754,1.364876,1.007714,1.232952,1.290933,1.200196,1.072622,1.100601,1.035339,1.234207,1.160462,0.952975,1.044609,1.169216,1.233808,1.422187,1.331394,1.392492,0.947331,1.005861,0.945352,0.996139,0.918776,1.176383,0.856003,0.985929,0.990110,1.234580,0.984196,0.975189,1.080629,0.946165,0.909956,1.073555,0.973954,0.995503,1.074725,0.867466,0.886974,0.964297,1.067671,1.030400,0.918681,1.098032,1.059604,1.047990,1.176227,1.235519,1.111043,1.130976,1.048274,1.127246,1.065565,1.194017,1.057480,1.028266,1.299870,1.187544,0.982013,1.134880,1.275638,1.154193,1.307539,0.815347,1.086484,0.880242,0.904903,0.959306,1.063081,1.044588,1.005011,0.939012,1.190800,0.975725,0.861436,1.093088,0.847714,0.969027,0.890540,0.878215,1.107693,0.890468,0.912097,1.019387,1.072081,0.949000,1.023806,0.920920,1.018408,1.011163,0.945360,1.097564,0.795159,0.949188,1.031761,0.754651,0.886237,1.145052,1.295246,1.120366,0.924805,0.973055,0.918031,1.007631,0.852589,0.929873,0.000000,0.761246,0.986265,1.066183,0.995726,0.962770,1.043302,1.009749,0.823065,0.949514,0.986093,0.925229,0.975234,1.002376,0.955128,1.000164,0.993046,0.993204,0.889215,1.006344,0.996374,1.010642,1.082111,1.130589,1.134207,0.993863,1.121545,1.024435,1.053373,1.010041,0.962007,1.001254,1.051355,0.918686,1.001513,0.995764,0.978817,1.100260,1.131573,0.802213,0.959397,0.934937
蓝/祝福__chunk004,1.099482,1.140277,1.038598,1.162020,1.122045,0.984114,1.127028,1.216418,1.002311,1.148998,1.036878,1.184276,1.036733,1.007660,0.982818,1.125458,1.049629,0.967049,1.163053,1.011266,1.023341,1.287070,1.014537,1.146938,1.202687,1.155296,1.081553,1.177969,1.049699,1.161210,1.156580,0.954670,1.033613,1.175225,1.250738,1.278044,1.211038,1.284971,1.041165,1.125403,0.980357,1.073184,0.955388,1.171349,1.019795,0.834588,0.956452,1.246763,0.953175,1.052764,1.006507,0.908938,0.880036,0.989534,1.002965,0.970120,1.138614,1.008750,0.953148,0.981248,1.068464,1.040518,1.049297,1.109585,1.119868,1.064942,1.185601,1.284487,1.152395,1.244494,1.164567,1.227262,1.110505,1.164407,1.157363,1.045478,1.224290,1.086829,0.990267,1.161041,1.220925,1.109407,1.301668,0.935220,1.069560,0.892703,1.039983,0.928253,1.084577,1.000199,0.929306,1.008255,1.191255,1.093203,0.885435,1.119098,0.915520,0.885139,0.868967,0.881437,1.056826,0.973605,1.013826,0.993438,0.864470,0.995179,0.906750,0.982172,0.884871,0.974194,0.872415,1.145131,0.900740,0.948998,0.901348,0.807045,0.954289,1.176299,1.187160,1.040247,0.963539,1.020987,0.973206,0.993965,0.952720,0.964744,0.761246,0.000000,1.012846,1.042500,1.017415,0.815659,1.037091,0.935463,0.822765,0.867694,0.979295,0.886830,1.079800,1.036969,0.946463,0.991142,0.976010,1.082406,1.000272,0.939148,1.133081,1.182167,1.163638,1.278398,1.189086,1.107821,1.149173,1.138390,1.149965,1.171833,0.957214,0.997862,1.084910,0.963944,1.023631,1.037487,1.039816,1.087501,1.254029,0.792385,0.903479,0.914774
蓝/祝福__chunk005,1.287001,1.197307,1.061721,1.204763,1.187382,1.134920,0.985962,1.228215,1.019790,1.201986,1.127514,1.252557,1.067833,1.144055,1.034687,1.145805,1.178827,1.179887,1.275913,1.101135,1.078174,1.402335,1.041277,1.156988,1.387228,1.296975,1.086371,1.262758,1.107719,1.124577,1.111193,1.146344,1.056013,1.253427,1.374323,1.442877,1.438137,1.373225,1.074951,1.180002,1.185663,0.995435,1.121160,1.296996,1.157472,0.972571,0.987510,1.102773,1.219698,1.309013,1.199977,1.099388,1.109110,1.201869,1.282199,1.153125,1.135686,1.163812,1.105392,1.121830,1.112318,1.224913,1.363252,1.217578,1.214048,1.231117,1.403018,1.438849,1.373958,1.370531,1.165980,1.199992,1.032541,1.091511,1.183020,1.248311,1.430959,1.174282,1.155161,1.106764,1.155026,1.273171,1.302575,1.074771,1.208107,0.980104,1.143284,1.100833,1.200916,1.092321,1.141805,1.086756,1.168247,1.188989,0.945755,1.107584,1.067587,1.056551,1.106316,1.052696,1.145281,1.062692,1.107475,1.188704,1.019567,1.141064,1.106323,1.148046,1.136673,1.215091,1.288088,1.133600,1.113068,1.085828,1.048229,1.062915,1.096580,1.367979,1.437536,1.231749,1.158818,1.277880,1.206517,1.150572,1.181010,1.099394,0.986265,1.012846,0.000000,1.052268,1.159313,1.206456,1.221819,1.178439,1.054653,1.029990,1.361995,1.157681,1.220772,1.190070,1.197481,1.076802,1.126122,1.212649,1.254880,1.141253,1.238801,1.313944,1.316350,1.380456,1.286425,1.279626,1.255650,1.233935,1.190200,1.226949,1.133815,1.272022,1.255212,1.108751,1.091834,1.214017,1.173268,1.243294,1.260826,1.106077,1.155476,1.017859
蓝/祝福__chunk006,1.093299,1.108034,1.191326,1.224058,1.198452,1.237312,1.101185,1.310103,1.098185,1.187079,1.099459,1.231744,1.014224,1.142023,1.096882,1.185352,1.109359,1.087438,1.160727,1.098757,1.110137,1.383179,1.024264,1.191235,1.311695,1.278676,1.113275,1.312422,1.196343,1.281289,1.292879,1.116351,1.156170,1.389157,1.217824,1.293061,1.262179,1.277003,1.156262,1.195591,1.131187,1.202815,1.152177,1.246327,1.154479,1.019142,1.033040,1.008449,0.907921,1.182274,1.118444,1.065564,1.113802,1.101162,1.113632,1.068038,1.137706,1.032210,1.037895,1.061023,1.098421,1.175402,1.215041,1.218181,1.105826,1.259956,1.365723,1.320272,1.159283,1.305683,1.222217,1.176593,1.134814,1.169164,1.226677,1.183665,1.278544,1.184472,1.083370,1.220304,1.168070,1.148556,1.293237,0.961160,1.107891,0.989842,1.121475,1.020860,1.129249,1.164004,1.159631,1.176735,1.320023,1.231679,1.056966,1.085299,1.129748,1.058829,1.207821,1.118555,1.183040,1.154206,1.053634,1.037275,1.070964,1.095177,1.210707,1.079931,1.156737,1.317446,1.152229,1.233834,1.066573,1.106988,1.046660,1.051323,1.009181,1.245797,1.227276,1.113088,1.163196,1.178492,1.207361,1.215108,1.235654,1.147921,1.066183,1.042500,1.052268,0.000000,1.061367,1.096865,1.135262,1.085399,1.060335,1.013049,1.078077,1.107489,1.278129,1.127103,1.087696,1.105524,1.016460,1.081676,1.182343,1.246619,1.179521,1.275657,1.248236,1.274122,1.161343,1.199382,1.257636,1.225557,1.237959,1.120270,1.084161,1.120404,1.211091,1.141184,1.154155,1.184912,1.123588,1.240226,1.241394,0.962141,1.102771,1.070824
蓝/祝福__chunk007,1.092078,1.258279,1.082475,1.295844,1.223031,1.142512,1.073660,1.348622,1.207399,1.285880,1.035329,1.177581,1.094041,1.213733,1.243660,1.290075,1.113116,1.135732,1.246518,1.278542,1.089474,1.566599,1.176388,1.324196,1.430257,1.383550,1.195848,1.348138,1.247602,1.324610,1.340771,1.133169,1.167620,1.227752,1.355603,1.474646,1.424358,1.530261,1.248332,1.264619,1.090093,1.191834,1.026913,1.316681,1.155257,1.174479,1.089737,1.229527,1.090757,1.240850,1.196969,1.144206,1.059509,1.373742,1.199738,1.055070,1.198270,1.155828,1.050421,1.186869,1.011742,1.047988,1.157643,1.203457,1.125988,1.102452,1.372389,1.365126,1.321366,1.462830,1.256938,1.322911,1.179426,1.256190,1.249475,1.192294,1.309740,1.266727,1.130490,1.294686,1.421288,1.301078,1.436521,1.062933,1.251692,1.001187,0.981413,1.113285,1.115796,1.137613,1.075381,1.038879,1.167316,1.094915,0.985133,1.158558,1.137461,1.097391,1.163168,0.998751,1.250669,1.104780,1.094434,1.082918,1.123055,1.074256,1.221245,1.022244,1.237686,1.219661,1.157300,1.200633,1.084379,1.250623,1.005523,1.039381,0.947885,1.317003,1.275846,1.220870,1.088045,1.150048,1.072078,0.981868,1.098816,0.995934,0.995726,1.017415,1.159313,1.061367,0.000000,1.074481,1.036549,1.101977,1.064261,1.141267,1.147144,1.133049,1.281331,0.970119,0.926025,1.216316,1.040305,1.041175,1.077708,1.116368,1.009184,1.141272,1.155485,1.255165,1.213610,1.165716,1.209380,1.181333,1.111102,1.134826,1.160173,1.168315,1.059493,1.115113,1.193571,1.160891,1.341096,1.229927,1.187736,0.999738,1.165778,1.058213
蓝/离婚__chunk001,1.066693,1.294467,1.192503,1.247623,1.179901,1.090874,1.186249,1.215698,1.065498,1.220443,1.069505,1.095547,0.939979,0.976401,0.988658,1.124099,1.072569,0.954424,1.157068,1.012590,1.126103,1.298082,1.036116,1.169040,1.186823,1.133256,1.036892,1.151688,1.057425,1.164389,1.184837,1.056614,1.088502,1.343946,1.145582,1.200201,1.116799,1.160420,1.133219,1.156365,0.967673,1.148174,1.118861,1.168946,1.180158,1.088938,1.219205,1.312055,1.180154,0.735203,1.044179,0.923178,0.974685,1.021453,0.957564,0.932749,1.136902,0.924334,1.068773,1.059643,0.948574,0.911094,0.981772,0.978218,0.931595,1.114622,1.164165,1.170088,1.182047,1.212335,1.248479,1.168803,1.064297,1.180484,1.078942,1.008387,1.202067,1.033912,1.090813,1.217253,1.238040,0.962918,1.317068,1.000913,0.896966,0.875718,0.988459,1.177226,1.117680,1.054198,1.076835,1.180138,1.125711,1.021010,0.876162,1.144086,1.071185,0.917906,0.928976,0.851565,1.004651,1.000372,0.947217,0.854627,0.895237,1.016648,1.014360,0.885161,0.958852,1.031551,0.859811,1.143993,0.905188,0.972763,0.919660,0.948783,0.945672,1.043312,1.039501,0.967460,0.971033,0.987458,1.027017,0.986523,1.038677,0.959087,0.962770,0.815659,1.206456,1.096865,1.074481,0.000000,0.881617,0.718630,0.829832,0.817440,0.873370,0.910758,1.022129,0.830879,1.036972,0.979442,0.863385,0.903378,0.843165,0.832893,0.916434,1.155394,0.976791,1.171902,1.083705,0.986694,1.078260,1.137776,1.046740,1.027851,0.996327,0.923721,0.875034,0.907323,1.140142,0.917487,0.948416,1.043625,1.236747,0.944100,0.784651,0.848184
蓝/离婚__chunk002,1.110062,1.173721,1.094138,1.206220,1.227516,1.030445,1.136480,1.284094,1.045770,1.218815,1.150189,1.220577,0.963651,1.050824,1.023066,1.141783,1.024672,0.939046,1.084397,1.065740,1.164747,1.358739,0.947114,1.246184,1.253534,1.115492,1.135406,1.285428,1.194635,1.162658,1.181786,1.032032,1.002851,1.277058,1.180767,1.301747,1.323987,1.365844,1.168085,1.248507,1.099114,1.132806,1.013280,1.298936,1.132243,1.093755,1.099755,1.326112,1.154627,1.026230,0.752544,0.976200,1.017083,1.074365,0.979527,0.889734,1.094505,1.053041,0.940560,1.028675,0.899378,0.923962,1.005214,1.184307,1.021233,1.067253,1.228217,1.266704,1.197656,1.155837,1.119303,1.144059,1.083775,1.196329,1.058373,1.100189,1.221150,1.017324,1.061738,1.132091,1.215694,1.127446,1.105414,0.963641,1.011916,0.890297,1.032141,1.148275,1.072712,1.138688,1.006053,1.027890,1.153396,1.178640,0.990502,1.152208,1.179476,0.971023,1.020941,0.948312,1.044656,0.981250,0.903921,1.050990,0.990189,1.177421,1.114284,0.904592,1.061522,1.064673,1.007579,1.244238,1.052240,1.051454,0.922370,0.916927,0.896161,1.071463,1.278951,1.042822,1.060504,1.135249,1.102964,1.046285,1.028576,1.018284,1.043302,1.037091,1.221819,1.135262,1.036549,0.881617,0.000000,0.962105,0.900433,1.038263,1.078111,0.954324,1.192335,0.983902,0.940430,1.094117,0.957021,0.878637,0.968466,1.097767,0.981091,0.985511,1.048411,1.175215,1.069179,1.060316,1.072896,1.056551,0.983155,0.995470,1.002216,0.952477,0.994443,0.878157,1.082125,1.017371,1.051950,1.127762,1.232113,0.927897,0.842455,0.924368
蓝/离婚__chunk003,1.000737,1.189232,1.046666,1.158205,1.086071,1.031022,1.001835,1.204136,1.001340,1.108910,1.116027,1.099720,0.978503,0.870255,0.981344,1.096638,1.109376,1.038566,1.098064,1.006690,0.979886,1.145646,1.005494,1.207511,1.219053,1.171960,1.017201,1.188103,0.950241,1.034412,1.207161,0.998583,1.102304,1.306393,1.176634,1.202445,1.128239,1.258932,1.080762,1.162405,1.073374,1.152665,1.152991,1.035606,1.082556,1.075529,1.099859,1.307173,1.108548,0.979731,1.003513,0.790388,0.911450,1.003573,0.868775,0.946386,1.123110,0.902277,0.923224,1.005735,0.952486,1.026389,0.989160,0.928922,1.028897,1.221333,1.120086,1.207519,1.131503,1.257992,1.097412,1.072286,1.022725,1.143593,1.177347,0.998030,1.214332,1.078298,1.118076,1.268208,1.167507,1.093452,1.302122,0.987217,1.017251,0.892966,0.940687,1.112024,1.047814,1.071621,0.955817,1.065826,1.074091,1.077822,0.969393,1.169471,0.990045,0.890626,0.999161,0.971783,1.076651,1.057396,1.081524,0.986393,0.991393,1.026770,0.861182,0.969176,0.977841,1.116971,1.014279,1.180096,1.062177,0.983101,0.988059,1.032019,1.012931,1.075220,1.048719,1.033223,1.065551,1.146722,1.089855,1.092631,1.051173,0.905359,1.009749,0.935463,1.178439,1.085399,1.101977,0.718630,0.962105,0.000000,0.881619,0.918314,0.995457,0.977660,1.065544,0.915936,1.031590,1.012323,0.930483,0.981394,0.983404,0.892205,1.145199,1.345268,0.960183,1.112195,1.268531,1.034395,1.149273,1.162651,1.091660,1.096045,1.154483,1.080129,1.017809,1.009423,1.099163,1.068297,1.098834,1.069526,1.233913,0.960496,0.930828,0.965455
蓝/肥皂__chunk001,1.010522,1.133855,0.964637,1.136733,1.098138,0.991759,1.075544,1.214815,0.955704,1.126748,1.023431,1.159604,0.815053,0.993917,0.941442,1.126996,1.055231,0.916460,1.065162,0.977164,1.135410,1.222105,1.067822,1.159484,1.161600,1.112139,0.922570,1.141619,1.061317,1.174178,1.091494,0.976784,0.951167,1.248365,1.213363,1.321518,1.261722,1.324142,1.090188,1.140761,1.073976,1.047744,1.051983,1.248790,1.076458,1.107530,1.116876,1.197884,0.973440,0.881185,0.940177,0.931680,0.660743,1.011333,0.856738,0.796428,1.114662,0.879730,0.975552,0.898350,0.864383,1.002113,0.968766,0.977067,1.025610,1.174765,1.203863,1.202392,1.178619,1.179045,1.191889,1.087969,1.085755,1.153017,1.108300,1.081901,1.273725,1.072144,0.980626,1.173804,1.290869,1.043281,1.223389,0.835637,1.009475,0.867591,0.932965,0.973577,1.123596,1.092378,0.865479,0.919954,1.132831,1.003718,0.850895,1.005717,0.892839,0.784054,0.879474,0.826553,1.050437,0.994741,0.900296,0.868026,0.957391,1.028192,0.886951,0.859111,0.903234,0.994472,0.896407,1.020018,0.872160,0.939917,0.919602,0.823738,0.905246,1.010316,1.201615,1.055081,0.940127,1.044931,1.005561,0.938385,0.938247,0.952120,0.823065,0.822765,1.054653,1.060335,1.064261,0.829832,0.900433,0.881619,0.000000,0.797344,0.881019,0.895735,0.962481,0.915344,0.871529,0.938837,0.786375,0.915044,0.887893,0.954543,0.964442,1.180731,1.048837,1.108483,1.096803,1.020000,0.964796,1.104973,0.953353,0.945942,0.905676,1.058072,0.987677,0.787992,0.941939,0.988400,0.956588,0.941900,1.137457,0.720109,0.906275,0.842460
蓝/肥皂__chunk002,1.074863,1.160379,1.105526,1.110954,0.965765,0.838569,0.967060,1.160016,0.922111,1.073883,0.996721,1.101016,0.955658,0.907392,0.914436,1.011822,1.008981,0.929630,1.059720,0.950504,0.999630,1.184432,0.939279,0.982585,1.183036,1.100271,1.050993,1.038193,0.916138,1.135934,0.988018,0.981293,1.027006,1.270369,1.165771,1.274511,1.078744,1.216116,0.966927,0.918747,0.915287,1.119355,0.970041,1.157627,1.064340,1.052592,1.005742,1.207664,1.123785,1.014879,0.922896,0.840888,0.832044,0.776991,0.956944,0.933917,1.077187,0.964892,0.953713,0.987220,0.960020,1.051551,0.997422,1.019977,1.074816,1.078564,1.200340,1.178336,1.180957,1.229945,1.113957,1.125478,1.042944,1.108933,1.045856,0.987260,1.188866,0.998575,1.024884,1.126889,1.152002,0.946492,1.139679,0.847649,0.961338,0.846209,0.971720,1.014018,1.052710,0.895476,0.938257,1.042283,1.030364,1.014772,0.803830,0.986116,0.934644,0.843808,0.828345,0.918732,0.937375,0.951845,0.967781,0.865421,0.870824,1.081979,0.855408,0.909141,0.846317,0.984661,0.914021,1.179180,0.796519,0.948887,0.948115,0.909663,0.985928,1.019410,1.111311,0.969292,0.954223,0.953979,0.891264,0.986836,0.900381,0.915732,0.949514,0.867694,1.029990,1.013049,1.141267,0.817440,1.038263,0.918314,0.797344,0.000000,0.925933,0.888443,1.015908,0.930384,1.051816,0.933538,0.871153,0.963941,0.936917,0.981730,1.155977,1.222771,1.104805,1.123925,1.125925,1.095860,1.131010,1.037072,1.090908,0.883198,0.924932,0.989040,0.970368,0.934639,1.005011,0.929064,0.921694,0.980400,1.101654,0.887998,0.922252,0.892179
蓝/肥皂__chunk003,1.248495,1.299448,1.125376,1.169100,1.217005,1.033384,1.197696,1.264144,1.124581,1.291068,1.165253,1.128119,1.057546,0.899054,0.969240,1.202835,1.209374,0.883593,1.174774,1.081003,1.179252,1.232619,1.087143,1.124423,1.112033,1.166194,1.082058,1.107900,1.096717,1.172326,1.224540,1.094975,1.104896,1.407866,1.258293,1.273938,1.197595,1.290274,1.099584,1.142970,1.149360,1.267822,1.129020,1.186086,1.130734,1.223970,1.337865,1.326356,1.085622,1.016701,1.059809,0.930638,0.981803,1.049400,0.739867,0.845381,1.224512,1.009588,1.046574,0.992645,1.070368,1.070561,1.036308,1.085285,1.124230,1.264408,1.146462,1.204729,1.145029,1.210462,1.309455,1.168845,1.133634,1.226437,1.216745,1.055869,1.243076,1.181847,1.142775,1.213739,1.394256,1.175668,1.326362,1.076594,1.098256,1.046659,1.001869,1.097105,1.124295,1.052545,1.013093,1.116119,1.334708,1.110905,0.992534,1.098539,0.998567,0.969561,0.931886,0.845070,1.161384,1.017931,1.007109,0.878797,0.934654,1.058013,0.966965,0.947103,0.988494,1.010311,0.934056,1.019885,1.000840,0.923616,0.968566,0.994772,0.938804,1.123257,1.141348,1.113891,1.002408,1.018398,1.041001,1.152339,1.050522,0.949614,0.986093,0.979295,1.361995,1.078077,1.147144,0.873370,1.078111,0.995457,0.881019,0.925933,0.000000,0.955770,1.170057,0.926044,1.069632,1.064470,0.891212,1.006259,0.990661,1.008518,1.107075,1.309658,1.115826,1.135374,1.281470,1.069578,1.112308,1.147658,1.102169,1.053819,1.069780,0.966111,0.905681,0.952689,1.088057,1.002526,1.000776,1.129218,1.234181,0.905483,0.936273,1.037934
蓝/肥皂__chunk004,1.091990,1.204327,1.173702,1.233251,1.190950,1.067779,1.084488,1.155703,1.072080,1.238426,1.154520,1.187425,0.933711,0.832381,0.913348,1.082042,1.218052,1.005399,1.105061,0.990558,1.048573,1.329699,1.049586,1.169601,1.183256,1.107918,1.165145,1.171671,1.073606,1.172681,1.120670,0.974223,1.004437,1.311518,1.231768,1.388903,1.291658,1.338091,1.072237,1.190336,1.015548,1.027768,1.121879,1.285085,1.159414,1.122718,1.123903,1.329822,1.170249,0.945593,0.895594,0.943927,0.895783,0.991000,0.913152,0.746762,1.047668,0.951636,0.969103,0.944497,0.843354,1.003817,0.925750,1.070765,1.032411,1.148976,1.123590,1.270066,1.250827,1.269253,1.152466,1.226897,1.093488,1.265924,1.119464,1.132500,1.303733,1.078818,1.143581,1.123634,1.282641,1.076564,1.295324,0.832507,1.053051,0.923304,0.985960,1.095196,0.992654,0.930649,1.034391,1.007876,1.047005,0.977674,0.867143,1.050064,1.050399,0.827890,0.877481,0.845488,0.953571,1.075865,0.912884,0.983519,0.919330,1.012308,0.975623,0.959344,0.902632,0.949118,0.879423,1.125584,0.931095,1.013121,0.955328,0.970916,0.829977,1.162749,1.201633,1.122867,0.922142,1.052395,0.914254,0.993625,1.030059,1.029270,0.925229,0.886830,1.157681,1.107489,1.133049,0.910758,0.954324,0.977660,0.895735,0.888443,0.955770,0.000000,0.932848,1.056738,0.959190,0.876487,0.829351,0.896719,0.929107,0.943160,1.047137,1.210689,0.968515,1.171350,1.159104,1.208445,1.171252,1.097976,0.969072,1.083395,0.912885,1.013728,1.041253,0.964082,1.101500,1.017775,0.975008,1.102894,1.065689,0.849660,0.907999,0.873678
蓝/药__chunk001,1.137419,1.447610,1.306264,1.418484,1.369669,1.333273,1.271364,1.207634,1.186939,1.497556,1.329213,1.396680,1.076439,1.185023,0.883428,1.176429,1.087317,1.098038,1.303838,1.302026,1.228345,1.476086,1.113933,1.277114,1.388428,1.150646,1.078124,1.276654,1.262598,1.325563,1.281537,1.035845,1.133597,1.478952,1.341293,1.477041,1.446238,1.531882,1.069477,1.341937,1.072494,1.125739,1.064181,1.421538,1.249607,1.274813,1.273657,1.439173,1.340516,1.167491,1.111720,1.189128,1.142619,1.312492,1.188907,1.057455,0.893359,0.875415,1.085037,0.937309,0.939040,0.930289,0.992528,1.101574,0.990850,1.162530,1.282938,1.313615,1.151323,1.315592,1.146646,1.233596,1.019213,1.227675,1.102957,1.152577,1.365911,1.171014,1.141312,1.237959,1.341958,1.059480,1.304749,1.003025,1.219770,1.037114,1.061827,1.218933,1.264489,1.277887,1.127222,1.139718,1.226170,0.971977,1.014843,1.410853,1.161591,0.962115,1.028608,0.763090,1.023882,1.088646,0.991843,1.215988,1.200268,1.121465,1.214747,0.895424,0.995539,1.117986,0.942672,1.188424,0.995573,1.286496,1.101126,0.933304,0.907629,1.234944,1.327651,1.284144,0.954992,1.234590,0.787498,1.025293,0.922831,1.220876,0.975234,1.079800,1.220772,1.278129,1.281331,1.022129,1.192335,1.065544,0.962481,1.015908,1.170057,0.932848,0.000000,0.903346,0.989582,0.844484,0.938731,0.785919,0.920549,0.904150,0.874589,1.152797,1.151396,1.225151,1.194930,1.078254,1.066239,1.160811,0.987530,1.132644,0.905722,1.071314,1.004397,1.000420,1.005982,0.982504,0.843183,1.011925,1.085848,0.898085,1.076448,0.876952
蓝/药__chunk002,1.208261,1.272964,1.172210,1.265251,1.305596,1.064778,1.126478,1.275799,1.087888,1.237217,1.165031,1.145274,0.939879,0.935597,0.957391,1.095246,1.002881,0.976661,1.214272,1.119562,1.147524,1.408028,1.023804,1.105285,1.248008,1.191503,0.924273,1.176832,1.180607,1.179962,1.209209,1.040616,1.050709,1.406522,1.331269,1.269684,1.240455,1.388710,1.118790,1.273372,1.063469,1.108358,1.024896,1.323705,1.221182,1.254703,1.220943,1.375215,1.180136,0.973680,0.978918,1.012582,0.942653,1.145675,0.959153,0.946354,0.914971,0.676876,1.051454,0.832290,0.906695,0.907326,0.961830,0.997526,0.992846,1.149604,1.148274,1.246233,1.091792,1.207293,1.041523,1.130651,0.913426,1.124250,1.080621,1.057572,1.212527,1.094753,1.005369,1.139622,1.186384,0.999852,1.166877,0.894411,1.145894,0.857707,1.033608,1.056863,1.100364,1.180459,1.052372,1.068281,1.236538,1.015033,0.884338,1.146475,1.058860,0.925959,0.923157,0.771217,0.968920,1.024273,0.983395,1.018445,1.006451,1.118349,1.050660,0.908251,0.950306,1.003473,0.957694,0.922903,0.968178,1.183237,0.872352,0.911093,0.893496,1.204992,1.142893,0.984938,1.025463,1.253496,0.953824,1.014313,1.058333,1.057940,1.002376,1.036969,1.190070,1.127103,0.970119,0.830879,0.983902,0.915936,0.915344,0.930384,0.926044,1.056738,0.903346,0.000000,0.930604,0.916205,0.817261,0.827189,0.778716,0.943627,0.890440,1.224373,1.081297,1.177544,1.133698,0.903153,0.988982,1.099347,0.900575,0.925871,0.980526,1.033632,0.947347,0.893603,1.093227,0.858881,0.973209,0.975931,1.063984,0.899009,0.920000,0.884986
蓝/药__chunk003,0.996215,1.195572,1.093309,1.242104,1.209003,1.061007,1.096687,1.120208,1.074876,1.310712,1.182011,1.318528,0.989422,1.096016,0.964310,1.000598,1.023208,1.065866,1.141556,1.213243,1.143772,1.436235,1.103958,1.234704,1.318022,1.189345,1.044171,1.274994,1.153775,1.278783,1.206172,0.975680,0.958718,1.224805,1.201081,1.455680,1.354236,1.372037,1.107901,1.197028,1.076573,1.049202,0.913915,1.355836,1.115989,1.135321,1.067701,1.286256,1.072413,1.106210,1.048568,1.046061,0.938335,1.185197,1.063102,0.918642,1.118562,1.012144,0.860233,0.930420,0.915373,0.906177,0.900273,1.150108,1.030927,1.123919,1.221349,1.162174,1.203310,1.205357,1.145795,1.116196,0.970198,1.233613,1.139426,1.045933,1.360432,1.127823,1.021757,1.209843,1.266292,1.075268,1.174353,0.942597,1.137246,0.892545,0.968764,1.005745,1.047989,1.120168,0.963858,0.907044,1.161104,0.941909,0.914131,1.236680,1.087146,0.840589,0.951200,0.819957,1.075755,1.028982,0.955658,1.145564,1.038586,1.014452,1.108182,0.850264,1.049344,1.080624,0.977882,1.135609,1.090357,1.137844,1.032098,0.840245,0.848004,1.139640,1.209161,1.132716,0.893550,1.146588,0.952956,1.049144,0.853870,1.079002,0.955128,0.946463,1.197481,1.087696,0.926025,1.036972,0.940430,1.031590,0.871529,1.051816,1.069632,0.959190,0.989582,0.930604,0.000000,1.032785,0.949851,0.802846,0.977348,1.035375,0.935824,1.053419,1.069454,1.139253,1.031658,1.091248,1.128783,1.012764,0.820883,1.036760,1.043181,1.065144,1.029568,0.909847,1.006068,0.957175,0.931948,1.007697,1.061293,0.920525,1.031995,0.971004
蓝/铸剑__chunk001,1.266893,1.310053,1.134533,1.184250,1.216676,1.060896,1.108755,1.093852,0.998450,1.141243,1.148026,1.268465,0.901392,0.825261,0.832413,0.970821,1.010337,0.993038,1.041777,1.077462,0.945581,1.207805,0.918817,1.102021,1.238072,1.033471,0.913168,1.116977,1.029394,1.027279,1.086891,0.952916,0.903499,1.347839,1.290372,1.339238,1.254018,1.433465,0.961783,1.131726,0.997252,1.073222,0.921730,1.202887,1.226022,1.176226,1.078213,1.280571,1.063537,1.100287,1.021652,1.119184,0.908648,0.943847,1.099489,0.919610,0.942084,0.822981,1.043110,0.521120,0.840503,0.963318,0.932519,0.955805,1.033415,1.129792,1.174487,1.094669,1.133359,1.117929,0.982337,1.114896,0.898934,1.068696,0.946025,1.079691,1.208388,1.004212,0.947561,1.037940,1.121409,1.015071,1.108848,0.950515,1.037427,0.874779,1.010660,1.093596,1.025364,1.056230,0.956926,1.021776,1.110942,0.922430,0.889304,1.066549,1.019226,0.723668,0.845646,0.731183,0.939017,0.926091,0.926176,1.055643,0.957689,1.045389,0.966862,0.951009,0.934497,1.055775,0.996470,1.084651,0.950125,1.082333,0.966434,0.850105,0.804781,1.207532,1.195101,1.076459,0.980675,1.156983,0.948304,1.082798,0.948976,1.040280,1.000164,0.991142,1.076802,1.105524,1.216316,0.979442,1.094117,1.012323,0.938837,0.933538,1.064470,0.876487,0.844484,0.916205,1.032785,0.000000,0.750553,0.824847,0.839625,0.784680,0.964161,1.202001,1.003343,1.144116,1.118645,0.907880,0.917039,1.058765,0.899185,0.993973,0.911386,1.030904,1.016063,0.960829,0.930007,0.912339,0.899828,0.956717,1.085791,0.851471,0.939314,0.928582
蓝/铸剑__chunk002,1.055076,1.137392,1.030684,1.152040,1.107494,1.004684,1.093931,1.080787,0.903030,1.149320,1.014802,1.033332,0.851851,0.860221,0.830808,0.954983,0.998158,0.813064,0.916558,0.956422,0.976416,1.205735,0.944228,0.986708,1.086902,0.940189,0.953556,1.035688,1.043560,1.072764,1.031900,0.929041,1.004431,1.307628,1.085327,1.181309,1.071655,1.264840,0.958734,0.994287,0.956554,1.050998,1.041451,1.109249,1.100081,1.041710,1.122637,1.168317,1.012074,0.941542,1.031903,0.955222,0.859872,0.939201,0.901781,0.792801,0.910395,0.784671,0.968796,0.711738,0.587156,0.900457,0.782865,0.954851,0.955969,1.051449,0.996778,1.040682,1.003216,1.035332,0.990945,1.001526,0.851683,0.956386,0.944962,1.014731,1.165463,0.861118,0.933603,0.959550,1.132173,0.895688,1.137454,0.792034,1.056673,0.835663,0.968553,1.011210,1.027182,1.079203,0.925125,1.015018,1.076953,0.895390,0.826241,1.113887,1.031111,0.779329,0.884281,0.729861,0.830288,0.994448,0.863988,0.877469,0.934015,1.072756,0.986338,0.877291,0.870923,0.957787,0.878596,0.994677,0.923899,1.022099,0.826706,0.878032,0.902650,1.037466,1.065315,0.963992,0.909654,1.035802,0.862815,0.980928,1.000192,0.926086,0.993046,0.976010,1.126122,1.016460,1.040305,0.863385,0.957021,0.930483,0.786375,0.871153,0.891212,0.829351,0.938731,0.817261,0.949851,0.750553,0.000000,0.794192,0.737805,0.911574,0.912012,1.156533,0.876658,0.953147,1.058695,0.972100,0.979165,0.933911,0.847413,0.874226,0.791219,0.987696,0.910044,0.848602,0.940987,0.863122,0.904087,0.900397,1.073778,0.832554,0.884207,0.831000
蓝/铸剑__chunk003,1.139519,1.210949,1.103361,1.181699,1.143856,1.053215,1.125461,1.102665,1.006473,1.239083,1.125657,1.318436,0.913752,0.974417,0.857724,1.009965,0.873464,0.815359,1.123123,1.114707,1.052683,1.344458,0.884270,1.141123,1.204502,1.038011,1.026314,1.154592,1.114686,1.182876,1.117253,1.003019,0.981380,1.209660,1.188187,1.217952,1.207475,1.324107,1.084352,1.168503,1.004920,1.062174,0.967569,1.244108,1.085976,1.197299,1.104901,1.285894,1.181980,1.002561,0.958742,1.033859,0.951296,1.137356,0.954394,0.879780,0.949126,0.839277,0.986870,0.820467,0.853628,0.585282,0.845541,0.961959,0.820024,1.003638,1.083822,1.094544,0.954435,1.113731,0.979213,1.032729,0.870190,1.002127,0.991141,0.998026,1.231161,0.945491,0.979435,0.985829,1.090033,0.954535,1.028116,0.910164,0.971688,0.872407,0.972399,1.065088,1.054185,1.074413,0.973261,0.976775,1.088349,0.918551,0.902936,1.142358,0.968408,0.776882,0.906984,0.695679,0.929722,0.925518,0.737025,1.031774,0.974795,1.002475,1.060486,0.829578,0.863229,1.067509,0.891106,1.071108,1.016663,1.132796,0.851647,0.867919,0.830238,1.005069,1.093611,1.071192,0.924993,1.090941,0.855672,1.020475,0.916908,1.015554,0.993204,1.082406,1.212649,1.081676,1.041175,0.903378,0.878637,0.981394,0.915044,0.963941,1.006259,0.896719,0.785919,0.827189,0.802846,0.824847,0.794192,0.000000,0.819434,0.821226,0.813621,0.981829,0.873101,1.022472,0.893537,0.871476,0.910824,0.989403,0.791418,0.926225,0.808620,0.889860,0.982246,0.889027,0.904261,0.809243,0.760774,0.936308,0.890670,0.883016,0.946831,0.811899
蓝/铸剑__chunk004,1.032523,1.209884,1.125263,1.183118,1.110896,0.976610,1.118113,1.050018,0.974129,1.148336,1.106093,1.046652,0.844264,0.917389,0.892072,0.983268,0.951283,0.875899,0.939744,1.082204,0.957751,1.181083,0.947922,1.188444,1.158683,1.123752,0.975732,1.110829,1.045984,1.102971,1.067794,0.933348,1.002172,1.326413,1.205068,1.156816,1.144609,1.299447,0.980481,1.132476,0.949736,1.102483,0.961879,1.208412,1.089243,1.162176,1.079136,1.259900,1.107124,0.928906,1.046935,1.010265,0.919289,1.021095,0.905566,0.914087,1.041029,0.763772,0.936368,0.863270,0.765608,0.892839,0.585954,0.952334,0.946028,0.986259,1.051510,1.043340,1.039732,1.168045,0.996168,1.101075,0.918626,1.086763,1.032351,0.938826,1.231844,0.984528,0.956997,1.052785,1.167599,0.993527,1.097018,0.783543,1.005166,0.870549,0.921827,1.052603,1.138248,1.020362,0.993230,1.017434,1.056651,0.905494,0.845488,1.182213,1.051282,0.820042,0.843117,0.811675,0.919599,1.001421,0.904286,0.923619,0.994848,1.057887,0.952695,0.848521,1.050534,1.012526,0.849087,1.114993,0.890062,1.087790,0.914271,0.823024,0.913400,1.086625,1.071645,0.952489,0.838443,1.062860,0.795812,1.009162,0.877974,0.987903,0.889215,1.000272,1.254880,1.182343,1.077708,0.843165,0.968466,0.983404,0.887893,0.936917,0.990661,0.929107,0.920549,0.778716,0.977348,0.839625,0.737805,0.819434,0.000000,0.853122,0.866002,0.886205,0.889599,0.973466,1.040323,0.945176,0.937164,1.014319,0.816835,0.934575,0.903343,0.952649,0.866217,0.899158,1.007066,0.787820,0.997996,0.947300,1.034025,0.839053,0.848726,0.920663
蓝/铸剑__chunk005,1.139318,1.231889,1.069525,1.274480,1.103872,1.045153,1.098250,1.030015,1.011650,1.211785,1.053380,1.240581,0.871994,0.976472,0.910339,1.012145,1.054834,1.002109,1.221057,1.128469,0.992918,1.330512,0.975578,1.175137,1.199493,1.092700,0.939508,1.041085,1.119835,1.119130,1.205040,1.026970,1.031801,1.236070,1.276246,1.243602,1.189598,1.348343,1.033067,1.162611,0.934782,1.028513,0.954162,1.206480,1.132863,1.170980,1.105093,1.311911,1.181111,1.073297,1.043842,1.050701,0.963817,1.132736,1.070791,0.936004,1.021682,0.854548,0.957234,0.911057,0.896913,0.835258,0.964353,0.631684,0.741134,1.067023,1.235915,1.222506,1.050455,1.259895,1.098586,1.195530,0.959550,1.159277,1.194018,1.077630,1.297749,1.025472,1.075903,1.075348,1.232609,0.971352,1.185868,0.981853,1.034022,0.915989,0.907971,1.101759,1.095400,1.088235,0.994208,1.039892,1.158519,0.952103,0.965976,1.168968,1.094018,0.784577,0.995700,0.836227,1.031377,0.978912,0.979372,1.035262,0.980101,1.053912,1.064797,0.851471,0.971788,1.029339,0.923574,1.000845,1.017393,1.136994,1.000775,0.903793,0.848209,1.174776,1.094277,1.135283,0.899753,1.104820,0.926350,0.959251,0.955593,1.026675,1.006344,0.939148,1.141253,1.246619,1.116368,0.832893,1.097767,0.892205,0.954543,0.981730,1.008518,0.943160,0.904150,0.943627,1.035375,0.784680,0.911574,0.821226,0.853122,0.000000,0.708551,1.129625,1.038612,1.162760,1.094886,1.042884,1.005784,1.093785,0.977880,1.116568,1.035333,1.007726,1.005606,0.940252,1.040827,0.968326,0.916793,0.995755,1.073610,0.848088,0.940533,0.904960
蓝/铸剑__chunk006,1.125940,1.381111,1.255642,1.404542,1.367644,1.304711,1.277533,1.165026,1.213057,1.487024,1.235358,1.279937,0.995420,1.176921,1.053460,1.180694,1.014428,0.971129,1.253140,1.274001,1.176415,1.529147,1.071718,1.273560,1.299754,1.237007,1.019206,1.260683,1.337695,1.333788,1.338070,1.184099,1.062719,1.413500,1.215445,1.411383,1.360294,1.416621,1.170766,1.239369,1.024816,1.067204,0.997664,1.381030,1.241654,1.279168,1.256927,1.371877,1.245055,1.081709,1.116571,1.211703,1.116562,1.242038,1.164708,1.054157,0.922594,0.984604,1.076935,0.986566,0.938312,0.789885,0.981161,0.920267,0.668222,0.894540,1.286256,1.285292,1.104061,1.196601,1.169647,1.145074,1.048106,1.165425,1.130357,1.061776,1.343516,1.147207,1.072521,1.177043,1.378126,1.122331,1.275276,1.053010,1.102930,1.043361,1.062157,1.240897,1.245832,1.228177,1.212787,1.176331,1.235115,0.906019,1.104007,1.386067,1.324241,1.050880,1.136884,0.875846,1.168313,0.948603,0.901041,1.074376,1.168090,1.182164,1.272734,0.919930,1.082556,1.073253,0.996844,1.072933,1.112943,1.224456,1.040547,0.969244,0.944800,1.172410,1.237003,1.093360,0.979056,1.141502,0.920880,0.980638,1.076611,1.092429,0.996374,1.133081,1.238801,1.179521,1.009184,0.916434,0.981091,1.145199,0.964442,1.155977,1.107075,1.047137,0.874589,0.890440,0.935824,0.964161,0.912012,0.813621,0.866002,0.708551,0.000000,0.863424,1.106781,1.198148,1.085725,1.031502,1.033137,1.063152,1.006279,1.082998,0.988846,1.023580,0.989895,0.984599,1.074857,0.981240,1.084074,1.143950,1.087667,0.937811,0.967278,0.874247
蓝/铸剑__chunk007,1.095362,1.201255,1.254980,1.096274,1.289379,1.120547,1.254790,1.141757,1.161467,1.302835,1.090211,1.174037,1.076417,1.298595,1.186563,1.077428,0.904150,0.948746,1.139485,1.177273,1.065002,1.396194,1.045676,1.397728,1.337543,1.303963,1.284042,1.237285,1.245377,1.293142,1.245528,1.156040,1.169334,1.287854,1.256846,1.474078,1.475786,1.441571,1.171906,1.033018,0.987152,1.103859,1.085869,1.291890,1.093718,1.233093,1.131134,1.286652,1.277397,1.230230,1.156441,1.130762,1.142056,1.261362,1.217518,1.149706,1.236634,1.089818,1.078220,1.112775,1.031977,0.991654,0.962952,1.193850,1.010210,0.696732,1.223825,1.260682,1.198965,1.120193,1.072745,1.167002,1.128541,1.188037,1.145789,1.024655,1.260681,1.189014,1.055042,1.084980,1.279966,1.247337,1.171403,1.026726,1.127994,1.040500,1.167528,1.151976,1.223784,1.184039,1.208005,1.246352,1.191543,1.006831,1.108963,1.361486,1.265842,1.147099,1.267742,1.070808,1.193980,0.975312,0.999649,1.184706,1.154116,1.137970,1.290698,1.030737,1.231164,1.222858,1.100089,1.453818,1.121363,1.308035,1.109146,0.996105,1.110479,1.133515,1.387289,1.256299,1.012862,1.036074,0.957196,1.114240,1.017652,1.130509,1.010642,1.182167,1.313944,1.275657,1.141272,1.155394,0.985511,1.345268,1.180731,1.222771,1.309658,1.210689,1.152797,1.224373,1.053419,1.202001,1.156533,0.981829,0.886205,1.129625,0.863424,0.000000,1.133455,1.141850,1.166863,1.080870,1.247542,1.037690,1.079179,1.051737,1.097103,0.899502,0.973976,1.154079,1.019319,1.032542,1.137938,1.328629,1.215294,1.058008,1.129277,1.000258
蓝/阿Q正传__chunk001,1.098805,1.192680,1.136927,1.218043,1.212770,1.116920,1.072989,1.082169,1.063558,1.122533,1.117671,1.194071,0.969385,1.009288,1.016587,1.148692,1.082927,0.942857,1.042347,1.065635,0.947259,1.076115,1.087309,1.307371,1.187823,1.091174,1.176686,1.099601,1.135661,1.208150,1.115798,1.022064,1.120807,1.394056,1.068704,1.217464,1.135685,1.232295,1.123532,1.152548,1.153933,1.135577,0.995709,1.070757,1.058750,1.109055,1.125681,1.327850,1.147307,0.944053,1.019617,0.960204,1.021634,1.067830,1.030849,0.929522,1.162218,1.016030,1.086211,0.916727,0.866055,1.018150,0.974806,1.110487,1.059309,1.207992,0.629427,0.856878,0.951094,0.957230,0.907439,0.921709,0.845782,0.959039,0.972287,0.876570,1.012727,0.931559,1.082159,1.105027,1.001202,1.033295,1.082959,1.012020,1.053480,0.955509,1.025858,1.168569,1.045023,1.176653,1.020344,1.097808,1.109032,0.939822,0.987294,1.133134,1.152163,0.983100,0.979529,0.947682,1.146092,0.995224,1.035196,1.014408,1.031471,1.138119,1.045750,0.957338,1.097250,1.091129,0.995927,1.370557,1.022366,1.177784,1.041896,0.975405,1.053160,1.112439,1.099338,1.120563,1.015541,1.124347,1.063692,1.093756,0.978674,0.961928,1.082111,1.163638,1.316350,1.248236,1.155485,0.976791,1.048411,0.960183,1.048837,1.104805,1.115826,0.968515,1.151396,1.081297,1.069454,1.003343,0.876658,0.873101,0.889599,1.038612,1.106781,1.133455,0.000000,0.901483,1.052834,0.876564,0.971409,0.916439,0.879056,0.936948,0.926335,0.891206,0.903869,0.918443,0.958563,0.855033,0.945087,0.972930,1.076368,0.945842,1.037154,1.050813
蓝/阿Q正传__chunk002,1.072092,1.131836,1.107074,1.167369,1.125466,1.123919,1.132742,1.107247,1.038025,1.202240,1.119387,1.128059,1.059953,1.006204,1.123246,1.136705,1.056592,0.959776,1.082130,1.185559,1.055613,1.140130,1.099221,1.156914,1.268961,1.114520,1.217144,1.117665,1.192842,1.357798,1.202101,0.996158,1.173249,1.325335,1.154021,1.306665,1.212432,1.293375,1.116501,1.069168,1.256643,1.269134,1.157802,1.063581,1.106234,1.229076,1.204096,1.218292,1.120032,1.169971,1.164989,1.017713,1.010105,1.085800,1.041656,1.019382,1.184959,1.014817,1.072723,1.059947,1.044032,1.136671,1.062523,1.154478,1.217399,1.121180,0.897594,0.738428,0.957099,0.981950,1.040274,0.884774,0.991708,1.042857,0.967897,1.012440,1.082199,0.997666,1.033918,1.004255,1.021145,1.057561,1.082120,1.097048,1.094206,1.016165,1.030151,1.070130,1.137256,1.052155,1.089570,1.114796,1.164962,1.072782,1.073267,1.271748,1.183080,1.095231,1.072357,1.076941,1.333500,1.093146,1.044297,0.990948,1.087258,1.135462,1.143359,1.040897,1.085651,1.221690,1.028815,1.455664,1.031885,1.297636,1.146529,0.912548,1.182746,0.966099,1.134452,1.113730,1.050465,1.065193,1.124329,1.207422,1.050883,0.917620,1.130589,1.278398,1.380456,1.274122,1.255165,1.171902,1.175215,1.112195,1.108483,1.123925,1.135374,1.171350,1.225151,1.177544,1.139253,1.144116,0.953147,1.022472,0.973466,1.162760,1.198148,1.141850,0.901483,0.000000,1.102156,0.868749,1.112447,0.875553,1.027387,0.869263,0.917369,0.899180,0.862675,1.023538,0.932127,0.874925,0.951350,1.005620,1.089377,1.082325,0.994924,1.181447
蓝/阿Q正传__chunk003,1.163825,1.406245,1.259638,1.410818,1.306382,1.231047,1.311266,1.315018,1.256163,1.484915,1.278538,1.536158,1.010652,1.119613,1.074678,1.172857,1.089822,1.087629,1.253549,1.291614,1.298960,1.465900,1.178134,1.264502,1.332901,1.202055,1.096366,1.301691,1.257405,1.363061,1.231553,1.205810,1.097549,1.447020,1.371354,1.403632,1.435146,1.444590,1.276860,1.311956,1.167804,1.236900,1.196546,1.325708,1.337349,1.210932,1.344829,1.252464,1.193707,1.122632,1.221536,1.151120,1.194863,1.269739,1.222433,1.100425,1.186999,1.141624,1.181501,1.097693,1.116027,1.067757,1.166173,1.226656,1.129936,1.235261,1.157978,1.070482,0.887843,1.189512,1.003718,1.106579,0.888374,1.155665,1.078476,0.993609,1.269068,1.023622,1.032077,1.038110,1.089932,0.942420,1.130406,1.045191,1.039931,1.037357,1.080965,1.183341,1.242021,1.222206,1.091637,1.158842,1.285686,1.235959,1.176139,1.415519,1.243354,0.933020,1.139196,0.954684,1.274469,1.130676,1.031444,1.160317,1.102493,1.262047,1.247016,1.071704,1.152812,1.188858,0.973442,1.257770,1.138121,1.219785,1.020025,0.987299,1.062654,1.296032,1.223466,1.071407,1.073081,1.202404,1.118333,1.158406,1.142623,1.269716,1.134207,1.189086,1.286425,1.161343,1.213610,1.083705,1.069179,1.268531,1.096803,1.125925,1.281470,1.159104,1.194930,1.133698,1.031658,1.118645,1.058695,0.893537,1.040323,1.094886,1.085725,1.166863,1.052834,1.102156,0.000000,0.916006,0.946956,0.960090,0.969936,0.958358,0.937070,1.014151,1.041877,0.952275,1.070840,0.896703,0.972410,0.965315,1.153271,0.952416,0.980400,1.117397
蓝/阿Q正传__chunk004,1.135501,1.193174,1.116903,1.149291,1.172827,1.113884,1.171382,1.142847,1.086917,1.159780,1.044569,1.316730,1.077398,1.068360,0.980827,1.133782,0.980087,0.861878,1.144519,1.204802,1.125741,1.221599,1.072064,1.285154,1.382783,1.137579,1.050590,1.090748,1.264129,1.331854,1.232271,1.049014,1.067526,1.262883,1.297563,1.371219,1.197673,1.447385,1.041626,1.085345,1.101070,1.222921,1.065284,1.156120,1.169948,1.116732,1.226193,1.227905,1.111089,1.123515,1.117736,1.029301,1.068581,1.104890,1.132341,1.047692,1.134109,0.945290,1.147079,0.894920,1.031369,1.016288,1.027840,1.113114,1.108854,1.218628,1.004146,0.959646,0.934581,0.811587,0.954884,1.028997,0.755761,0.957509,0.917658,0.899642,1.058469,0.978398,1.047124,0.974333,0.938821,1.059792,1.063660,1.068833,1.056050,1.008271,1.052175,1.107639,1.142214,1.167444,0.988806,1.039414,1.198975,1.002232,0.998398,1.212601,1.076074,0.922894,0.995811,0.876851,1.134565,0.987631,1.018817,1.096879,1.076788,1.153678,1.079030,0.964776,1.050644,1.135076,0.943964,1.215264,1.016735,1.251587,1.079326,0.842353,0.972605,1.133347,1.257330,1.106668,1.072589,1.075090,1.040539,1.130394,0.959456,1.003133,0.993863,1.107821,1.279626,1.199382,1.165716,0.986694,1.060316,1.034395,1.020000,1.095860,1.069578,1.208445,1.078254,0.903153,1.091248,0.907880,0.972100,0.871476,0.945176,1.042884,1.031502,1.080870,0.876564,0.868749,0.916006,0.000000,0.838193,0.978251,0.887582,0.806171,0.910618,0.799959,0.868514,0.966693,0.933417,0.661402,0.871783,0.992422,0.994480,0.957233,0.924020,0.963021
蓝/阿Q正传__chunk005,1.272675,1.419712,1.136501,1.346351,1.248584,1.136800,1.266030,1.276363,1.114475,1.296532,1.246832,1.475189,1.062963,1.194488,0.977878,1.245171,1.026086,1.098489,1.197424,1.334028,1.153854,1.330154,1.147701,1.340317,1.391037,1.348294,1.120035,1.152219,1.296288,1.307202,1.298922,1.137830,1.013975,1.333559,1.443881,1.509326,1.470221,1.635396,1.235409,1.353862,1.223848,1.272233,1.093400,1.245541,1.184002,1.292661,1.301040,1.446995,1.229927,1.144535,1.127361,1.085910,1.096433,1.285276,1.155142,1.118102,1.207475,1.014381,1.167172,0.931389,0.955756,1.061073,0.951943,1.110694,1.202644,1.264828,1.196461,1.104852,1.002688,1.155171,0.879444,1.152048,0.844022,1.079402,0.998812,1.048188,1.166181,1.030396,1.058394,0.994635,1.089897,1.057839,1.041346,1.045779,1.096026,0.971826,1.025184,1.133522,1.195943,1.148662,1.041691,1.102793,1.200885,1.024062,1.058594,1.246986,1.189980,1.020266,1.048195,0.816136,1.222905,1.044202,1.076750,1.104648,1.183368,1.226157,1.104183,0.959386,1.112085,1.219379,1.068862,1.138755,1.022351,1.288844,0.991290,0.923961,0.911374,1.322229,1.417357,1.247658,1.038343,1.215688,1.106082,1.127536,1.000787,1.049517,1.121545,1.149173,1.255650,1.257636,1.209380,1.078260,1.072896,1.149273,0.964796,1.131010,1.112308,1.171252,1.066239,0.988982,1.128783,0.917039,0.979165,0.910824,0.937164,1.005784,1.033137,1.247542,0.971409,1.112447,0.946956,0.838193,0.000000,1.106737,0.859931,0.853825,0.876285,0.937244,0.921021,0.884998,0.994966,0.831671,0.987049,0.898131,0.898264,0.941251,0.914791,0.941866
蓝/阿Q正传__chunk006,0.987490,1.158872,1.121904,1.179980,1.206899,1.140708,1.044876,1.119494,1.068177,1.157029,1.143054,1.152211,0.991642,1.065895,1.051124,1.088837,0.845772,0.887189,1.035918,1.132899,0.982944,1.237431,1.035059,1.132929,1.239193,1.051509,1.037976,1.023758,1.112493,1.152464,1.110094,1.089085,1.128862,1.297973,1.203229,1.375929,1.163144,1.249764,1.032486,0.960738,1.041735,1.139389,1.030392,1.065492,1.119317,1.106888,1.056594,1.198098,1.108151,1.116106,0.992640,0.999032,1.045524,1.115586,1.147427,1.024045,1.112597,1.074537,1.025251,1.034960,1.018733,1.036519,1.018895,1.106136,1.131584,1.010174,0.932998,1.036261,0.844589,0.998269,0.923745,0.700352,0.929212,1.036512,1.009396,0.841563,1.045424,0.911197,0.868037,0.917771,1.033294,1.082242,1.022418,0.948079,1.139813,0.958603,1.084107,1.131878,1.182918,1.142875,1.061457,1.117358,1.238996,0.989840,1.023045,1.361885,1.198240,0.990460,0.982604,0.968718,1.262752,0.894235,1.024951,1.065134,1.101756,1.227535,1.172646,0.968333,1.006639,1.092895,0.972572,1.259422,1.010754,1.134290,1.037036,1.000679,0.979651,1.051195,1.106761,0.972314,1.036262,1.073993,1.060337,1.196626,1.000278,1.009847,1.024435,1.138390,1.233935,1.225557,1.181333,1.137776,1.056551,1.162651,1.104973,1.037072,1.147658,1.097976,1.160811,1.099347,1.012764,1.058765,0.933911,0.989403,1.014319,1.093785,1.063152,1.037690,0.916439,0.875553,0.960090,0.978251,1.106737,0.000000,0.955946,0.927555,0.952954,0.854233,0.888604,1.027981,0.904905,0.927818,0.965401,0.953039,1.070018,1.032598,1.013146,1.047645
蓝/阿Q正传__chunk007,1.225077,1.308905,1.159412,1.267543,1.228776,1.142295,1.152691,1.049172,1.168776,1.367270,1.227837,1.317362,0.897011,1.063945,0.911703,1.073529,1.060558,1.106896,1.178274,1.273080,1.053351,1.367665,1.102452,1.296188,1.306898,1.156227,1.045034,1.275394,1.235022,1.179462,1.188471,0.984470,1.015567,1.316299,1.429848,1.430561,1.465876,1.568964,1.023167,1.269099,1.087143,1.028709,1.065066,1.362137,1.206455,1.300869,1.204757,1.279363,1.257225,1.119998,1.084355,1.148989,1.008600,1.234688,1.086947,0.966158,1.003010,0.905952,1.061956,0.907177,0.816140,0.916217,0.860597,1.135661,1.017707,1.101301,1.127025,1.092089,1.083701,1.167694,0.905406,1.028276,0.727161,1.022697,0.920748,0.930264,1.119083,0.925190,0.940737,0.865244,1.139908,0.936231,1.058921,0.829787,1.134042,0.936980,1.080976,1.128330,1.118641,1.128166,1.110562,1.096324,1.124772,0.878652,0.896031,1.271678,1.122462,0.875827,1.043026,0.779595,1.079291,1.017012,0.980450,1.117525,1.041325,1.121892,1.097736,0.841895,1.050366,1.056951,1.006759,1.060772,1.094729,1.227585,0.916360,0.869208,0.785239,1.242752,1.291310,1.246780,0.841482,1.176070,0.958711,0.951690,0.998852,1.098501,1.053373,1.149965,1.190200,1.237959,1.111102,1.046740,0.983155,1.091660,0.953353,1.090908,1.102169,0.969072,0.987530,0.900575,0.820883,0.899185,0.847413,0.791418,0.816835,0.977880,1.006279,1.079179,0.879056,1.027387,0.969936,0.887582,0.859931,0.955946,0.000000,0.880972,0.839697,0.891426,0.852779,0.818039,0.893740,0.691304,0.830578,0.844037,0.908009,0.823261,1.005430,0.881350
蓝/阿Q正传__chunk008,1.128121,1.320463,1.255822,1.227309,1.190241,1.116373,1.177668,1.109993,1.073309,1.230033,1.112019,1.235763,0.986013,1.001729,1.071942,1.048027,0.860702,0.984029,1.144514,1.130809,1.111503,1.191428,1.054512,1.192343,1.287376,1.208955,1.154118,1.069905,1.198553,1.328536,1.164101,1.113784,0.960711,1.375842,1.351586,1.342033,1.230506,1.350515,1.135422,1.145624,1.059680,1.189597,1.102613,1.213877,1.218370,1.176240,1.168502,1.232527,1.230460,1.087191,1.148041,0.992316,1.079344,1.135946,1.102215,1.094895,1.075962,0.925263,1.084877,1.001393,0.925592,1.036710,1.020870,1.053307,1.017253,1.037707,1.020654,0.990708,0.982865,1.105761,0.893019,0.986538,0.897384,0.910400,0.928299,0.883276,1.029420,0.992624,0.951442,0.910500,1.025763,0.920193,1.085781,0.933968,1.053451,0.910894,0.984114,1.172967,1.162507,1.091491,1.087430,1.096717,1.168839,0.954943,0.918188,1.112019,1.092260,0.945755,1.023298,0.898364,1.094661,0.882258,1.010179,1.007943,1.104676,1.135901,1.037999,0.927670,0.951440,1.185715,1.050466,1.270375,0.837140,1.212960,1.024596,0.915365,0.925459,1.175544,1.158351,1.109718,1.050391,1.031898,0.988308,1.045630,0.994706,1.031257,1.010041,1.171833,1.226949,1.120270,1.134826,1.027851,0.995470,1.096045,0.945942,0.883198,1.053819,1.083395,1.132644,0.925871,1.036760,0.993973,0.874226,0.926225,0.934575,1.116568,1.082998,1.051737,0.936948,0.869263,0.958358,0.806171,0.853825,0.927555,0.880972,0.000000,0.934415,0.775999,0.886810,0.940638,0.880868,0.772537,0.785835,0.955874,1.054745,0.922621,0.920412,0.929556
蓝/阿Q正传__chunk009,1.088445,1.187030,1.014982,1.140977,1.107297,1.059502,1.185408,1.057909,1.032972,1.234411,1.060276,1.195642,1.018590,0.994204,0.873695,1.062449,0.993895,0.927140,1.007362,1.067510,0.971844,1.294730,0.936190,1.011056,1.241970,1.057246,1.089630,1.065087,1.110919,1.195364,1.070291,1.044993,0.985383,1.344924,1.148431,1.253035,1.211973,1.312621,0.957004,1.076341,0.940938,1.037921,1.010822,1.147090,1.005201,1.068488,1.096575,1.189297,1.106901,1.000994,1.022719,0.976152,1.008300,1.059682,1.058464,0.908221,0.936406,0.852800,0.961746,0.838582,0.880198,0.881866,0.933231,1.073124,1.006316,1.068696,1.075848,0.936607,0.882698,1.030684,0.876257,1.021079,0.747348,1.023820,0.622781,0.925039,1.012027,0.876906,0.872831,0.941557,0.969171,0.856234,0.990828,0.836024,1.012575,0.851924,1.084885,1.052413,1.064327,1.004637,1.035447,1.043642,1.051584,1.030751,0.894251,1.165696,1.057635,0.907863,0.961750,0.817986,1.086473,0.957855,0.816032,0.947533,0.940498,1.052972,1.057299,0.944915,0.929895,1.021738,0.937381,1.149438,0.932171,1.117437,0.868445,0.874545,0.906217,1.103804,1.176881,1.106799,0.899866,0.996977,0.902231,0.994263,0.986301,0.961031,0.962007,0.957214,1.133815,1.084161,1.160173,0.996327,1.002216,1.154483,0.905676,0.924932,1.069780,0.912885,0.905722,0.980526,1.043181,0.911386,0.791219,0.808620,0.903343,1.035333,0.988846,1.097103,0.926335,0.917369,0.937070,0.910618,0.876285,0.952954,0.839697,0.934415,0.000000,0.876482,0.899747,0.773488,0.915322,0.869855,0.767022,0.840625,0.988738,0.824713,0.880129,0.951281
蓝/阿Q正传__chunk010,1.104729,1.178472,1.116360,1.107154,1.114186,1.086374,1.148426,1.061952,0.955961,1.159058,0.993460,1.122805,1.000349,1.123418,0.942855,1.065646,0.849237,0.929342,1.076133,1.114423,1.020346,1.287269,0.962228,1.158580,1.154663,1.070834,1.140622,1.033513,1.138230,1.281049,1.168438,0.955429,1.041640,1.144935,1.181304,1.288251,1.253288,1.312705,0.973358,1.054479,1.006186,1.161906,1.021664,1.142230,1.010135,1.154629,1.036959,1.158871,1.154292,1.072826,0.962066,0.891893,1.047160,1.124402,0.999606,0.976597,1.070333,0.992727,1.059247,1.003999,1.015417,0.977301,1.063211,1.095368,1.022288,1.015387,0.921361,1.006168,0.891073,0.954791,0.932503,1.016338,0.854369,0.915522,1.014733,0.672607,0.838230,0.945094,0.874638,0.934736,1.043657,0.946861,1.022579,0.935837,0.922219,0.885196,1.078049,1.150623,1.156016,1.114066,1.067182,1.106798,1.147276,0.961483,0.953515,1.225321,1.123001,0.973349,1.004424,0.941217,1.088364,0.787363,0.977755,0.998435,0.971112,1.138785,1.158182,0.807356,0.988896,1.048575,0.791548,1.310666,0.886072,1.243473,1.051215,0.794696,0.925226,1.022491,1.082904,1.194481,0.899381,0.990101,0.937193,1.099094,0.910651,0.964610,1.001254,0.997862,1.272022,1.120404,1.168315,0.923721,0.952477,1.080129,1.058072,0.989040,0.966111,1.013728,1.071314,1.033632,1.065144,1.030904,0.987696,0.889860,0.952649,1.007726,1.023580,0.899502,0.891206,0.899180,1.014151,0.799959,0.937244,0.854233,0.891426,0.775999,0.876482,0.000000,0.692706,0.966755,0.878355,0.737665,0.861425,0.979140,1.005107,0.938164,0.827647,0.854051
蓝/阿Q正传__chunk011,1.109276,1.219294,1.111147,1.070647,1.111916,1.057888,1.102902,1.071529,1.049758,1.180708,1.034950,1.130297,1.045329,1.081272,1.010728,1.037912,0.865055,0.872840,1.033239,1.084005,1.056145,1.241631,1.005561,1.137576,1.235366,1.198265,1.129368,0.975155,1.075392,1.184304,1.133597,1.021963,0.884861,1.185556,1.148772,1.316120,1.252254,1.317702,1.097932,1.028167,0.884200,1.078843,0.976323,1.113723,1.014805,1.136552,1.145859,1.110704,1.163169,1.106890,0.969008,0.986628,1.039734,1.167961,1.017460,0.926194,1.026905,0.946123,0.924629,0.991652,0.884621,0.999468,1.041854,1.102675,1.008341,0.938036,0.997990,1.002056,0.969249,1.001453,1.003682,1.063403,0.948097,0.990971,0.965614,0.788659,0.844941,0.925766,0.926069,0.961530,1.071949,0.979492,1.007398,0.916048,1.014594,0.945227,1.076887,1.148131,1.185616,1.010278,1.073444,1.048079,1.092473,0.909523,0.966405,1.155089,1.136418,0.981626,1.040662,0.849880,1.122536,0.840787,0.948146,0.817914,0.981022,1.021664,1.089861,0.783250,1.052415,1.093560,0.964857,1.243354,0.876355,1.192405,0.887585,0.894887,0.850057,1.023177,1.144107,1.077495,0.921033,0.907308,0.987357,1.077338,0.956934,0.868799,1.051355,1.084910,1.255212,1.211091,1.059493,0.875034,0.994443,1.017809,0.987677,0.970368,0.905681,1.041253,1.004397,0.947347,1.029568,1.016063,0.910044,0.982246,0.866217,1.005606,0.989895,0.973976,0.903869,0.862675,1.041877,0.868514,0.921021,0.888604,0.852779,0.886810,0.899747,0.692706,0.000000,0.918499,0.822454,0.743162,0.887845,0.828384,0.935493,0.848411,0.905254,0.965959
蓝/阿Q正传__chunk012,1.079016,1.096836,1.057772,1.209639,1.212160,0.959369,1.184131,1.161680,0.985207,1.238110,1.105760,1.118406,0.882494,0.958182,0.969008,1.128696,1.006712,0.904692,1.078680,1.042420,1.047548,1.263640,0.892499,1.156641,1.151152,1.085081,0.960439,1.091509,1.091207,1.184945,1.063734,1.045011,0.879906,1.353784,1.131177,1.199855,1.265162,1.269276,0.989128,1.140131,1.025745,1.026491,0.913872,1.241028,1.129701,1.209442,1.191743,1.296537,1.048693,0.951067,0.956876,0.943228,0.959966,1.087548,0.993496,0.882664,1.017017,0.933961,1.014871,0.885524,0.845222,0.853377,0.938990,1.088080,0.984022,1.112916,1.052269,1.074818,1.026075,1.064861,0.936368,1.031203,0.791978,1.047696,0.960835,0.978397,1.109181,0.767945,0.937363,0.967927,1.062036,0.964400,1.083797,0.928108,1.013229,0.819394,1.043438,0.944882,1.041974,0.909404,0.965456,0.957987,1.158474,0.974763,0.889914,1.066958,0.970672,0.905723,0.867264,0.777267,1.119957,0.951659,0.762891,0.893137,0.924849,1.099472,0.963786,0.756622,0.954653,0.970282,0.922719,1.060389,0.965814,0.943662,0.875837,0.934491,0.816282,0.983520,1.147338,0.928182,0.862900,1.042003,0.976884,0.880033,0.941800,0.934292,0.918686,0.963944,1.108751,1.141184,1.115113,0.907323,0.878157,1.009423,0.787992,0.934639,0.952689,0.964082,1.000420,0.893603,0.909847,0.960829,0.848602,0.889027,0.899158,0.940252,0.984599,1.154079,0.918443,1.023538,0.952275,0.966693,0.884998,1.027981,0.818039,0.940638,0.773488,0.966755,0.918499,0.000000,0.929908,0.888035,0.814770,0.818900,1.036460,0.857149,0.905281,0.970502
蓝/阿Q正传__chunk013,1.148672,1.271570,1.101825,1.014971,1.136348,1.127652,1.113066,1.020753,1.050404,1.120355,1.122081,1.340180,0.937794,1.035129,0.997351,1.041662,0.930619,0.992556,1.055622,1.119123,0.903047,1.214425,0.974014,1.103759,1.145796,1.016662,1.105950,1.084114,1.087824,1.132497,1.101850,1.019750,1.006329,1.265803,1.236976,1.299852,1.229570,1.294463,1.032594,1.040465,1.088384,1.085530,0.969782,1.120450,1.090827,1.197555,1.013541,1.183861,1.179143,1.140001,1.080277,1.065319,1.005498,1.111317,1.124303,0.935465,0.989977,0.949418,0.921938,0.848744,0.953787,0.897118,1.109695,1.128563,1.097265,1.003745,1.069213,0.976896,0.881103,1.073476,0.887529,0.974203,0.895515,0.960300,0.930567,0.968970,1.032075,0.957428,0.683344,0.868373,0.985230,1.060874,0.963331,0.995396,1.024387,0.922993,1.119566,1.089554,1.131292,1.008501,1.055715,1.043507,1.088739,0.979175,0.935952,1.186652,1.000201,0.898600,1.030550,0.902778,1.146979,0.878300,1.054503,1.070047,0.956244,1.019095,1.055062,0.991214,0.931768,1.067731,0.984411,1.218239,0.813339,1.210346,0.954824,0.917039,1.044179,1.031264,1.152551,1.122411,0.988808,1.020088,0.947819,1.078706,0.849497,0.956524,1.001513,1.023631,1.091834,1.154155,1.193571,1.140142,1.082125,1.099163,0.941939,1.005011,1.088057,1.101500,1.005982,1.093227,1.006068,0.930007,0.940987,0.904261,1.007066,1.040827,1.074857,1.019319,0.958563,0.932127,1.070840,0.933417,0.994966,0.904905,0.893740,0.880868,0.915322,0.878355,0.822454,0.929908,0.000000,0.887792,0.818413,0.904478,0.972373,0.897343,1.013053,0.882634
蓝/阿Q正传__chunk014,1.080435,1.252293,1.184755,1.147693,1.096166,1.071875,1.181695,1.115073,1.054521,1.240919,1.106089,1.199911,0.969912,0.955630,0.868577,1.003780,0.975776,0.894501,1.008166,1.206759,1.085360,1.226138,1.010284,1.136509,1.236599,1.175647,1.072051,1.140411,1.209876,1.247669,1.220602,0.974914,1.029191,1.269644,1.335420,1.355816,1.276251,1.451267,1.046722,1.074973,1.076576,1.134290,1.048209,1.242328,1.179498,1.162739,1.232280,1.272782,1.134200,1.104386,1.069389,1.008808,0.956325,1.114589,1.010160,0.952549,1.028780,0.923368,1.079651,0.872028,0.888589,0.949316,0.892990,1.012276,1.053837,1.122007,1.019636,0.971401,0.941754,0.995147,0.910938,1.034442,0.770936,0.974899,0.921066,0.848042,1.093370,0.940452,0.949261,0.854398,0.909259,0.873494,0.929918,0.951819,1.010247,0.962736,0.984708,1.024890,1.081009,0.988015,0.947515,1.060553,1.135384,0.888186,0.879471,1.141043,1.004400,0.794521,0.899697,0.773559,1.030413,0.924042,0.961109,0.947434,0.905349,1.079348,1.045357,0.827700,0.928496,1.017131,0.868002,1.075406,0.934515,1.267290,0.952898,0.798207,0.879883,1.139482,1.292472,1.106312,0.884319,1.007441,0.938346,0.990329,0.937113,0.914793,0.995764,1.037487,1.214017,1.184912,1.160891,0.917487,1.017371,1.068297,0.988400,0.929064,1.002526,1.017775,0.982504,0.858881,0.957175,0.912339,0.863122,0.809243,0.787820,0.968326,0.981240,1.032542,0.855033,0.874925,0.896703,0.661402,0.831671,0.927818,0.691304,0.772537,0.869855,0.737665,0.743162,0.888035,0.887792,0.000000,0.761174,0.885356,0.879368,0.891136,0.799805,0.924673
蓝/阿Q正传__chunk015,1.164463,1.252809,1.152526,1.158494,1.151000,1.127752,1.190761,1.012802,1.038856,1.246493,1.151677,1.317738,0.980745,1.014722,0.772688,0.934761,0.935841,0.960729,1.065536,1.126054,1.117640,1.248696,0.926514,1.018636,1.268158,1.057656,1.074560,1.062323,1.031087,1.215656,1.128160,0.926635,0.937732,1.317696,1.170874,1.308909,1.197184,1.334067,0.946205,1.116922,0.984200,1.014109,1.032521,1.187274,1.132178,1.065651,1.147921,1.235619,1.174216,1.069329,1.044357,0.994992,0.993908,1.107129,1.106671,0.953188,0.889792,0.818247,0.971832,0.812471,0.897059,0.810521,1.013422,1.006910,0.921546,1.129086,1.036736,0.997979,0.993953,0.976139,0.880174,1.012011,0.756999,0.969179,0.874681,0.963578,1.036808,0.895597,0.876624,0.845579,0.842549,0.730717,0.940479,0.894538,0.989884,0.861494,1.017529,1.128323,1.123540,1.062862,1.051053,1.083819,1.199766,1.015409,0.894799,1.244365,0.940319,0.839851,0.977004,0.758110,0.952215,0.914193,0.922408,1.042391,0.980612,1.045356,1.106096,0.883020,0.831138,1.091749,0.959517,1.167818,0.921679,1.108548,0.977422,0.821792,0.899434,1.112279,1.189672,1.220648,0.872404,1.098871,0.920241,1.107593,0.944854,1.034236,0.978817,1.039816,1.173268,1.123588,1.341096,0.948416,1.051950,1.098834,0.956588,0.921694,1.000776,0.975008,0.843183,0.973209,0.931948,0.899828,0.904087,0.760774,0.997996,0.916793,1.084074,1.137938,0.945087,0.951350,0.972410,0.871783,0.987049,0.965401,0.830578,0.785835,0.767022,0.861425,0.887845,0.814770,0.818413,0.761174,0.000000,0.873967,0.953044,0.876649,0.947155,0.968113
蓝/阿Q正传__chunk016,1.193903,1.276331,1.139217,1.174241,1.194272,1.063455,1.088289,1.187817,1.058901,1.133058,1.184388,1.322373,0.978070,1.043336,0.863986,1.083045,1.034221,1.045926,1.063967,1.195142,1.119395,1.316740,1.028295,1.119773,1.247318,1.167846,1.008361,1.095574,1.130470,1.089456,1.094850,1.085387,1.039221,1.379698,1.273226,1.175721,1.247187,1.308379,1.063143,1.165408,1.118231,1.033160,1.041989,1.263636,1.115200,1.189544,1.170257,1.277843,1.079589,1.045169,1.034189,1.023133,0.935795,1.101327,1.093407,0.937853,1.025059,0.922565,1.048894,0.873737,0.906804,1.049835,1.001632,1.091792,1.178465,1.249082,1.063265,1.065617,0.899734,1.148968,0.925997,1.016794,0.836592,0.991313,0.924157,0.985902,1.074261,0.907483,0.938809,1.043222,1.059473,0.693846,0.929993,0.945532,1.062890,0.930576,1.147624,1.143436,1.180363,1.028436,1.023598,1.057224,1.193465,1.045436,0.977887,1.138511,1.080829,0.841170,1.003318,0.811583,1.095949,1.029320,1.107640,1.002870,1.032269,1.146212,1.081119,0.954845,1.014893,1.189115,1.033232,1.231036,0.973999,1.108200,1.001335,0.972942,0.925549,1.238603,1.184671,1.046142,0.967145,1.147645,1.139262,1.039077,0.965725,1.055051,1.100260,1.087501,1.243294,1.240226,1.229927,1.043625,1.127762,1.069526,0.941900,0.980400,1.129218,1.102894,1.011925,0.975931,1.007697,0.956717,0.900397,0.936308,0.947300,0.995755,1.143950,1.328629,0.972930,1.005620,0.965315,0.992422,0.898131,0.953039,0.844037,0.955874,0.840625,0.979140,0.828384,0.818900,0.904478,0.885356,0.873967,0.000000,1.027976,1.009566,0.997680,1.127725
蓝/阿Q正传__chunk017,1.268585,1.316251,1.296669,1.272059,1.174102,1.138698,1.190058,1.173229,1.117575,1.314471,1.176713,1.343484,1.010622,1.276457,1.057530,1.082925,1.146618,1.077965,1.263649,1.284455,1.045987,1.503200,1.078330,1.325252,1.325908,1.381577,1.114527,1.309709,1.316782,1.324203,1.313232,1.144755,1.260847,1.240984,1.315842,1.451804,1.430707,1.517107,1.163297,1.168189,1.188100,1.206185,1.177084,1.416429,1.197815,1.348581,1.239229,1.427080,1.235297,1.235884,1.101778,1.156745,1.208091,1.243398,1.223443,1.125508,1.145781,1.045171,1.121195,1.053183,0.990039,0.963653,1.045455,1.211142,1.166421,1.281729,1.221014,1.188251,1.069617,1.137127,0.967308,1.247061,0.927712,1.199910,1.075987,1.019728,1.212362,1.048142,1.128744,1.088774,1.132384,1.106733,0.939371,1.065615,1.191525,1.068246,1.208004,1.256975,1.308938,1.179684,1.165892,1.194076,1.194268,1.054592,1.087072,1.350256,1.206390,0.964883,1.101696,0.953282,1.204276,1.093676,1.090018,1.159019,1.165803,1.215987,1.223716,1.097319,1.140565,1.149793,1.100932,1.028463,1.162358,1.461464,1.034538,0.990811,1.050380,1.197240,1.379893,1.214892,1.058741,1.120600,1.064878,1.110498,1.103538,1.132515,1.131573,1.254029,1.260826,1.241394,1.187736,1.236747,1.232113,1.233913,1.137457,1.101654,1.234181,1.065689,1.085848,1.063984,1.061293,1.085791,1.073778,0.890670,1.034025,1.073610,1.087667,1.215294,1.076368,1.089377,1.153271,0.994480,0.898264,1.070018,0.908009,1.054745,0.988738,1.005107,0.935493,1.036460,0.972373,0.879368,0.953044,1.027976,0.000000,1.012141,1.095264,1.058656
蓝/风波__chunk001,0.905765,1.109818,0.960571,1.093477,1.017149,0.861285,1.001061,0.982350,1.011018,1.151542,0.965672,1.281196,0.792163,0.929030,0.868268,1.010418,0.968213,0.944038,1.095843,0.988137,0.964721,1.241694,1.048988,1.034904,1.152527,1.018274,0.925157,1.003665,1.039578,1.202144,1.071378,0.858900,0.892753,1.194189,1.188666,1.282447,1.294411,1.314505,0.962358,1.079373,0.905319,0.950850,0.813686,1.155045,0.947777,1.045686,1.024140,1.106636,0.994682,0.932667,0.928203,0.865749,0.893613,1.024802,0.873523,0.792585,0.937664,0.825903,0.758705,0.787063,0.824671,0.968813,1.019101,0.904545,0.887912,0.965255,1.159374,1.158257,1.056187,1.169512,1.036974,1.022124,0.944866,1.079786,0.927898,0.930935,1.131885,1.062038,0.826722,0.984450,1.181071,0.952625,1.152805,0.573389,0.864000,0.736981,0.815594,0.950428,1.026036,0.938784,0.872939,0.902244,1.034402,0.882421,0.883156,1.129613,0.997571,0.702313,0.843115,0.801556,1.093042,0.899788,0.904381,0.900766,0.885169,0.984343,0.956334,0.881113,0.880030,0.962028,0.844453,1.027276,0.820209,1.051054,0.798290,0.765627,0.759919,1.108936,1.141345,1.073237,0.750527,0.926113,0.833793,0.854581,0.819866,0.959467,0.802213,0.792385,1.106077,0.962141,0.999738,0.944100,0.927897,0.960496,0.720109,0.887998,0.905483,0.849660,0.898085,0.899009,0.920525,0.851471,0.832554,0.883016,0.839053,0.848088,0.937811,1.058008,0.945842,1.082325,0.952416,0.957233,0.941251,1.032598,0.823261,0.922621,0.824713,0.938164,0.848411,0.857149,0.897343,0.891136,0.876649,1.009566,1.012141,0.000000,0.877481,0.799184
蓝/风波__chunk002,1.101024,1.221773,1.145448,1.202903,1.116181,1.009310,1.182179,1.205334,0.945214,1.110059,1.079542,1.227882,0.947995,0.913837,0.823707,1.071482,1.014385,0.971815,1.102910,1.051631,1.069844,1.228179,0.947404,1.245894,1.169146,1.098121,1.026032,1.097050,1.042457,1.194043,1.131623,0.965406,0.986809,1.252725,1.175616,1.245722,1.242568,1.291983,1.097485,1.167248,1.095902,1.127054,1.026219,1.202248,1.150193,0.967836,1.124852,1.229433,1.055354,0.874642,0.954263,0.917402,0.925887,0.997544,0.973539,0.823255,1.092208,0.938856,0.919745,0.877352,0.902853,0.964226,0.877540,1.035819,0.977313,1.173702,1.112592,1.122958,1.057256,1.153728,0.975726,1.096799,0.882419,1.121231,1.039869,0.986941,1.182610,0.958820,1.000428,1.095559,1.040756,1.022959,1.090226,0.902159,0.769451,0.883157,1.032564,1.156734,1.153369,1.014396,0.950073,1.047329,1.120954,1.037505,0.889910,1.172673,1.108950,0.890379,0.931359,0.918362,1.069113,0.987517,0.928443,0.938111,0.983590,1.080956,0.993727,0.964934,0.988579,0.999179,0.896996,1.061770,0.921849,1.011277,0.898994,0.857201,0.940043,0.996328,1.109383,0.947792,0.961535,1.011604,0.966954,1.049542,0.961467,0.917379,0.959397,0.903479,1.155476,1.102771,1.165778,0.784651,0.842455,0.930828,0.906275,0.922252,0.936273,0.907999,1.076448,0.920000,1.031995,0.939314,0.884207,0.946831,0.848726,0.940533,0.967278,1.129277,1.037154,0.994924,0.980400,0.924020,0.914791,1.013146,1.005430,0.920412,0.880129,0.827647,0.905254,0.905281,1.013053,0.799805,0.947155,0.997680,1.095264,0.877481,0.000000,0.876616
蓝/风波__chunk003,1.134719,1.333283,1.194052,1.339028,1.205195,1.121667,1.125472,1.117710,0.982236,1.230747,1.184900,1.275538,0.884822,1.026750,0.863870,0.964360,0.988121,0.986220,1.170423,1.019329,1.060186,1.327614,1.010810,1.207429,1.211430,1.086121,0.984668,1.142521,1.174996,1.213505,1.195347,0.951494,1.013341,1.208645,1.187706,1.376659,1.265298,1.417680,1.080255,1.154040,0.993306,1.074127,1.009684,1.200160,1.124952,1.171111,1.023126,1.193569,1.223257,1.000676,0.958954,0.989579,0.974294,1.078209,0.974387,0.903695,0.979207,0.918673,0.993264,0.989297,0.838460,0.919867,0.971997,1.014239,0.877065,0.991684,1.243854,1.251185,1.129856,1.216197,1.065300,1.161109,0.903927,1.051724,1.063643,0.972454,1.206991,1.012097,0.901438,1.032351,1.171546,1.143323,1.178967,0.850041,0.959049,0.775269,0.962868,1.139702,1.030434,1.133023,1.044831,1.084845,1.034782,0.970051,0.910016,1.206532,1.133139,0.812414,0.928707,0.786836,0.852807,0.927340,0.942820,1.093306,0.991551,1.093664,1.074012,0.883874,0.925885,0.993202,0.846420,1.029158,0.985405,1.093571,0.908167,0.876179,0.876992,1.043972,1.251091,1.141475,0.921602,1.039615,0.928265,0.935786,0.962184,1.077801,0.934937,0.914774,1.017859,1.070824,1.058213,0.848184,0.924368,0.965455,0.842460,0.892179,1.037934,0.873678,0.876952,0.884986,0.971004,0.928582,0.831000,0.811899,0.920663,0.904960,0.874247,1.000258,1.050813,1.181447,1.117397,0.963021,0.941866,1.047645,0.881350,0.929556,0.951281,0.854051,0.965959,0.970502,0.882634,0.924673,0.968113,1.127725,1.058656,0.799184,0.876616,0.000000
