sample_a,sample_b,pair_type,similarity
杨戴/伤逝__chunk001,杨戴/伤逝__chunk002,same,0.900532
杨戴/伤逝__chunk001,杨戴/伤逝__chunk003,same,0.886638
杨戴/伤逝__chunk001,杨戴/伤逝__chunk004,same,0.863048
杨戴/伤逝__chunk001,杨戴/伤逝__chunk005,same,0.878624
杨戴/伤逝__chunk001,杨戴/伤逝__chunk006,same,0.863784
杨戴/伤逝__chunk001,杨戴/伤逝__chunk007,same,0.865603
杨戴/伤逝__chunk001,杨戴/在酒楼上__chunk001,same,0.892438
杨戴/伤逝__chunk001,杨戴/在酒楼上__chunk002,same,0.875643
杨戴/伤逝__chunk001,杨戴/在酒楼上__chunk003,same,0.876617
杨戴/伤逝__chunk001,杨戴/在酒楼上__chunk004,same,0.868716
杨戴/伤逝__chunk001,杨戴/在酒楼上__chunk005,same,0.830033
杨戴/伤逝__chunk001,杨戴/奔月__chunk001,same,0.842040
杨戴/伤逝__chunk001,杨戴/奔月__chunk002,same,0.790088
杨戴/伤逝__chunk001,杨戴/奔月__chunk003,same,0.759636
杨戴/伤逝__chunk001,杨戴/奔月__chunk004,same,0.805602
杨戴/伤逝__chunk001,杨戴/孤独者__chunk001,same,0.839077
杨戴/伤逝__chunk001,杨戴/孤独者__chunk002,same,0.832173
杨戴/伤逝__chunk001,杨戴/孤独者__chunk003,same,0.847261
杨戴/伤逝__chunk001,杨戴/孤独者__chunk004,same,0.823486
杨戴/伤逝__chunk001,杨戴/孤独者__chunk005,same,0.867275
杨戴/伤逝__chunk001,杨戴/孤独者__chunk006,same,0.814305
杨戴/伤逝__chunk001,杨戴/孤独者__chunk007,same,0.819150
杨戴/伤逝__chunk001,杨戴/孤独者__chunk008,same,0.795527
杨戴/伤逝__chunk001,杨戴/幸福的家庭__chunk001,same,0.790116
杨戴/伤逝__chunk001,杨戴/幸福的家庭__chunk002,same,0.835852
杨戴/伤逝__chunk001,杨戴/幸福的家庭__chunk003,same,0.810560
杨戴/伤逝__chunk001,杨戴/故乡__chunk001,same,0.866850
杨戴/伤逝__chunk001,杨戴/故乡__chunk002,same,0.871622
杨戴/伤逝__chunk001,杨戴/故乡__chunk003,same,0.810125
杨戴/伤逝__chunk001,杨戴/故乡__chunk004,same,0.861194
杨戴/伤逝__chunk001,杨戴/明天__chunk001,same,0.804812
杨戴/伤逝__chunk001,杨戴/明天__chunk002,same,0.821357
杨戴/伤逝__chunk001,杨戴/明天__chunk003,same,0.775975
杨戴/伤逝__chunk001,杨戴/狂人日记__chunk001,same,0.878308
杨戴/伤逝__chunk001,杨戴/狂人日记__chunk002,same,0.837125
杨戴/伤逝__chunk001,杨戴/狂人日记__chunk003,same,0.782049
杨戴/伤逝__chunk001,杨戴/狂人日记__chunk004,same,0.849783
杨戴/伤逝__chunk001,杨戴/社戏__chunk001,same,0.880111
杨戴/伤逝__chunk001,杨戴/社戏__chunk002,same,0.884098
杨戴/伤逝__chunk001,杨戴/社戏__chunk003,same,0.863297
杨戴/伤逝__chunk001,杨戴/社戏__chunk004,same,0.868122
杨戴/伤逝__chunk001,杨戴/祝福__chunk001,same,0.903545
杨戴/伤逝__chunk001,杨戴/祝福__chunk002,same,0.855655
杨戴/伤逝__chunk001,杨戴/祝福__chunk003,same,0.823845
杨戴/伤逝__chunk001,杨戴/祝福__chunk004,same,0.824296
杨戴/伤逝__chunk001,杨戴/祝福__chunk005,same,0.863347
杨戴/伤逝__chunk001,杨戴/祝福__chunk006,same,0.832543
杨戴/伤逝__chunk001,杨戴/祝福__chunk007,same,0.834553
杨戴/伤逝__chunk001,杨戴/离婚__chunk001,same,0.795988
杨戴/伤逝__chunk001,杨戴/离婚__chunk002,same,0.813223
杨戴/伤逝__chunk001,杨戴/离婚__chunk003,same,0.846349
杨戴/伤逝__chunk001,杨戴/肥皂__chunk001,same,0.828104
杨戴/伤逝__chunk001,杨戴/肥皂__chunk002,same,0.822752
杨戴/伤逝__chunk001,杨戴/肥皂__chunk003,same,0.795085
杨戴/伤逝__chunk001,杨戴/肥皂__chunk004,same,0.831715
杨戴/伤逝__chunk001,杨戴/药__chunk001,same,0.798957
杨戴/伤逝__chunk001,杨戴/药__chunk002,same,0.763561
杨戴/伤逝__chunk001,杨戴/药__chunk003,same,0.825651
杨戴/伤逝__chunk001,杨戴/铸剑__chunk001,same,0.806798
杨戴/伤逝__chunk001,杨戴/铸剑__chunk002,same,0.793345
杨戴/伤逝__chunk001,杨戴/铸剑__chunk003,same,0.791222
杨戴/伤逝__chunk001,杨戴/铸剑__chunk004,same,0.798803
杨戴/伤逝__chunk001,杨戴/铸剑__chunk005,same,0.801887
杨戴/伤逝__chunk001,杨戴/铸剑__chunk006,same,0.777849
杨戴/伤逝__chunk001,杨戴/铸剑__chunk007,same,0.809597
杨戴/伤逝__chunk001,杨戴/阿Q正传__chunk001,same,0.813324
杨戴/伤逝__chunk001,杨戴/阿Q正传__chunk002,same,0.776469
杨戴/伤逝__chunk001,杨戴/阿Q正传__chunk003,same,0.787862
杨戴/伤逝__chunk001,杨戴/阿Q正传__chunk004,same,0.789854
杨戴/伤逝__chunk001,杨戴/阿Q正传__chunk005,same,0.752580
杨戴/伤逝__chunk001,杨戴/阿Q正传__chunk006,same,0.813388
杨戴/伤逝__chunk001,杨戴/阿Q正传__chunk007,same,0.784824
杨戴/伤逝__chunk001,杨戴/阿Q正传__chunk008,same,0.768200
杨戴/伤逝__chunk001,杨戴/阿Q正传__chunk009,same,0.793704
杨戴/伤逝__chunk001,杨戴/阿Q正传__chunk010,same,0.818850
杨戴/伤逝__chunk001,杨戴/阿Q正传__chunk011,same,0.786661
杨戴/伤逝__chunk001,杨戴/阿Q正传__chunk012,same,0.816118
杨戴/伤逝__chunk001,杨戴/阿Q正传__chunk013,same,0.835178
杨戴/伤逝__chunk001,杨戴/阿Q正传__chunk014,same,0.748954
杨戴/伤逝__chunk001,杨戴/阿Q正传__chunk015,same,0.778572
杨戴/伤逝__chunk001,杨戴/阿Q正传__chunk016,same,0.816460
杨戴/伤逝__chunk001,杨戴/阿Q正传__chunk017,same,0.809559
杨戴/伤逝__chunk001,杨戴/风波__chunk001,same,0.854458
杨戴/伤逝__chunk001,杨戴/风波__chunk002,same,0.835649
杨戴/伤逝__chunk001,杨戴/风波__chunk003,same,0.842037
杨戴/伤逝__chunk001,蓝/伤逝__chunk001,cross,0.900298
杨戴/伤逝__chunk001,蓝/伤逝__chunk002,cross,0.874627
杨戴/伤逝__chunk001,蓝/伤逝__chunk003,cross,0.872618
杨戴/伤逝__chunk001,蓝/伤逝__chunk004,cross,0.872541
杨戴/伤逝__chunk001,蓝/伤逝__chunk005,cross,0.861891
杨戴/伤逝__chunk001,蓝/伤逝__chunk006,cross,0.860399
杨戴/伤逝__chunk001,蓝/伤逝__chunk007,cross,0.863403
杨戴/伤逝__chunk001,蓝/在酒楼上__chunk001,cross,0.865891
杨戴/伤逝__chunk001,蓝/在酒楼上__chunk002,cross,0.874631
杨戴/伤逝__chunk001,蓝/在酒楼上__chunk003,cross,0.857294
杨戴/伤逝__chunk001,蓝/在酒楼上__chunk004,cross,0.823016
杨戴/伤逝__chunk001,蓝/奔月__chunk001,cross,0.832579
杨戴/伤逝__chunk001,蓝/奔月__chunk002,cross,0.827589
杨戴/伤逝__chunk001,蓝/奔月__chunk003,cross,0.772705
杨戴/伤逝__chunk001,蓝/奔月__chunk004,cross,0.790234
杨戴/伤逝__chunk001,蓝/孤独者__chunk001,cross,0.816528
杨戴/伤逝__chunk001,蓝/孤独者__chunk002,cross,0.829880
杨戴/伤逝__chunk001,蓝/孤独者__chunk003,cross,0.812281
杨戴/伤逝__chunk001,蓝/孤独者__chunk004,cross,0.841125
杨戴/伤逝__chunk001,蓝/孤独者__chunk005,cross,0.862363
杨戴/伤逝__chunk001,蓝/孤独者__chunk006,cross,0.826984
杨戴/伤逝__chunk001,蓝/孤独者__chunk007,cross,0.850437
杨戴/伤逝__chunk001,蓝/孤独者__chunk008,cross,0.780227
杨戴/伤逝__chunk001,蓝/幸福的家庭__chunk001,cross,0.790200
杨戴/伤逝__chunk001,蓝/幸福的家庭__chunk002,cross,0.831770
杨戴/伤逝__chunk001,蓝/幸福的家庭__chunk003,cross,0.757655
杨戴/伤逝__chunk001,蓝/故乡__chunk001,cross,0.880830
杨戴/伤逝__chunk001,蓝/故乡__chunk002,cross,0.840206
杨戴/伤逝__chunk001,蓝/故乡__chunk003,cross,0.808360
杨戴/伤逝__chunk001,蓝/明天__chunk001,cross,0.818085
杨戴/伤逝__chunk001,蓝/明天__chunk002,cross,0.843942
杨戴/伤逝__chunk001,蓝/狂人日记__chunk001,cross,0.860365
杨戴/伤逝__chunk001,蓝/狂人日记__chunk002,cross,0.800598
杨戴/伤逝__chunk001,蓝/狂人日记__chunk003,cross,0.801808
杨戴/伤逝__chunk001,蓝/社戏__chunk001,cross,0.866570
杨戴/伤逝__chunk001,蓝/社戏__chunk002,cross,0.869593
杨戴/伤逝__chunk001,蓝/社戏__chunk003,cross,0.861181
杨戴/伤逝__chunk001,蓝/社戏__chunk004,cross,0.825286
杨戴/伤逝__chunk001,蓝/祝福__chunk001,cross,0.847209
杨戴/伤逝__chunk001,蓝/祝福__chunk002,cross,0.846425
杨戴/伤逝__chunk001,蓝/祝福__chunk003,cross,0.842225
杨戴/伤逝__chunk001,蓝/祝福__chunk004,cross,0.830377
杨戴/伤逝__chunk001,蓝/祝福__chunk005,cross,0.810572
杨戴/伤逝__chunk001,蓝/祝福__chunk006,cross,0.816528
杨戴/伤逝__chunk001,蓝/祝福__chunk007,cross,0.806939
杨戴/伤逝__chunk001,蓝/离婚__chunk001,cross,0.820854
杨戴/伤逝__chunk001,蓝/离婚__chunk002,cross,0.820241
杨戴/伤逝__chunk001,蓝/离婚__chunk003,cross,0.821175
杨戴/伤逝__chunk001,蓝/肥皂__chunk001,cross,0.833167
杨戴/伤逝__chunk001,蓝/肥皂__chunk002,cross,0.810375
杨戴/伤逝__chunk001,蓝/肥皂__chunk003,cross,0.808523
杨戴/伤逝__chunk001,蓝/肥皂__chunk004,cross,0.813768
杨戴/伤逝__chunk001,蓝/药__chunk001,cross,0.794180
杨戴/伤逝__chunk001,蓝/药__chunk002,cross,0.751601
杨戴/伤逝__chunk001,蓝/药__chunk003,cross,0.823959
杨戴/伤逝__chunk001,蓝/铸剑__chunk001,cross,0.788505
杨戴/伤逝__chunk001,蓝/铸剑__chunk002,cross,0.814281
杨戴/伤逝__chunk001,蓝/铸剑__chunk003,cross,0.785811
杨戴/伤逝__chunk001,蓝/铸剑__chunk004,cross,0.797011
杨戴/伤逝__chunk001,蓝/铸剑__chunk005,cross,0.800699
杨戴/伤逝__chunk001,蓝/铸剑__chunk006,cross,0.783847
杨戴/伤逝__chunk001,蓝/铸剑__chunk007,cross,0.801161
杨戴/伤逝__chunk001,蓝/阿Q正传__chunk001,cross,0.795939
杨戴/伤逝__chunk001,蓝/阿Q正传__chunk002,cross,0.789757
杨戴/伤逝__chunk001,蓝/阿Q正传__chunk003,cross,0.748797
杨戴/伤逝__chunk001,蓝/阿Q正传__chunk004,cross,0.755947
杨戴/伤逝__chunk001,蓝/阿Q正传__chunk005,cross,0.735221
杨戴/伤逝__chunk001,蓝/阿Q正传__chunk006,cross,0.788479
杨戴/伤逝__chunk001,蓝/阿Q正传__chunk007,cross,0.775907
杨戴/伤逝__chunk001,蓝/阿Q正传__chunk008,cross,0.796130
杨戴/伤逝__chunk001,蓝/阿Q正传__chunk009,cross,0.763089
杨戴/伤逝__chunk001,蓝/阿Q正传__chunk010,cross,0.779230
杨戴/伤逝__chunk001,蓝/阿Q正传__chunk011,cross,0.796241
杨戴/伤逝__chunk001,蓝/阿Q正传__chunk012,cross,0.802737
杨戴/伤逝__chunk001,蓝/阿Q正传__chunk013,cross,0.821581
杨戴/伤逝__chunk001,蓝/阿Q正传__chunk014,cross,0.803876
杨戴/伤逝__chunk001,蓝/阿Q正传__chunk015,cross,0.786707
杨戴/伤逝__chunk001,蓝/阿Q正传__chunk016,cross,0.792265
杨戴/伤逝__chunk001,蓝/阿Q正传__chunk017,cross,0.762006
杨戴/伤逝__chunk001,蓝/风波__chunk001,cross,0.805095
杨戴/伤逝__chunk001,蓝/风波__chunk002,cross,0.825596
杨戴/伤逝__chunk001,蓝/风波__chunk003,cross,0.810771
杨戴/伤逝__chunk002,杨戴/伤逝__chunk003,same,0.896239
杨戴/伤逝__chunk002,杨戴/伤逝__chunk004,same,0.921663
杨戴/伤逝__chunk002,杨戴/伤逝__chunk005,same,0.913388
杨戴/伤逝__chunk002,杨戴/伤逝__chunk006,same,0.900621
杨戴/伤逝__chunk002,杨戴/伤逝__chunk007,same,0.883807
杨戴/伤逝__chunk002,杨戴/在酒楼上__chunk001,same,0.857887
杨戴/伤逝__chunk002,杨戴/在酒楼上__chunk002,same,0.878767
杨戴/伤逝__chunk002,杨戴/在酒楼上__chunk003,same,0.898103
杨戴/伤逝__chunk002,杨戴/在酒楼上__chunk004,same,0.909633
杨戴/伤逝__chunk002,杨戴/在酒楼上__chunk005,same,0.830886
杨戴/伤逝__chunk002,杨戴/奔月__chunk001,same,0.819251
杨戴/伤逝__chunk002,杨戴/奔月__chunk002,same,0.774009
杨戴/伤逝__chunk002,杨戴/奔月__chunk003,same,0.755025
杨戴/伤逝__chunk002,杨戴/奔月__chunk004,same,0.769538
杨戴/伤逝__chunk002,杨戴/孤独者__chunk001,same,0.818689
杨戴/伤逝__chunk002,杨戴/孤独者__chunk002,same,0.810243
杨戴/伤逝__chunk002,杨戴/孤独者__chunk003,same,0.842619
杨戴/伤逝__chunk002,杨戴/孤独者__chunk004,same,0.855552
杨戴/伤逝__chunk002,杨戴/孤独者__chunk005,same,0.883585
杨戴/伤逝__chunk002,杨戴/孤独者__chunk006,same,0.824633
杨戴/伤逝__chunk002,杨戴/孤独者__chunk007,same,0.840834
杨戴/伤逝__chunk002,杨戴/孤独者__chunk008,same,0.791664
杨戴/伤逝__chunk002,杨戴/幸福的家庭__chunk001,same,0.751749
杨戴/伤逝__chunk002,杨戴/幸福的家庭__chunk002,same,0.778977
杨戴/伤逝__chunk002,杨戴/幸福的家庭__chunk003,same,0.766071
杨戴/伤逝__chunk002,杨戴/故乡__chunk001,same,0.848511
杨戴/伤逝__chunk002,杨戴/故乡__chunk002,same,0.867381
杨戴/伤逝__chunk002,杨戴/故乡__chunk003,same,0.827033
杨戴/伤逝__chunk002,杨戴/故乡__chunk004,same,0.857181
杨戴/伤逝__chunk002,杨戴/明天__chunk001,same,0.797285
杨戴/伤逝__chunk002,杨戴/明天__chunk002,same,0.793067
杨戴/伤逝__chunk002,杨戴/明天__chunk003,same,0.814461
杨戴/伤逝__chunk002,杨戴/狂人日记__chunk001,same,0.828911
杨戴/伤逝__chunk002,杨戴/狂人日记__chunk002,same,0.817828
杨戴/伤逝__chunk002,杨戴/狂人日记__chunk003,same,0.785190
杨戴/伤逝__chunk002,杨戴/狂人日记__chunk004,same,0.829432
杨戴/伤逝__chunk002,杨戴/社戏__chunk001,same,0.872227
杨戴/伤逝__chunk002,杨戴/社戏__chunk002,same,0.861881
杨戴/伤逝__chunk002,杨戴/社戏__chunk003,same,0.821217
杨戴/伤逝__chunk002,杨戴/社戏__chunk004,same,0.846732
杨戴/伤逝__chunk002,杨戴/祝福__chunk001,same,0.839558
杨戴/伤逝__chunk002,杨戴/祝福__chunk002,same,0.868609
杨戴/伤逝__chunk002,杨戴/祝福__chunk003,same,0.838014
杨戴/伤逝__chunk002,杨戴/祝福__chunk004,same,0.813315
杨戴/伤逝__chunk002,杨戴/祝福__chunk005,same,0.860007
杨戴/伤逝__chunk002,杨戴/祝福__chunk006,same,0.803689
杨戴/伤逝__chunk002,杨戴/祝福__chunk007,same,0.824545
杨戴/伤逝__chunk002,杨戴/离婚__chunk001,same,0.753057
杨戴/伤逝__chunk002,杨戴/离婚__chunk002,same,0.829737
杨戴/伤逝__chunk002,杨戴/离婚__chunk003,same,0.859888
杨戴/伤逝__chunk002,杨戴/肥皂__chunk001,same,0.830666
杨戴/伤逝__chunk002,杨戴/肥皂__chunk002,same,0.811210
杨戴/伤逝__chunk002,杨戴/肥皂__chunk003,same,0.772706
杨戴/伤逝__chunk002,杨戴/肥皂__chunk004,same,0.787096
杨戴/伤逝__chunk002,杨戴/药__chunk001,same,0.773327
杨戴/伤逝__chunk002,杨戴/药__chunk002,same,0.756201
杨戴/伤逝__chunk002,杨戴/药__chunk003,same,0.802207
杨戴/伤逝__chunk002,杨戴/铸剑__chunk001,same,0.772814
杨戴/伤逝__chunk002,杨戴/铸剑__chunk002,same,0.750333
杨戴/伤逝__chunk002,杨戴/铸剑__chunk003,same,0.737279
杨戴/伤逝__chunk002,杨戴/铸剑__chunk004,same,0.753042
杨戴/伤逝__chunk002,杨戴/铸剑__chunk005,same,0.778471
杨戴/伤逝__chunk002,杨戴/铸剑__chunk006,same,0.731453
杨戴/伤逝__chunk002,杨戴/铸剑__chunk007,same,0.759780
杨戴/伤逝__chunk002,杨戴/阿Q正传__chunk001,same,0.763570
杨戴/伤逝__chunk002,杨戴/阿Q正传__chunk002,same,0.746292
杨戴/伤逝__chunk002,杨戴/阿Q正传__chunk003,same,0.742475
杨戴/伤逝__chunk002,杨戴/阿Q正传__chunk004,same,0.764078
杨戴/伤逝__chunk002,杨戴/阿Q正传__chunk005,same,0.745061
杨戴/伤逝__chunk002,杨戴/阿Q正传__chunk006,same,0.775302
杨戴/伤逝__chunk002,杨戴/阿Q正传__chunk007,same,0.755890
杨戴/伤逝__chunk002,杨戴/阿Q正传__chunk008,same,0.749305
杨戴/伤逝__chunk002,杨戴/阿Q正传__chunk009,same,0.753733
杨戴/伤逝__chunk002,杨戴/阿Q正传__chunk010,same,0.774394
杨戴/伤逝__chunk002,杨戴/阿Q正传__chunk011,same,0.756275
杨戴/伤逝__chunk002,杨戴/阿Q正传__chunk012,same,0.777988
杨戴/伤逝__chunk002,杨戴/阿Q正传__chunk013,same,0.786167
杨戴/伤逝__chunk002,杨戴/阿Q正传__chunk014,same,0.713664
杨戴/伤逝__chunk002,杨戴/阿Q正传__chunk015,same,0.745603
杨戴/伤逝__chunk002,杨戴/阿Q正传__chunk016,same,0.761118
杨戴/伤逝__chunk002,杨戴/阿Q正传__chunk017,same,0.779211
杨戴/伤逝__chunk002,杨戴/风波__chunk001,same,0.820536
杨戴/伤逝__chunk002,杨戴/风波__chunk002,same,0.797695
杨戴/伤逝__chunk002,杨戴/风波__chunk003,same,0.814773
杨戴/伤逝__chunk002,蓝/伤逝__chunk001,cross,0.835799
杨戴/伤逝__chunk002,蓝/伤逝__chunk002,cross,0.920930
杨戴/伤逝__chunk002,蓝/伤逝__chunk003,cross,0.878518
杨戴/伤逝__chunk002,蓝/伤逝__chunk004,cross,0.887336
杨戴/伤逝__chunk002,蓝/伤逝__chunk005,cross,0.887132
杨戴/伤逝__chunk002,蓝/伤逝__chunk006,cross,0.872082
杨戴/伤逝__chunk002,蓝/伤逝__chunk007,cross,0.851741
杨戴/伤逝__chunk002,蓝/在酒楼上__chunk001,cross,0.853604
杨戴/伤逝__chunk002,蓝/在酒楼上__chunk002,cross,0.873687
杨戴/伤逝__chunk002,蓝/在酒楼上__chunk003,cross,0.893763
杨戴/伤逝__chunk002,蓝/在酒楼上__chunk004,cross,0.881770
杨戴/伤逝__chunk002,蓝/奔月__chunk001,cross,0.779211
杨戴/伤逝__chunk002,蓝/奔月__chunk002,cross,0.800498
杨戴/伤逝__chunk002,蓝/奔月__chunk003,cross,0.757612
杨戴/伤逝__chunk002,蓝/奔月__chunk004,cross,0.758567
杨戴/伤逝__chunk002,蓝/孤独者__chunk001,cross,0.811218
杨戴/伤逝__chunk002,蓝/孤独者__chunk002,cross,0.807462
杨戴/伤逝__chunk002,蓝/孤独者__chunk003,cross,0.838573
杨戴/伤逝__chunk002,蓝/孤独者__chunk004,cross,0.823966
杨戴/伤逝__chunk002,蓝/孤独者__chunk005,cross,0.868615
杨戴/伤逝__chunk002,蓝/孤独者__chunk006,cross,0.841646
杨戴/伤逝__chunk002,蓝/孤独者__chunk007,cross,0.810877
杨戴/伤逝__chunk002,蓝/孤独者__chunk008,cross,0.781914
杨戴/伤逝__chunk002,蓝/幸福的家庭__chunk001,cross,0.744082
杨戴/伤逝__chunk002,蓝/幸福的家庭__chunk002,cross,0.767450
杨戴/伤逝__chunk002,蓝/幸福的家庭__chunk003,cross,0.706565
杨戴/伤逝__chunk002,蓝/故乡__chunk001,cross,0.851172
杨戴/伤逝__chunk002,蓝/故乡__chunk002,cross,0.850185
杨戴/伤逝__chunk002,蓝/故乡__chunk003,cross,0.814921
杨戴/伤逝__chunk002,蓝/明天__chunk001,cross,0.805697
杨戴/伤逝__chunk002,蓝/明天__chunk002,cross,0.789213
杨戴/伤逝__chunk002,蓝/狂人日记__chunk001,cross,0.828701
杨戴/伤逝__chunk002,蓝/狂人日记__chunk002,cross,0.780667
杨戴/伤逝__chunk002,蓝/狂人日记__chunk003,cross,0.784350
杨戴/伤逝__chunk002,蓝/社戏__chunk001,cross,0.820250
杨戴/伤逝__chunk002,蓝/社戏__chunk002,cross,0.831545
杨戴/伤逝__chunk002,蓝/社戏__chunk003,cross,0.809065
杨戴/伤逝__chunk002,蓝/社戏__chunk004,cross,0.810879
杨戴/伤逝__chunk002,蓝/祝福__chunk001,cross,0.795080
杨戴/伤逝__chunk002,蓝/祝福__chunk002,cross,0.871783
杨戴/伤逝__chunk002,蓝/祝福__chunk003,cross,0.845004
杨戴/伤逝__chunk002,蓝/祝福__chunk004,cross,0.836942
杨戴/伤逝__chunk002,蓝/祝福__chunk005,cross,0.845208
杨戴/伤逝__chunk002,蓝/祝福__chunk006,cross,0.823800
杨戴/伤逝__chunk002,蓝/祝福__chunk007,cross,0.786653
杨戴/伤逝__chunk002,蓝/离婚__chunk001,cross,0.774150
杨戴/伤逝__chunk002,蓝/离婚__chunk002,cross,0.788585
杨戴/伤逝__chunk002,蓝/离婚__chunk003,cross,0.817382
杨戴/伤逝__chunk002,蓝/肥皂__chunk001,cross,0.817632
杨戴/伤逝__chunk002,蓝/肥皂__chunk002,cross,0.814983
杨戴/伤逝__chunk002,蓝/肥皂__chunk003,cross,0.762940
杨戴/伤逝__chunk002,蓝/肥皂__chunk004,cross,0.774672
杨戴/伤逝__chunk002,蓝/药__chunk001,cross,0.732366
杨戴/伤逝__chunk002,蓝/药__chunk002,cross,0.725683
杨戴/伤逝__chunk002,蓝/药__chunk003,cross,0.775678
杨戴/伤逝__chunk002,蓝/铸剑__chunk001,cross,0.762280
杨戴/伤逝__chunk002,蓝/铸剑__chunk002,cross,0.779202
杨戴/伤逝__chunk002,蓝/铸剑__chunk003,cross,0.727004
杨戴/伤逝__chunk002,蓝/铸剑__chunk004,cross,0.764006
杨戴/伤逝__chunk002,蓝/铸剑__chunk005,cross,0.743168
杨戴/伤逝__chunk002,蓝/铸剑__chunk006,cross,0.724780
杨戴/伤逝__chunk002,蓝/铸剑__chunk007,cross,0.738283
杨戴/伤逝__chunk002,蓝/阿Q正传__chunk001,cross,0.739344
杨戴/伤逝__chunk002,蓝/阿Q正传__chunk002,cross,0.740396
杨戴/伤逝__chunk002,蓝/阿Q正传__chunk003,cross,0.693232
杨戴/伤逝__chunk002,蓝/阿Q正传__chunk004,cross,0.752663
杨戴/伤逝__chunk002,蓝/阿Q正传__chunk005,cross,0.708485
杨戴/伤逝__chunk002,蓝/阿Q正传__chunk006,cross,0.745828
杨戴/伤逝__chunk002,蓝/阿Q正传__chunk007,cross,0.723282
杨戴/伤逝__chunk002,蓝/阿Q正传__chunk008,cross,0.734916
杨戴/伤逝__chunk002,蓝/阿Q正传__chunk009,cross,0.716240
杨戴/伤逝__chunk002,蓝/阿Q正传__chunk010,cross,0.730091
杨戴/伤逝__chunk002,蓝/阿Q正传__chunk011,cross,0.741601
杨戴/伤逝__chunk002,蓝/阿Q正传__chunk012,cross,0.758267
杨戴/伤逝__chunk002,蓝/阿Q正传__chunk013,cross,0.761869
杨戴/伤逝__chunk002,蓝/阿Q正传__chunk014,cross,0.749798
杨戴/伤逝__chunk002,蓝/阿Q正传__chunk015,cross,0.750632
杨戴/伤逝__chunk002,蓝/阿Q正传__chunk016,cross,0.758789
杨戴/伤逝__chunk002,蓝/阿Q正传__chunk017,cross,0.726453
杨戴/伤逝__chunk002,蓝/风波__chunk001,cross,0.752896
杨戴/伤逝__chunk002,蓝/风波__chunk002,cross,0.789722
杨戴/伤逝__chunk002,蓝/风波__chunk003,cross,0.750987
杨戴/伤逝__chunk003,杨戴/伤逝__chunk004,same,0.891596
杨戴/伤逝__chunk003,杨戴/伤逝__chunk005,same,0.916738
杨戴/伤逝__chunk003,杨戴/伤逝__chunk006,same,0.918974
杨戴/伤逝__chunk003,杨戴/伤逝__chunk007,same,0.897806
杨戴/伤逝__chunk003,杨戴/在酒楼上__chunk001,same,0.919304
杨戴/伤逝__chunk003,杨戴/在酒楼上__chunk002,same,0.897864
杨戴/伤逝__chunk003,杨戴/在酒楼上__chunk003,same,0.884538
杨戴/伤逝__chunk003,杨戴/在酒楼上__chunk004,same,0.890597
杨戴/伤逝__chunk003,杨戴/在酒楼上__chunk005,same,0.857529
杨戴/伤逝__chunk003,杨戴/奔月__chunk001,same,0.869658
杨戴/伤逝__chunk003,杨戴/奔月__chunk002,same,0.827563
杨戴/伤逝__chunk003,杨戴/奔月__chunk003,same,0.810022
杨戴/伤逝__chunk003,杨戴/奔月__chunk004,same,0.850508
杨戴/伤逝__chunk003,杨戴/孤独者__chunk001,same,0.877895
杨戴/伤逝__chunk003,杨戴/孤独者__chunk002,same,0.861372
杨戴/伤逝__chunk003,杨戴/孤独者__chunk003,same,0.863720
杨戴/伤逝__chunk003,杨戴/孤独者__chunk004,same,0.847576
杨戴/伤逝__chunk003,杨戴/孤独者__chunk005,same,0.907868
杨戴/伤逝__chunk003,杨戴/孤独者__chunk006,same,0.819972
杨戴/伤逝__chunk003,杨戴/孤独者__chunk007,same,0.863370
杨戴/伤逝__chunk003,杨戴/孤独者__chunk008,same,0.823489
杨戴/伤逝__chunk003,杨戴/幸福的家庭__chunk001,same,0.813475
杨戴/伤逝__chunk003,杨戴/幸福的家庭__chunk002,same,0.820202
杨戴/伤逝__chunk003,杨戴/幸福的家庭__chunk003,same,0.806061
杨戴/伤逝__chunk003,杨戴/故乡__chunk001,same,0.880667
杨戴/伤逝__chunk003,杨戴/故乡__chunk002,same,0.907955
杨戴/伤逝__chunk003,杨戴/故乡__chunk003,same,0.838126
杨戴/伤逝__chunk003,杨戴/故乡__chunk004,same,0.886378
杨戴/伤逝__chunk003,杨戴/明天__chunk001,same,0.846023
杨戴/伤逝__chunk003,杨戴/明天__chunk002,same,0.827462
杨戴/伤逝__chunk003,杨戴/明天__chunk003,same,0.837428
杨戴/伤逝__chunk003,杨戴/狂人日记__chunk001,same,0.854413
杨戴/伤逝__chunk003,杨戴/狂人日记__chunk002,same,0.819038
杨戴/伤逝__chunk003,杨戴/狂人日记__chunk003,same,0.827440
杨戴/伤逝__chunk003,杨戴/狂人日记__chunk004,same,0.855954
杨戴/伤逝__chunk003,杨戴/社戏__chunk001,same,0.888415
杨戴/伤逝__chunk003,杨戴/社戏__chunk002,same,0.874214
杨戴/伤逝__chunk003,杨戴/社戏__chunk003,same,0.882232
杨戴/伤逝__chunk003,杨戴/社戏__chunk004,same,0.878470
杨戴/伤逝__chunk003,杨戴/祝福__chunk001,same,0.894379
杨戴/伤逝__chunk003,杨戴/祝福__chunk002,same,0.863991
杨戴/伤逝__chunk003,杨戴/祝福__chunk003,same,0.835149
杨戴/伤逝__chunk003,杨戴/祝福__chunk004,same,0.840475
杨戴/伤逝__chunk003,杨戴/祝福__chunk005,same,0.881472
杨戴/伤逝__chunk003,杨戴/祝福__chunk006,same,0.848429
杨戴/伤逝__chunk003,杨戴/祝福__chunk007,same,0.830427
杨戴/伤逝__chunk003,杨戴/离婚__chunk001,same,0.782417
杨戴/伤逝__chunk003,杨戴/离婚__chunk002,same,0.851319
杨戴/伤逝__chunk003,杨戴/离婚__chunk003,same,0.868208
杨戴/伤逝__chunk003,杨戴/肥皂__chunk001,same,0.856387
杨戴/伤逝__chunk003,杨戴/肥皂__chunk002,same,0.833355
杨戴/伤逝__chunk003,杨戴/肥皂__chunk003,same,0.814892
杨戴/伤逝__chunk003,杨戴/肥皂__chunk004,same,0.865465
杨戴/伤逝__chunk003,杨戴/药__chunk001,same,0.823710
杨戴/伤逝__chunk003,杨戴/药__chunk002,same,0.798392
杨戴/伤逝__chunk003,杨戴/药__chunk003,same,0.852322
杨戴/伤逝__chunk003,杨戴/铸剑__chunk001,same,0.852604
杨戴/伤逝__chunk003,杨戴/铸剑__chunk002,same,0.829516
杨戴/伤逝__chunk003,杨戴/铸剑__chunk003,same,0.812881
杨戴/伤逝__chunk003,杨戴/铸剑__chunk004,same,0.815416
杨戴/伤逝__chunk003,杨戴/铸剑__chunk005,same,0.834341
杨戴/伤逝__chunk003,杨戴/铸剑__chunk006,same,0.795070
杨戴/伤逝__chunk003,杨戴/铸剑__chunk007,same,0.835909
杨戴/伤逝__chunk003,杨戴/阿Q正传__chunk001,same,0.822308
杨戴/伤逝__chunk003,杨戴/阿Q正传__chunk002,same,0.774589
杨戴/伤逝__chunk003,杨戴/阿Q正传__chunk003,same,0.772512
杨戴/伤逝__chunk003,杨戴/阿Q正传__chunk004,same,0.780111
杨戴/伤逝__chunk003,杨戴/阿Q正传__chunk005,same,0.797013
杨戴/伤逝__chunk003,杨戴/阿Q正传__chunk006,same,0.820250
杨戴/伤逝__chunk003,杨戴/阿Q正传__chunk007,same,0.815634
杨戴/伤逝__chunk003,杨戴/阿Q正传__chunk008,same,0.776902
杨戴/伤逝__chunk003,杨戴/阿Q正传__chunk009,same,0.786305
杨戴/伤逝__chunk003,杨戴/阿Q正传__chunk010,same,0.819425
杨戴/伤逝__chunk003,杨戴/阿Q正传__chunk011,same,0.792992
杨戴/伤逝__chunk003,杨戴/阿Q正传__chunk012,same,0.808240
杨戴/伤逝__chunk003,杨戴/阿Q正传__chunk013,same,0.833152
杨戴/伤逝__chunk003,杨戴/阿Q正传__chunk014,same,0.756390
杨戴/伤逝__chunk003,杨戴/阿Q正传__chunk015,same,0.801780
杨戴/伤逝__chunk003,杨戴/阿Q正传__chunk016,same,0.796126
杨戴/伤逝__chunk003,杨戴/阿Q正传__chunk017,same,0.800113
杨戴/伤逝__chunk003,杨戴/风波__chunk001,same,0.870856
杨戴/伤逝__chunk003,杨戴/风波__chunk002,same,0.827921
杨戴/伤逝__chunk003,杨戴/风波__chunk003,same,0.856219
杨戴/伤逝__chunk003,蓝/伤逝__chunk001,cross,0.868277
杨戴/伤逝__chunk003,蓝/伤逝__chunk002,cross,0.887023
杨戴/伤逝__chunk003,蓝/伤逝__chunk003,cross,0.907091
杨戴/伤逝__chunk003,蓝/伤逝__chunk004,cross,0.900709
杨戴/伤逝__chunk003,蓝/伤逝__chunk005,cross,0.890315
杨戴/伤逝__chunk003,蓝/伤逝__chunk006,cross,0.895904
杨戴/伤逝__chunk003,蓝/伤逝__chunk007,cross,0.888203
杨戴/伤逝__chunk003,蓝/在酒楼上__chunk001,cross,0.880032
杨戴/伤逝__chunk003,蓝/在酒楼上__chunk002,cross,0.926183
杨戴/伤逝__chunk003,蓝/在酒楼上__chunk003,cross,0.881044
杨戴/伤逝__chunk003,蓝/在酒楼上__chunk004,cross,0.851424
杨戴/伤逝__chunk003,蓝/奔月__chunk001,cross,0.862336
杨戴/伤逝__chunk003,蓝/奔月__chunk002,cross,0.851428
杨戴/伤逝__chunk003,蓝/奔月__chunk003,cross,0.831619
杨戴/伤逝__chunk003,蓝/奔月__chunk004,cross,0.834674
杨戴/伤逝__chunk003,蓝/孤独者__chunk001,cross,0.856364
杨戴/伤逝__chunk003,蓝/孤独者__chunk002,cross,0.840492
杨戴/伤逝__chunk003,蓝/孤独者__chunk003,cross,0.873099
杨戴/伤逝__chunk003,蓝/孤独者__chunk004,cross,0.880664
杨戴/伤逝__chunk003,蓝/孤独者__chunk005,cross,0.867999
杨戴/伤逝__chunk003,蓝/孤独者__chunk006,cross,0.865751
杨戴/伤逝__chunk003,蓝/孤独者__chunk007,cross,0.878108
杨戴/伤逝__chunk003,蓝/孤独者__chunk008,cross,0.806743
杨戴/伤逝__chunk003,蓝/幸福的家庭__chunk001,cross,0.825466
杨戴/伤逝__chunk003,蓝/幸福的家庭__chunk002,cross,0.823712
杨戴/伤逝__chunk003,蓝/幸福的家庭__chunk003,cross,0.752132
杨戴/伤逝__chunk003,蓝/故乡__chunk001,cross,0.889352
杨戴/伤逝__chunk003,蓝/故乡__chunk002,cross,0.880937
杨戴/伤逝__chunk003,蓝/故乡__chunk003,cross,0.832630
杨戴/伤逝__chunk003,蓝/明天__chunk001,cross,0.851104
杨戴/伤逝__chunk003,蓝/明天__chunk002,cross,0.850843
杨戴/伤逝__chunk003,蓝/狂人日记__chunk001,cross,0.861235
杨戴/伤逝__chunk003,蓝/狂人日记__chunk002,cross,0.821175
杨戴/伤逝__chunk003,蓝/狂人日记__chunk003,cross,0.825711
杨戴/伤逝__chunk003,蓝/社戏__chunk001,cross,0.851122
杨戴/伤逝__chunk003,蓝/社戏__chunk002,cross,0.872930
杨戴/伤逝__chunk003,蓝/社戏__chunk003,cross,0.860466
杨戴/伤逝__chunk003,蓝/社戏__chunk004,cross,0.869143
杨戴/伤逝__chunk003,蓝/祝福__chunk001,cross,0.848772
杨戴/伤逝__chunk003,蓝/祝福__chunk002,cross,0.862433
杨戴/伤逝__chunk003,蓝/祝福__chunk003,cross,0.845698
杨戴/伤逝__chunk003,蓝/祝福__chunk004,cross,0.862542
杨戴/伤逝__chunk003,蓝/祝福__chunk005,cross,0.860236
杨戴/伤逝__chunk003,蓝/祝福__chunk006,cross,0.840549
杨戴/伤逝__chunk003,蓝/祝福__chunk007,cross,0.831000
杨戴/伤逝__chunk003,蓝/离婚__chunk001,cross,0.829585
杨戴/伤逝__chunk003,蓝/离婚__chunk002,cross,0.832910
杨戴/伤逝__chunk003,蓝/离婚__chunk003,cross,0.837417
杨戴/伤逝__chunk003,蓝/肥皂__chunk001,cross,0.853169
杨戴/伤逝__chunk003,蓝/肥皂__chunk002,cross,0.859826
杨戴/伤逝__chunk003,蓝/肥皂__chunk003,cross,0.829251
杨戴/伤逝__chunk003,蓝/肥皂__chunk004,cross,0.843850
杨戴/伤逝__chunk003,蓝/药__chunk001,cross,0.807961
杨戴/伤逝__chunk003,蓝/药__chunk002,cross,0.777726
杨戴/伤逝__chunk003,蓝/药__chunk003,cross,0.830630
杨戴/伤逝__chunk003,蓝/铸剑__chunk001,cross,0.841212
杨戴/伤逝__chunk003,蓝/铸剑__chunk002,cross,0.852250
杨戴/伤逝__chunk003,蓝/铸剑__chunk003,cross,0.800694
杨戴/伤逝__chunk003,蓝/铸剑__chunk004,cross,0.825104
杨戴/伤逝__chunk003,蓝/铸剑__chunk005,cross,0.824192
杨戴/伤逝__chunk003,蓝/铸剑__chunk006,cross,0.775233
杨戴/伤逝__chunk003,蓝/铸剑__chunk007,cross,0.797469
杨戴/伤逝__chunk003,蓝/阿Q正传__chunk001,cross,0.799511
杨戴/伤逝__chunk003,蓝/阿Q正传__chunk002,cross,0.785759
杨戴/伤逝__chunk003,蓝/阿Q正传__chunk003,cross,0.730264
杨戴/伤逝__chunk003,蓝/阿Q正传__chunk004,cross,0.783358
杨戴/伤逝__chunk003,蓝/阿Q正传__chunk005,cross,0.763955
杨戴/伤逝__chunk003,蓝/阿Q正传__chunk006,cross,0.790783
杨戴/伤逝__chunk003,蓝/阿Q正传__chunk007,cross,0.799152
杨戴/伤逝__chunk003,蓝/阿Q正传__chunk008,cross,0.803524
杨戴/伤逝__chunk003,蓝/阿Q正传__chunk009,cross,0.785375
杨戴/伤逝__chunk003,蓝/阿Q正传__chunk010,cross,0.794528
杨戴/伤逝__chunk003,蓝/阿Q正传__chunk011,cross,0.812137
杨戴/伤逝__chunk003,蓝/阿Q正传__chunk012,cross,0.795335
杨戴/伤逝__chunk003,蓝/阿Q正传__chunk013,cross,0.816510
杨戴/伤逝__chunk003,蓝/阿Q正传__chunk014,cross,0.823545
杨戴/伤逝__chunk003,蓝/阿Q正传__chunk015,cross,0.802339
杨戴/伤逝__chunk003,蓝/阿Q正传__chunk016,cross,0.798564
杨戴/伤逝__chunk003,蓝/阿Q正传__chunk017,cross,0.780537
杨戴/伤逝__chunk003,蓝/风波__chunk001,cross,0.860193
杨戴/伤逝__chunk003,蓝/风波__chunk002,cross,0.858790
杨戴/伤逝__chunk003,蓝/风波__chunk003,cross,0.819754
杨戴/伤逝__chunk004,杨戴/伤逝__chunk005,same,0.912345
杨戴/伤逝__chunk004,杨戴/伤逝__chunk006,same,0.903505
杨戴/伤逝__chunk004,杨戴/伤逝__chunk007,same,0.914108
杨戴/伤逝__chunk004,杨戴/在酒楼上__chunk001,same,0.841793
杨戴/伤逝__chunk004,杨戴/在酒楼上__chunk002,same,0.872903
杨戴/伤逝__chunk004,杨戴/在酒楼上__chunk003,same,0.903791
杨戴/伤逝__chunk004,杨戴/在酒楼上__chunk004,same,0.883691
杨戴/伤逝__chunk004,杨戴/在酒楼上__chunk005,same,0.828555
杨戴/伤逝__chunk004,杨戴/奔月__chunk001,same,0.809116
杨戴/伤逝__chunk004,杨戴/奔月__chunk002,same,0.819195
杨戴/伤逝__chunk004,杨戴/奔月__chunk003,same,0.762659
杨戴/伤逝__chunk004,杨戴/奔月__chunk004,same,0.788026
杨戴/伤逝__chunk004,杨戴/孤独者__chunk001,same,0.824294
杨戴/伤逝__chunk004,杨戴/孤独者__chunk002,same,0.820336
杨戴/伤逝__chunk004,杨戴/孤独者__chunk003,same,0.850900
杨戴/伤逝__chunk004,杨戴/孤独者__chunk004,same,0.857430
杨戴/伤逝__chunk004,杨戴/孤独者__chunk005,same,0.881226
杨戴/伤逝__chunk004,杨戴/孤独者__chunk006,same,0.838166
杨戴/伤逝__chunk004,杨戴/孤独者__chunk007,same,0.855253
杨戴/伤逝__chunk004,杨戴/孤独者__chunk008,same,0.810518
杨戴/伤逝__chunk004,杨戴/幸福的家庭__chunk001,same,0.769243
杨戴/伤逝__chunk004,杨戴/幸福的家庭__chunk002,same,0.790779
杨戴/伤逝__chunk004,杨戴/幸福的家庭__chunk003,same,0.748915
杨戴/伤逝__chunk004,杨戴/故乡__chunk001,same,0.873470
杨戴/伤逝__chunk004,杨戴/故乡__chunk002,same,0.875873
杨戴/伤逝__chunk004,杨戴/故乡__chunk003,same,0.848474
杨戴/伤逝__chunk004,杨戴/故乡__chunk004,same,0.855864
杨戴/伤逝__chunk004,杨戴/明天__chunk001,same,0.802766
杨戴/伤逝__chunk004,杨戴/明天__chunk002,same,0.806866
杨戴/伤逝__chunk004,杨戴/明天__chunk003,same,0.818045
杨戴/伤逝__chunk004,杨戴/狂人日记__chunk001,same,0.815249
杨戴/伤逝__chunk004,杨戴/狂人日记__chunk002,same,0.833850
杨戴/伤逝__chunk004,杨戴/狂人日记__chunk003,same,0.802988
杨戴/伤逝__chunk004,杨戴/狂人日记__chunk004,same,0.853075
杨戴/伤逝__chunk004,杨戴/社戏__chunk001,same,0.881762
杨戴/伤逝__chunk004,杨戴/社戏__chunk002,same,0.894732
杨戴/伤逝__chunk004,杨戴/社戏__chunk003,same,0.825069
杨戴/伤逝__chunk004,杨戴/社戏__chunk004,same,0.856853
杨戴/伤逝__chunk004,杨戴/祝福__chunk001,same,0.821666
杨戴/伤逝__chunk004,杨戴/祝福__chunk002,same,0.883674
杨戴/伤逝__chunk004,杨戴/祝福__chunk003,same,0.814581
杨戴/伤逝__chunk004,杨戴/祝福__chunk004,same,0.822645
杨戴/伤逝__chunk004,杨戴/祝福__chunk005,same,0.864433
杨戴/伤逝__chunk004,杨戴/祝福__chunk006,same,0.810032
杨戴/伤逝__chunk004,杨戴/祝福__chunk007,same,0.800284
杨戴/伤逝__chunk004,杨戴/离婚__chunk001,same,0.777688
杨戴/伤逝__chunk004,杨戴/离婚__chunk002,same,0.832497
杨戴/伤逝__chunk004,杨戴/离婚__chunk003,same,0.862232
杨戴/伤逝__chunk004,杨戴/肥皂__chunk001,same,0.807711
杨戴/伤逝__chunk004,杨戴/肥皂__chunk002,same,0.848166
杨戴/伤逝__chunk004,杨戴/肥皂__chunk003,same,0.782677
杨戴/伤逝__chunk004,杨戴/肥皂__chunk004,same,0.785799
杨戴/伤逝__chunk004,杨戴/药__chunk001,same,0.789516
杨戴/伤逝__chunk004,杨戴/药__chunk002,same,0.775946
杨戴/伤逝__chunk004,杨戴/药__chunk003,same,0.800937
杨戴/伤逝__chunk004,杨戴/铸剑__chunk001,same,0.798442
杨戴/伤逝__chunk004,杨戴/铸剑__chunk002,same,0.762594
杨戴/伤逝__chunk004,杨戴/铸剑__chunk003,same,0.752260
杨戴/伤逝__chunk004,杨戴/铸剑__chunk004,same,0.743503
杨戴/伤逝__chunk004,杨戴/铸剑__chunk005,same,0.787579
杨戴/伤逝__chunk004,杨戴/铸剑__chunk006,same,0.727275
杨戴/伤逝__chunk004,杨戴/铸剑__chunk007,same,0.792789
杨戴/伤逝__chunk004,杨戴/阿Q正传__chunk001,same,0.784958
杨戴/伤逝__chunk004,杨戴/阿Q正传__chunk002,same,0.759020
杨戴/伤逝__chunk004,杨戴/阿Q正传__chunk003,same,0.749505
杨戴/伤逝__chunk004,杨戴/阿Q正传__chunk004,same,0.769005
杨戴/伤逝__chunk004,杨戴/阿Q正传__chunk005,same,0.762726
杨戴/伤逝__chunk004,杨戴/阿Q正传__chunk006,same,0.777713
杨戴/伤逝__chunk004,杨戴/阿Q正传__chunk007,same,0.774969
杨戴/伤逝__chunk004,杨戴/阿Q正传__chunk008,same,0.760633
杨戴/伤逝__chunk004,杨戴/阿Q正传__chunk009,same,0.774726
杨戴/伤逝__chunk004,杨戴/阿Q正传__chunk010,same,0.785868
杨戴/伤逝__chunk004,杨戴/阿Q正传__chunk011,same,0.788337
杨戴/伤逝__chunk004,杨戴/阿Q正传__chunk012,same,0.788755
杨戴/伤逝__chunk004,杨戴/阿Q正传__chunk013,same,0.787999
杨戴/伤逝__chunk004,杨戴/阿Q正传__chunk014,same,0.748594
杨戴/伤逝__chunk004,杨戴/阿Q正传__chunk015,same,0.783813
杨戴/伤逝__chunk004,杨戴/阿Q正传__chunk016,same,0.785690
杨戴/伤逝__chunk004,杨戴/阿Q正传__chunk017,same,0.799146
杨戴/伤逝__chunk004,杨戴/风波__chunk001,same,0.814800
杨戴/伤逝__chunk004,杨戴/风波__chunk002,same,0.827450
杨戴/伤逝__chunk004,杨戴/风波__chunk003,same,0.830211
杨戴/伤逝__chunk004,蓝/伤逝__chunk001,cross,0.800129
杨戴/伤逝__chunk004,蓝/伤逝__chunk002,cross,0.881933
杨戴/伤逝__chunk004,蓝/伤逝__chunk003,cross,0.874168
杨戴/伤逝__chunk004,蓝/伤逝__chunk004,cross,0.914598
杨戴/伤逝__chunk004,蓝/伤逝__chunk005,cross,0.867568
杨戴/伤逝__chunk004,蓝/伤逝__chunk006,cross,0.844901
杨戴/伤逝__chunk004,蓝/伤逝__chunk007,cross,0.841635
杨戴/伤逝__chunk004,蓝/在酒楼上__chunk001,cross,0.832174
杨戴/伤逝__chunk004,蓝/在酒楼上__chunk002,cross,0.888786
杨戴/伤逝__chunk004,蓝/在酒楼上__chunk003,cross,0.884256
杨戴/伤逝__chunk004,蓝/在酒楼上__chunk004,cross,0.888240
杨戴/伤逝__chunk004,蓝/奔月__chunk001,cross,0.775104
杨戴/伤逝__chunk004,蓝/奔月__chunk002,cross,0.811116
杨戴/伤逝__chunk004,蓝/奔月__chunk003,cross,0.787355
杨戴/伤逝__chunk004,蓝/奔月__chunk004,cross,0.744475
杨戴/伤逝__chunk004,蓝/孤独者__chunk001,cross,0.829367
杨戴/伤逝__chunk004,蓝/孤独者__chunk002,cross,0.795931
杨戴/伤逝__chunk004,蓝/孤独者__chunk003,cross,0.846712
杨戴/伤逝__chunk004,蓝/孤独者__chunk004,cross,0.829645
杨戴/伤逝__chunk004,蓝/孤独者__chunk005,cross,0.864796
杨戴/伤逝__chunk004,蓝/孤独者__chunk006,cross,0.857110
杨戴/伤逝__chunk004,蓝/孤独者__chunk007,cross,0.803702
杨戴/伤逝__chunk004,蓝/孤独者__chunk008,cross,0.802302
杨戴/伤逝__chunk004,蓝/幸福的家庭__chunk001,cross,0.757180
杨戴/伤逝__chunk004,蓝/幸福的家庭__chunk002,cross,0.763399
杨戴/伤逝__chunk004,蓝/幸福的家庭__chunk003,cross,0.697377
杨戴/伤逝__chunk004,蓝/故乡__chunk001,cross,0.842892
杨戴/伤逝__chunk004,蓝/故乡__chunk002,cross,0.853215
杨戴/伤逝__chunk004,蓝/故乡__chunk003,cross,0.825449
杨戴/伤逝__chunk004,蓝/明天__chunk001,cross,0.802828
杨戴/伤逝__chunk004,蓝/明天__chunk002,cross,0.790427
杨戴/伤逝__chunk004,蓝/狂人日记__chunk001,cross,0.809471
杨戴/伤逝__chunk004,蓝/狂人日记__chunk002,cross,0.790831
杨戴/伤逝__chunk004,蓝/狂人日记__chunk003,cross,0.812716
杨戴/伤逝__chunk004,蓝/社戏__chunk001,cross,0.809437
杨戴/伤逝__chunk004,蓝/社戏__chunk002,cross,0.828557
杨戴/伤逝__chunk004,蓝/社戏__chunk003,cross,0.799007
杨戴/伤逝__chunk004,蓝/社戏__chunk004,cross,0.813900
杨戴/伤逝__chunk004,蓝/祝福__chunk001,cross,0.791516
杨戴/伤逝__chunk004,蓝/祝福__chunk002,cross,0.854064
杨戴/伤逝__chunk004,蓝/祝福__chunk003,cross,0.804729
杨戴/伤逝__chunk004,蓝/祝福__chunk004,cross,0.823541
杨戴/伤逝__chunk004,蓝/祝福__chunk005,cross,0.850877
杨戴/伤逝__chunk004,蓝/祝福__chunk006,cross,0.804265
杨戴/伤逝__chunk004,蓝/祝福__chunk007,cross,0.760416
杨戴/伤逝__chunk004,蓝/离婚__chunk001,cross,0.778265
杨戴/伤逝__chunk004,蓝/离婚__chunk002,cross,0.774154
杨戴/伤逝__chunk004,蓝/离婚__chunk003,cross,0.828470
杨戴/伤逝__chunk004,蓝/肥皂__chunk001,cross,0.792364
杨戴/伤逝__chunk004,蓝/肥皂__chunk002,cross,0.830833
杨戴/伤逝__chunk004,蓝/肥皂__chunk003,cross,0.771164
杨戴/伤逝__chunk004,蓝/肥皂__chunk004,cross,0.752385
杨戴/伤逝__chunk004,蓝/药__chunk001,cross,0.728960
杨戴/伤逝__chunk004,蓝/药__chunk002,cross,0.750410
杨戴/伤逝__chunk004,蓝/药__chunk003,cross,0.752759
杨戴/伤逝__chunk004,蓝/铸剑__chunk001,cross,0.782462
杨戴/伤逝__chunk004,蓝/铸剑__chunk002,cross,0.779403
杨戴/伤逝__chunk004,蓝/铸剑__chunk003,cross,0.724743
杨戴/伤逝__chunk004,蓝/铸剑__chunk004,cross,0.747487
杨戴/伤逝__chunk004,蓝/铸剑__chunk005,cross,0.738136
杨戴/伤逝__chunk004,蓝/铸剑__chunk006,cross,0.702626
杨戴/伤逝__chunk004,蓝/铸剑__chunk007,cross,0.755438
杨戴/伤逝__chunk004,蓝/阿Q正传__chunk001,cross,0.729310
杨戴/伤逝__chunk004,蓝/阿Q正传__chunk002,cross,0.750288
杨戴/伤逝__chunk004,蓝/阿Q正传__chunk003,cross,0.702755
杨戴/伤逝__chunk004,蓝/阿Q正传__chunk004,cross,0.769728
杨戴/伤逝__chunk004,蓝/阿Q正传__chunk005,cross,0.721034
杨戴/伤逝__chunk004,蓝/阿Q正传__chunk006,cross,0.748343
杨戴/伤逝__chunk004,蓝/阿Q正传__chunk007,cross,0.734890
杨戴/伤逝__chunk004,蓝/阿Q正传__chunk008,cross,0.768068
杨戴/伤逝__chunk004,蓝/阿Q正传__chunk009,cross,0.721389
杨戴/伤逝__chunk004,蓝/阿Q正传__chunk010,cross,0.742818
杨戴/伤逝__chunk004,蓝/阿Q正传__chunk011,cross,0.747755
杨戴/伤逝__chunk004,蓝/阿Q正传__chunk012,cross,0.760175
杨戴/伤逝__chunk004,蓝/阿Q正传__chunk013,cross,0.775764
杨戴/伤逝__chunk004,蓝/阿Q正传__chunk014,cross,0.762019
杨戴/伤逝__chunk004,蓝/阿Q正传__chunk015,cross,0.755694
杨戴/伤逝__chunk004,蓝/阿Q正传__chunk016,cross,0.780463
杨戴/伤逝__chunk004,蓝/阿Q正传__chunk017,cross,0.725181
杨戴/伤逝__chunk004,蓝/风波__chunk001,cross,0.772548
杨戴/伤逝__chunk004,蓝/风波__chunk002,cross,0.791171
杨戴/伤逝__chunk004,蓝/风波__chunk003,cross,0.757966
杨戴/伤逝__chunk005,杨戴/伤逝__chunk006,same,0.932868
杨戴/伤逝__chunk005,杨戴/伤逝__chunk007,same,0.906609
杨戴/伤逝__chunk005,杨戴/在酒楼上__chunk001,same,0.886519
杨戴/伤逝__chunk005,杨戴/在酒楼上__chunk002,same,0.870198
杨戴/伤逝__chunk005,杨戴/在酒楼上__chunk003,same,0.875005
杨戴/伤逝__chunk005,杨戴/在酒楼上__chunk004,same,0.887711
杨戴/伤逝__chunk005,杨戴/在酒楼上__chunk005,same,0.850667
杨戴/伤逝__chunk005,杨戴/奔月__chunk001,same,0.839555
杨戴/伤逝__chunk005,杨戴/奔月__chunk002,same,0.823495
杨戴/伤逝__chunk005,杨戴/奔月__chunk003,same,0.788528
杨戴/伤逝__chunk005,杨戴/奔月__chunk004,same,0.816046
杨戴/伤逝__chunk005,杨戴/孤独者__chunk001,same,0.857509
杨戴/伤逝__chunk005,杨戴/孤独者__chunk002,same,0.839035
杨戴/伤逝__chunk005,杨戴/孤独者__chunk003,same,0.857613
杨戴/伤逝__chunk005,杨戴/孤独者__chunk004,same,0.831939
杨戴/伤逝__chunk005,杨戴/孤独者__chunk005,same,0.895951
杨戴/伤逝__chunk005,杨戴/孤独者__chunk006,same,0.850853
杨戴/伤逝__chunk005,杨戴/孤独者__chunk007,same,0.861854
杨戴/伤逝__chunk005,杨戴/孤独者__chunk008,same,0.815888
杨戴/伤逝__chunk005,杨戴/幸福的家庭__chunk001,same,0.792418
杨戴/伤逝__chunk005,杨戴/幸福的家庭__chunk002,same,0.783547
杨戴/伤逝__chunk005,杨戴/幸福的家庭__chunk003,same,0.782077
杨戴/伤逝__chunk005,杨戴/故乡__chunk001,same,0.879480
杨戴/伤逝__chunk005,杨戴/故乡__chunk002,same,0.892345
杨戴/伤逝__chunk005,杨戴/故乡__chunk003,same,0.808451
杨戴/伤逝__chunk005,杨戴/故乡__chunk004,same,0.881893
杨戴/伤逝__chunk005,杨戴/明天__chunk001,same,0.832155
杨戴/伤逝__chunk005,杨戴/明天__chunk002,same,0.810862
杨戴/伤逝__chunk005,杨戴/明天__chunk003,same,0.824330
杨戴/伤逝__chunk005,杨戴/狂人日记__chunk001,same,0.837008
杨戴/伤逝__chunk005,杨戴/狂人日记__chunk002,same,0.835968
杨戴/伤逝__chunk005,杨戴/狂人日记__chunk003,same,0.819051
杨戴/伤逝__chunk005,杨戴/狂人日记__chunk004,same,0.836412
杨戴/伤逝__chunk005,杨戴/社戏__chunk001,same,0.900213
杨戴/伤逝__chunk005,杨戴/社戏__chunk002,same,0.873001
杨戴/伤逝__chunk005,杨戴/社戏__chunk003,same,0.853379
杨戴/伤逝__chunk005,杨戴/社戏__chunk004,same,0.859021
杨戴/伤逝__chunk005,杨戴/祝福__chunk001,same,0.866598
杨戴/伤逝__chunk005,杨戴/祝福__chunk002,same,0.883310
杨戴/伤逝__chunk005,杨戴/祝福__chunk003,same,0.839077
杨戴/伤逝__chunk005,杨戴/祝福__chunk004,same,0.828036
杨戴/伤逝__chunk005,杨戴/祝福__chunk005,same,0.866973
杨戴/伤逝__chunk005,杨戴/祝福__chunk006,same,0.842752
杨戴/伤逝__chunk005,杨戴/祝福__chunk007,same,0.835374
杨戴/伤逝__chunk005,杨戴/离婚__chunk001,same,0.787608
杨戴/伤逝__chunk005,杨戴/离婚__chunk002,same,0.835452
杨戴/伤逝__chunk005,杨戴/离婚__chunk003,same,0.868073
杨戴/伤逝__chunk005,杨戴/肥皂__chunk001,same,0.834243
杨戴/伤逝__chunk005,杨戴/肥皂__chunk002,same,0.826265
杨戴/伤逝__chunk005,杨戴/肥皂__chunk003,same,0.792696
杨戴/伤逝__chunk005,杨戴/肥皂__chunk004,same,0.831209
杨戴/伤逝__chunk005,杨戴/药__chunk001,same,0.802097
杨戴/伤逝__chunk005,杨戴/药__chunk002,same,0.798660
杨戴/伤逝__chunk005,杨戴/药__chunk003,same,0.828653
杨戴/伤逝__chunk005,杨戴/铸剑__chunk001,same,0.827991
杨戴/伤逝__chunk005,杨戴/铸剑__chunk002,same,0.803483
杨戴/伤逝__chunk005,杨戴/铸剑__chunk003,same,0.778055
杨戴/伤逝__chunk005,杨戴/铸剑__chunk004,same,0.780335
杨戴/伤逝__chunk005,杨戴/铸剑__chunk005,same,0.795115
杨戴/伤逝__chunk005,杨戴/铸剑__chunk006,same,0.763578
杨戴/伤逝__chunk005,杨戴/铸剑__chunk007,same,0.800387
杨戴/伤逝__chunk005,杨戴/阿Q正传__chunk001,same,0.789134
杨戴/伤逝__chunk005,杨戴/阿Q正传__chunk002,same,0.778946
杨戴/伤逝__chunk005,杨戴/阿Q正传__chunk003,same,0.755028
杨戴/伤逝__chunk005,杨戴/阿Q正传__chunk004,same,0.763479
杨戴/伤逝__chunk005,杨戴/阿Q正传__chunk005,same,0.776155
杨戴/伤逝__chunk005,杨戴/阿Q正传__chunk006,same,0.791540
杨戴/伤逝__chunk005,杨戴/阿Q正传__chunk007,same,0.789028
杨戴/伤逝__chunk005,杨戴/阿Q正传__chunk008,same,0.767695
杨戴/伤逝__chunk005,杨戴/阿Q正传__chunk009,same,0.775943
杨戴/伤逝__chunk005,杨戴/阿Q正传__chunk010,same,0.788994
杨戴/伤逝__chunk005,杨戴/阿Q正传__chunk011,same,0.783586
杨戴/伤逝__chunk005,杨戴/阿Q正传__chunk012,same,0.790460
杨戴/伤逝__chunk005,杨戴/阿Q正传__chunk013,same,0.820221
杨戴/伤逝__chunk005,杨戴/阿Q正传__chunk014,same,0.726577
杨戴/伤逝__chunk005,杨戴/阿Q正传__chunk015,same,0.776783
杨戴/伤逝__chunk005,杨戴/阿Q正传__chunk016,same,0.792145
杨戴/伤逝__chunk005,杨戴/阿Q正传__chunk017,same,0.795518
杨戴/伤逝__chunk005,杨戴/风波__chunk001,same,0.844409
杨戴/伤逝__chunk005,杨戴/风波__chunk002,same,0.818944
杨戴/伤逝__chunk005,杨戴/风波__chunk003,same,0.841043
杨戴/伤逝__chunk005,蓝/伤逝__chunk001,cross,0.845558
杨戴/伤逝__chunk005,蓝/伤逝__chunk002,cross,0.916448
杨戴/伤逝__chunk005,蓝/伤逝__chunk003,cross,0.907929
杨戴/伤逝__chunk005,蓝/伤逝__chunk004,cross,0.938548
杨戴/伤逝__chunk005,蓝/伤逝__chunk005,cross,0.911850
杨戴/伤逝__chunk005,蓝/伤逝__chunk006,cross,0.883435
杨戴/伤逝__chunk005,蓝/伤逝__chunk007,cross,0.872686
杨戴/伤逝__chunk005,蓝/在酒楼上__chunk001,cross,0.850038
杨戴/伤逝__chunk005,蓝/在酒楼上__chunk002,cross,0.899991
杨戴/伤逝__chunk005,蓝/在酒楼上__chunk003,cross,0.870888
杨戴/伤逝__chunk005,蓝/在酒楼上__chunk004,cross,0.864589
杨戴/伤逝__chunk005,蓝/奔月__chunk001,cross,0.815987
杨戴/伤逝__chunk005,蓝/奔月__chunk002,cross,0.834645
杨戴/伤逝__chunk005,蓝/奔月__chunk003,cross,0.802669
杨戴/伤逝__chunk005,蓝/奔月__chunk004,cross,0.796373
杨戴/伤逝__chunk005,蓝/孤独者__chunk001,cross,0.839973
杨戴/伤逝__chunk005,蓝/孤独者__chunk002,cross,0.810694
杨戴/伤逝__chunk005,蓝/孤独者__chunk003,cross,0.872720
杨戴/伤逝__chunk005,蓝/孤独者__chunk004,cross,0.863496
杨戴/伤逝__chunk005,蓝/孤独者__chunk005,cross,0.872992
杨戴/伤逝__chunk005,蓝/孤独者__chunk006,cross,0.866275
杨戴/伤逝__chunk005,蓝/孤独者__chunk007,cross,0.861381
杨戴/伤逝__chunk005,蓝/孤独者__chunk008,cross,0.810504
杨戴/伤逝__chunk005,蓝/幸福的家庭__chunk001,cross,0.789066
杨戴/伤逝__chunk005,蓝/幸福的家庭__chunk002,cross,0.800150
杨戴/伤逝__chunk005,蓝/幸福的家庭__chunk003,cross,0.731331
杨戴/伤逝__chunk005,蓝/故乡__chunk001,cross,0.864372
杨戴/伤逝__chunk005,蓝/故乡__chunk002,cross,0.860717
杨戴/伤逝__chunk005,蓝/故乡__chunk003,cross,0.822310
杨戴/伤逝__chunk005,蓝/明天__chunk001,cross,0.825352
杨戴/伤逝__chunk005,蓝/明天__chunk002,cross,0.813502
杨戴/伤逝__chunk005,蓝/狂人日记__chunk001,cross,0.843159
杨戴/伤逝__chunk005,蓝/狂人日记__chunk002,cross,0.820937
杨戴/伤逝__chunk005,蓝/狂人日记__chunk003,cross,0.816712
杨戴/伤逝__chunk005,蓝/社戏__chunk001,cross,0.839188
杨戴/伤逝__chunk005,蓝/社戏__chunk002,cross,0.863128
杨戴/伤逝__chunk005,蓝/社戏__chunk003,cross,0.833447
杨戴/伤逝__chunk005,蓝/社戏__chunk004,cross,0.829523
杨戴/伤逝__chunk005,蓝/祝福__chunk001,cross,0.827567
杨戴/伤逝__chunk005,蓝/祝福__chunk002,cross,0.866940
杨戴/伤逝__chunk005,蓝/祝福__chunk003,cross,0.833306
杨戴/伤逝__chunk005,蓝/祝福__chunk004,cross,0.861023
杨戴/伤逝__chunk005,蓝/祝福__chunk005,cross,0.859528
杨戴/伤逝__chunk005,蓝/祝福__chunk006,cross,0.848742
杨戴/伤逝__chunk005,蓝/祝福__chunk007,cross,0.814151
杨戴/伤逝__chunk005,蓝/离婚__chunk001,cross,0.812667
杨戴/伤逝__chunk005,蓝/离婚__chunk002,cross,0.806888
杨戴/伤逝__chunk005,蓝/离婚__chunk003,cross,0.836324
杨戴/伤逝__chunk005,蓝/肥皂__chunk001,cross,0.820399
杨戴/伤逝__chunk005,蓝/肥皂__chunk002,cross,0.853564
杨戴/伤逝__chunk005,蓝/肥皂__chunk003,cross,0.787479
杨戴/伤逝__chunk005,蓝/肥皂__chunk004,cross,0.799377
杨戴/伤逝__chunk005,蓝/药__chunk001,cross,0.765477
杨戴/伤逝__chunk005,蓝/药__chunk002,cross,0.775059
杨戴/伤逝__chunk005,蓝/药__chunk003,cross,0.786444
杨戴/伤逝__chunk005,蓝/铸剑__chunk001,cross,0.825493
杨戴/伤逝__chunk005,蓝/铸剑__chunk002,cross,0.816740
杨戴/伤逝__chunk005,蓝/铸剑__chunk003,cross,0.773732
杨戴/伤逝__chunk005,蓝/铸剑__chunk004,cross,0.784654
杨戴/伤逝__chunk005,蓝/铸剑__chunk005,cross,0.779144
杨戴/伤逝__chunk005,蓝/铸剑__chunk006,cross,0.742063
杨戴/伤逝__chunk005,蓝/铸剑__chunk007,cross,0.762811
杨戴/伤逝__chunk005,蓝/阿Q正传__chunk001,cross,0.758280
杨戴/伤逝__chunk005,蓝/阿Q正传__chunk002,cross,0.765753
杨戴/伤逝__chunk005,蓝/阿Q正传__chunk003,cross,0.719481
杨戴/伤逝__chunk005,蓝/阿Q正传__chunk004,cross,0.768100
杨戴/伤逝__chunk005,蓝/阿Q正传__chunk005,cross,0.735148
杨戴/伤逝__chunk005,蓝/阿Q正传__chunk006,cross,0.778687
杨戴/伤逝__chunk005,蓝/阿Q正传__chunk007,cross,0.767050
杨戴/伤逝__chunk005,蓝/阿Q正传__chunk008,cross,0.782962
杨戴/伤逝__chunk005,蓝/阿Q正传__chunk009,cross,0.761489
杨戴/伤逝__chunk005,蓝/阿Q正传__chunk010,cross,0.771531
杨戴/伤逝__chunk005,蓝/阿Q正传__chunk011,cross,0.782756
杨戴/伤逝__chunk005,蓝/阿Q正传__chunk012,cross,0.774749
杨戴/伤逝__chunk005,蓝/阿Q正传__chunk013,cross,0.800114
杨戴/伤逝__chunk005,蓝/阿Q正传__chunk014,cross,0.791355
杨戴/伤逝__chunk005,蓝/阿Q正传__chunk015,cross,0.782472
杨戴/伤逝__chunk005,蓝/阿Q正传__chunk016,cross,0.791017
杨戴/伤逝__chunk005,蓝/阿Q正传__chunk017,cross,0.757624
杨戴/伤逝__chunk005,蓝/风波__chunk001,cross,0.823113
杨戴/伤逝__chunk005,蓝/风波__chunk002,cross,0.830421
杨戴/伤逝__chunk005,蓝/风波__chunk003,cross,0.797349
杨戴/伤逝__chunk006,杨戴/伤逝__chunk007,same,0.906036
杨戴/伤逝__chunk006,杨戴/在酒楼上__chunk001,same,0.910449
杨戴/伤逝__chunk006,杨戴/在酒楼上__chunk002,same,0.871875
杨戴/伤逝__chunk006,杨戴/在酒楼上__chunk003,same,0.870791
杨戴/伤逝__chunk006,杨戴/在酒楼上__chunk004,same,0.875005
杨戴/伤逝__chunk006,杨戴/在酒楼上__chunk005,same,0.883752
杨戴/伤逝__chunk006,杨戴/奔月__chunk001,same,0.861453
杨戴/伤逝__chunk006,杨戴/奔月__chunk002,same,0.833179
杨戴/伤逝__chunk006,杨戴/奔月__chunk003,same,0.830616
杨戴/伤逝__chunk006,杨戴/奔月__chunk004,same,0.823718
杨戴/伤逝__chunk006,杨戴/孤独者__chunk001,same,0.865414
杨戴/伤逝__chunk006,杨戴/孤独者__chunk002,same,0.873345
杨戴/伤逝__chunk006,杨戴/孤独者__chunk003,same,0.866369
杨戴/伤逝__chunk006,杨戴/孤独者__chunk004,same,0.860820
杨戴/伤逝__chunk006,杨戴/孤独者__chunk005,same,0.917026
杨戴/伤逝__chunk006,杨戴/孤独者__chunk006,same,0.856077
杨戴/伤逝__chunk006,杨戴/孤独者__chunk007,same,0.879804
杨戴/伤逝__chunk006,杨戴/孤独者__chunk008,same,0.839924
杨戴/伤逝__chunk006,杨戴/幸福的家庭__chunk001,same,0.808786
杨戴/伤逝__chunk006,杨戴/幸福的家庭__chunk002,same,0.801317
杨戴/伤逝__chunk006,杨戴/幸福的家庭__chunk003,same,0.806708
杨戴/伤逝__chunk006,杨戴/故乡__chunk001,same,0.866460
杨戴/伤逝__chunk006,杨戴/故乡__chunk002,same,0.898657
杨戴/伤逝__chunk006,杨戴/故乡__chunk003,same,0.835864
杨戴/伤逝__chunk006,杨戴/故乡__chunk004,same,0.879128
杨戴/伤逝__chunk006,杨戴/明天__chunk001,same,0.829551
杨戴/伤逝__chunk006,杨戴/明天__chunk002,same,0.802931
杨戴/伤逝__chunk006,杨戴/明天__chunk003,same,0.847786
杨戴/伤逝__chunk006,杨戴/狂人日记__chunk001,same,0.840660
杨戴/伤逝__chunk006,杨戴/狂人日记__chunk002,same,0.837735
杨戴/伤逝__chunk006,杨戴/狂人日记__chunk003,same,0.831068
杨戴/伤逝__chunk006,杨戴/狂人日记__chunk004,same,0.839838
杨戴/伤逝__chunk006,杨戴/社戏__chunk001,same,0.896033
杨戴/伤逝__chunk006,杨戴/社戏__chunk002,same,0.874855
杨戴/伤逝__chunk006,杨戴/社戏__chunk003,same,0.865538
杨戴/伤逝__chunk006,杨戴/社戏__chunk004,same,0.867402
杨戴/伤逝__chunk006,杨戴/祝福__chunk001,same,0.885276
杨戴/伤逝__chunk006,杨戴/祝福__chunk002,same,0.869584
杨戴/伤逝__chunk006,杨戴/祝福__chunk003,same,0.804332
杨戴/伤逝__chunk006,杨戴/祝福__chunk004,same,0.825755
杨戴/伤逝__chunk006,杨戴/祝福__chunk005,same,0.852695
杨戴/伤逝__chunk006,杨戴/祝福__chunk006,same,0.822916
杨戴/伤逝__chunk006,杨戴/祝福__chunk007,same,0.820968
杨戴/伤逝__chunk006,杨戴/离婚__chunk001,same,0.777425
杨戴/伤逝__chunk006,杨戴/离婚__chunk002,same,0.835874
杨戴/伤逝__chunk006,杨戴/离婚__chunk003,same,0.873099
杨戴/伤逝__chunk006,杨戴/肥皂__chunk001,same,0.842093
杨戴/伤逝__chunk006,杨戴/肥皂__chunk002,same,0.833182
杨戴/伤逝__chunk006,杨戴/肥皂__chunk003,same,0.814034
杨戴/伤逝__chunk006,杨戴/肥皂__chunk004,same,0.835731
杨戴/伤逝__chunk006,杨戴/药__chunk001,same,0.845867
杨戴/伤逝__chunk006,杨戴/药__chunk002,same,0.795265
杨戴/伤逝__chunk006,杨戴/药__chunk003,same,0.852737
杨戴/伤逝__chunk006,杨戴/铸剑__chunk001,same,0.844433
杨戴/伤逝__chunk006,杨戴/铸剑__chunk002,same,0.816048
杨戴/伤逝__chunk006,杨戴/铸剑__chunk003,same,0.809593
杨戴/伤逝__chunk006,杨戴/铸剑__chunk004,same,0.823014
杨戴/伤逝__chunk006,杨戴/铸剑__chunk005,same,0.830716
杨戴/伤逝__chunk006,杨戴/铸剑__chunk006,same,0.779330
杨戴/伤逝__chunk006,杨戴/铸剑__chunk007,same,0.832470
杨戴/伤逝__chunk006,杨戴/阿Q正传__chunk001,same,0.806394
杨戴/伤逝__chunk006,杨戴/阿Q正传__chunk002,same,0.766277
杨戴/伤逝__chunk006,杨戴/阿Q正传__chunk003,same,0.753338
杨戴/伤逝__chunk006,杨戴/阿Q正传__chunk004,same,0.764767
杨戴/伤逝__chunk006,杨戴/阿Q正传__chunk005,same,0.772454
杨戴/伤逝__chunk006,杨戴/阿Q正传__chunk006,same,0.799003
杨戴/伤逝__chunk006,杨戴/阿Q正传__chunk007,same,0.793105
杨戴/伤逝__chunk006,杨戴/阿Q正传__chunk008,same,0.755257
杨戴/伤逝__chunk006,杨戴/阿Q正传__chunk009,same,0.771350
杨戴/伤逝__chunk006,杨戴/阿Q正传__chunk010,same,0.792225
杨戴/伤逝__chunk006,杨戴/阿Q正传__chunk011,same,0.768804
杨戴/伤逝__chunk006,杨戴/阿Q正传__chunk012,same,0.806274
杨戴/伤逝__chunk006,杨戴/阿Q正传__chunk013,same,0.822421
杨戴/伤逝__chunk006,杨戴/阿Q正传__chunk014,same,0.728818
杨戴/伤逝__chunk006,杨戴/阿Q正传__chunk015,same,0.774953
杨戴/伤逝__chunk006,杨戴/阿Q正传__chunk016,same,0.778665
杨戴/伤逝__chunk006,杨戴/阿Q正传__chunk017,same,0.776451
杨戴/伤逝__chunk006,杨戴/风波__chunk001,same,0.867767
杨戴/伤逝__chunk006,杨戴/风波__chunk002,same,0.810402
杨戴/伤逝__chunk006,杨戴/风波__chunk003,same,0.854544
杨戴/伤逝__chunk006,蓝/伤逝__chunk001,cross,0.871222
杨戴/伤逝__chunk006,蓝/伤逝__chunk002,cross,0.913570
杨戴/伤逝__chunk006,蓝/伤逝__chunk003,cross,0.928436
杨戴/伤逝__chunk006,蓝/伤逝__chunk004,cross,0.918509
杨戴/伤逝__chunk006,蓝/伤逝__chunk005,cross,0.917610
杨戴/伤逝__chunk006,蓝/伤逝__chunk006,cross,0.916773
杨戴/伤逝__chunk006,蓝/伤逝__chunk007,cross,0.919960
杨戴/伤逝__chunk006,蓝/在酒楼上__chunk001,cross,0.892810
杨戴/伤逝__chunk006,蓝/在酒楼上__chunk002,cross,0.912466
杨戴/伤逝__chunk006,蓝/在酒楼上__chunk003,cross,0.877864
杨戴/伤逝__chunk006,蓝/在酒楼上__chunk004,cross,0.874590
杨戴/伤逝__chunk006,蓝/奔月__chunk001,cross,0.858195
杨戴/伤逝__chunk006,蓝/奔月__chunk002,cross,0.858935
杨戴/伤逝__chunk006,蓝/奔月__chunk003,cross,0.845666
杨戴/伤逝__chunk006,蓝/奔月__chunk004,cross,0.834936
杨戴/伤逝__chunk006,蓝/孤独者__chunk001,cross,0.852722
杨戴/伤逝__chunk006,蓝/孤独者__chunk002,cross,0.842989
杨戴/伤逝__chunk006,蓝/孤独者__chunk003,cross,0.883225
杨戴/伤逝__chunk006,蓝/孤独者__chunk004,cross,0.873235
杨戴/伤逝__chunk006,蓝/孤独者__chunk005,cross,0.883837
杨戴/伤逝__chunk006,蓝/孤独者__chunk006,cross,0.888709
杨戴/伤逝__chunk006,蓝/孤独者__chunk007,cross,0.881026
杨戴/伤逝__chunk006,蓝/孤独者__chunk008,cross,0.815091
杨戴/伤逝__chunk006,蓝/幸福的家庭__chunk001,cross,0.830085
杨戴/伤逝__chunk006,蓝/幸福的家庭__chunk002,cross,0.829648
杨戴/伤逝__chunk006,蓝/幸福的家庭__chunk003,cross,0.756194
杨戴/伤逝__chunk006,蓝/故乡__chunk001,cross,0.885594
杨戴/伤逝__chunk006,蓝/故乡__chunk002,cross,0.870783
杨戴/伤逝__chunk006,蓝/故乡__chunk003,cross,0.869154
杨戴/伤逝__chunk006,蓝/明天__chunk001,cross,0.835271
杨戴/伤逝__chunk006,蓝/明天__chunk002,cross,0.837841
杨戴/伤逝__chunk006,蓝/狂人日记__chunk001,cross,0.862759
杨戴/伤逝__chunk006,蓝/狂人日记__chunk002,cross,0.842695
杨戴/伤逝__chunk006,蓝/狂人日记__chunk003,cross,0.834009
杨戴/伤逝__chunk006,蓝/社戏__chunk001,cross,0.876553
杨戴/伤逝__chunk006,蓝/社戏__chunk002,cross,0.868786
杨戴/伤逝__chunk006,蓝/社戏__chunk003,cross,0.857959
杨戴/伤逝__chunk006,蓝/社戏__chunk004,cross,0.873156
杨戴/伤逝__chunk006,蓝/祝福__chunk001,cross,0.853587
杨戴/伤逝__chunk006,蓝/祝福__chunk002,cross,0.885694
杨戴/伤逝__chunk006,蓝/祝福__chunk003,cross,0.816949
杨戴/伤逝__chunk006,蓝/祝福__chunk004,cross,0.840430
杨戴/伤逝__chunk006,蓝/祝福__chunk005,cross,0.840143
杨戴/伤逝__chunk006,蓝/祝福__chunk006,cross,0.826939
杨戴/伤逝__chunk006,蓝/祝福__chunk007,cross,0.825667
杨戴/伤逝__chunk006,蓝/离婚__chunk001,cross,0.827492
杨戴/伤逝__chunk006,蓝/离婚__chunk002,cross,0.830169
杨戴/伤逝__chunk006,蓝/离婚__chunk003,cross,0.869206
杨戴/伤逝__chunk006,蓝/肥皂__chunk001,cross,0.857424
杨戴/伤逝__chunk006,蓝/肥皂__chunk002,cross,0.867719
杨戴/伤逝__chunk006,蓝/肥皂__chunk003,cross,0.832433
杨戴/伤逝__chunk006,蓝/肥皂__chunk004,cross,0.834358
杨戴/伤逝__chunk006,蓝/药__chunk001,cross,0.807247
杨戴/伤逝__chunk006,蓝/药__chunk002,cross,0.785733
杨戴/伤逝__chunk006,蓝/药__chunk003,cross,0.835421
杨戴/伤逝__chunk006,蓝/铸剑__chunk001,cross,0.863203
杨戴/伤逝__chunk006,蓝/铸剑__chunk002,cross,0.845384
杨戴/伤逝__chunk006,蓝/铸剑__chunk003,cross,0.793961
杨戴/伤逝__chunk006,蓝/铸剑__chunk004,cross,0.830872
杨戴/伤逝__chunk006,蓝/铸剑__chunk005,cross,0.823359
杨戴/伤逝__chunk006,蓝/铸剑__chunk006,cross,0.774023
杨戴/伤逝__chunk006,蓝/铸剑__chunk007,cross,0.795617
杨戴/伤逝__chunk006,蓝/阿Q正传__chunk001,cross,0.792560
杨戴/伤逝__chunk006,蓝/阿Q正传__chunk002,cross,0.784078
杨戴/伤逝__chunk006,蓝/阿Q正传__chunk003,cross,0.731359
杨戴/伤逝__chunk006,蓝/阿Q正传__chunk004,cross,0.787502
杨戴/伤逝__chunk006,蓝/阿Q正传__chunk005,cross,0.753449
杨戴/伤逝__chunk006,蓝/阿Q正传__chunk006,cross,0.785145
杨戴/伤逝__chunk006,蓝/阿Q正传__chunk007,cross,0.787347
杨戴/伤逝__chunk006,蓝/阿Q正传__chunk008,cross,0.784609
杨戴/伤逝__chunk006,蓝/阿Q正传__chunk009,cross,0.780019
杨戴/伤逝__chunk006,蓝/阿Q正传__chunk010,cross,0.775542
杨戴/伤逝__chunk006,蓝/阿Q正传__chunk011,cross,0.797296
杨戴/伤逝__chunk006,蓝/阿Q正传__chunk012,cross,0.820072
杨戴/伤逝__chunk006,蓝/阿Q正传__chunk013,cross,0.818572
杨戴/伤逝__chunk006,蓝/阿Q正传__chunk014,cross,0.809403
杨戴/伤逝__chunk006,蓝/阿Q正传__chunk015,cross,0.788739
杨戴/伤逝__chunk006,蓝/阿Q正传__chunk016,cross,0.788881
杨戴/伤逝__chunk006,蓝/阿Q正传__chunk017,cross,0.764083
杨戴/伤逝__chunk006,蓝/风波__chunk001,cross,0.847585
杨戴/伤逝__chunk006,蓝/风波__chunk002,cross,0.843644
杨戴/伤逝__chunk006,蓝/风波__chunk003,cross,0.809226
杨戴/伤逝__chunk007,杨戴/在酒楼上__chunk001,same,0.858999
杨戴/伤逝__chunk007,杨戴/在酒楼上__chunk002,same,0.883750
杨戴/伤逝__chunk007,杨戴/在酒楼上__chunk003,same,0.880609
杨戴/伤逝__chunk007,杨戴/在酒楼上__chunk004,same,0.871415
杨戴/伤逝__chunk007,杨戴/在酒楼上__chunk005,same,0.866254
杨戴/伤逝__chunk007,杨戴/奔月__chunk001,same,0.824099
杨戴/伤逝__chunk007,杨戴/奔月__chunk002,same,0.811762
杨戴/伤逝__chunk007,杨戴/奔月__chunk003,same,0.763942
杨戴/伤逝__chunk007,杨戴/奔月__chunk004,same,0.815397
杨戴/伤逝__chunk007,杨戴/孤独者__chunk001,same,0.814750
杨戴/伤逝__chunk007,杨戴/孤独者__chunk002,same,0.817316
杨戴/伤逝__chunk007,杨戴/孤独者__chunk003,same,0.882775
杨戴/伤逝__chunk007,杨戴/孤独者__chunk004,same,0.867669
杨戴/伤逝__chunk007,杨戴/孤独者__chunk005,same,0.917663
杨戴/伤逝__chunk007,杨戴/孤独者__chunk006,same,0.880759
杨戴/伤逝__chunk007,杨戴/孤独者__chunk007,same,0.847466
杨戴/伤逝__chunk007,杨戴/孤独者__chunk008,same,0.802438
杨戴/伤逝__chunk007,杨戴/幸福的家庭__chunk001,same,0.770187
杨戴/伤逝__chunk007,杨戴/幸福的家庭__chunk002,same,0.782540
杨戴/伤逝__chunk007,杨戴/幸福的家庭__chunk003,same,0.760138
杨戴/伤逝__chunk007,杨戴/故乡__chunk001,same,0.827315
杨戴/伤逝__chunk007,杨戴/故乡__chunk002,same,0.879127
杨戴/伤逝__chunk007,杨戴/故乡__chunk003,same,0.831133
杨戴/伤逝__chunk007,杨戴/故乡__chunk004,same,0.837779
杨戴/伤逝__chunk007,杨戴/明天__chunk001,same,0.803694
杨戴/伤逝__chunk007,杨戴/明天__chunk002,same,0.783205
杨戴/伤逝__chunk007,杨戴/明天__chunk003,same,0.796025
杨戴/伤逝__chunk007,杨戴/狂人日记__chunk001,same,0.850661
杨戴/伤逝__chunk007,杨戴/狂人日记__chunk002,same,0.863474
杨戴/伤逝__chunk007,杨戴/狂人日记__chunk003,same,0.797997
杨戴/伤逝__chunk007,杨戴/狂人日记__chunk004,same,0.870301
杨戴/伤逝__chunk007,杨戴/社戏__chunk001,same,0.883362
杨戴/伤逝__chunk007,杨戴/社戏__chunk002,same,0.865972
杨戴/伤逝__chunk007,杨戴/社戏__chunk003,same,0.806288
杨戴/伤逝__chunk007,杨戴/社戏__chunk004,same,0.838620
杨戴/伤逝__chunk007,杨戴/祝福__chunk001,same,0.827014
杨戴/伤逝__chunk007,杨戴/祝福__chunk002,same,0.868832
杨戴/伤逝__chunk007,杨戴/祝福__chunk003,same,0.784440
杨戴/伤逝__chunk007,杨戴/祝福__chunk004,same,0.822181
杨戴/伤逝__chunk007,杨戴/祝福__chunk005,same,0.844877
杨戴/伤逝__chunk007,杨戴/祝福__chunk006,same,0.808127
杨戴/伤逝__chunk007,杨戴/祝福__chunk007,same,0.797046
杨戴/伤逝__chunk007,杨戴/离婚__chunk001,same,0.782106
杨戴/伤逝__chunk007,杨戴/离婚__chunk002,same,0.817869
杨戴/伤逝__chunk007,杨戴/离婚__chunk003,same,0.849514
杨戴/伤逝__chunk007,杨戴/肥皂__chunk001,same,0.824983
杨戴/伤逝__chunk007,杨戴/肥皂__chunk002,same,0.811739
杨戴/伤逝__chunk007,杨戴/肥皂__chunk003,same,0.785250
杨戴/伤逝__chunk007,杨戴/肥皂__chunk004,same,0.798714
杨戴/伤逝__chunk007,杨戴/药__chunk001,same,0.792594
杨戴/伤逝__chunk007,杨戴/药__chunk002,same,0.770119
杨戴/伤逝__chunk007,杨戴/药__chunk003,same,0.801693
杨戴/伤逝__chunk007,杨戴/铸剑__chunk001,same,0.815079
杨戴/伤逝__chunk007,杨戴/铸剑__chunk002,same,0.792924
杨戴/伤逝__chunk007,杨戴/铸剑__chunk003,same,0.763338
杨戴/伤逝__chunk007,杨戴/铸剑__chunk004,same,0.775395
杨戴/伤逝__chunk007,杨戴/铸剑__chunk005,same,0.780675
杨戴/伤逝__chunk007,杨戴/铸剑__chunk006,same,0.739746
杨戴/伤逝__chunk007,杨戴/铸剑__chunk007,same,0.784850
杨戴/伤逝__chunk007,杨戴/阿Q正传__chunk001,same,0.801456
杨戴/伤逝__chunk007,杨戴/阿Q正传__chunk002,same,0.747965
杨戴/伤逝__chunk007,杨戴/阿Q正传__chunk003,same,0.731167
杨戴/伤逝__chunk007,杨戴/阿Q正传__chunk004,same,0.738683
杨戴/伤逝__chunk007,杨戴/阿Q正传__chunk005,same,0.746551
杨戴/伤逝__chunk007,杨戴/阿Q正传__chunk006,same,0.757242
杨戴/伤逝__chunk007,杨戴/阿Q正传__chunk007,same,0.750129
杨戴/伤逝__chunk007,杨戴/阿Q正传__chunk008,same,0.733794
杨戴/伤逝__chunk007,杨戴/阿Q正传__chunk009,same,0.761787
杨戴/伤逝__chunk007,杨戴/阿Q正传__chunk010,same,0.753678
杨戴/伤逝__chunk007,杨戴/阿Q正传__chunk011,same,0.757129
杨戴/伤逝__chunk007,杨戴/阿Q正传__chunk012,same,0.778819
杨戴/伤逝__chunk007,杨戴/阿Q正传__chunk013,same,0.789626
杨戴/伤逝__chunk007,杨戴/阿Q正传__chunk014,same,0.734337
杨戴/伤逝__chunk007,杨戴/阿Q正传__chunk015,same,0.775816
杨戴/伤逝__chunk007,杨戴/阿Q正传__chunk016,same,0.764774
杨戴/伤逝__chunk007,杨戴/阿Q正传__chunk017,same,0.788754
杨戴/伤逝__chunk007,杨戴/风波__chunk001,same,0.798900
杨戴/伤逝__chunk007,杨戴/风波__chunk002,same,0.805550
杨戴/伤逝__chunk007,杨戴/风波__chunk003,same,0.815376
杨戴/伤逝__chunk007,蓝/伤逝__chunk001,cross,0.832585
杨戴/伤逝__chunk007,蓝/伤逝__chunk002,cross,0.880304
杨戴/伤逝__chunk007,蓝/伤逝__chunk003,cross,0.888006
杨戴/伤逝__chunk007,蓝/伤逝__chunk004,cross,0.906156
杨戴/伤逝__chunk007,蓝/伤逝__chunk005,cross,0.879354
杨戴/伤逝__chunk007,蓝/伤逝__chunk006,cross,0.879082
杨戴/伤逝__chunk007,蓝/伤逝__chunk007,cross,0.904287
杨戴/伤逝__chunk007,蓝/在酒楼上__chunk001,cross,0.839988
杨戴/伤逝__chunk007,蓝/在酒楼上__chunk002,cross,0.885041
杨戴/伤逝__chunk007,蓝/在酒楼上__chunk003,cross,0.875391
杨戴/伤逝__chunk007,蓝/在酒楼上__chunk004,cross,0.884541
杨戴/伤逝__chunk007,蓝/奔月__chunk001,cross,0.787646
杨戴/伤逝__chunk007,蓝/奔月__chunk002,cross,0.828268
杨戴/伤逝__chunk007,蓝/奔月__chunk003,cross,0.786849
杨戴/伤逝__chunk007,蓝/奔月__chunk004,cross,0.782068
杨戴/伤逝__chunk007,蓝/孤独者__chunk001,cross,0.814196
杨戴/伤逝__chunk007,蓝/孤独者__chunk002,cross,0.799332
杨戴/伤逝__chunk007,蓝/孤独者__chunk003,cross,0.847857
杨戴/伤逝__chunk007,蓝/孤独者__chunk004,cross,0.843288
杨戴/伤逝__chunk007,蓝/孤独者__chunk005,cross,0.882720
杨戴/伤逝__chunk007,蓝/孤独者__chunk006,cross,0.888962
杨戴/伤逝__chunk007,蓝/孤独者__chunk007,cross,0.817852
杨戴/伤逝__chunk007,蓝/孤独者__chunk008,cross,0.778864
杨戴/伤逝__chunk007,蓝/幸福的家庭__chunk001,cross,0.765717
杨戴/伤逝__chunk007,蓝/幸福的家庭__chunk002,cross,0.771081
杨戴/伤逝__chunk007,蓝/幸福的家庭__chunk003,cross,0.709170
杨戴/伤逝__chunk007,蓝/故乡__chunk001,cross,0.833522
杨戴/伤逝__chunk007,蓝/故乡__chunk002,cross,0.851716
杨戴/伤逝__chunk007,蓝/故乡__chunk003,cross,0.827113
杨戴/伤逝__chunk007,蓝/明天__chunk001,cross,0.789900
杨戴/伤逝__chunk007,蓝/明天__chunk002,cross,0.770175
杨戴/伤逝__chunk007,蓝/狂人日记__chunk001,cross,0.852871
杨戴/伤逝__chunk007,蓝/狂人日记__chunk002,cross,0.827939
杨戴/伤逝__chunk007,蓝/狂人日记__chunk003,cross,0.823029
杨戴/伤逝__chunk007,蓝/社戏__chunk001,cross,0.819791
杨戴/伤逝__chunk007,蓝/社戏__chunk002,cross,0.829660
杨戴/伤逝__chunk007,蓝/社戏__chunk003,cross,0.794879
杨戴/伤逝__chunk007,蓝/社戏__chunk004,cross,0.806507
杨戴/伤逝__chunk007,蓝/祝福__chunk001,cross,0.798850
杨戴/伤逝__chunk007,蓝/祝福__chunk002,cross,0.866660
杨戴/伤逝__chunk007,蓝/祝福__chunk003,cross,0.787171
杨戴/伤逝__chunk007,蓝/祝福__chunk004,cross,0.833964
杨戴/伤逝__chunk007,蓝/祝福__chunk005,cross,0.867145
杨戴/伤逝__chunk007,蓝/祝福__chunk006,cross,0.802132
杨戴/伤逝__chunk007,蓝/祝福__chunk007,cross,0.791516
杨戴/伤逝__chunk007,蓝/离婚__chunk001,cross,0.788801
杨戴/伤逝__chunk007,蓝/离婚__chunk002,cross,0.787968
杨戴/伤逝__chunk007,蓝/离婚__chunk003,cross,0.822416
杨戴/伤逝__chunk007,蓝/肥皂__chunk001,cross,0.799716
杨戴/伤逝__chunk007,蓝/肥皂__chunk002,cross,0.810686
杨戴/伤逝__chunk007,蓝/肥皂__chunk003,cross,0.770018
杨戴/伤逝__chunk007,蓝/肥皂__chunk004,cross,0.783326
杨戴/伤逝__chunk007,蓝/药__chunk001,cross,0.745275
杨戴/伤逝__chunk007,蓝/药__chunk002,cross,0.744361
杨戴/伤逝__chunk007,蓝/药__chunk003,cross,0.767326
杨戴/伤逝__chunk007,蓝/铸剑__chunk001,cross,0.798080
杨戴/伤逝__chunk007,蓝/铸剑__chunk002,cross,0.807560
杨戴/伤逝__chunk007,蓝/铸剑__chunk003,cross,0.736897
杨戴/伤逝__chunk007,蓝/铸剑__chunk004,cross,0.769600
杨戴/伤逝__chunk007,蓝/铸剑__chunk005,cross,0.742831
杨戴/伤逝__chunk007,蓝/铸剑__chunk006,cross,0.713073
杨戴/伤逝__chunk007,蓝/铸剑__chunk007,cross,0.748536
杨戴/伤逝__chunk007,蓝/阿Q正传__chunk001,cross,0.741029
杨戴/伤逝__chunk007,蓝/阿Q正传__chunk002,cross,0.736969
杨戴/伤逝__chunk007,蓝/阿Q正传__chunk003,cross,0.686286
杨戴/伤逝__chunk007,蓝/阿Q正传__chunk004,cross,0.735586
杨戴/伤逝__chunk007,蓝/阿Q正传__chunk005,cross,0.700855
杨戴/伤逝__chunk007,蓝/阿Q正传__chunk006,cross,0.737220
杨戴/伤逝__chunk007,蓝/阿Q正传__chunk007,cross,0.730094
杨戴/伤逝__chunk007,蓝/阿Q正传__chunk008,cross,0.752285
杨戴/伤逝__chunk007,蓝/阿Q正传__chunk009,cross,0.724982
杨戴/伤逝__chunk007,蓝/阿Q正传__chunk010,cross,0.728432
杨戴/伤逝__chunk007,蓝/阿Q正传__chunk011,cross,0.735941
杨戴/伤逝__chunk007,蓝/阿Q正传__chunk012,cross,0.768357
杨戴/伤逝__chunk007,蓝/阿Q正传__chunk013,cross,0.762273
杨戴/伤逝__chunk007,蓝/阿Q正传__chunk014,cross,0.754430
杨戴/伤逝__chunk007,蓝/阿Q正传__chunk015,cross,0.740496
杨戴/伤逝__chunk007,蓝/阿Q正传__chunk016,cross,0.782445
杨戴/伤逝__chunk007,蓝/阿Q正传__chunk017,cross,0.734312
杨戴/伤逝__chunk007,蓝/风波__chunk001,cross,0.783378
杨戴/伤逝__chunk007,蓝/风波__chunk002,cross,0.787678
杨戴/伤逝__chunk007,蓝/风波__chunk003,cross,0.759471
杨戴/在酒楼上__chunk001,杨戴/在酒楼上__chunk002,same,0.896923
杨戴/在酒楼上__chunk001,杨戴/在酒楼上__chunk003,same,0.865262
杨戴/在酒楼上__chunk001,杨戴/在酒楼上__chunk004,same,0.863185
杨戴/在酒楼上__chunk001,杨戴/在酒楼上__chunk005,same,0.838206
杨戴/在酒楼上__chunk001,杨戴/奔月__chunk001,same,0.857845
杨戴/在酒楼上__chunk001,杨戴/奔月__chunk002,same,0.786541
杨戴/在酒楼上__chunk001,杨戴/奔月__chunk003,same,0.824230
杨戴/在酒楼上__chunk001,杨戴/奔月__chunk004,same,0.847958
杨戴/在酒楼上__chunk001,杨戴/孤独者__chunk001,same,0.882657
杨戴/在酒楼上__chunk001,杨戴/孤独者__chunk002,same,0.857481
杨戴/在酒楼上__chunk001,杨戴/孤独者__chunk003,same,0.850590
杨戴/在酒楼上__chunk001,杨戴/孤独者__chunk004,same,0.822875
杨戴/在酒楼上__chunk001,杨戴/孤独者__chunk005,same,0.877391
杨戴/在酒楼上__chunk001,杨戴/孤独者__chunk006,same,0.815936
杨戴/在酒楼上__chunk001,杨戴/孤独者__chunk007,same,0.850327
杨戴/在酒楼上__chunk001,杨戴/孤独者__chunk008,same,0.838524
杨戴/在酒楼上__chunk001,杨戴/幸福的家庭__chunk001,same,0.825361
杨戴/在酒楼上__chunk001,杨戴/幸福的家庭__chunk002,same,0.833295
杨戴/在酒楼上__chunk001,杨戴/幸福的家庭__chunk003,same,0.812408
杨戴/在酒楼上__chunk001,杨戴/故乡__chunk001,same,0.890977
杨戴/在酒楼上__chunk001,杨戴/故乡__chunk002,same,0.885569
杨戴/在酒楼上__chunk001,杨戴/故乡__chunk003,same,0.833564
杨戴/在酒楼上__chunk001,杨戴/故乡__chunk004,same,0.894057
杨戴/在酒楼上__chunk001,杨戴/明天__chunk001,same,0.805176
杨戴/在酒楼上__chunk001,杨戴/明天__chunk002,same,0.814347
杨戴/在酒楼上__chunk001,杨戴/明天__chunk003,same,0.780440
杨戴/在酒楼上__chunk001,杨戴/狂人日记__chunk001,same,0.876483
杨戴/在酒楼上__chunk001,杨戴/狂人日记__chunk002,same,0.836001
杨戴/在酒楼上__chunk001,杨戴/狂人日记__chunk003,same,0.815750
杨戴/在酒楼上__chunk001,杨戴/狂人日记__chunk004,same,0.858922
杨戴/在酒楼上__chunk001,杨戴/社戏__chunk001,same,0.921846
杨戴/在酒楼上__chunk001,杨戴/社戏__chunk002,same,0.885761
杨戴/在酒楼上__chunk001,杨戴/社戏__chunk003,same,0.912107
杨戴/在酒楼上__chunk001,杨戴/社戏__chunk004,same,0.872939
杨戴/在酒楼上__chunk001,杨戴/祝福__chunk001,same,0.922932
杨戴/在酒楼上__chunk001,杨戴/祝福__chunk002,same,0.858594
杨戴/在酒楼上__chunk001,杨戴/祝福__chunk003,same,0.811100
杨戴/在酒楼上__chunk001,杨戴/祝福__chunk004,same,0.820869
杨戴/在酒楼上__chunk001,杨戴/祝福__chunk005,same,0.852993
杨戴/在酒楼上__chunk001,杨戴/祝福__chunk006,same,0.847927
杨戴/在酒楼上__chunk001,杨戴/祝福__chunk007,same,0.814450
杨戴/在酒楼上__chunk001,杨戴/离婚__chunk001,same,0.780389
杨戴/在酒楼上__chunk001,杨戴/离婚__chunk002,same,0.836912
杨戴/在酒楼上__chunk001,杨戴/离婚__chunk003,same,0.821359
杨戴/在酒楼上__chunk001,杨戴/肥皂__chunk001,same,0.804739
杨戴/在酒楼上__chunk001,杨戴/肥皂__chunk002,same,0.798097
杨戴/在酒楼上__chunk001,杨戴/肥皂__chunk003,same,0.788339
杨戴/在酒楼上__chunk001,杨戴/肥皂__chunk004,same,0.850729
杨戴/在酒楼上__chunk001,杨戴/药__chunk001,same,0.840832
杨戴/在酒楼上__chunk001,杨戴/药__chunk002,same,0.804358
杨戴/在酒楼上__chunk001,杨戴/药__chunk003,same,0.840323
杨戴/在酒楼上__chunk001,杨戴/铸剑__chunk001,same,0.857865
杨戴/在酒楼上__chunk001,杨戴/铸剑__chunk002,same,0.836431
杨戴/在酒楼上__chunk001,杨戴/铸剑__chunk003,same,0.834215
杨戴/在酒楼上__chunk001,杨戴/铸剑__chunk004,same,0.836662
杨戴/在酒楼上__chunk001,杨戴/铸剑__chunk005,same,0.853111
杨戴/在酒楼上__chunk001,杨戴/铸剑__chunk006,same,0.828703
杨戴/在酒楼上__chunk001,杨戴/铸剑__chunk007,same,0.840898
杨戴/在酒楼上__chunk001,杨戴/阿Q正传__chunk001,same,0.863827
杨戴/在酒楼上__chunk001,杨戴/阿Q正传__chunk002,same,0.815588
杨戴/在酒楼上__chunk001,杨戴/阿Q正传__chunk003,same,0.814292
杨戴/在酒楼上__chunk001,杨戴/阿Q正传__chunk004,same,0.826309
杨戴/在酒楼上__chunk001,杨戴/阿Q正传__chunk005,same,0.774840
杨戴/在酒楼上__chunk001,杨戴/阿Q正传__chunk006,same,0.852837
杨戴/在酒楼上__chunk001,杨戴/阿Q正传__chunk007,same,0.822227
杨戴/在酒楼上__chunk001,杨戴/阿Q正传__chunk008,same,0.788684
杨戴/在酒楼上__chunk001,杨戴/阿Q正传__chunk009,same,0.837175
杨戴/在酒楼上__chunk001,杨戴/阿Q正传__chunk010,same,0.851494
杨戴/在酒楼上__chunk001,杨戴/阿Q正传__chunk011,same,0.814969
杨戴/在酒楼上__chunk001,杨戴/阿Q正传__chunk012,same,0.833759
杨戴/在酒楼上__chunk001,杨戴/阿Q正传__chunk013,same,0.866846
杨戴/在酒楼上__chunk001,杨戴/阿Q正传__chunk014,same,0.780375
杨戴/在酒楼上__chunk001,杨戴/阿Q正传__chunk015,same,0.815935
杨戴/在酒楼上__chunk001,杨戴/阿Q正传__chunk016,same,0.820253
杨戴/在酒楼上__chunk001,杨戴/阿Q正传__chunk017,same,0.832382
杨戴/在酒楼上__chunk001,杨戴/风波__chunk001,same,0.867385
杨戴/在酒楼上__chunk001,杨戴/风波__chunk002,same,0.820643
杨戴/在酒楼上__chunk001,杨戴/风波__chunk003,same,0.845223
杨戴/在酒楼上__chunk001,蓝/伤逝__chunk001,cross,0.901609
杨戴/在酒楼上__chunk001,蓝/伤逝__chunk002,cross,0.866449
杨戴/在酒楼上__chunk001,蓝/伤逝__chunk003,cross,0.877901
杨戴/在酒楼上__chunk001,蓝/伤逝__chunk004,cross,0.867538
杨戴/在酒楼上__chunk001,蓝/伤逝__chunk005,cross,0.873160
杨戴/在酒楼上__chunk001,蓝/伤逝__chunk006,cross,0.897668
杨戴/在酒楼上__chunk001,蓝/伤逝__chunk007,cross,0.893500
杨戴/在酒楼上__chunk001,蓝/在酒楼上__chunk001,cross,0.925041
杨戴/在酒楼上__chunk001,蓝/在酒楼上__chunk002,cross,0.913978
杨戴/在酒楼上__chunk001,蓝/在酒楼上__chunk003,cross,0.861543
杨戴/在酒楼上__chunk001,蓝/在酒楼上__chunk004,cross,0.804865
杨戴/在酒楼上__chunk001,蓝/奔月__chunk001,cross,0.879262
杨戴/在酒楼上__chunk001,蓝/奔月__chunk002,cross,0.848173
杨戴/在酒楼上__chunk001,蓝/奔月__chunk003,cross,0.840508
杨戴/在酒楼上__chunk001,蓝/奔月__chunk004,cross,0.844787
杨戴/在酒楼上__chunk001,蓝/孤独者__chunk001,cross,0.860414
杨戴/在酒楼上__chunk001,蓝/孤独者__chunk002,cross,0.864524
杨戴/在酒楼上__chunk001,蓝/孤独者__chunk003,cross,0.846984
杨戴/在酒楼上__chunk001,蓝/孤独者__chunk004,cross,0.867996
杨戴/在酒楼上__chunk001,蓝/孤独者__chunk005,cross,0.837259
杨戴/在酒楼上__chunk001,蓝/孤独者__chunk006,cross,0.848615
杨戴/在酒楼上__chunk001,蓝/孤独者__chunk007,cross,0.880842
杨戴/在酒楼上__chunk001,蓝/孤独者__chunk008,cross,0.817637
杨戴/在酒楼上__chunk001,蓝/幸福的家庭__chunk001,cross,0.839601
杨戴/在酒楼上__chunk001,蓝/幸福的家庭__chunk002,cross,0.849284
杨戴/在酒楼上__chunk001,蓝/幸福的家庭__chunk003,cross,0.756718
杨戴/在酒楼上__chunk001,蓝/故乡__chunk001,cross,0.921969
杨戴/在酒楼上__chunk001,蓝/故乡__chunk002,cross,0.846852
杨戴/在酒楼上__chunk001,蓝/故乡__chunk003,cross,0.835558
杨戴/在酒楼上__chunk001,蓝/明天__chunk001,cross,0.835794
杨戴/在酒楼上__chunk001,蓝/明天__chunk002,cross,0.873481
杨戴/在酒楼上__chunk001,蓝/狂人日记__chunk001,cross,0.868531
杨戴/在酒楼上__chunk001,蓝/狂人日记__chunk002,cross,0.822947
杨戴/在酒楼上__chunk001,蓝/狂人日记__chunk003,cross,0.820142
杨戴/在酒楼上__chunk001,蓝/社戏__chunk001,cross,0.900467
杨戴/在酒楼上__chunk001,蓝/社戏__chunk002,cross,0.896822
杨戴/在酒楼上__chunk001,蓝/社戏__chunk003,cross,0.891551
杨戴/在酒楼上__chunk001,蓝/社戏__chunk004,cross,0.871953
杨戴/在酒楼上__chunk001,蓝/祝福__chunk001,cross,0.894046
杨戴/在酒楼上__chunk001,蓝/祝福__chunk002,cross,0.843362
杨戴/在酒楼上__chunk001,蓝/祝福__chunk003,cross,0.830832
杨戴/在酒楼上__chunk001,蓝/祝福__chunk004,cross,0.802733
杨戴/在酒楼上__chunk001,蓝/祝福__chunk005,cross,0.810862
杨戴/在酒楼上__chunk001,蓝/祝福__chunk006,cross,0.816598
杨戴/在酒楼上__chunk001,蓝/祝福__chunk007,cross,0.805727
杨戴/在酒楼上__chunk001,蓝/离婚__chunk001,cross,0.837077
杨戴/在酒楼上__chunk001,蓝/离婚__chunk002,cross,0.834247
杨戴/在酒楼上__chunk001,蓝/离婚__chunk003,cross,0.822547
杨戴/在酒楼上__chunk001,蓝/肥皂__chunk001,cross,0.838682
杨戴/在酒楼上__chunk001,蓝/肥皂__chunk002,cross,0.830753
杨戴/在酒楼上__chunk001,蓝/肥皂__chunk003,cross,0.841668
杨戴/在酒楼上__chunk001,蓝/肥皂__chunk004,cross,0.839631
杨戴/在酒楼上__chunk001,蓝/药__chunk001,cross,0.851954
杨戴/在酒楼上__chunk001,蓝/药__chunk002,cross,0.778166
杨戴/在酒楼上__chunk001,蓝/药__chunk003,cross,0.849791
杨戴/在酒楼上__chunk001,蓝/铸剑__chunk001,cross,0.860184
杨戴/在酒楼上__chunk001,蓝/铸剑__chunk002,cross,0.861613
杨戴/在酒楼上__chunk001,蓝/铸剑__chunk003,cross,0.848639
杨戴/在酒楼上__chunk001,蓝/铸剑__chunk004,cross,0.863391
杨戴/在酒楼上__chunk001,蓝/铸剑__chunk005,cross,0.872997
杨戴/在酒楼上__chunk001,蓝/铸剑__chunk006,cross,0.829002
杨戴/在酒楼上__chunk001,蓝/铸剑__chunk007,cross,0.850849
杨戴/在酒楼上__chunk001,蓝/阿Q正传__chunk001,cross,0.853629
杨戴/在酒楼上__chunk001,蓝/阿Q正传__chunk002,cross,0.819079
杨戴/在酒楼上__chunk001,蓝/阿Q正传__chunk003,cross,0.759433
杨戴/在酒楼上__chunk001,蓝/阿Q正传__chunk004,cross,0.800658
杨戴/在酒楼上__chunk001,蓝/阿Q正传__chunk005,cross,0.771478
杨戴/在酒楼上__chunk001,蓝/阿Q正传__chunk006,cross,0.831124
杨戴/在酒楼上__chunk001,蓝/阿Q正传__chunk007,cross,0.820854
杨戴/在酒楼上__chunk001,蓝/阿Q正传__chunk008,cross,0.819700
杨戴/在酒楼上__chunk001,蓝/阿Q正传__chunk009,cross,0.828114
杨戴/在酒楼上__chunk001,蓝/阿Q正传__chunk010,cross,0.828926
杨戴/在酒楼上__chunk001,蓝/阿Q正传__chunk011,cross,0.863177
杨戴/在酒楼上__chunk001,蓝/阿Q正传__chunk012,cross,0.821177
杨戴/在酒楼上__chunk001,蓝/阿Q正传__chunk013,cross,0.851852
杨戴/在酒楼上__chunk001,蓝/阿Q正传__chunk014,cross,0.857934
杨戴/在酒楼上__chunk001,蓝/阿Q正传__chunk015,cross,0.845792
杨戴/在酒楼上__chunk001,蓝/阿Q正传__chunk016,cross,0.799032
杨戴/在酒楼上__chunk001,蓝/阿Q正传__chunk017,cross,0.799801
杨戴/在酒楼上__chunk001,蓝/风波__chunk001,cross,0.848931
杨戴/在酒楼上__chunk001,蓝/风波__chunk002,cross,0.852361
杨戴/在酒楼上__chunk001,蓝/风波__chunk003,cross,0.824235
杨戴/在酒楼上__chunk002,杨戴/在酒楼上__chunk003,same,0.900310
杨戴/在酒楼上__chunk002,杨戴/在酒楼上__chunk004,same,0.858145
杨戴/在酒楼上__chunk002,杨戴/在酒楼上__chunk005,same,0.853270
杨戴/在酒楼上__chunk002,杨戴/奔月__chunk001,same,0.838256
杨戴/在酒楼上__chunk002,杨戴/奔月__chunk002,same,0.815545
杨戴/在酒楼上__chunk002,杨戴/奔月__chunk003,same,0.795475
杨戴/在酒楼上__chunk002,杨戴/奔月__chunk004,same,0.836823
杨戴/在酒楼上__chunk002,杨戴/孤独者__chunk001,same,0.864580
杨戴/在酒楼上__chunk002,杨戴/孤独者__chunk002,same,0.865404
杨戴/在酒楼上__chunk002,杨戴/孤独者__chunk003,same,0.882032
杨戴/在酒楼上__chunk002,杨戴/孤独者__chunk004,same,0.838937
杨戴/在酒楼上__chunk002,杨戴/孤独者__chunk005,same,0.905367
杨戴/在酒楼上__chunk002,杨戴/孤独者__chunk006,same,0.836154
杨戴/在酒楼上__chunk002,杨戴/孤独者__chunk007,same,0.865729
杨戴/在酒楼上__chunk002,杨戴/孤独者__chunk008,same,0.829922
杨戴/在酒楼上__chunk002,杨戴/幸福的家庭__chunk001,same,0.804857
杨戴/在酒楼上__chunk002,杨戴/幸福的家庭__chunk002,same,0.822708
杨戴/在酒楼上__chunk002,杨戴/幸福的家庭__chunk003,same,0.805586
杨戴/在酒楼上__chunk002,杨戴/故乡__chunk001,same,0.876989
杨戴/在酒楼上__chunk002,杨戴/故乡__chunk002,same,0.911496
杨戴/在酒楼上__chunk002,杨戴/故乡__chunk003,same,0.880899
杨戴/在酒楼上__chunk002,杨戴/故乡__chunk004,same,0.891688
杨戴/在酒楼上__chunk002,杨戴/明天__chunk001,same,0.777558
杨戴/在酒楼上__chunk002,杨戴/明天__chunk002,same,0.804739
杨戴/在酒楼上__chunk002,杨戴/明天__chunk003,same,0.783929
杨戴/在酒楼上__chunk002,杨戴/狂人日记__chunk001,same,0.878364
杨戴/在酒楼上__chunk002,杨戴/狂人日记__chunk002,same,0.896034
杨戴/在酒楼上__chunk002,杨戴/狂人日记__chunk003,same,0.847417
杨戴/在酒楼上__chunk002,杨戴/狂人日记__chunk004,same,0.873714
杨戴/在酒楼上__chunk002,杨戴/社戏__chunk001,same,0.910746
杨戴/在酒楼上__chunk002,杨戴/社戏__chunk002,same,0.889689
杨戴/在酒楼上__chunk002,杨戴/社戏__chunk003,same,0.861897
杨戴/在酒楼上__chunk002,杨戴/社戏__chunk004,same,0.858347
杨戴/在酒楼上__chunk002,杨戴/祝福__chunk001,same,0.869759
杨戴/在酒楼上__chunk002,杨戴/祝福__chunk002,same,0.889383
杨戴/在酒楼上__chunk002,杨戴/祝福__chunk003,same,0.789822
杨戴/在酒楼上__chunk002,杨戴/祝福__chunk004,same,0.823489
杨戴/在酒楼上__chunk002,杨戴/祝福__chunk005,same,0.866826
杨戴/在酒楼上__chunk002,杨戴/祝福__chunk006,same,0.869808
杨戴/在酒楼上__chunk002,杨戴/祝福__chunk007,same,0.813484
杨戴/在酒楼上__chunk002,杨戴/离婚__chunk001,same,0.794572
杨戴/在酒楼上__chunk002,杨戴/离婚__chunk002,same,0.827587
杨戴/在酒楼上__chunk002,杨戴/离婚__chunk003,same,0.835751
杨戴/在酒楼上__chunk002,杨戴/肥皂__chunk001,same,0.822209
杨戴/在酒楼上__chunk002,杨戴/肥皂__chunk002,same,0.784970
杨戴/在酒楼上__chunk002,杨戴/肥皂__chunk003,same,0.801679
杨戴/在酒楼上__chunk002,杨戴/肥皂__chunk004,same,0.808189
杨戴/在酒楼上__chunk002,杨戴/药__chunk001,same,0.816342
杨戴/在酒楼上__chunk002,杨戴/药__chunk002,same,0.817436
杨戴/在酒楼上__chunk002,杨戴/药__chunk003,same,0.809472
杨戴/在酒楼上__chunk002,杨戴/铸剑__chunk001,same,0.824487
杨戴/在酒楼上__chunk002,杨戴/铸剑__chunk002,same,0.804619
杨戴/在酒楼上__chunk002,杨戴/铸剑__chunk003,same,0.793607
杨戴/在酒楼上__chunk002,杨戴/铸剑__chunk004,same,0.804489
杨戴/在酒楼上__chunk002,杨戴/铸剑__chunk005,same,0.828506
杨戴/在酒楼上__chunk002,杨戴/铸剑__chunk006,same,0.755468
杨戴/在酒楼上__chunk002,杨戴/铸剑__chunk007,same,0.777388
杨戴/在酒楼上__chunk002,杨戴/阿Q正传__chunk001,same,0.835371
杨戴/在酒楼上__chunk002,杨戴/阿Q正传__chunk002,same,0.790578
杨戴/在酒楼上__chunk002,杨戴/阿Q正传__chunk003,same,0.806983
杨戴/在酒楼上__chunk002,杨戴/阿Q正传__chunk004,same,0.811482
杨戴/在酒楼上__chunk002,杨戴/阿Q正传__chunk005,same,0.784018
杨戴/在酒楼上__chunk002,杨戴/阿Q正传__chunk006,same,0.825936
杨戴/在酒楼上__chunk002,杨戴/阿Q正传__chunk007,same,0.804932
杨戴/在酒楼上__chunk002,杨戴/阿Q正传__chunk008,same,0.800806
杨戴/在酒楼上__chunk002,杨戴/阿Q正传__chunk009,same,0.816300
杨戴/在酒楼上__chunk002,杨戴/阿Q正传__chunk010,same,0.822706
杨戴/在酒楼上__chunk002,杨戴/阿Q正传__chunk011,same,0.809190
杨戴/在酒楼上__chunk002,杨戴/阿Q正传__chunk012,same,0.822482
杨戴/在酒楼上__chunk002,杨戴/阿Q正传__chunk013,same,0.847831
杨戴/在酒楼上__chunk002,杨戴/阿Q正传__chunk014,same,0.797015
杨戴/在酒楼上__chunk002,杨戴/阿Q正传__chunk015,same,0.839779
杨戴/在酒楼上__chunk002,杨戴/阿Q正传__chunk016,same,0.824399
杨戴/在酒楼上__chunk002,杨戴/阿Q正传__chunk017,same,0.831635
杨戴/在酒楼上__chunk002,杨戴/风波__chunk001,same,0.827433
杨戴/在酒楼上__chunk002,杨戴/风波__chunk002,same,0.827452
杨戴/在酒楼上__chunk002,杨戴/风波__chunk003,same,0.833014
杨戴/在酒楼上__chunk002,蓝/伤逝__chunk001,cross,0.862663
杨戴/在酒楼上__chunk002,蓝/伤逝__chunk002,cross,0.849325
杨戴/在酒楼上__chunk002,蓝/伤逝__chunk003,cross,0.844319
杨戴/在酒楼上__chunk002,蓝/伤逝__chunk004,cross,0.868233
杨戴/在酒楼上__chunk002,蓝/伤逝__chunk005,cross,0.854924
杨戴/在酒楼上__chunk002,蓝/伤逝__chunk006,cross,0.854860
杨戴/在酒楼上__chunk002,蓝/伤逝__chunk007,cross,0.871725
杨戴/在酒楼上__chunk002,蓝/在酒楼上__chunk001,cross,0.860512
杨戴/在酒楼上__chunk002,蓝/在酒楼上__chunk002,cross,0.903053
杨戴/在酒楼上__chunk002,蓝/在酒楼上__chunk003,cross,0.861862
杨戴/在酒楼上__chunk002,蓝/在酒楼上__chunk004,cross,0.854777
杨戴/在酒楼上__chunk002,蓝/奔月__chunk001,cross,0.819014
杨戴/在酒楼上__chunk002,蓝/奔月__chunk002,cross,0.822137
杨戴/在酒楼上__chunk002,蓝/奔月__chunk003,cross,0.803534
杨戴/在酒楼上__chunk002,蓝/奔月__chunk004,cross,0.816754
杨戴/在酒楼上__chunk002,蓝/孤独者__chunk001,cross,0.845625
杨戴/在酒楼上__chunk002,蓝/孤独者__chunk002,cross,0.853926
杨戴/在酒楼上__chunk002,蓝/孤独者__chunk003,cross,0.860518
杨戴/在酒楼上__chunk002,蓝/孤独者__chunk004,cross,0.869793
杨戴/在酒楼上__chunk002,蓝/孤独者__chunk005,cross,0.836579
杨戴/在酒楼上__chunk002,蓝/孤独者__chunk006,cross,0.853917
杨戴/在酒楼上__chunk002,蓝/孤独者__chunk007,cross,0.866912
杨戴/在酒楼上__chunk002,蓝/孤独者__chunk008,cross,0.829202
杨戴/在酒楼上__chunk002,蓝/幸福的家庭__chunk001,cross,0.797411
杨戴/在酒楼上__chunk002,蓝/幸福的家庭__chunk002,cross,0.830792
杨戴/在酒楼上__chunk002,蓝/幸福的家庭__chunk003,cross,0.733045
杨戴/在酒楼上__chunk002,蓝/故乡__chunk001,cross,0.877292
杨戴/在酒楼上__chunk002,蓝/故乡__chunk002,cross,0.869214
杨戴/在酒楼上__chunk002,蓝/故乡__chunk003,cross,0.827774
杨戴/在酒楼上__chunk002,蓝/明天__chunk001,cross,0.805499
杨戴/在酒楼上__chunk002,蓝/明天__chunk002,cross,0.808513
杨戴/在酒楼上__chunk002,蓝/狂人日记__chunk001,cross,0.848433
杨戴/在酒楼上__chunk002,蓝/狂人日记__chunk002,cross,0.807641
杨戴/在酒楼上__chunk002,蓝/狂人日记__chunk003,cross,0.830076
杨戴/在酒楼上__chunk002,蓝/社戏__chunk001,cross,0.838823
杨戴/在酒楼上__chunk002,蓝/社戏__chunk002,cross,0.854474
杨戴/在酒楼上__chunk002,蓝/社戏__chunk003,cross,0.848104
杨戴/在酒楼上__chunk002,蓝/社戏__chunk004,cross,0.816823
杨戴/在酒楼上__chunk002,蓝/祝福__chunk001,cross,0.829270
杨戴/在酒楼上__chunk002,蓝/祝福__chunk002,cross,0.844499
杨戴/在酒楼上__chunk002,蓝/祝福__chunk003,cross,0.790530
杨戴/在酒楼上__chunk002,蓝/祝福__chunk004,cross,0.796727
杨戴/在酒楼上__chunk002,蓝/祝福__chunk005,cross,0.854358
杨戴/在酒楼上__chunk002,蓝/祝福__chunk006,cross,0.825110
杨戴/在酒楼上__chunk002,蓝/祝福__chunk007,cross,0.755531
杨戴/在酒楼上__chunk002,蓝/离婚__chunk001,cross,0.805911
杨戴/在酒楼上__chunk002,蓝/离婚__chunk002,cross,0.806488
杨戴/在酒楼上__chunk002,蓝/离婚__chunk003,cross,0.815195
杨戴/在酒楼上__chunk002,蓝/肥皂__chunk001,cross,0.808278
杨戴/在酒楼上__chunk002,蓝/肥皂__chunk002,cross,0.808118
杨戴/在酒楼上__chunk002,蓝/肥皂__chunk003,cross,0.796968
杨戴/在酒楼上__chunk002,蓝/肥皂__chunk004,cross,0.807866
杨戴/在酒楼上__chunk002,蓝/药__chunk001,cross,0.787720
杨戴/在酒楼上__chunk002,蓝/药__chunk002,cross,0.769778
杨戴/在酒楼上__chunk002,蓝/药__chunk003,cross,0.751805
杨戴/在酒楼上__chunk002,蓝/铸剑__chunk001,cross,0.811083
杨戴/在酒楼上__chunk002,蓝/铸剑__chunk002,cross,0.841083
杨戴/在酒楼上__chunk002,蓝/铸剑__chunk003,cross,0.815660
杨戴/在酒楼上__chunk002,蓝/铸剑__chunk004,cross,0.800295
杨戴/在酒楼上__chunk002,蓝/铸剑__chunk005,cross,0.808761
杨戴/在酒楼上__chunk002,蓝/铸剑__chunk006,cross,0.756202
杨戴/在酒楼上__chunk002,蓝/铸剑__chunk007,cross,0.775088
杨戴/在酒楼上__chunk002,蓝/阿Q正传__chunk001,cross,0.795869
杨戴/在酒楼上__chunk002,蓝/阿Q正传__chunk002,cross,0.788856
杨戴/在酒楼上__chunk002,蓝/阿Q正传__chunk003,cross,0.738395
杨戴/在酒楼上__chunk002,蓝/阿Q正传__chunk004,cross,0.769516
杨戴/在酒楼上__chunk002,蓝/阿Q正传__chunk005,cross,0.756034
杨戴/在酒楼上__chunk002,蓝/阿Q正传__chunk006,cross,0.803690
杨戴/在酒楼上__chunk002,蓝/阿Q正传__chunk007,cross,0.764831
杨戴/在酒楼上__chunk002,蓝/阿Q正传__chunk008,cross,0.797705
杨戴/在酒楼上__chunk002,蓝/阿Q正传__chunk009,cross,0.775436
杨戴/在酒楼上__chunk002,蓝/阿Q正传__chunk010,cross,0.788752
杨戴/在酒楼上__chunk002,蓝/阿Q正传__chunk011,cross,0.787935
杨戴/在酒楼上__chunk002,蓝/阿Q正传__chunk012,cross,0.792927
杨戴/在酒楼上__chunk002,蓝/阿Q正传__chunk013,cross,0.808657
杨戴/在酒楼上__chunk002,蓝/阿Q正传__chunk014,cross,0.808541
杨戴/在酒楼上__chunk002,蓝/阿Q正传__chunk015,cross,0.817980
杨戴/在酒楼上__chunk002,蓝/阿Q正传__chunk016,cross,0.797641
杨戴/在酒楼上__chunk002,蓝/阿Q正传__chunk017,cross,0.767773
杨戴/在酒楼上__chunk002,蓝/风波__chunk001,cross,0.801994
杨戴/在酒楼上__chunk002,蓝/风波__chunk002,cross,0.825175
杨戴/在酒楼上__chunk002,蓝/风波__chunk003,cross,0.805543
杨戴/在酒楼上__chunk003,杨戴/在酒楼上__chunk004,same,0.904832
杨戴/在酒楼上__chunk003,杨戴/在酒楼上__chunk005,same,0.819182
杨戴/在酒楼上__chunk003,杨戴/奔月__chunk001,same,0.819037
杨戴/在酒楼上__chunk003,杨戴/奔月__chunk002,same,0.811619
杨戴/在酒楼上__chunk003,杨戴/奔月__chunk003,same,0.768961
杨戴/在酒楼上__chunk003,杨戴/奔月__chunk004,same,0.799905
杨戴/在酒楼上__chunk003,杨戴/孤独者__chunk001,same,0.844445
杨戴/在酒楼上__chunk003,杨戴/孤独者__chunk002,same,0.842350
杨戴/在酒楼上__chunk003,杨戴/孤独者__chunk003,same,0.864596
杨戴/在酒楼上__chunk003,杨戴/孤独者__chunk004,same,0.873717
杨戴/在酒楼上__chunk003,杨戴/孤独者__chunk005,same,0.878674
杨戴/在酒楼上__chunk003,杨戴/孤独者__chunk006,same,0.829721
杨戴/在酒楼上__chunk003,杨戴/孤独者__chunk007,same,0.857344
杨戴/在酒楼上__chunk003,杨戴/孤独者__chunk008,same,0.816506
杨戴/在酒楼上__chunk003,杨戴/幸福的家庭__chunk001,same,0.762812
杨戴/在酒楼上__chunk003,杨戴/幸福的家庭__chunk002,same,0.805181
杨戴/在酒楼上__chunk003,杨戴/幸福的家庭__chunk003,same,0.786604
杨戴/在酒楼上__chunk003,杨戴/故乡__chunk001,same,0.883918
杨戴/在酒楼上__chunk003,杨戴/故乡__chunk002,same,0.885001
杨戴/在酒楼上__chunk003,杨戴/故乡__chunk003,same,0.867476
杨戴/在酒楼上__chunk003,杨戴/故乡__chunk004,same,0.879572
杨戴/在酒楼上__chunk003,杨戴/明天__chunk001,same,0.791210
杨戴/在酒楼上__chunk003,杨戴/明天__chunk002,same,0.810502
杨戴/在酒楼上__chunk003,杨戴/明天__chunk003,same,0.794218
杨戴/在酒楼上__chunk003,杨戴/狂人日记__chunk001,same,0.853916
杨戴/在酒楼上__chunk003,杨戴/狂人日记__chunk002,same,0.870337
杨戴/在酒楼上__chunk003,杨戴/狂人日记__chunk003,same,0.810111
杨戴/在酒楼上__chunk003,杨戴/狂人日记__chunk004,same,0.855463
杨戴/在酒楼上__chunk003,杨戴/社戏__chunk001,same,0.900092
杨戴/在酒楼上__chunk003,杨戴/社戏__chunk002,same,0.907570
杨戴/在酒楼上__chunk003,杨戴/社戏__chunk003,same,0.825683
杨戴/在酒楼上__chunk003,杨戴/社戏__chunk004,same,0.838615
杨戴/在酒楼上__chunk003,杨戴/祝福__chunk001,same,0.847842
杨戴/在酒楼上__chunk003,杨戴/祝福__chunk002,same,0.890762
杨戴/在酒楼上__chunk003,杨戴/祝福__chunk003,same,0.867584
杨戴/在酒楼上__chunk003,杨戴/祝福__chunk004,same,0.842131
杨戴/在酒楼上__chunk003,杨戴/祝福__chunk005,same,0.890974
杨戴/在酒楼上__chunk003,杨戴/祝福__chunk006,same,0.851170
杨戴/在酒楼上__chunk003,杨戴/祝福__chunk007,same,0.840204
杨戴/在酒楼上__chunk003,杨戴/离婚__chunk001,same,0.757379
杨戴/在酒楼上__chunk003,杨戴/离婚__chunk002,same,0.836587
杨戴/在酒楼上__chunk003,杨戴/离婚__chunk003,same,0.853694
杨戴/在酒楼上__chunk003,杨戴/肥皂__chunk001,same,0.833535
杨戴/在酒楼上__chunk003,杨戴/肥皂__chunk002,same,0.844282
杨戴/在酒楼上__chunk003,杨戴/肥皂__chunk003,same,0.774642
杨戴/在酒楼上__chunk003,杨戴/肥皂__chunk004,same,0.792273
杨戴/在酒楼上__chunk003,杨戴/药__chunk001,same,0.772260
杨戴/在酒楼上__chunk003,杨戴/药__chunk002,same,0.777121
杨戴/在酒楼上__chunk003,杨戴/药__chunk003,same,0.795304
杨戴/在酒楼上__chunk003,杨戴/铸剑__chunk001,same,0.797675
杨戴/在酒楼上__chunk003,杨戴/铸剑__chunk002,same,0.762360
杨戴/在酒楼上__chunk003,杨戴/铸剑__chunk003,same,0.747849
杨戴/在酒楼上__chunk003,杨戴/铸剑__chunk004,same,0.750405
杨戴/在酒楼上__chunk003,杨戴/铸剑__chunk005,same,0.784444
杨戴/在酒楼上__chunk003,杨戴/铸剑__chunk006,same,0.727483
杨戴/在酒楼上__chunk003,杨戴/铸剑__chunk007,same,0.771793
杨戴/在酒楼上__chunk003,杨戴/阿Q正传__chunk001,same,0.825198
杨戴/在酒楼上__chunk003,杨戴/阿Q正传__chunk002,same,0.801289
杨戴/在酒楼上__chunk003,杨戴/阿Q正传__chunk003,same,0.797068
杨戴/在酒楼上__chunk003,杨戴/阿Q正传__chunk004,same,0.820125
杨戴/在酒楼上__chunk003,杨戴/阿Q正传__chunk005,same,0.757697
杨戴/在酒楼上__chunk003,杨戴/阿Q正传__chunk006,same,0.824950
杨戴/在酒楼上__chunk003,杨戴/阿Q正传__chunk007,same,0.793349
杨戴/在酒楼上__chunk003,杨戴/阿Q正传__chunk008,same,0.784915
杨戴/在酒楼上__chunk003,杨戴/阿Q正传__chunk009,same,0.819822
杨戴/在酒楼上__chunk003,杨戴/阿Q正传__chunk010,same,0.812704
杨戴/在酒楼上__chunk003,杨戴/阿Q正传__chunk011,same,0.814670
杨戴/在酒楼上__chunk003,杨戴/阿Q正传__chunk012,same,0.812529
杨戴/在酒楼上__chunk003,杨戴/阿Q正传__chunk013,same,0.810617
杨戴/在酒楼上__chunk003,杨戴/阿Q正传__chunk014,same,0.790203
杨戴/在酒楼上__chunk003,杨戴/阿Q正传__chunk015,same,0.807438
杨戴/在酒楼上__chunk003,杨戴/阿Q正传__chunk016,same,0.794884
杨戴/在酒楼上__chunk003,杨戴/阿Q正传__chunk017,same,0.846207
杨戴/在酒楼上__chunk003,杨戴/风波__chunk001,same,0.827432
杨戴/在酒楼上__chunk003,杨戴/风波__chunk002,same,0.827346
杨戴/在酒楼上__chunk003,杨戴/风波__chunk003,same,0.813159
杨戴/在酒楼上__chunk003,蓝/伤逝__chunk001,cross,0.841306
杨戴/在酒楼上__chunk003,蓝/伤逝__chunk002,cross,0.861175
杨戴/在酒楼上__chunk003,蓝/伤逝__chunk003,cross,0.837350
杨戴/在酒楼上__chunk003,蓝/伤逝__chunk004,cross,0.858127
杨戴/在酒楼上__chunk003,蓝/伤逝__chunk005,cross,0.861011
杨戴/在酒楼上__chunk003,蓝/伤逝__chunk006,cross,0.840455
杨戴/在酒楼上__chunk003,蓝/伤逝__chunk007,cross,0.846436
杨戴/在酒楼上__chunk003,蓝/在酒楼上__chunk001,cross,0.853660
杨戴/在酒楼上__chunk003,蓝/在酒楼上__chunk002,cross,0.883776
杨戴/在酒楼上__chunk003,蓝/在酒楼上__chunk003,cross,0.931894
杨戴/在酒楼上__chunk003,蓝/在酒楼上__chunk004,cross,0.866266
杨戴/在酒楼上__chunk003,蓝/奔月__chunk001,cross,0.807480
杨戴/在酒楼上__chunk003,蓝/奔月__chunk002,cross,0.823185
杨戴/在酒楼上__chunk003,蓝/奔月__chunk003,cross,0.785208
杨戴/在酒楼上__chunk003,蓝/奔月__chunk004,cross,0.762196
杨戴/在酒楼上__chunk003,蓝/孤独者__chunk001,cross,0.840788
杨戴/在酒楼上__chunk003,蓝/孤独者__chunk002,cross,0.827094
杨戴/在酒楼上__chunk003,蓝/孤独者__chunk003,cross,0.825114
杨戴/在酒楼上__chunk003,蓝/孤独者__chunk004,cross,0.834989
杨戴/在酒楼上__chunk003,蓝/孤独者__chunk005,cross,0.877459
杨戴/在酒楼上__chunk003,蓝/孤独者__chunk006,cross,0.846479
杨戴/在酒楼上__chunk003,蓝/孤独者__chunk007,cross,0.814620
杨戴/在酒楼上__chunk003,蓝/孤独者__chunk008,cross,0.790578
杨戴/在酒楼上__chunk003,蓝/幸福的家庭__chunk001,cross,0.764708
杨戴/在酒楼上__chunk003,蓝/幸福的家庭__chunk002,cross,0.782181
杨戴/在酒楼上__chunk003,蓝/幸福的家庭__chunk003,cross,0.744876
杨戴/在酒楼上__chunk003,蓝/故乡__chunk001,cross,0.882338
杨戴/在酒楼上__chunk003,蓝/故乡__chunk002,cross,0.838897
杨戴/在酒楼上__chunk003,蓝/故乡__chunk003,cross,0.821571
杨戴/在酒楼上__chunk003,蓝/明天__chunk001,cross,0.829709
杨戴/在酒楼上__chunk003,蓝/明天__chunk002,cross,0.821533
杨戴/在酒楼上__chunk003,蓝/狂人日记__chunk001,cross,0.814408
杨戴/在酒楼上__chunk003,蓝/狂人日记__chunk002,cross,0.814440
杨戴/在酒楼上__chunk003,蓝/狂人日记__chunk003,cross,0.808725
杨戴/在酒楼上__chunk003,蓝/社戏__chunk001,cross,0.832606
杨戴/在酒楼上__chunk003,蓝/社戏__chunk002,cross,0.862024
杨戴/在酒楼上__chunk003,蓝/社戏__chunk003,cross,0.810709
杨戴/在酒楼上__chunk003,蓝/社戏__chunk004,cross,0.798199
杨戴/在酒楼上__chunk003,蓝/祝福__chunk001,cross,0.819582
杨戴/在酒楼上__chunk003,蓝/祝福__chunk002,cross,0.857917
杨戴/在酒楼上__chunk003,蓝/祝福__chunk003,cross,0.837977
杨戴/在酒楼上__chunk003,蓝/祝福__chunk004,cross,0.815335
杨戴/在酒楼上__chunk003,蓝/祝福__chunk005,cross,0.843468
杨戴/在酒楼上__chunk003,蓝/祝福__chunk006,cross,0.830487
杨戴/在酒楼上__chunk003,蓝/祝福__chunk007,cross,0.765114
杨戴/在酒楼上__chunk003,蓝/离婚__chunk001,cross,0.781966
杨戴/在酒楼上__chunk003,蓝/离婚__chunk002,cross,0.789435
杨戴/在酒楼上__chunk003,蓝/离婚__chunk003,cross,0.806605
杨戴/在酒楼上__chunk003,蓝/肥皂__chunk001,cross,0.827165
杨戴/在酒楼上__chunk003,蓝/肥皂__chunk002,cross,0.827253
杨戴/在酒楼上__chunk003,蓝/肥皂__chunk003,cross,0.799210
杨戴/在酒楼上__chunk003,蓝/肥皂__chunk004,cross,0.784132
杨戴/在酒楼上__chunk003,蓝/药__chunk001,cross,0.739722
杨戴/在酒楼上__chunk003,蓝/药__chunk002,cross,0.739170
杨戴/在酒楼上__chunk003,蓝/药__chunk003,cross,0.767565
杨戴/在酒楼上__chunk003,蓝/铸剑__chunk001,cross,0.792593
杨戴/在酒楼上__chunk003,蓝/铸剑__chunk002,cross,0.783266
杨戴/在酒楼上__chunk003,蓝/铸剑__chunk003,cross,0.758008
杨戴/在酒楼上__chunk003,蓝/铸剑__chunk004,cross,0.759165
杨戴/在酒楼上__chunk003,蓝/铸剑__chunk005,cross,0.774992
杨戴/在酒楼上__chunk003,蓝/铸剑__chunk006,cross,0.723836
杨戴/在酒楼上__chunk003,蓝/铸剑__chunk007,cross,0.770910
杨戴/在酒楼上__chunk003,蓝/阿Q正传__chunk001,cross,0.777373
杨戴/在酒楼上__chunk003,蓝/阿Q正传__chunk002,cross,0.787950
杨戴/在酒楼上__chunk003,蓝/阿Q正传__chunk003,cross,0.719140
杨戴/在酒楼上__chunk003,蓝/阿Q正传__chunk004,cross,0.781626
杨戴/在酒楼上__chunk003,蓝/阿Q正传__chunk005,cross,0.743935
杨戴/在酒楼上__chunk003,蓝/阿Q正传__chunk006,cross,0.788950
杨戴/在酒楼上__chunk003,蓝/阿Q正传__chunk007,cross,0.754073
杨戴/在酒楼上__chunk003,蓝/阿Q正传__chunk008,cross,0.775579
杨戴/在酒楼上__chunk003,蓝/阿Q正传__chunk009,cross,0.746221
杨戴/在酒楼上__chunk003,蓝/阿Q正传__chunk010,cross,0.766490
杨戴/在酒楼上__chunk003,蓝/阿Q正传__chunk011,cross,0.788440
杨戴/在酒楼上__chunk003,蓝/阿Q正传__chunk012,cross,0.774592
杨戴/在酒楼上__chunk003,蓝/阿Q正传__chunk013,cross,0.796601
杨戴/在酒楼上__chunk003,蓝/阿Q正传__chunk014,cross,0.798069
杨戴/在酒楼上__chunk003,蓝/阿Q正传__chunk015,cross,0.779505
杨戴/在酒楼上__chunk003,蓝/阿Q正传__chunk016,cross,0.774419
杨戴/在酒楼上__chunk003,蓝/阿Q正传__chunk017,cross,0.747953
杨戴/在酒楼上__chunk003,蓝/风波__chunk001,cross,0.771692
杨戴/在酒楼上__chunk003,蓝/风波__chunk002,cross,0.800147
杨戴/在酒楼上__chunk003,蓝/风波__chunk003,cross,0.773586
杨戴/在酒楼上__chunk004,杨戴/在酒楼上__chunk005,same,0.825215
杨戴/在酒楼上__chunk004,杨戴/奔月__chunk001,same,0.782739
杨戴/在酒楼上__chunk004,杨戴/奔月__chunk002,same,0.791278
杨戴/在酒楼上__chunk004,杨戴/奔月__chunk003,same,0.745259
杨戴/在酒楼上__chunk004,杨戴/奔月__chunk004,same,0.760485
杨戴/在酒楼上__chunk004,杨戴/孤独者__chunk001,same,0.812911
杨戴/在酒楼上__chunk004,杨戴/孤独者__chunk002,same,0.821484
杨戴/在酒楼上__chunk004,杨戴/孤独者__chunk003,same,0.818052
杨戴/在酒楼上__chunk004,杨戴/孤独者__chunk004,same,0.840630
杨戴/在酒楼上__chunk004,杨戴/孤独者__chunk005,same,0.868420
杨戴/在酒楼上__chunk004,杨戴/孤独者__chunk006,same,0.815469
杨戴/在酒楼上__chunk004,杨戴/孤独者__chunk007,same,0.841424
杨戴/在酒楼上__chunk004,杨戴/孤独者__chunk008,same,0.779222
杨戴/在酒楼上__chunk004,杨戴/幸福的家庭__chunk001,same,0.759065
杨戴/在酒楼上__chunk004,杨戴/幸福的家庭__chunk002,same,0.784450
杨戴/在酒楼上__chunk004,杨戴/幸福的家庭__chunk003,same,0.774264
杨戴/在酒楼上__chunk004,杨戴/故乡__chunk001,same,0.849195
杨戴/在酒楼上__chunk004,杨戴/故乡__chunk002,same,0.862134
杨戴/在酒楼上__chunk004,杨戴/故乡__chunk003,same,0.807120
杨戴/在酒楼上__chunk004,杨戴/故乡__chunk004,same,0.858895
杨戴/在酒楼上__chunk004,杨戴/明天__chunk001,same,0.791657
杨戴/在酒楼上__chunk004,杨戴/明天__chunk002,same,0.802535
杨戴/在酒楼上__chunk004,杨戴/明天__chunk003,same,0.801665
杨戴/在酒楼上__chunk004,杨戴/狂人日记__chunk001,same,0.834833
杨戴/在酒楼上__chunk004,杨戴/狂人日记__chunk002,same,0.821498
杨戴/在酒楼上__chunk004,杨戴/狂人日记__chunk003,same,0.786832
杨戴/在酒楼上__chunk004,杨戴/狂人日记__chunk004,same,0.833778
杨戴/在酒楼上__chunk004,杨戴/社戏__chunk001,same,0.867949
杨戴/在酒楼上__chunk004,杨戴/社戏__chunk002,same,0.857373
杨戴/在酒楼上__chunk004,杨戴/社戏__chunk003,same,0.796576
杨戴/在酒楼上__chunk004,杨戴/社戏__chunk004,same,0.810057
杨戴/在酒楼上__chunk004,杨戴/祝福__chunk001,same,0.854691
杨戴/在酒楼上__chunk004,杨戴/祝福__chunk002,same,0.845486
杨戴/在酒楼上__chunk004,杨戴/祝福__chunk003,same,0.850381
杨戴/在酒楼上__chunk004,杨戴/祝福__chunk004,same,0.819330
杨戴/在酒楼上__chunk004,杨戴/祝福__chunk005,same,0.877640
杨戴/在酒楼上__chunk004,杨戴/祝福__chunk006,same,0.801027
杨戴/在酒楼上__chunk004,杨戴/祝福__chunk007,same,0.832464
杨戴/在酒楼上__chunk004,杨戴/离婚__chunk001,same,0.749020
杨戴/在酒楼上__chunk004,杨戴/离婚__chunk002,same,0.813414
杨戴/在酒楼上__chunk004,杨戴/离婚__chunk003,same,0.845329
杨戴/在酒楼上__chunk004,杨戴/肥皂__chunk001,same,0.827626
杨戴/在酒楼上__chunk004,杨戴/肥皂__chunk002,same,0.816855
杨戴/在酒楼上__chunk004,杨戴/肥皂__chunk003,same,0.756302
杨戴/在酒楼上__chunk004,杨戴/肥皂__chunk004,same,0.778805
杨戴/在酒楼上__chunk004,杨戴/药__chunk001,same,0.770246
杨戴/在酒楼上__chunk004,杨戴/药__chunk002,same,0.744925
杨戴/在酒楼上__chunk004,杨戴/药__chunk003,same,0.800571
杨戴/在酒楼上__chunk004,杨戴/铸剑__chunk001,same,0.785243
杨戴/在酒楼上__chunk004,杨戴/铸剑__chunk002,same,0.744915
杨戴/在酒楼上__chunk004,杨戴/铸剑__chunk003,same,0.745301
杨戴/在酒楼上__chunk004,杨戴/铸剑__chunk004,same,0.735988
杨戴/在酒楼上__chunk004,杨戴/铸剑__chunk005,same,0.754790
杨戴/在酒楼上__chunk004,杨戴/铸剑__chunk006,same,0.719640
杨戴/在酒楼上__chunk004,杨戴/铸剑__chunk007,same,0.765359
杨戴/在酒楼上__chunk004,杨戴/阿Q正传__chunk001,same,0.782862
杨戴/在酒楼上__chunk004,杨戴/阿Q正传__chunk002,same,0.765040
杨戴/在酒楼上__chunk004,杨戴/阿Q正传__chunk003,same,0.757373
杨戴/在酒楼上__chunk004,杨戴/阿Q正传__chunk004,same,0.777006
杨戴/在酒楼上__chunk004,杨戴/阿Q正传__chunk005,same,0.738753
杨戴/在酒楼上__chunk004,杨戴/阿Q正传__chunk006,same,0.801595
杨戴/在酒楼上__chunk004,杨戴/阿Q正传__chunk007,same,0.765283
杨戴/在酒楼上__chunk004,杨戴/阿Q正传__chunk008,same,0.756854
杨戴/在酒楼上__chunk004,杨戴/阿Q正传__chunk009,same,0.773200
杨戴/在酒楼上__chunk004,杨戴/阿Q正传__chunk010,same,0.782093
杨戴/在酒楼上__chunk004,杨戴/阿Q正传__chunk011,same,0.773172
杨戴/在酒楼上__chunk004,杨戴/阿Q正传__chunk012,same,0.773750
杨戴/在酒楼上__chunk004,杨戴/阿Q正传__chunk013,same,0.785629
杨戴/在酒楼上__chunk004,杨戴/阿Q正传__chunk014,same,0.726973
杨戴/在酒楼上__chunk004,杨戴/阿Q正传__chunk015,same,0.755791
杨戴/在酒楼上__chunk004,杨戴/阿Q正传__chunk016,same,0.762619
杨戴/在酒楼上__chunk004,杨戴/阿Q正传__chunk017,same,0.782301
杨戴/在酒楼上__chunk004,杨戴/风波__chunk001,same,0.800809
杨戴/在酒楼上__chunk004,杨戴/风波__chunk002,same,0.793568
杨戴/在酒楼上__chunk004,杨戴/风波__chunk003,same,0.802268
杨戴/在酒楼上__chunk004,蓝/伤逝__chunk001,cross,0.855145
杨戴/在酒楼上__chunk004,蓝/伤逝__chunk002,cross,0.886350
杨戴/在酒楼上__chunk004,蓝/伤逝__chunk003,cross,0.856173
杨戴/在酒楼上__chunk004,蓝/伤逝__chunk004,cross,0.848207
杨戴/在酒楼上__chunk004,蓝/伤逝__chunk005,cross,0.887431
杨戴/在酒楼上__chunk004,蓝/伤逝__chunk006,cross,0.889722
杨戴/在酒楼上__chunk004,蓝/伤逝__chunk007,cross,0.854218
杨戴/在酒楼上__chunk004,蓝/在酒楼上__chunk001,cross,0.855687
杨戴/在酒楼上__chunk004,蓝/在酒楼上__chunk002,cross,0.873400
杨戴/在酒楼上__chunk004,蓝/在酒楼上__chunk003,cross,0.897972
杨戴/在酒楼上__chunk004,蓝/在酒楼上__chunk004,cross,0.862723
杨戴/在酒楼上__chunk004,蓝/奔月__chunk001,cross,0.790986
杨戴/在酒楼上__chunk004,蓝/奔月__chunk002,cross,0.811355
杨戴/在酒楼上__chunk004,蓝/奔月__chunk003,cross,0.775972
杨戴/在酒楼上__chunk004,蓝/奔月__chunk004,cross,0.751054
杨戴/在酒楼上__chunk004,蓝/孤独者__chunk001,cross,0.832072
杨戴/在酒楼上__chunk004,蓝/孤独者__chunk002,cross,0.809334
杨戴/在酒楼上__chunk004,蓝/孤独者__chunk003,cross,0.824004
杨戴/在酒楼上__chunk004,蓝/孤独者__chunk004,cross,0.827146
杨戴/在酒楼上__chunk004,蓝/孤独者__chunk005,cross,0.867375
杨戴/在酒楼上__chunk004,蓝/孤独者__chunk006,cross,0.843131
杨戴/在酒楼上__chunk004,蓝/孤独者__chunk007,cross,0.802698
杨戴/在酒楼上__chunk004,蓝/孤独者__chunk008,cross,0.792259
杨戴/在酒楼上__chunk004,蓝/幸福的家庭__chunk001,cross,0.759993
杨戴/在酒楼上__chunk004,蓝/幸福的家庭__chunk002,cross,0.780342
杨戴/在酒楼上__chunk004,蓝/幸福的家庭__chunk003,cross,0.738893
杨戴/在酒楼上__chunk004,蓝/故乡__chunk001,cross,0.890669
杨戴/在酒楼上__chunk004,蓝/故乡__chunk002,cross,0.831794
杨戴/在酒楼上__chunk004,蓝/故乡__chunk003,cross,0.813898
杨戴/在酒楼上__chunk004,蓝/明天__chunk001,cross,0.840778
杨戴/在酒楼上__chunk004,蓝/明天__chunk002,cross,0.814537
杨戴/在酒楼上__chunk004,蓝/狂人日记__chunk001,cross,0.839788
杨戴/在酒楼上__chunk004,蓝/狂人日记__chunk002,cross,0.808381
杨戴/在酒楼上__chunk004,蓝/狂人日记__chunk003,cross,0.798852
杨戴/在酒楼上__chunk004,蓝/社戏__chunk001,cross,0.836860
杨戴/在酒楼上__chunk004,蓝/社戏__chunk002,cross,0.850209
杨戴/在酒楼上__chunk004,蓝/社戏__chunk003,cross,0.795958
杨戴/在酒楼上__chunk004,蓝/社戏__chunk004,cross,0.803947
杨戴/在酒楼上__chunk004,蓝/祝福__chunk001,cross,0.822949
杨戴/在酒楼上__chunk004,蓝/祝福__chunk002,cross,0.883303
杨戴/在酒楼上__chunk004,蓝/祝福__chunk003,cross,0.852268
杨戴/在酒楼上__chunk004,蓝/祝福__chunk004,cross,0.829861
杨戴/在酒楼上__chunk004,蓝/祝福__chunk005,cross,0.813365
杨戴/在酒楼上__chunk004,蓝/祝福__chunk006,cross,0.813750
杨戴/在酒楼上__chunk004,蓝/祝福__chunk007,cross,0.795022
杨戴/在酒楼上__chunk004,蓝/离婚__chunk001,cross,0.783854
杨戴/在酒楼上__chunk004,蓝/离婚__chunk002,cross,0.815747
杨戴/在酒楼上__chunk004,蓝/离婚__chunk003,cross,0.808671
杨戴/在酒楼上__chunk004,蓝/肥皂__chunk001,cross,0.824468
杨戴/在酒楼上__chunk004,蓝/肥皂__chunk002,cross,0.821907
杨戴/在酒楼上__chunk004,蓝/肥皂__chunk003,cross,0.805951
杨戴/在酒楼上__chunk004,蓝/肥皂__chunk004,cross,0.767749
杨戴/在酒楼上__chunk004,蓝/药__chunk001,cross,0.744842
杨戴/在酒楼上__chunk004,蓝/药__chunk002,cross,0.717402
杨戴/在酒楼上__chunk004,蓝/药__chunk003,cross,0.783168
杨戴/在酒楼上__chunk004,蓝/铸剑__chunk001,cross,0.777173
杨戴/在酒楼上__chunk004,蓝/铸剑__chunk002,cross,0.774882
杨戴/在酒楼上__chunk004,蓝/铸剑__chunk003,cross,0.747598
杨戴/在酒楼上__chunk004,蓝/铸剑__chunk004,cross,0.753787
杨戴/在酒楼上__chunk004,蓝/铸剑__chunk005,cross,0.759391
杨戴/在酒楼上__chunk004,蓝/铸剑__chunk006,cross,0.723968
杨戴/在酒楼上__chunk004,蓝/铸剑__chunk007,cross,0.770506
杨戴/在酒楼上__chunk004,蓝/阿Q正传__chunk001,cross,0.768756
杨戴/在酒楼上__chunk004,蓝/阿Q正传__chunk002,cross,0.774071
杨戴/在酒楼上__chunk004,蓝/阿Q正传__chunk003,cross,0.709076
杨戴/在酒楼上__chunk004,蓝/阿Q正传__chunk004,cross,0.768946
杨戴/在酒楼上__chunk004,蓝/阿Q正传__chunk005,cross,0.724302
杨戴/在酒楼上__chunk004,蓝/阿Q正传__chunk006,cross,0.763786
杨戴/在酒楼上__chunk004,蓝/阿Q正传__chunk007,cross,0.747682
杨戴/在酒楼上__chunk004,蓝/阿Q正传__chunk008,cross,0.771220
杨戴/在酒楼上__chunk004,蓝/阿Q正传__chunk009,cross,0.727725
杨戴/在酒楼上__chunk004,蓝/阿Q正传__chunk010,cross,0.754186
杨戴/在酒楼上__chunk004,蓝/阿Q正传__chunk011,cross,0.778263
杨戴/在酒楼上__chunk004,蓝/阿Q正传__chunk012,cross,0.770511
杨戴/在酒楼上__chunk004,蓝/阿Q正传__chunk013,cross,0.785393
杨戴/在酒楼上__chunk004,蓝/阿Q正传__chunk014,cross,0.779095
杨戴/在酒楼上__chunk004,蓝/阿Q正传__chunk015,cross,0.780175
杨戴/在酒楼上__chunk004,蓝/阿Q正传__chunk016,cross,0.748456
杨戴/在酒楼上__chunk004,蓝/阿Q正传__chunk017,cross,0.728481
杨戴/在酒楼上__chunk004,蓝/风波__chunk001,cross,0.775378
杨戴/在酒楼上__chunk004,蓝/风波__chunk002,cross,0.794992
杨戴/在酒楼上__chunk004,蓝/风波__chunk003,cross,0.765342
杨戴/在酒楼上__chunk005,杨戴/奔月__chunk001,same,0.829215
杨戴/在酒楼上__chunk005,杨戴/奔月__chunk002,same,0.846251
杨戴/在酒楼上__chunk005,杨戴/奔月__chunk003,same,0.825789
杨戴/在酒楼上__chunk005,杨戴/奔月__chunk004,same,0.814014
杨戴/在酒楼上__chunk005,杨戴/孤独者__chunk001,same,0.834273
杨戴/在酒楼上__chunk005,杨戴/孤独者__chunk002,same,0.869363
杨戴/在酒楼上__chunk005,杨戴/孤独者__chunk003,same,0.888225
杨戴/在酒楼上__chunk005,杨戴/孤独者__chunk004,same,0.863770
杨戴/在酒楼上__chunk005,杨戴/孤独者__chunk005,same,0.907487
杨戴/在酒楼上__chunk005,杨戴/孤独者__chunk006,same,0.870525
杨戴/在酒楼上__chunk005,杨戴/孤独者__chunk007,same,0.848548
杨戴/在酒楼上__chunk005,杨戴/孤独者__chunk008,same,0.840153
杨戴/在酒楼上__chunk005,杨戴/幸福的家庭__chunk001,same,0.826634
杨戴/在酒楼上__chunk005,杨戴/幸福的家庭__chunk002,same,0.785813
杨戴/在酒楼上__chunk005,杨戴/幸福的家庭__chunk003,same,0.800135
杨戴/在酒楼上__chunk005,杨戴/故乡__chunk001,same,0.804160
杨戴/在酒楼上__chunk005,杨戴/故乡__chunk002,same,0.868899
杨戴/在酒楼上__chunk005,杨戴/故乡__chunk003,same,0.807308
杨戴/在酒楼上__chunk005,杨戴/故乡__chunk004,same,0.823480
杨戴/在酒楼上__chunk005,杨戴/明天__chunk001,same,0.771928
杨戴/在酒楼上__chunk005,杨戴/明天__chunk002,same,0.743198
杨戴/在酒楼上__chunk005,杨戴/明天__chunk003,same,0.772299
杨戴/在酒楼上__chunk005,杨戴/狂人日记__chunk001,same,0.854823
杨戴/在酒楼上__chunk005,杨戴/狂人日记__chunk002,same,0.842357
杨戴/在酒楼上__chunk005,杨戴/狂人日记__chunk003,same,0.820219
杨戴/在酒楼上__chunk005,杨戴/狂人日记__chunk004,same,0.824087
杨戴/在酒楼上__chunk005,杨戴/社戏__chunk001,same,0.848364
杨戴/在酒楼上__chunk005,杨戴/社戏__chunk002,same,0.813885
杨戴/在酒楼上__chunk005,杨戴/社戏__chunk003,same,0.788467
杨戴/在酒楼上__chunk005,杨戴/社戏__chunk004,same,0.817460
杨戴/在酒楼上__chunk005,杨戴/祝福__chunk001,same,0.823026
杨戴/在酒楼上__chunk005,杨戴/祝福__chunk002,same,0.831405
杨戴/在酒楼上__chunk005,杨戴/祝福__chunk003,same,0.749905
杨戴/在酒楼上__chunk005,杨戴/祝福__chunk004,same,0.766865
杨戴/在酒楼上__chunk005,杨戴/祝福__chunk005,same,0.785042
杨戴/在酒楼上__chunk005,杨戴/祝福__chunk006,same,0.763407
杨戴/在酒楼上__chunk005,杨戴/祝福__chunk007,same,0.772762
杨戴/在酒楼上__chunk005,杨戴/离婚__chunk001,same,0.824484
杨戴/在酒楼上__chunk005,杨戴/离婚__chunk002,same,0.805231
杨戴/在酒楼上__chunk005,杨戴/离婚__chunk003,same,0.849592
杨戴/在酒楼上__chunk005,杨戴/肥皂__chunk001,same,0.846451
杨戴/在酒楼上__chunk005,杨戴/肥皂__chunk002,same,0.843017
杨戴/在酒楼上__chunk005,杨戴/肥皂__chunk003,same,0.809176
杨戴/在酒楼上__chunk005,杨戴/肥皂__chunk004,same,0.820719
杨戴/在酒楼上__chunk005,杨戴/药__chunk001,same,0.820708
杨戴/在酒楼上__chunk005,杨戴/药__chunk002,same,0.801120
杨戴/在酒楼上__chunk005,杨戴/药__chunk003,same,0.813662
杨戴/在酒楼上__chunk005,杨戴/铸剑__chunk001,same,0.841319
杨戴/在酒楼上__chunk005,杨戴/铸剑__chunk002,same,0.832091
杨戴/在酒楼上__chunk005,杨戴/铸剑__chunk003,same,0.817413
杨戴/在酒楼上__chunk005,杨戴/铸剑__chunk004,same,0.827175
杨戴/在酒楼上__chunk005,杨戴/铸剑__chunk005,same,0.812769
杨戴/在酒楼上__chunk005,杨戴/铸剑__chunk006,same,0.767336
杨戴/在酒楼上__chunk005,杨戴/铸剑__chunk007,same,0.789552
杨戴/在酒楼上__chunk005,杨戴/阿Q正传__chunk001,same,0.793658
杨戴/在酒楼上__chunk005,杨戴/阿Q正传__chunk002,same,0.746895
杨戴/在酒楼上__chunk005,杨戴/阿Q正传__chunk003,same,0.739776
杨戴/在酒楼上__chunk005,杨戴/阿Q正传__chunk004,same,0.762491
杨戴/在酒楼上__chunk005,杨戴/阿Q正传__chunk005,same,0.768301
杨戴/在酒楼上__chunk005,杨戴/阿Q正传__chunk006,same,0.777003
杨戴/在酒楼上__chunk005,杨戴/阿Q正传__chunk007,same,0.777092
杨戴/在酒楼上__chunk005,杨戴/阿Q正传__chunk008,same,0.759940
杨戴/在酒楼上__chunk005,杨戴/阿Q正传__chunk009,same,0.745935
杨戴/在酒楼上__chunk005,杨戴/阿Q正传__chunk010,same,0.768579
杨戴/在酒楼上__chunk005,杨戴/阿Q正传__chunk011,same,0.766955
杨戴/在酒楼上__chunk005,杨戴/阿Q正传__chunk012,same,0.784573
杨戴/在酒楼上__chunk005,杨戴/阿Q正传__chunk013,same,0.798852
杨戴/在酒楼上__chunk005,杨戴/阿Q正传__chunk014,same,0.721151
杨戴/在酒楼上__chunk005,杨戴/阿Q正传__chunk015,same,0.756625
杨戴/在酒楼上__chunk005,杨戴/阿Q正传__chunk016,same,0.777601
杨戴/在酒楼上__chunk005,杨戴/阿Q正传__chunk017,same,0.799555
杨戴/在酒楼上__chunk005,杨戴/风波__chunk001,same,0.823260
杨戴/在酒楼上__chunk005,杨戴/风波__chunk002,same,0.802702
杨戴/在酒楼上__chunk005,杨戴/风波__chunk003,same,0.823864
杨戴/在酒楼上__chunk005,蓝/伤逝__chunk001,cross,0.826708
杨戴/在酒楼上__chunk005,蓝/伤逝__chunk002,cross,0.840723
杨戴/在酒楼上__chunk005,蓝/伤逝__chunk003,cross,0.872489
杨戴/在酒楼上__chunk005,蓝/伤逝__chunk004,cross,0.850313
杨戴/在酒楼上__chunk005,蓝/伤逝__chunk005,cross,0.854468
杨戴/在酒楼上__chunk005,蓝/伤逝__chunk006,cross,0.837826
杨戴/在酒楼上__chunk005,蓝/伤逝__chunk007,cross,0.881000
杨戴/在酒楼上__chunk005,蓝/在酒楼上__chunk001,cross,0.843087
杨戴/在酒楼上__chunk005,蓝/在酒楼上__chunk002,cross,0.869723
杨戴/在酒楼上__chunk005,蓝/在酒楼上__chunk003,cross,0.830091
杨戴/在酒楼上__chunk005,蓝/在酒楼上__chunk004,cross,0.866214
杨戴/在酒楼上__chunk005,蓝/奔月__chunk001,cross,0.824783
杨戴/在酒楼上__chunk005,蓝/奔月__chunk002,cross,0.850068
杨戴/在酒楼上__chunk005,蓝/奔月__chunk003,cross,0.821637
杨戴/在酒楼上__chunk005,蓝/奔月__chunk004,cross,0.802738
杨戴/在酒楼上__chunk005,蓝/孤独者__chunk001,cross,0.830213
杨戴/在酒楼上__chunk005,蓝/孤独者__chunk002,cross,0.831966
杨戴/在酒楼上__chunk005,蓝/孤独者__chunk003,cross,0.881881
杨戴/在酒楼上__chunk005,蓝/孤独者__chunk004,cross,0.857535
杨戴/在酒楼上__chunk005,蓝/孤独者__chunk005,cross,0.855625
杨戴/在酒楼上__chunk005,蓝/孤独者__chunk006,cross,0.890203
杨戴/在酒楼上__chunk005,蓝/孤独者__chunk007,cross,0.843683
杨戴/在酒楼上__chunk005,蓝/孤独者__chunk008,cross,0.832542
杨戴/在酒楼上__chunk005,蓝/幸福的家庭__chunk001,cross,0.798767
杨戴/在酒楼上__chunk005,蓝/幸福的家庭__chunk002,cross,0.821606
杨戴/在酒楼上__chunk005,蓝/幸福的家庭__chunk003,cross,0.766976
杨戴/在酒楼上__chunk005,蓝/故乡__chunk001,cross,0.836726
杨戴/在酒楼上__chunk005,蓝/故乡__chunk002,cross,0.854174
杨戴/在酒楼上__chunk005,蓝/故乡__chunk003,cross,0.856162
杨戴/在酒楼上__chunk005,蓝/明天__chunk001,cross,0.776749
杨戴/在酒楼上__chunk005,蓝/明天__chunk002,cross,0.789425
杨戴/在酒楼上__chunk005,蓝/狂人日记__chunk001,cross,0.871139
杨戴/在酒楼上__chunk005,蓝/狂人日记__chunk002,cross,0.826142
杨戴/在酒楼上__chunk005,蓝/狂人日记__chunk003,cross,0.862365
杨戴/在酒楼上__chunk005,蓝/社戏__chunk001,cross,0.821195
杨戴/在酒楼上__chunk005,蓝/社戏__chunk002,cross,0.825315
杨戴/在酒楼上__chunk005,蓝/社戏__chunk003,cross,0.822464
杨戴/在酒楼上__chunk005,蓝/社戏__chunk004,cross,0.815856
杨戴/在酒楼上__chunk005,蓝/祝福__chunk001,cross,0.789260
杨戴/在酒楼上__chunk005,蓝/祝福__chunk002,cross,0.865869
杨戴/在酒楼上__chunk005,蓝/祝福__chunk003,cross,0.750294
杨戴/在酒楼上__chunk005,蓝/祝福__chunk004,cross,0.787976
杨戴/在酒楼上__chunk005,蓝/祝福__chunk005,cross,0.784357
杨戴/在酒楼上__chunk005,蓝/祝福__chunk006,cross,0.785964
杨戴/在酒楼上__chunk005,蓝/祝福__chunk007,cross,0.777834
杨戴/在酒楼上__chunk005,蓝/离婚__chunk001,cross,0.824999
杨戴/在酒楼上__chunk005,蓝/离婚__chunk002,cross,0.814719
杨戴/在酒楼上__chunk005,蓝/离婚__chunk003,cross,0.859083
杨戴/在酒楼上__chunk005,蓝/肥皂__chunk001,cross,0.857167
杨戴/在酒楼上__chunk005,蓝/肥皂__chunk002,cross,0.846854
杨戴/在酒楼上__chunk005,蓝/肥皂__chunk003,cross,0.834874
杨戴/在酒楼上__chunk005,蓝/肥皂__chunk004,cross,0.825649
杨戴/在酒楼上__chunk005,蓝/药__chunk001,cross,0.779524
杨戴/在酒楼上__chunk005,蓝/药__chunk002,cross,0.806662
杨戴/在酒楼上__chunk005,蓝/药__chunk003,cross,0.780636
杨戴/在酒楼上__chunk005,蓝/铸剑__chunk001,cross,0.817730
杨戴/在酒楼上__chunk005,蓝/铸剑__chunk002,cross,0.857214
杨戴/在酒楼上__chunk005,蓝/铸剑__chunk003,cross,0.776631
杨戴/在酒楼上__chunk005,蓝/铸剑__chunk004,cross,0.812667
杨戴/在酒楼上__chunk005,蓝/铸剑__chunk005,cross,0.773944
杨戴/在酒楼上__chunk005,蓝/铸剑__chunk006,cross,0.746016
杨戴/在酒楼上__chunk005,蓝/铸剑__chunk007,cross,0.745328
杨戴/在酒楼上__chunk005,蓝/阿Q正传__chunk001,cross,0.790261
杨戴/在酒楼上__chunk005,蓝/阿Q正传__chunk002,cross,0.767277
杨戴/在酒楼上__chunk005,蓝/阿Q正传__chunk003,cross,0.718887
杨戴/在酒楼上__chunk005,蓝/阿Q正传__chunk004,cross,0.769847
杨戴/在酒楼上__chunk005,蓝/阿Q正传__chunk005,cross,0.742909
杨戴/在酒楼上__chunk005,蓝/阿Q正传__chunk006,cross,0.773164
杨戴/在酒楼上__chunk005,蓝/阿Q正传__chunk007,cross,0.778527
杨戴/在酒楼上__chunk005,蓝/阿Q正传__chunk008,cross,0.775695
杨戴/在酒楼上__chunk005,蓝/阿Q正传__chunk009,cross,0.760029
杨戴/在酒楼上__chunk005,蓝/阿Q正传__chunk010,cross,0.745986
杨戴/在酒楼上__chunk005,蓝/阿Q正传__chunk011,cross,0.778301
杨戴/在酒楼上__chunk005,蓝/阿Q正传__chunk012,cross,0.798669
杨戴/在酒楼上__chunk005,蓝/阿Q正传__chunk013,cross,0.771476
杨戴/在酒楼上__chunk005,蓝/阿Q正传__chunk014,cross,0.796977
杨戴/在酒楼上__chunk005,蓝/阿Q正传__chunk015,cross,0.774027
杨戴/在酒楼上__chunk005,蓝/阿Q正传__chunk016,cross,0.796304
杨戴/在酒楼上__chunk005,蓝/阿Q正传__chunk017,cross,0.758900
杨戴/在酒楼上__chunk005,蓝/风波__chunk001,cross,0.781694
杨戴/在酒楼上__chunk005,蓝/风波__chunk002,cross,0.816487
杨戴/在酒楼上__chunk005,蓝/风波__chunk003,cross,0.793426
杨戴/奔月__chunk001,杨戴/奔月__chunk002,same,0.839621
杨戴/奔月__chunk001,杨戴/奔月__chunk003,same,0.895078
杨戴/奔月__chunk001,杨戴/奔月__chunk004,same,0.916475
杨戴/奔月__chunk001,杨戴/孤独者__chunk001,same,0.883706
杨戴/奔月__chunk001,杨戴/孤独者__chunk002,same,0.876758
杨戴/奔月__chunk001,杨戴/孤独者__chunk003,same,0.868388
杨戴/奔月__chunk001,杨戴/孤独者__chunk004,same,0.826203
杨戴/奔月__chunk001,杨戴/孤独者__chunk005,same,0.843145
杨戴/奔月__chunk001,杨戴/孤独者__chunk006,same,0.781706
杨戴/奔月__chunk001,杨戴/孤独者__chunk007,same,0.867652
杨戴/奔月__chunk001,杨戴/孤独者__chunk008,same,0.855900
杨戴/奔月__chunk001,杨戴/幸福的家庭__chunk001,same,0.866752
杨戴/奔月__chunk001,杨戴/幸福的家庭__chunk002,same,0.870111
杨戴/奔月__chunk001,杨戴/幸福的家庭__chunk003,same,0.858124
杨戴/奔月__chunk001,杨戴/故乡__chunk001,same,0.840823
杨戴/奔月__chunk001,杨戴/故乡__chunk002,same,0.855210
杨戴/奔月__chunk001,杨戴/故乡__chunk003,same,0.846812
杨戴/奔月__chunk001,杨戴/故乡__chunk004,same,0.863745
杨戴/奔月__chunk001,杨戴/明天__chunk001,same,0.879191
杨戴/奔月__chunk001,杨戴/明天__chunk002,same,0.850614
杨戴/奔月__chunk001,杨戴/明天__chunk003,same,0.833319
杨戴/奔月__chunk001,杨戴/狂人日记__chunk001,same,0.837700
杨戴/奔月__chunk001,杨戴/狂人日记__chunk002,same,0.794396
杨戴/奔月__chunk001,杨戴/狂人日记__chunk003,same,0.854686
杨戴/奔月__chunk001,杨戴/狂人日记__chunk004,same,0.814313
杨戴/奔月__chunk001,杨戴/社戏__chunk001,same,0.833042
杨戴/奔月__chunk001,杨戴/社戏__chunk002,same,0.827906
杨戴/奔月__chunk001,杨戴/社戏__chunk003,same,0.878902
杨戴/奔月__chunk001,杨戴/社戏__chunk004,same,0.894595
杨戴/奔月__chunk001,杨戴/祝福__chunk001,same,0.848567
杨戴/奔月__chunk001,杨戴/祝福__chunk002,same,0.773705
杨戴/奔月__chunk001,杨戴/祝福__chunk003,same,0.801915
杨戴/奔月__chunk001,杨戴/祝福__chunk004,same,0.826720
杨戴/奔月__chunk001,杨戴/祝福__chunk005,same,0.855586
杨戴/奔月__chunk001,杨戴/祝福__chunk006,same,0.817671
杨戴/奔月__chunk001,杨戴/祝福__chunk007,same,0.806019
杨戴/奔月__chunk001,杨戴/离婚__chunk001,same,0.847042
杨戴/奔月__chunk001,杨戴/离婚__chunk002,same,0.900377
杨戴/奔月__chunk001,杨戴/离婚__chunk003,same,0.888162
杨戴/奔月__chunk001,杨戴/肥皂__chunk001,same,0.865229
杨戴/奔月__chunk001,杨戴/肥皂__chunk002,same,0.871490
杨戴/奔月__chunk001,杨戴/肥皂__chunk003,same,0.888948
杨戴/奔月__chunk001,杨戴/肥皂__chunk004,same,0.908020
杨戴/奔月__chunk001,杨戴/药__chunk001,same,0.910047
杨戴/奔月__chunk001,杨戴/药__chunk002,same,0.892475
杨戴/奔月__chunk001,杨戴/药__chunk003,same,0.884647
杨戴/奔月__chunk001,杨戴/铸剑__chunk001,same,0.899766
杨戴/奔月__chunk001,杨戴/铸剑__chunk002,same,0.896853
杨戴/奔月__chunk001,杨戴/铸剑__chunk003,same,0.852360
杨戴/奔月__chunk001,杨戴/铸剑__chunk004,same,0.911545
杨戴/奔月__chunk001,杨戴/铸剑__chunk005,same,0.878857
杨戴/奔月__chunk001,杨戴/铸剑__chunk006,same,0.855534
杨戴/奔月__chunk001,杨戴/铸剑__chunk007,same,0.862528
杨戴/奔月__chunk001,杨戴/阿Q正传__chunk001,same,0.822954
杨戴/奔月__chunk001,杨戴/阿Q正传__chunk002,same,0.793414
杨戴/奔月__chunk001,杨戴/阿Q正传__chunk003,same,0.801929
杨戴/奔月__chunk001,杨戴/阿Q正传__chunk004,same,0.836084
杨戴/奔月__chunk001,杨戴/阿Q正传__chunk005,same,0.818303
杨戴/奔月__chunk001,杨戴/阿Q正传__chunk006,same,0.829177
杨戴/奔月__chunk001,杨戴/阿Q正传__chunk007,same,0.847116
杨戴/奔月__chunk001,杨戴/阿Q正传__chunk008,same,0.804525
杨戴/奔月__chunk001,杨戴/阿Q正传__chunk009,same,0.832881
杨戴/奔月__chunk001,杨戴/阿Q正传__chunk010,same,0.829800
杨戴/奔月__chunk001,杨戴/阿Q正传__chunk011,same,0.798466
杨戴/奔月__chunk001,杨戴/阿Q正传__chunk012,same,0.852266
杨戴/奔月__chunk001,杨戴/阿Q正传__chunk013,same,0.888094
杨戴/奔月__chunk001,杨戴/阿Q正传__chunk014,same,0.800027
杨戴/奔月__chunk001,杨戴/阿Q正传__chunk015,same,0.819314
杨戴/奔月__chunk001,杨戴/阿Q正传__chunk016,same,0.829621
杨戴/奔月__chunk001,杨戴/阿Q正传__chunk017,same,0.847259
杨戴/奔月__chunk001,杨戴/风波__chunk001,same,0.902419
杨戴/奔月__chunk001,杨戴/风波__chunk002,same,0.888045
杨戴/奔月__chunk001,杨戴/风波__chunk003,same,0.915631
杨戴/奔月__chunk001,蓝/伤逝__chunk001,cross,0.796378
杨戴/奔月__chunk001,蓝/伤逝__chunk002,cross,0.784882
杨戴/奔月__chunk001,蓝/伤逝__chunk003,cross,0.852635
杨戴/奔月__chunk001,蓝/伤逝__chunk004,cross,0.849730
杨戴/奔月__chunk001,蓝/伤逝__chunk005,cross,0.800388
杨戴/奔月__chunk001,蓝/伤逝__chunk006,cross,0.800662
杨戴/奔月__chunk001,蓝/伤逝__chunk007,cross,0.832875
杨戴/奔月__chunk001,蓝/在酒楼上__chunk001,cross,0.843394
杨戴/奔月__chunk001,蓝/在酒楼上__chunk002,cross,0.859881
杨戴/奔月__chunk001,蓝/在酒楼上__chunk003,cross,0.804963
杨戴/奔月__chunk001,蓝/在酒楼上__chunk004,cross,0.812214
杨戴/奔月__chunk001,蓝/奔月__chunk001,cross,0.918148
杨戴/奔月__chunk001,蓝/奔月__chunk002,cross,0.873488
杨戴/奔月__chunk001,蓝/奔月__chunk003,cross,0.895123
杨戴/奔月__chunk001,蓝/奔月__chunk004,cross,0.898223
杨戴/奔月__chunk001,蓝/孤独者__chunk001,cross,0.858192
杨戴/奔月__chunk001,蓝/孤独者__chunk002,cross,0.842065
杨戴/奔月__chunk001,蓝/孤独者__chunk003,cross,0.841045
杨戴/奔月__chunk001,蓝/孤独者__chunk004,cross,0.870868
杨戴/奔月__chunk001,蓝/孤独者__chunk005,cross,0.787487
杨戴/奔月__chunk001,蓝/孤独者__chunk006,cross,0.801304
杨戴/奔月__chunk001,蓝/孤独者__chunk007,cross,0.852841
杨戴/奔月__chunk001,蓝/孤独者__chunk008,cross,0.827481
杨戴/奔月__chunk001,蓝/幸福的家庭__chunk001,cross,0.868924
杨戴/奔月__chunk001,蓝/幸福的家庭__chunk002,cross,0.864904
杨戴/奔月__chunk001,蓝/幸福的家庭__chunk003,cross,0.792516
杨戴/奔月__chunk001,蓝/故乡__chunk001,cross,0.837124
杨戴/奔月__chunk001,蓝/故乡__chunk002,cross,0.845641
杨戴/奔月__chunk001,蓝/故乡__chunk003,cross,0.857538
杨戴/奔月__chunk001,蓝/明天__chunk001,cross,0.831369
杨戴/奔月__chunk001,蓝/明天__chunk002,cross,0.858065
杨戴/奔月__chunk001,蓝/狂人日记__chunk001,cross,0.811253
杨戴/奔月__chunk001,蓝/狂人日记__chunk002,cross,0.795466
杨戴/奔月__chunk001,蓝/狂人日记__chunk003,cross,0.846066
杨戴/奔月__chunk001,蓝/社戏__chunk001,cross,0.805516
杨戴/奔月__chunk001,蓝/社戏__chunk002,cross,0.811465
杨戴/奔月__chunk001,蓝/社戏__chunk003,cross,0.850031
杨戴/奔月__chunk001,蓝/社戏__chunk004,cross,0.893426
杨戴/奔月__chunk001,蓝/祝福__chunk001,cross,0.829390
杨戴/奔月__chunk001,蓝/祝福__chunk002,cross,0.789985
杨戴/奔月__chunk001,蓝/祝福__chunk003,cross,0.829267
杨戴/奔月__chunk001,蓝/祝福__chunk004,cross,0.849029
杨戴/奔月__chunk001,蓝/祝福__chunk005,cross,0.818419
杨戴/奔月__chunk001,蓝/祝福__chunk006,cross,0.818224
杨戴/奔月__chunk001,蓝/祝福__chunk007,cross,0.795701
杨戴/奔月__chunk001,蓝/离婚__chunk001,cross,0.878107
杨戴/奔月__chunk001,蓝/离婚__chunk002,cross,0.853499
杨戴/奔月__chunk001,蓝/离婚__chunk003,cross,0.854434
杨戴/奔月__chunk001,蓝/肥皂__chunk001,cross,0.872496
杨戴/奔月__chunk001,蓝/肥皂__chunk002,cross,0.883250
杨戴/奔月__chunk001,蓝/肥皂__chunk003,cross,0.840549
杨戴/奔月__chunk001,蓝/肥皂__chunk004,cross,0.856259
杨戴/奔月__chunk001,蓝/药__chunk001,cross,0.848716
杨戴/奔月__chunk001,蓝/药__chunk002,cross,0.867905
杨戴/奔月__chunk001,蓝/药__chunk003,cross,0.849214
杨戴/奔月__chunk001,蓝/铸剑__chunk001,cross,0.899210
杨戴/奔月__chunk001,蓝/铸剑__chunk002,cross,0.890984
杨戴/奔月__chunk001,蓝/铸剑__chunk003,cross,0.840899
杨戴/奔月__chunk001,蓝/铸剑__chunk004,cross,0.899141
杨戴/奔月__chunk001,蓝/铸剑__chunk005,cross,0.837519
杨戴/奔月__chunk001,蓝/铸剑__chunk006,cross,0.818719
杨戴/奔月__chunk001,蓝/铸剑__chunk007,cross,0.798863
杨戴/奔月__chunk001,蓝/阿Q正传__chunk001,cross,0.802597
杨戴/奔月__chunk001,蓝/阿Q正传__chunk002,cross,0.805602
杨戴/奔月__chunk001,蓝/阿Q正传__chunk003,cross,0.781298
杨戴/奔月__chunk001,蓝/阿Q正传__chunk004,cross,0.812399
杨戴/奔月__chunk001,蓝/阿Q正传__chunk005,cross,0.806434
杨戴/奔月__chunk001,蓝/阿Q正传__chunk006,cross,0.816458
杨戴/奔月__chunk001,蓝/阿Q正传__chunk007,cross,0.831613
杨戴/奔月__chunk001,蓝/阿Q正传__chunk008,cross,0.817481
杨戴/奔月__chunk001,蓝/阿Q正传__chunk009,cross,0.828918
杨戴/奔月__chunk001,蓝/阿Q正传__chunk010,cross,0.803726
杨戴/奔月__chunk001,蓝/阿Q正传__chunk011,cross,0.823344
杨戴/奔月__chunk001,蓝/阿Q正传__chunk012,cross,0.819109
杨戴/奔月__chunk001,蓝/阿Q正传__chunk013,cross,0.852465
杨戴/奔月__chunk001,蓝/阿Q正传__chunk014,cross,0.839073
杨戴/奔月__chunk001,蓝/阿Q正传__chunk015,cross,0.822710
杨戴/奔月__chunk001,蓝/阿Q正传__chunk016,cross,0.862553
杨戴/奔月__chunk001,蓝/阿Q正传__chunk017,cross,0.836620
杨戴/奔月__chunk001,蓝/风波__chunk001,cross,0.861612
杨戴/奔月__chunk001,蓝/风波__chunk002,cross,0.872101
杨戴/奔月__chunk001,蓝/风波__chunk003,cross,0.877085
杨戴/奔月__chunk002,杨戴/奔月__chunk003,same,0.866473
杨戴/奔月__chunk002,杨戴/奔月__chunk004,same,0.859538
杨戴/奔月__chunk002,杨戴/孤独者__chunk001,same,0.873513
杨戴/奔月__chunk002,杨戴/孤独者__chunk002,same,0.855570
杨戴/奔月__chunk002,杨戴/孤独者__chunk003,same,0.852427
杨戴/奔月__chunk002,杨戴/孤独者__chunk004,same,0.857828
杨戴/奔月__chunk002,杨戴/孤独者__chunk005,same,0.829425
杨戴/奔月__chunk002,杨戴/孤独者__chunk006,same,0.777826
杨戴/奔月__chunk002,杨戴/孤独者__chunk007,same,0.848214
杨戴/奔月__chunk002,杨戴/孤独者__chunk008,same,0.872928
杨戴/奔月__chunk002,杨戴/幸福的家庭__chunk001,same,0.823530
杨戴/奔月__chunk002,杨戴/幸福的家庭__chunk002,same,0.814788
杨戴/奔月__chunk002,杨戴/幸福的家庭__chunk003,same,0.815449
杨戴/奔月__chunk002,杨戴/故乡__chunk001,same,0.800558
杨戴/奔月__chunk002,杨戴/故乡__chunk002,same,0.862513
杨戴/奔月__chunk002,杨戴/故乡__chunk003,same,0.820501
杨戴/奔月__chunk002,杨戴/故乡__chunk004,same,0.812407
杨戴/奔月__chunk002,杨戴/明天__chunk001,same,0.818714
杨戴/奔月__chunk002,杨戴/明天__chunk002,same,0.788646
杨戴/奔月__chunk002,杨戴/明天__chunk003,same,0.804985
杨戴/奔月__chunk002,杨戴/狂人日记__chunk001,same,0.785008
杨戴/奔月__chunk002,杨戴/狂人日记__chunk002,same,0.782082
杨戴/奔月__chunk002,杨戴/狂人日记__chunk003,same,0.811584
杨戴/奔月__chunk002,杨戴/狂人日记__chunk004,same,0.793174
杨戴/奔月__chunk002,杨戴/社戏__chunk001,same,0.800588
杨戴/奔月__chunk002,杨戴/社戏__chunk002,same,0.792491
杨戴/奔月__chunk002,杨戴/社戏__chunk003,same,0.783382
杨戴/奔月__chunk002,杨戴/社戏__chunk004,same,0.816521
杨戴/奔月__chunk002,杨戴/祝福__chunk001,same,0.805114
杨戴/奔月__chunk002,杨戴/祝福__chunk002,same,0.765289
杨戴/奔月__chunk002,杨戴/祝福__chunk003,same,0.780456
杨戴/奔月__chunk002,杨戴/祝福__chunk004,same,0.764208
杨戴/奔月__chunk002,杨戴/祝福__chunk005,same,0.802712
杨戴/奔月__chunk002,杨戴/祝福__chunk006,same,0.779320
杨戴/奔月__chunk002,杨戴/祝福__chunk007,same,0.768350
杨戴/奔月__chunk002,杨戴/离婚__chunk001,same,0.826491
杨戴/奔月__chunk002,杨戴/离婚__chunk002,same,0.857898
杨戴/奔月__chunk002,杨戴/离婚__chunk003,same,0.892017
杨戴/奔月__chunk002,杨戴/肥皂__chunk001,same,0.837726
杨戴/奔月__chunk002,杨戴/肥皂__chunk002,same,0.864277
杨戴/奔月__chunk002,杨戴/肥皂__chunk003,same,0.869584
杨戴/奔月__chunk002,杨戴/肥皂__chunk004,same,0.846821
杨戴/奔月__chunk002,杨戴/药__chunk001,same,0.859919
杨戴/奔月__chunk002,杨戴/药__chunk002,same,0.876969
杨戴/奔月__chunk002,杨戴/药__chunk003,same,0.844379
杨戴/奔月__chunk002,杨戴/铸剑__chunk001,same,0.887179
杨戴/奔月__chunk002,杨戴/铸剑__chunk002,same,0.858332
杨戴/奔月__chunk002,杨戴/铸剑__chunk003,same,0.841554
杨戴/奔月__chunk002,杨戴/铸剑__chunk004,same,0.830294
杨戴/奔月__chunk002,杨戴/铸剑__chunk005,same,0.824987
杨戴/奔月__chunk002,杨戴/铸剑__chunk006,same,0.747823
杨戴/奔月__chunk002,杨戴/铸剑__chunk007,same,0.796360
杨戴/奔月__chunk002,杨戴/阿Q正传__chunk001,same,0.756855
杨戴/奔月__chunk002,杨戴/阿Q正传__chunk002,same,0.755000
杨戴/奔月__chunk002,杨戴/阿Q正传__chunk003,same,0.752977
杨戴/奔月__chunk002,杨戴/阿Q正传__chunk004,same,0.773090
杨戴/奔月__chunk002,杨戴/阿Q正传__chunk005,same,0.808893
杨戴/奔月__chunk002,杨戴/阿Q正传__chunk006,same,0.796182
杨戴/奔月__chunk002,杨戴/阿Q正传__chunk007,same,0.822352
杨戴/奔月__chunk002,杨戴/阿Q正传__chunk008,same,0.771471
杨戴/奔月__chunk002,杨戴/阿Q正传__chunk009,same,0.779602
杨戴/奔月__chunk002,杨戴/阿Q正传__chunk010,same,0.780521
杨戴/奔月__chunk002,杨戴/阿Q正传__chunk011,same,0.779000
杨戴/奔月__chunk002,杨戴/阿Q正传__chunk012,same,0.782956
杨戴/奔月__chunk002,杨戴/阿Q正传__chunk013,same,0.797685
杨戴/奔月__chunk002,杨戴/阿Q正传__chunk014,same,0.761690
杨戴/奔月__chunk002,杨戴/阿Q正传__chunk015,same,0.807219
杨戴/奔月__chunk002,杨戴/阿Q正传__chunk016,same,0.788771
杨戴/奔月__chunk002,杨戴/阿Q正传__chunk017,same,0.807391
杨戴/奔月__chunk002,杨戴/风波__chunk001,same,0.841448
杨戴/奔月__chunk002,杨戴/风波__chunk002,same,0.833085
杨戴/奔月__chunk002,杨戴/风波__chunk003,same,0.851566
杨戴/奔月__chunk002,蓝/伤逝__chunk001,cross,0.767863
杨戴/奔月__chunk002,蓝/伤逝__chunk002,cross,0.798946
杨戴/奔月__chunk002,蓝/伤逝__chunk003,cross,0.811627
杨戴/奔月__chunk002,蓝/伤逝__chunk004,cross,0.831722
杨戴/奔月__chunk002,蓝/伤逝__chunk005,cross,0.800563
杨戴/奔月__chunk002,蓝/伤逝__chunk006,cross,0.786833
杨戴/奔月__chunk002,蓝/伤逝__chunk007,cross,0.813457
杨戴/奔月__chunk002,蓝/在酒楼上__chunk001,cross,0.789506
杨戴/奔月__chunk002,蓝/在酒楼上__chunk002,cross,0.835235
杨戴/奔月__chunk002,蓝/在酒楼上__chunk003,cross,0.800989
杨戴/奔月__chunk002,蓝/在酒楼上__chunk004,cross,0.837532
杨戴/奔月__chunk002,蓝/奔月__chunk001,cross,0.861534
杨戴/奔月__chunk002,蓝/奔月__chunk002,cross,0.910255
杨戴/奔月__chunk002,蓝/奔月__chunk003,cross,0.862194
杨戴/奔月__chunk002,蓝/奔月__chunk004,cross,0.835619
杨戴/奔月__chunk002,蓝/孤独者__chunk001,cross,0.849066
杨戴/奔月__chunk002,蓝/孤独者__chunk002,cross,0.845348
杨戴/奔月__chunk002,蓝/孤独者__chunk003,cross,0.840131
杨戴/奔月__chunk002,蓝/孤独者__chunk004,cross,0.871728
杨戴/奔月__chunk002,蓝/孤独者__chunk005,cross,0.820988
杨戴/奔月__chunk002,蓝/孤独者__chunk006,cross,0.838604
杨戴/奔月__chunk002,蓝/孤独者__chunk007,cross,0.816963
杨戴/奔月__chunk002,蓝/孤独者__chunk008,cross,0.851333
杨戴/奔月__chunk002,蓝/幸福的家庭__chunk001,cross,0.844524
杨戴/奔月__chunk002,蓝/幸福的家庭__chunk002,cross,0.830136
杨戴/奔月__chunk002,蓝/幸福的家庭__chunk003,cross,0.785805
杨戴/奔月__chunk002,蓝/故乡__chunk001,cross,0.831492
杨戴/奔月__chunk002,蓝/故乡__chunk002,cross,0.838959
杨戴/奔月__chunk002,蓝/故乡__chunk003,cross,0.869000
杨戴/奔月__chunk002,蓝/明天__chunk001,cross,0.814936
杨戴/奔月__chunk002,蓝/明天__chunk002,cross,0.803345
杨戴/奔月__chunk002,蓝/狂人日记__chunk001,cross,0.780386
杨戴/奔月__chunk002,蓝/狂人日记__chunk002,cross,0.788407
杨戴/奔月__chunk002,蓝/狂人日记__chunk003,cross,0.839762
杨戴/奔月__chunk002,蓝/社戏__chunk001,cross,0.783100
杨戴/奔月__chunk002,蓝/社戏__chunk002,cross,0.787517
杨戴/奔月__chunk002,蓝/社戏__chunk003,cross,0.779277
杨戴/奔月__chunk002,蓝/社戏__chunk004,cross,0.798391
杨戴/奔月__chunk002,蓝/祝福__chunk001,cross,0.783537
杨戴/奔月__chunk002,蓝/祝福__chunk002,cross,0.814324
杨戴/奔月__chunk002,蓝/祝福__chunk003,cross,0.764059
杨戴/奔月__chunk002,蓝/祝福__chunk004,cross,0.797593
杨戴/奔月__chunk002,蓝/祝福__chunk005,cross,0.796399
杨戴/奔月__chunk002,蓝/祝福__chunk006,cross,0.803588
杨戴/奔月__chunk002,蓝/祝福__chunk007,cross,0.756630
杨戴/奔月__chunk002,蓝/离婚__chunk001,cross,0.812805
杨戴/奔月__chunk002,蓝/离婚__chunk002,cross,0.836180
杨戴/奔月__chunk002,蓝/离婚__chunk003,cross,0.841739
杨戴/奔月__chunk002,蓝/肥皂__chunk001,cross,0.835468
杨戴/奔月__chunk002,蓝/肥皂__chunk002,cross,0.850238
杨戴/奔月__chunk002,蓝/肥皂__chunk003,cross,0.853818
杨戴/奔月__chunk002,蓝/肥皂__chunk004,cross,0.832342
杨戴/奔月__chunk002,蓝/药__chunk001,cross,0.786791
杨戴/奔月__chunk002,蓝/药__chunk002,cross,0.866230
杨戴/奔月__chunk002,蓝/药__chunk003,cross,0.757188
杨戴/奔月__chunk002,蓝/铸剑__chunk001,cross,0.843847
杨戴/奔月__chunk002,蓝/铸剑__chunk002,cross,0.862369
杨戴/奔月__chunk002,蓝/铸剑__chunk003,cross,0.805931
杨戴/奔月__chunk002,蓝/铸剑__chunk004,cross,0.817761
杨戴/奔月__chunk002,蓝/铸剑__chunk005,cross,0.759868
杨戴/奔月__chunk002,蓝/铸剑__chunk006,cross,0.720203
杨戴/奔月__chunk002,蓝/铸剑__chunk007,cross,0.742762
杨戴/奔月__chunk002,蓝/阿Q正传__chunk001,cross,0.753431
杨戴/奔月__chunk002,蓝/阿Q正传__chunk002,cross,0.768182
杨戴/奔月__chunk002,蓝/阿Q正传__chunk003,cross,0.748793
杨戴/奔月__chunk002,蓝/阿Q正传__chunk004,cross,0.793138
杨戴/奔月__chunk002,蓝/阿Q正传__chunk005,cross,0.781098
杨戴/奔月__chunk002,蓝/阿Q正传__chunk006,cross,0.790995
杨戴/奔月__chunk002,蓝/阿Q正传__chunk007,cross,0.797051
杨戴/奔月__chunk002,蓝/阿Q正传__chunk008,cross,0.802538
杨戴/奔月__chunk002,蓝/阿Q正传__chunk009,cross,0.777685
杨戴/奔月__chunk002,蓝/阿Q正传__chunk010,cross,0.766332
杨戴/奔月__chunk002,蓝/阿Q正传__chunk011,cross,0.772608
杨戴/奔月__chunk002,蓝/阿Q正传__chunk012,cross,0.787311
杨戴/奔月__chunk002,蓝/阿Q正传__chunk013,cross,0.802653
杨戴/奔月__chunk002,蓝/阿Q正传__chunk014,cross,0.814295
杨戴/奔月__chunk002,蓝/阿Q正传__chunk015,cross,0.800008
杨戴/奔月__chunk002,蓝/阿Q正传__chunk016,cross,0.802840
杨戴/奔月__chunk002,蓝/阿Q正传__chunk017,cross,0.766541
杨戴/奔月__chunk002,蓝/风波__chunk001,cross,0.810610
杨戴/奔月__chunk002,蓝/风波__chunk002,cross,0.842510
杨戴/奔月__chunk002,蓝/风波__chunk003,cross,0.810342
杨戴/奔月__chunk003,杨戴/奔月__chunk004,same,0.906663
杨戴/奔月__chunk003,杨戴/孤独者__chunk001,same,0.860233
杨戴/奔月__chunk003,杨戴/孤独者__chunk002,same,0.859041
杨戴/奔月__chunk003,杨戴/孤独者__chunk003,same,0.821609
杨戴/奔月__chunk003,杨戴/孤独者__chunk004,same,0.816713
杨戴/奔月__chunk003,杨戴/孤独者__chunk005,same,0.812463
杨戴/奔月__chunk003,杨戴/孤独者__chunk006,same,0.734572
杨戴/奔月__chunk003,杨戴/孤独者__chunk007,same,0.841853
杨戴/奔月__chunk003,杨戴/孤独者__chunk008,same,0.850071
杨戴/奔月__chunk003,杨戴/幸福的家庭__chunk001,same,0.830624
杨戴/奔月__chunk003,杨戴/幸福的家庭__chunk002,same,0.842332
杨戴/奔月__chunk003,杨戴/幸福的家庭__chunk003,same,0.859315
杨戴/奔月__chunk003,杨戴/故乡__chunk001,same,0.808236
杨戴/奔月__chunk003,杨戴/故乡__chunk002,same,0.810432
杨戴/奔月__chunk003,杨戴/故乡__chunk003,same,0.822058
杨戴/奔月__chunk003,杨戴/故乡__chunk004,same,0.818676
杨戴/奔月__chunk003,杨戴/明天__chunk001,same,0.829498
杨戴/奔月__chunk003,杨戴/明天__chunk002,same,0.787434
杨戴/奔月__chunk003,杨戴/明天__chunk003,same,0.794157
杨戴/奔月__chunk003,杨戴/狂人日记__chunk001,same,0.768356
杨戴/奔月__chunk003,杨戴/狂人日记__chunk002,same,0.763776
杨戴/奔月__chunk003,杨戴/狂人日记__chunk003,same,0.820593
杨戴/奔月__chunk003,杨戴/狂人日记__chunk004,same,0.780076
杨戴/奔月__chunk003,杨戴/社戏__chunk001,same,0.776125
杨戴/奔月__chunk003,杨戴/社戏__chunk002,same,0.770919
杨戴/奔月__chunk003,杨戴/社戏__chunk003,same,0.824678
杨戴/奔月__chunk003,杨戴/社戏__chunk004,same,0.837043
杨戴/奔月__chunk003,杨戴/祝福__chunk001,same,0.809960
杨戴/奔月__chunk003,杨戴/祝福__chunk002,same,0.717556
杨戴/奔月__chunk003,杨戴/祝福__chunk003,same,0.745811
杨戴/奔月__chunk003,杨戴/祝福__chunk004,same,0.768555
杨戴/奔月__chunk003,杨戴/祝福__chunk005,same,0.787278
杨戴/奔月__chunk003,杨戴/祝福__chunk006,same,0.768385
杨戴/奔月__chunk003,杨戴/祝福__chunk007,same,0.781937
杨戴/奔月__chunk003,杨戴/离婚__chunk001,same,0.843824
杨戴/奔月__chunk003,杨戴/离婚__chunk002,same,0.871206
杨戴/奔月__chunk003,杨戴/离婚__chunk003,same,0.857618
杨戴/奔月__chunk003,杨戴/肥皂__chunk001,same,0.814941
杨戴/奔月__chunk003,杨戴/肥皂__chunk002,same,0.857596
杨戴/奔月__chunk003,杨戴/肥皂__chunk003,same,0.852223
杨戴/奔月__chunk003,杨戴/肥皂__chunk004,same,0.866056
杨戴/奔月__chunk003,杨戴/药__chunk001,same,0.901744
杨戴/奔月__chunk003,杨戴/药__chunk002,same,0.896286
杨戴/奔月__chunk003,杨戴/药__chunk003,same,0.855313
杨戴/奔月__chunk003,杨戴/铸剑__chunk001,same,0.891699
杨戴/奔月__chunk003,杨戴/铸剑__chunk002,same,0.890737
杨戴/奔月__chunk003,杨戴/铸剑__chunk003,same,0.864337
杨戴/奔月__chunk003,杨戴/铸剑__chunk004,same,0.877231
杨戴/奔月__chunk003,杨戴/铸剑__chunk005,same,0.879574
杨戴/奔月__chunk003,杨戴/铸剑__chunk006,same,0.828980
杨戴/奔月__chunk003,杨戴/铸剑__chunk007,same,0.822789
杨戴/奔月__chunk003,杨戴/阿Q正传__chunk001,same,0.791661
杨戴/奔月__chunk003,杨戴/阿Q正传__chunk002,same,0.764405
杨戴/奔月__chunk003,杨戴/阿Q正传__chunk003,same,0.774010
杨戴/奔月__chunk003,杨戴/阿Q正传__chunk004,same,0.810746
杨戴/奔月__chunk003,杨戴/阿Q正传__chunk005,same,0.805915
杨戴/奔月__chunk003,杨戴/阿Q正传__chunk006,same,0.804291
杨戴/奔月__chunk003,杨戴/阿Q正传__chunk007,same,0.849946
杨戴/奔月__chunk003,杨戴/阿Q正传__chunk008,same,0.787334
杨戴/奔月__chunk003,杨戴/阿Q正传__chunk009,same,0.809067
杨戴/奔月__chunk003,杨戴/阿Q正传__chunk010,same,0.806327
杨戴/奔月__chunk003,杨戴/阿Q正传__chunk011,same,0.776750
杨戴/奔月__chunk003,杨戴/阿Q正传__chunk012,same,0.819754
杨戴/奔月__chunk003,杨戴/阿Q正传__chunk013,same,0.829471
杨戴/奔月__chunk003,杨戴/阿Q正传__chunk014,same,0.772285
杨戴/奔月__chunk003,杨戴/阿Q正传__chunk015,same,0.811699
杨戴/奔月__chunk003,杨戴/阿Q正传__chunk016,same,0.806019
杨戴/奔月__chunk003,杨戴/阿Q正传__chunk017,same,0.822016
杨戴/奔月__chunk003,杨戴/风波__chunk001,same,0.849183
杨戴/奔月__chunk003,杨戴/风波__chunk002,same,0.837075
杨戴/奔月__chunk003,杨戴/风波__chunk003,same,0.868129
杨戴/奔月__chunk003,蓝/伤逝__chunk001,cross,0.765137
杨戴/奔月__chunk003,蓝/伤逝__chunk002,cross,0.754819
杨戴/奔月__chunk003,蓝/伤逝__chunk003,cross,0.819072
杨戴/奔月__chunk003,蓝/伤逝__chunk004,cross,0.793674
杨戴/奔月__chunk003,蓝/伤逝__chunk005,cross,0.781902
杨戴/奔月__chunk003,蓝/伤逝__chunk006,cross,0.776472
杨戴/奔月__chunk003,蓝/伤逝__chunk007,cross,0.797883
杨戴/奔月__chunk003,蓝/在酒楼上__chunk001,cross,0.831792
杨戴/奔月__chunk003,蓝/在酒楼上__chunk002,cross,0.826668
杨戴/奔月__chunk003,蓝/在酒楼上__chunk003,cross,0.774962
杨戴/奔月__chunk003,蓝/在酒楼上__chunk004,cross,0.793817
杨戴/奔月__chunk003,蓝/奔月__chunk001,cross,0.893620
杨戴/奔月__chunk003,蓝/奔月__chunk002,cross,0.887200
杨戴/奔月__chunk003,蓝/奔月__chunk003,cross,0.927037
杨戴/奔月__chunk003,蓝/奔月__chunk004,cross,0.899156
杨戴/奔月__chunk003,蓝/孤独者__chunk001,cross,0.856908
杨戴/奔月__chunk003,蓝/孤独者__chunk002,cross,0.859236
杨戴/奔月__chunk003,蓝/孤独者__chunk003,cross,0.835191
杨戴/奔月__chunk003,蓝/孤独者__chunk004,cross,0.843896
杨戴/奔月__chunk003,蓝/孤独者__chunk005,cross,0.767126
杨戴/奔月__chunk003,蓝/孤独者__chunk006,cross,0.784742
杨戴/奔月__chunk003,蓝/孤独者__chunk007,cross,0.822758
杨戴/奔月__chunk003,蓝/孤独者__chunk008,cross,0.852023
杨戴/奔月__chunk003,蓝/幸福的家庭__chunk001,cross,0.860336
杨戴/奔月__chunk003,蓝/幸福的家庭__chunk002,cross,0.843828
杨戴/奔月__chunk003,蓝/幸福的家庭__chunk003,cross,0.815932
杨戴/奔月__chunk003,蓝/故乡__chunk001,cross,0.824730
杨戴/奔月__chunk003,蓝/故乡__chunk002,cross,0.819552
杨戴/奔月__chunk003,蓝/故乡__chunk003,cross,0.852254
杨戴/奔月__chunk003,蓝/明天__chunk001,cross,0.812498
杨戴/奔月__chunk003,蓝/明天__chunk002,cross,0.841363
杨戴/奔月__chunk003,蓝/狂人日记__chunk001,cross,0.764857
杨戴/奔月__chunk003,蓝/狂人日记__chunk002,cross,0.779194
杨戴/奔月__chunk003,蓝/狂人日记__chunk003,cross,0.859301
杨戴/奔月__chunk003,蓝/社戏__chunk001,cross,0.785654
杨戴/奔月__chunk003,蓝/社戏__chunk002,cross,0.794802
杨戴/奔月__chunk003,蓝/社戏__chunk003,cross,0.814432
杨戴/奔月__chunk003,蓝/社戏__chunk004,cross,0.865684
杨戴/奔月__chunk003,蓝/祝福__chunk001,cross,0.813503
杨戴/奔月__chunk003,蓝/祝福__chunk002,cross,0.768832
杨戴/奔月__chunk003,蓝/祝福__chunk003,cross,0.757022
杨戴/奔月__chunk003,蓝/祝福__chunk004,cross,0.793140
杨戴/奔月__chunk003,蓝/祝福__chunk005,cross,0.765157
杨戴/奔月__chunk003,蓝/祝福__chunk006,cross,0.795632
杨戴/奔月__chunk003,蓝/祝福__chunk007,cross,0.764308
杨戴/奔月__chunk003,蓝/离婚__chunk001,cross,0.847923
杨戴/奔月__chunk003,蓝/离婚__chunk002,cross,0.847021
杨戴/奔月__chunk003,蓝/离婚__chunk003,cross,0.820904
杨戴/奔月__chunk003,蓝/肥皂__chunk001,cross,0.851752
杨戴/奔月__chunk003,蓝/肥皂__chunk002,cross,0.869922
杨戴/奔月__chunk003,蓝/肥皂__chunk003,cross,0.869346
杨戴/奔月__chunk003,蓝/肥皂__chunk004,cross,0.835179
杨戴/奔月__chunk003,蓝/药__chunk001,cross,0.863415
杨戴/奔月__chunk003,蓝/药__chunk002,cross,0.862113
杨戴/奔月__chunk003,蓝/药__chunk003,cross,0.823554
杨戴/奔月__chunk003,蓝/铸剑__chunk001,cross,0.885506
杨戴/奔月__chunk003,蓝/铸剑__chunk002,cross,0.883840
杨戴/奔月__chunk003,蓝/铸剑__chunk003,cross,0.860290
杨戴/奔月__chunk003,蓝/铸剑__chunk004,cross,0.877607
杨戴/奔月__chunk003,蓝/铸剑__chunk005,cross,0.837870
杨戴/奔月__chunk003,蓝/铸剑__chunk006,cross,0.804110
杨戴/奔月__chunk003,蓝/铸剑__chunk007,cross,0.793787
杨戴/奔月__chunk003,蓝/阿Q正传__chunk001,cross,0.804538
杨戴/奔月__chunk003,蓝/阿Q正传__chunk002,cross,0.765047
杨戴/奔月__chunk003,蓝/阿Q正传__chunk003,cross,0.762963
杨戴/奔月__chunk003,蓝/阿Q正传__chunk004,cross,0.823161
杨戴/奔月__chunk003,蓝/阿Q正传__chunk005,cross,0.816767
杨戴/奔月__chunk003,蓝/阿Q正传__chunk006,cross,0.806570
杨戴/奔月__chunk003,蓝/阿Q正传__chunk007,cross,0.833127
杨戴/奔月__chunk003,蓝/阿Q正传__chunk008,cross,0.795723
杨戴/奔月__chunk003,蓝/阿Q正传__chunk009,cross,0.828499
杨戴/奔月__chunk003,蓝/阿Q正传__chunk010,cross,0.793601
杨戴/奔月__chunk003,蓝/阿Q正传__chunk011,cross,0.821568
杨戴/奔月__chunk003,蓝/阿Q正传__chunk012,cross,0.783992
杨戴/奔月__chunk003,蓝/阿Q正传__chunk013,cross,0.817729
杨戴/奔月__chunk003,蓝/阿Q正传__chunk014,cross,0.849972
杨戴/奔月__chunk003,蓝/阿Q正传__chunk015,cross,0.839964
杨戴/奔月__chunk003,蓝/阿Q正传__chunk016,cross,0.836241
杨戴/奔月__chunk003,蓝/阿Q正传__chunk017,cross,0.819015
杨戴/奔月__chunk003,蓝/风波__chunk001,cross,0.833233
杨戴/奔月__chunk003,蓝/风波__chunk002,cross,0.856041
杨戴/奔月__chunk003,蓝/风波__chunk003,cross,0.864788
杨戴/奔月__chunk004,杨戴/孤独者__chunk001,same,0.874648
杨戴/奔月__chunk004,杨戴/孤独者__chunk002,same,0.843631
杨戴/奔月__chunk004,杨戴/孤独者__chunk003,same,0.844470
杨戴/奔月__chunk004,杨戴/孤独者__chunk004,same,0.813309
杨戴/奔月__chunk004,杨戴/孤独者__chunk005,same,0.833266
杨戴/奔月__chunk004,杨戴/孤独者__chunk006,same,0.753066
杨戴/奔月__chunk004,杨戴/孤独者__chunk007,same,0.837144
杨戴/奔月__chunk004,杨戴/孤独者__chunk008,same,0.856600
杨戴/奔月__chunk004,杨戴/幸福的家庭__chunk001,same,0.853531
杨戴/奔月__chunk004,杨戴/幸福的家庭__chunk002,same,0.869367
杨戴/奔月__chunk004,杨戴/幸福的家庭__chunk003,same,0.860354
杨戴/奔月__chunk004,杨戴/故乡__chunk001,same,0.817345
杨戴/奔月__chunk004,杨戴/故乡__chunk002,same,0.845549
杨戴/奔月__chunk004,杨戴/故乡__chunk003,same,0.826655
杨戴/奔月__chunk004,杨戴/故乡__chunk004,same,0.856890
杨戴/奔月__chunk004,杨戴/明天__chunk001,same,0.858107
杨戴/奔月__chunk004,杨戴/明天__chunk002,same,0.829209
杨戴/奔月__chunk004,杨戴/明天__chunk003,same,0.804952
杨戴/奔月__chunk004,杨戴/狂人日记__chunk001,same,0.830433
杨戴/奔月__chunk004,杨戴/狂人日记__chunk002,same,0.786427
杨戴/奔月__chunk004,杨戴/狂人日记__chunk003,same,0.838662
杨戴/奔月__chunk004,杨戴/狂人日记__chunk004,same,0.808842
杨戴/奔月__chunk004,杨戴/社戏__chunk001,same,0.817001
杨戴/奔月__chunk004,杨戴/社戏__chunk002,same,0.816872
杨戴/奔月__chunk004,杨戴/社戏__chunk003,same,0.876622
杨戴/奔月__chunk004,杨戴/社戏__chunk004,same,0.871561
杨戴/奔月__chunk004,杨戴/祝福__chunk001,same,0.834595
杨戴/奔月__chunk004,杨戴/祝福__chunk002,same,0.749702
杨戴/奔月__chunk004,杨戴/祝福__chunk003,same,0.790060
杨戴/奔月__chunk004,杨戴/祝福__chunk004,same,0.794224
杨戴/奔月__chunk004,杨戴/祝福__chunk005,same,0.835969
杨戴/奔月__chunk004,杨戴/祝福__chunk006,same,0.824406
杨戴/奔月__chunk004,杨戴/祝福__chunk007,same,0.804193
杨戴/奔月__chunk004,杨戴/离婚__chunk001,same,0.867936
杨戴/奔月__chunk004,杨戴/离婚__chunk002,same,0.882051
杨戴/奔月__chunk004,杨戴/离婚__chunk003,same,0.868192
杨戴/奔月__chunk004,杨戴/肥皂__chunk001,same,0.832500
杨戴/奔月__chunk004,杨戴/肥皂__chunk002,same,0.851113
杨戴/奔月__chunk004,杨戴/肥皂__chunk003,same,0.881945
杨戴/奔月__chunk004,杨戴/肥皂__chunk004,same,0.900534
杨戴/奔月__chunk004,杨戴/药__chunk001,same,0.884391
杨戴/奔月__chunk004,杨戴/药__chunk002,same,0.887151
杨戴/奔月__chunk004,杨戴/药__chunk003,same,0.883580
杨戴/奔月__chunk004,杨戴/铸剑__chunk001,same,0.919568
杨戴/奔月__chunk004,杨戴/铸剑__chunk002,same,0.914563
杨戴/奔月__chunk004,杨戴/铸剑__chunk003,same,0.882424
杨戴/奔月__chunk004,杨戴/铸剑__chunk004,same,0.877039
杨戴/奔月__chunk004,杨戴/铸剑__chunk005,same,0.894364
杨戴/奔月__chunk004,杨戴/铸剑__chunk006,same,0.851520
杨戴/奔月__chunk004,杨戴/铸剑__chunk007,same,0.856276
杨戴/奔月__chunk004,杨戴/阿Q正传__chunk001,same,0.810818
杨戴/奔月__chunk004,杨戴/阿Q正传__chunk002,same,0.785890
杨戴/奔月__chunk004,杨戴/阿Q正传__chunk003,same,0.799663
杨戴/奔月__chunk004,杨戴/阿Q正传__chunk004,same,0.829045
杨戴/奔月__chunk004,杨戴/阿Q正传__chunk005,same,0.811821
杨戴/奔月__chunk004,杨戴/阿Q正传__chunk006,same,0.833694
杨戴/奔月__chunk004,杨戴/阿Q正传__chunk007,same,0.839044
杨戴/奔月__chunk004,杨戴/阿Q正传__chunk008,same,0.794613
杨戴/奔月__chunk004,杨戴/阿Q正传__chunk009,same,0.833185
杨戴/奔月__chunk004,杨戴/阿Q正传__chunk010,same,0.825892
杨戴/奔月__chunk004,杨戴/阿Q正传__chunk011,same,0.797129
杨戴/奔月__chunk004,杨戴/阿Q正传__chunk012,same,0.842971
杨戴/奔月__chunk004,杨戴/阿Q正传__chunk013,same,0.865192
杨戴/奔月__chunk004,杨戴/阿Q正传__chunk014,same,0.813596
杨戴/奔月__chunk004,杨戴/阿Q正传__chunk015,same,0.838555
杨戴/奔月__chunk004,杨戴/阿Q正传__chunk016,same,0.816493
杨戴/奔月__chunk004,杨戴/阿Q正传__chunk017,same,0.852153
杨戴/奔月__chunk004,杨戴/风波__chunk001,same,0.871823
杨戴/奔月__chunk004,杨戴/风波__chunk002,same,0.887533
杨戴/奔月__chunk004,杨戴/风波__chunk003,same,0.891477
杨戴/奔月__chunk004,蓝/伤逝__chunk001,cross,0.782927
杨戴/奔月__chunk004,蓝/伤逝__chunk002,cross,0.772028
杨戴/奔月__chunk004,蓝/伤逝__chunk003,cross,0.816150
杨戴/奔月__chunk004,蓝/伤逝__chunk004,cross,0.825289
杨戴/奔月__chunk004,蓝/伤逝__chunk005,cross,0.772371
杨戴/奔月__chunk004,蓝/伤逝__chunk006,cross,0.785351
杨戴/奔月__chunk004,蓝/伤逝__chunk007,cross,0.818031
杨戴/奔月__chunk004,蓝/在酒楼上__chunk001,cross,0.812182
杨戴/奔月__chunk004,蓝/在酒楼上__chunk002,cross,0.840375
杨戴/奔月__chunk004,蓝/在酒楼上__chunk003,cross,0.791420
杨戴/奔月__chunk004,蓝/在酒楼上__chunk004,cross,0.797415
杨戴/奔月__chunk004,蓝/奔月__chunk001,cross,0.901276
杨戴/奔月__chunk004,蓝/奔月__chunk002,cross,0.874527
杨戴/奔月__chunk004,蓝/奔月__chunk003,cross,0.890799
杨戴/奔月__chunk004,蓝/奔月__chunk004,cross,0.907587
杨戴/奔月__chunk004,蓝/孤独者__chunk001,cross,0.861562
杨戴/奔月__chunk004,蓝/孤独者__chunk002,cross,0.822724
杨戴/奔月__chunk004,蓝/孤独者__chunk003,cross,0.807681
杨戴/奔月__chunk004,蓝/孤独者__chunk004,cross,0.864020
杨戴/奔月__chunk004,蓝/孤独者__chunk005,cross,0.770603
杨戴/奔月__chunk004,蓝/孤独者__chunk006,cross,0.789694
杨戴/奔月__chunk004,蓝/孤独者__chunk007,cross,0.829651
杨戴/奔月__chunk004,蓝/孤独者__chunk008,cross,0.853532
杨戴/奔月__chunk004,蓝/幸福的家庭__chunk001,cross,0.845634
杨戴/奔月__chunk004,蓝/幸福的家庭__chunk002,cross,0.848881
杨戴/奔月__chunk004,蓝/幸福的家庭__chunk003,cross,0.771652
杨戴/奔月__chunk004,蓝/故乡__chunk001,cross,0.821341
杨戴/奔月__chunk004,蓝/故乡__chunk002,cross,0.836266
杨戴/奔月__chunk004,蓝/故乡__chunk003,cross,0.836092
杨戴/奔月__chunk004,蓝/明天__chunk001,cross,0.815948
杨戴/奔月__chunk004,蓝/明天__chunk002,cross,0.839111
杨戴/奔月__chunk004,蓝/狂人日记__chunk001,cross,0.821061
杨戴/奔月__chunk004,蓝/狂人日记__chunk002,cross,0.772779
杨戴/奔月__chunk004,蓝/狂人日记__chunk003,cross,0.861175
杨戴/奔月__chunk004,蓝/社戏__chunk001,cross,0.791974
杨戴/奔月__chunk004,蓝/社戏__chunk002,cross,0.813730
杨戴/奔月__chunk004,蓝/社戏__chunk003,cross,0.823733
杨戴/奔月__chunk004,蓝/社戏__chunk004,cross,0.862491
杨戴/奔月__chunk004,蓝/祝福__chunk001,cross,0.826154
杨戴/奔月__chunk004,蓝/祝福__chunk002,cross,0.756127
杨戴/奔月__chunk004,蓝/祝福__chunk003,cross,0.789744
杨戴/奔月__chunk004,蓝/祝福__chunk004,cross,0.830915
杨戴/奔月__chunk004,蓝/祝福__chunk005,cross,0.813343
杨戴/奔月__chunk004,蓝/祝福__chunk006,cross,0.820976
杨戴/奔月__chunk004,蓝/祝福__chunk007,cross,0.780397
杨戴/奔月__chunk004,蓝/离婚__chunk001,cross,0.865406
杨戴/奔月__chunk004,蓝/离婚__chunk002,cross,0.858169
杨戴/奔月__chunk004,蓝/离婚__chunk003,cross,0.810919
杨戴/奔月__chunk004,蓝/肥皂__chunk001,cross,0.825792
杨戴/奔月__chunk004,蓝/肥皂__chunk002,cross,0.837622
杨戴/奔月__chunk004,蓝/肥皂__chunk003,cross,0.837901
杨戴/奔月__chunk004,蓝/肥皂__chunk004,cross,0.836157
杨戴/奔月__chunk004,蓝/药__chunk001,cross,0.859082
杨戴/奔月__chunk004,蓝/药__chunk002,cross,0.872109
杨戴/奔月__chunk004,蓝/药__chunk003,cross,0.828431
杨戴/奔月__chunk004,蓝/铸剑__chunk001,cross,0.876224
杨戴/奔月__chunk004,蓝/铸剑__chunk002,cross,0.909809
杨戴/奔月__chunk004,蓝/铸剑__chunk003,cross,0.852191
杨戴/奔月__chunk004,蓝/铸剑__chunk004,cross,0.869154
杨戴/奔月__chunk004,蓝/铸剑__chunk005,cross,0.846328
杨戴/奔月__chunk004,蓝/铸剑__chunk006,cross,0.810899
杨戴/奔月__chunk004,蓝/铸剑__chunk007,cross,0.819139
杨戴/奔月__chunk004,蓝/阿Q正传__chunk001,cross,0.796383
杨戴/奔月__chunk004,蓝/阿Q正传__chunk002,cross,0.779938
杨戴/奔月__chunk004,蓝/阿Q正传__chunk003,cross,0.749296
杨戴/奔月__chunk004,蓝/阿Q正传__chunk004,cross,0.797809
杨戴/奔月__chunk004,蓝/阿Q正传__chunk005,cross,0.785961
杨戴/奔月__chunk004,蓝/阿Q正传__chunk006,cross,0.815112
杨戴/奔月__chunk004,蓝/阿Q正传__chunk007,cross,0.814685
杨戴/奔月__chunk004,蓝/阿Q正传__chunk008,cross,0.807876
杨戴/奔月__chunk004,蓝/阿Q正传__chunk009,cross,0.814600
杨戴/奔月__chunk004,蓝/阿Q正传__chunk010,cross,0.802949
杨戴/奔月__chunk004,蓝/阿Q正传__chunk011,cross,0.817463
杨戴/奔月__chunk004,蓝/阿Q正传__chunk012,cross,0.788939
杨戴/奔月__chunk004,蓝/阿Q正传__chunk013,cross,0.841056
杨戴/奔月__chunk004,蓝/阿Q正传__chunk014,cross,0.845389
杨戴/奔月__chunk004,蓝/阿Q正传__chunk015,cross,0.833420
杨戴/奔月__chunk004,蓝/阿Q正传__chunk016,cross,0.845403
杨戴/奔月__chunk004,蓝/阿Q正传__chunk017,cross,0.824612
杨戴/奔月__chunk004,蓝/风波__chunk001,cross,0.847693
杨戴/奔月__chunk004,蓝/风波__chunk002,cross,0.872798
杨戴/奔月__chunk004,蓝/风波__chunk003,cross,0.845301
杨戴/孤独者__chunk001,杨戴/孤独者__chunk002,same,0.925083
杨戴/孤独者__chunk001,杨戴/孤独者__chunk003,same,0.861528
杨戴/孤独者__chunk001,杨戴/孤独者__chunk004,same,0.823433
杨戴/孤独者__chunk001,杨戴/孤独者__chunk005,same,0.860075
杨戴/孤独者__chunk001,杨戴/孤独者__chunk006,same,0.756959
杨戴/孤独者__chunk001,杨戴/孤独者__chunk007,same,0.915966
杨戴/孤独者__chunk001,杨戴/孤独者__chunk008,same,0.913439
杨戴/孤独者__chunk001,杨戴/幸福的家庭__chunk001,same,0.853911
杨戴/孤独者__chunk001,杨戴/幸福的家庭__chunk002,same,0.867363
杨戴/孤独者__chunk001,杨戴/幸福的家庭__chunk003,same,0.845752
杨戴/孤独者__chunk001,杨戴/故乡__chunk001,same,0.870345
杨戴/孤独者__chunk001,杨戴/故乡__chunk002,same,0.887559
杨戴/孤独者__chunk001,杨戴/故乡__chunk003,same,0.859105
杨戴/孤独者__chunk001,杨戴/故乡__chunk004,same,0.879775
杨戴/孤独者__chunk001,杨戴/明天__chunk001,same,0.838634
杨戴/孤独者__chunk001,杨戴/明天__chunk002,same,0.843620
杨戴/孤独者__chunk001,杨戴/明天__chunk003,same,0.829346
杨戴/孤独者__chunk001,杨戴/狂人日记__chunk001,same,0.841748
杨戴/孤独者__chunk001,杨戴/狂人日记__chunk002,same,0.826696
杨戴/孤独者__chunk001,杨戴/狂人日记__chunk003,same,0.848836
杨戴/孤独者__chunk001,杨戴/狂人日记__chunk004,same,0.833247
杨戴/孤独者__chunk001,杨戴/社戏__chunk001,same,0.854400
杨戴/孤独者__chunk001,杨戴/社戏__chunk002,same,0.854418
杨戴/孤独者__chunk001,杨戴/社戏__chunk003,same,0.884425
杨戴/孤独者__chunk001,杨戴/社戏__chunk004,same,0.877490
杨戴/孤独者__chunk001,杨戴/祝福__chunk001,same,0.873477
杨戴/孤独者__chunk001,杨戴/祝福__chunk002,same,0.808781
杨戴/孤独者__chunk001,杨戴/祝福__chunk003,same,0.819625
杨戴/孤独者__chunk001,杨戴/祝福__chunk004,same,0.828269
杨戴/孤独者__chunk001,杨戴/祝福__chunk005,same,0.862472
杨戴/孤独者__chunk001,杨戴/祝福__chunk006,same,0.861060
杨戴/孤独者__chunk001,杨戴/祝福__chunk007,same,0.811311
杨戴/孤独者__chunk001,杨戴/离婚__chunk001,same,0.803310
杨戴/孤独者__chunk001,杨戴/离婚__chunk002,same,0.898939
杨戴/孤独者__chunk001,杨戴/离婚__chunk003,same,0.881621
杨戴/孤独者__chunk001,杨戴/肥皂__chunk001,same,0.848392
杨戴/孤独者__chunk001,杨戴/肥皂__chunk002,same,0.835054
杨戴/孤独者__chunk001,杨戴/肥皂__chunk003,same,0.821050
杨戴/孤独者__chunk001,杨戴/肥皂__chunk004,same,0.866365
杨戴/孤独者__chunk001,杨戴/药__chunk001,same,0.898095
杨戴/孤独者__chunk001,杨戴/药__chunk002,same,0.884163
杨戴/孤独者__chunk001,杨戴/药__chunk003,same,0.876385
杨戴/孤独者__chunk001,杨戴/铸剑__chunk001,same,0.903159
杨戴/孤独者__chunk001,杨戴/铸剑__chunk002,same,0.859698
杨戴/孤独者__chunk001,杨戴/铸剑__chunk003,same,0.896642
杨戴/孤独者__chunk001,杨戴/铸剑__chunk004,same,0.875560
杨戴/孤独者__chunk001,杨戴/铸剑__chunk005,same,0.865796
杨戴/孤独者__chunk001,杨戴/铸剑__chunk006,same,0.825880
杨戴/孤独者__chunk001,杨戴/铸剑__chunk007,same,0.877152
杨戴/孤独者__chunk001,杨戴/阿Q正传__chunk001,same,0.829787
杨戴/孤独者__chunk001,杨戴/阿Q正传__chunk002,same,0.832875
杨戴/孤独者__chunk001,杨戴/阿Q正传__chunk003,same,0.843808
杨戴/孤独者__chunk001,杨戴/阿Q正传__chunk004,same,0.863468
杨戴/孤独者__chunk001,杨戴/阿Q正传__chunk005,same,0.855415
杨戴/孤独者__chunk001,杨戴/阿Q正传__chunk006,same,0.887976
杨戴/孤独者__chunk001,杨戴/阿Q正传__chunk007,same,0.886603
杨戴/孤独者__chunk001,杨戴/阿Q正传__chunk008,same,0.844700
杨戴/孤独者__chunk001,杨戴/阿Q正传__chunk009,same,0.856067
杨戴/孤独者__chunk001,杨戴/阿Q正传__chunk010,same,0.871311
杨戴/孤独者__chunk001,杨戴/阿Q正传__chunk011,same,0.834675
杨戴/孤独者__chunk001,杨戴/阿Q正传__chunk012,same,0.854554
杨戴/孤独者__chunk001,杨戴/阿Q正传__chunk013,same,0.878959
杨戴/孤独者__chunk001,杨戴/阿Q正传__chunk014,same,0.840153
杨戴/孤独者__chunk001,杨戴/阿Q正传__chunk015,same,0.868656
杨戴/孤独者__chunk001,杨戴/阿Q正传__chunk016,same,0.856529
杨戴/孤独者__chunk001,杨戴/阿Q正传__chunk017,same,0.875445
杨戴/孤独者__chunk001,杨戴/风波__chunk001,same,0.916317
杨戴/孤独者__chunk001,杨戴/风波__chunk002,same,0.879605
杨戴/孤独者__chunk001,杨戴/风波__chunk003,same,0.899093
杨戴/孤独者__chunk001,蓝/伤逝__chunk001,cross,0.822235
杨戴/孤独者__chunk001,蓝/伤逝__chunk002,cross,0.831350
杨戴/孤独者__chunk001,蓝/伤逝__chunk003,cross,0.827730
杨戴/孤独者__chunk001,蓝/伤逝__chunk004,cross,0.866137
杨戴/孤独者__chunk001,蓝/伤逝__chunk005,cross,0.826320
杨戴/孤独者__chunk001,蓝/伤逝__chunk006,cross,0.834018
杨戴/孤独者__chunk001,蓝/伤逝__chunk007,cross,0.842168
杨戴/孤独者__chunk001,蓝/在酒楼上__chunk001,cross,0.875795
杨戴/孤独者__chunk001,蓝/在酒楼上__chunk002,cross,0.872661
杨戴/孤独者__chunk001,蓝/在酒楼上__chunk003,cross,0.827836
杨戴/孤独者__chunk001,蓝/在酒楼上__chunk004,cross,0.829237
杨戴/孤独者__chunk001,蓝/奔月__chunk001,cross,0.907598
杨戴/孤独者__chunk001,蓝/奔月__chunk002,cross,0.889718
杨戴/孤独者__chunk001,蓝/奔月__chunk003,cross,0.891103
杨戴/孤独者__chunk001,蓝/奔月__chunk004,cross,0.854236
杨戴/孤独者__chunk001,蓝/孤独者__chunk001,cross,0.935606
杨戴/孤独者__chunk001,蓝/孤独者__chunk002,cross,0.907783
杨戴/孤独者__chunk001,蓝/孤独者__chunk003,cross,0.874113
杨戴/孤独者__chunk001,蓝/孤独者__chunk004,cross,0.897017
杨戴/孤独者__chunk001,蓝/孤独者__chunk005,cross,0.825148
杨戴/孤独者__chunk001,蓝/孤独者__chunk006,cross,0.809693
杨戴/孤独者__chunk001,蓝/孤独者__chunk007,cross,0.892389
杨戴/孤独者__chunk001,蓝/孤独者__chunk008,cross,0.897774
杨戴/孤独者__chunk001,蓝/幸福的家庭__chunk001,cross,0.859319
杨戴/孤独者__chunk001,蓝/幸福的家庭__chunk002,cross,0.877375
杨戴/孤独者__chunk001,蓝/幸福的家庭__chunk003,cross,0.811549
杨戴/孤独者__chunk001,蓝/故乡__chunk001,cross,0.890445
杨戴/孤独者__chunk001,蓝/故乡__chunk002,cross,0.856533
杨戴/孤独者__chunk001,蓝/故乡__chunk003,cross,0.881555
杨戴/孤独者__chunk001,蓝/明天__chunk001,cross,0.864415
杨戴/孤独者__chunk001,蓝/明天__chunk002,cross,0.871303
杨戴/孤独者__chunk001,蓝/狂人日记__chunk001,cross,0.824367
杨戴/孤独者__chunk001,蓝/狂人日记__chunk002,cross,0.812875
杨戴/孤独者__chunk001,蓝/狂人日记__chunk003,cross,0.846785
杨戴/孤独者__chunk001,蓝/社戏__chunk001,cross,0.834922
杨戴/孤独者__chunk001,蓝/社戏__chunk002,cross,0.865842
杨戴/孤独者__chunk001,蓝/社戏__chunk003,cross,0.865087
杨戴/孤独者__chunk001,蓝/社戏__chunk004,cross,0.874510
杨戴/孤独者__chunk001,蓝/祝福__chunk001,cross,0.853875
杨戴/孤独者__chunk001,蓝/祝福__chunk002,cross,0.828206
杨戴/孤独者__chunk001,蓝/祝福__chunk003,cross,0.837418
杨戴/孤独者__chunk001,蓝/祝福__chunk004,cross,0.821738
杨戴/孤独者__chunk001,蓝/祝福__chunk005,cross,0.851428
杨戴/孤独者__chunk001,蓝/祝福__chunk006,cross,0.862332
杨戴/孤独者__chunk001,蓝/祝福__chunk007,cross,0.819355
杨戴/孤独者__chunk001,蓝/离婚__chunk001,cross,0.839328
杨戴/孤独者__chunk001,蓝/离婚__chunk002,cross,0.882936
杨戴/孤独者__chunk001,蓝/离婚__chunk003,cross,0.846816
杨戴/孤独者__chunk001,蓝/肥皂__chunk001,cross,0.867532
杨戴/孤独者__chunk001,蓝/肥皂__chunk002,cross,0.878669
杨戴/孤独者__chunk001,蓝/肥皂__chunk003,cross,0.842682
杨戴/孤独者__chunk001,蓝/肥皂__chunk004,cross,0.849386
杨戴/孤独者__chunk001,蓝/药__chunk001,cross,0.862500
杨戴/孤独者__chunk001,蓝/药__chunk002,cross,0.859035
杨戴/孤独者__chunk001,蓝/药__chunk003,cross,0.839138
杨戴/孤独者__chunk001,蓝/铸剑__chunk001,cross,0.898997
杨戴/孤独者__chunk001,蓝/铸剑__chunk002,cross,0.890989
杨戴/孤独者__chunk001,蓝/铸剑__chunk003,cross,0.880105
杨戴/孤独者__chunk001,蓝/铸剑__chunk004,cross,0.888105
杨戴/孤独者__chunk001,蓝/铸剑__chunk005,cross,0.867210
杨戴/孤独者__chunk001,蓝/铸剑__chunk006,cross,0.828110
杨戴/孤独者__chunk001,蓝/铸剑__chunk007,cross,0.838376
杨戴/孤独者__chunk001,蓝/阿Q正传__chunk001,cross,0.828842
杨戴/孤独者__chunk001,蓝/阿Q正传__chunk002,cross,0.844378
杨戴/孤独者__chunk001,蓝/阿Q正传__chunk003,cross,0.803688
杨戴/孤独者__chunk001,蓝/阿Q正传__chunk004,cross,0.865676
杨戴/孤独者__chunk001,蓝/阿Q正传__chunk005,cross,0.840916
杨戴/孤独者__chunk001,蓝/阿Q正传__chunk006,cross,0.876943
杨戴/孤独者__chunk001,蓝/阿Q正传__chunk007,cross,0.858850
杨戴/孤独者__chunk001,蓝/阿Q正传__chunk008,cross,0.863857
杨戴/孤独者__chunk001,蓝/阿Q正传__chunk009,cross,0.858300
杨戴/孤独者__chunk001,蓝/阿Q正传__chunk010,cross,0.851565
杨戴/孤独者__chunk001,蓝/阿Q正传__chunk011,cross,0.860476
杨戴/孤独者__chunk001,蓝/阿Q正传__chunk012,cross,0.824074
杨戴/孤独者__chunk001,蓝/阿Q正传__chunk013,cross,0.881274
杨戴/孤独者__chunk001,蓝/阿Q正传__chunk014,cross,0.890403
杨戴/孤独者__chunk001,蓝/阿Q正传__chunk015,cross,0.880561
杨戴/孤独者__chunk001,蓝/阿Q正传__chunk016,cross,0.851651
杨戴/孤独者__chunk001,蓝/阿Q正传__chunk017,cross,0.839979
杨戴/孤独者__chunk001,蓝/风波__chunk001,cross,0.879549
杨戴/孤独者__chunk001,蓝/风波__chunk002,cross,0.919700
杨戴/孤独者__chunk001,蓝/风波__chunk003,cross,0.870351
杨戴/孤独者__chunk002,杨戴/孤独者__chunk003,same,0.872143
杨戴/孤独者__chunk002,杨戴/孤独者__chunk004,same,0.839927
杨戴/孤独者__chunk002,杨戴/孤独者__chunk005,same,0.872411
杨戴/孤独者__chunk002,杨戴/孤独者__chunk006,same,0.793776
杨戴/孤独者__chunk002,杨戴/孤独者__chunk007,same,0.912917
杨戴/孤独者__chunk002,杨戴/孤独者__chunk008,same,0.889287
杨戴/孤独者__chunk002,杨戴/幸福的家庭__chunk001,same,0.856339
杨戴/孤独者__chunk002,杨戴/幸福的家庭__chunk002,same,0.857346
杨戴/孤独者__chunk002,杨戴/幸福的家庭__chunk003,same,0.857637
杨戴/孤独者__chunk002,杨戴/故乡__chunk001,same,0.850523
杨戴/孤独者__chunk002,杨戴/故乡__chunk002,same,0.900984
杨戴/孤独者__chunk002,杨戴/故乡__chunk003,same,0.872357
杨戴/孤独者__chunk002,杨戴/故乡__chunk004,same,0.871695
杨戴/孤独者__chunk002,杨戴/明天__chunk001,same,0.813573
杨戴/孤独者__chunk002,杨戴/明天__chunk002,same,0.814740
杨戴/孤独者__chunk002,杨戴/明天__chunk003,same,0.805432
杨戴/孤独者__chunk002,杨戴/狂人日记__chunk001,same,0.849523
杨戴/孤独者__chunk002,杨戴/狂人日记__chunk002,same,0.842534
杨戴/孤独者__chunk002,杨戴/狂人日记__chunk003,same,0.876052
杨戴/孤独者__chunk002,杨戴/狂人日记__chunk004,same,0.865786
杨戴/孤独者__chunk002,杨戴/社戏__chunk001,same,0.852247
杨戴/孤独者__chunk002,杨戴/社戏__chunk002,same,0.842817
杨戴/孤独者__chunk002,杨戴/社戏__chunk003,same,0.860293
杨戴/孤独者__chunk002,杨戴/社戏__chunk004,same,0.826038
杨戴/孤独者__chunk002,杨戴/祝福__chunk001,same,0.864016
杨戴/孤独者__chunk002,杨戴/祝福__chunk002,same,0.820935
杨戴/孤独者__chunk002,杨戴/祝福__chunk003,same,0.801650
杨戴/孤独者__chunk002,杨戴/祝福__chunk004,same,0.819066
杨戴/孤独者__chunk002,杨戴/祝福__chunk005,same,0.851145
杨戴/孤独者__chunk002,杨戴/祝福__chunk006,same,0.821491
杨戴/孤独者__chunk002,杨戴/祝福__chunk007,same,0.806716
杨戴/孤独者__chunk002,杨戴/离婚__chunk001,same,0.807476
杨戴/孤独者__chunk002,杨戴/离婚__chunk002,same,0.875377
杨戴/孤独者__chunk002,杨戴/离婚__chunk003,same,0.861574
杨戴/孤独者__chunk002,杨戴/肥皂__chunk001,same,0.862984
杨戴/孤独者__chunk002,杨戴/肥皂__chunk002,same,0.856254
杨戴/孤独者__chunk002,杨戴/肥皂__chunk003,same,0.821085
杨戴/孤独者__chunk002,杨戴/肥皂__chunk004,same,0.846573
杨戴/孤独者__chunk002,杨戴/药__chunk001,same,0.885749
杨戴/孤独者__chunk002,杨戴/药__chunk002,same,0.857634
杨戴/孤独者__chunk002,杨戴/药__chunk003,same,0.847844
杨戴/孤独者__chunk002,杨戴/铸剑__chunk001,same,0.863151
杨戴/孤独者__chunk002,杨戴/铸剑__chunk002,same,0.850364
杨戴/孤独者__chunk002,杨戴/铸剑__chunk003,same,0.861082
杨戴/孤独者__chunk002,杨戴/铸剑__chunk004,same,0.864323
杨戴/孤独者__chunk002,杨戴/铸剑__chunk005,same,0.835965
杨戴/孤独者__chunk002,杨戴/铸剑__chunk006,same,0.795468
杨戴/孤独者__chunk002,杨戴/铸剑__chunk007,same,0.847402
杨戴/孤独者__chunk002,杨戴/阿Q正传__chunk001,same,0.817580
杨戴/孤独者__chunk002,杨戴/阿Q正传__chunk002,same,0.825340
杨戴/孤独者__chunk002,杨戴/阿Q正传__chunk003,same,0.813024
杨戴/孤独者__chunk002,杨戴/阿Q正传__chunk004,same,0.856229
杨戴/孤独者__chunk002,杨戴/阿Q正传__chunk005,same,0.826338
杨戴/孤独者__chunk002,杨戴/阿Q正传__chunk006,same,0.858741
杨戴/孤独者__chunk002,杨戴/阿Q正传__chunk007,same,0.858798
杨戴/孤独者__chunk002,杨戴/阿Q正传__chunk008,same,0.827591
杨戴/孤独者__chunk002,杨戴/阿Q正传__chunk009,same,0.829179
杨戴/孤独者__chunk002,杨戴/阿Q正传__chunk010,same,0.835107
杨戴/孤独者__chunk002,杨戴/阿Q正传__chunk011,same,0.822050
杨戴/孤独者__chunk002,杨戴/阿Q正传__chunk012,same,0.849350
杨戴/孤独者__chunk002,杨戴/阿Q正传__chunk013,same,0.851416
杨戴/孤独者__chunk002,杨戴/阿Q正传__chunk014,same,0.804416
杨戴/孤独者__chunk002,杨戴/阿Q正传__chunk015,same,0.837306
杨戴/孤独者__chunk002,杨戴/阿Q正传__chunk016,same,0.837731
杨戴/孤独者__chunk002,杨戴/阿Q正传__chunk017,same,0.850501
杨戴/孤独者__chunk002,杨戴/风波__chunk001,same,0.871736
杨戴/孤独者__chunk002,杨戴/风波__chunk002,same,0.848332
杨戴/孤独者__chunk002,杨戴/风波__chunk003,same,0.884866
杨戴/孤独者__chunk002,蓝/伤逝__chunk001,cross,0.827818
杨戴/孤独者__chunk002,蓝/伤逝__chunk002,cross,0.819030
杨戴/孤独者__chunk002,蓝/伤逝__chunk003,cross,0.846180
杨戴/孤独者__chunk002,蓝/伤逝__chunk004,cross,0.844561
杨戴/孤独者__chunk002,蓝/伤逝__chunk005,cross,0.843810
杨戴/孤独者__chunk002,蓝/伤逝__chunk006,cross,0.830647
杨戴/孤独者__chunk002,蓝/伤逝__chunk007,cross,0.839121
杨戴/孤独者__chunk002,蓝/在酒楼上__chunk001,cross,0.875150
杨戴/孤独者__chunk002,蓝/在酒楼上__chunk002,cross,0.882828
杨戴/孤独者__chunk002,蓝/在酒楼上__chunk003,cross,0.823335
杨戴/孤独者__chunk002,蓝/在酒楼上__chunk004,cross,0.842055
杨戴/孤独者__chunk002,蓝/奔月__chunk001,cross,0.882890
杨戴/孤独者__chunk002,蓝/奔月__chunk002,cross,0.865137
杨戴/孤独者__chunk002,蓝/奔月__chunk003,cross,0.904471
杨戴/孤独者__chunk002,蓝/奔月__chunk004,cross,0.865085
杨戴/孤独者__chunk002,蓝/孤独者__chunk001,cross,0.913232
杨戴/孤独者__chunk002,蓝/孤独者__chunk002,cross,0.918151
杨戴/孤独者__chunk002,蓝/孤独者__chunk003,cross,0.904637
杨戴/孤独者__chunk002,蓝/孤独者__chunk004,cross,0.883450
杨戴/孤独者__chunk002,蓝/孤独者__chunk005,cross,0.822887
杨戴/孤独者__chunk002,蓝/孤独者__chunk006,cross,0.820656
杨戴/孤独者__chunk002,蓝/孤独者__chunk007,cross,0.904652
杨戴/孤独者__chunk002,蓝/孤独者__chunk008,cross,0.873522
杨戴/孤独者__chunk002,蓝/幸福的家庭__chunk001,cross,0.866196
杨戴/孤独者__chunk002,蓝/幸福的家庭__chunk002,cross,0.884516
杨戴/孤独者__chunk002,蓝/幸福的家庭__chunk003,cross,0.862326
杨戴/孤独者__chunk002,蓝/故乡__chunk001,cross,0.871542
杨戴/孤独者__chunk002,蓝/故乡__chunk002,cross,0.879288
杨戴/孤独者__chunk002,蓝/故乡__chunk003,cross,0.896151
杨戴/孤独者__chunk002,蓝/明天__chunk001,cross,0.841781
杨戴/孤独者__chunk002,蓝/明天__chunk002,cross,0.856179
杨戴/孤独者__chunk002,蓝/狂人日记__chunk001,cross,0.831000
杨戴/孤独者__chunk002,蓝/狂人日记__chunk002,cross,0.833940
杨戴/孤独者__chunk002,蓝/狂人日记__chunk003,cross,0.882673
杨戴/孤独者__chunk002,蓝/社戏__chunk001,cross,0.841179
杨戴/孤独者__chunk002,蓝/社戏__chunk002,cross,0.850180
杨戴/孤独者__chunk002,蓝/社戏__chunk003,cross,0.858335
杨戴/孤独者__chunk002,蓝/社戏__chunk004,cross,0.864204
杨戴/孤独者__chunk002,蓝/祝福__chunk001,cross,0.842120
杨戴/孤独者__chunk002,蓝/祝福__chunk002,cross,0.842487
杨戴/孤独者__chunk002,蓝/祝福__chunk003,cross,0.801792
杨戴/孤独者__chunk002,蓝/祝福__chunk004,cross,0.803578
杨戴/孤独者__chunk002,蓝/祝福__chunk005,cross,0.810974
杨戴/孤独者__chunk002,蓝/祝福__chunk006,cross,0.825481
杨戴/孤独者__chunk002,蓝/祝福__chunk007,cross,0.796851
杨戴/孤独者__chunk002,蓝/离婚__chunk001,cross,0.854476
杨戴/孤独者__chunk002,蓝/离婚__chunk002,cross,0.857344
杨戴/孤独者__chunk002,蓝/离婚__chunk003,cross,0.856527
杨戴/孤独者__chunk002,蓝/肥皂__chunk001,cross,0.884624
杨戴/孤独者__chunk002,蓝/肥皂__chunk002,cross,0.899329
杨戴/孤独者__chunk002,蓝/肥皂__chunk003,cross,0.864003
杨戴/孤独者__chunk002,蓝/肥皂__chunk004,cross,0.859596
杨戴/孤独者__chunk002,蓝/药__chunk001,cross,0.859910
杨戴/孤独者__chunk002,蓝/药__chunk002,cross,0.846422
杨戴/孤独者__chunk002,蓝/药__chunk003,cross,0.840153
杨戴/孤独者__chunk002,蓝/铸剑__chunk001,cross,0.899469
杨戴/孤独者__chunk002,蓝/铸剑__chunk002,cross,0.853044
杨戴/孤独者__chunk002,蓝/铸剑__chunk003,cross,0.882751
杨戴/孤独者__chunk002,蓝/铸剑__chunk004,cross,0.868120
杨戴/孤独者__chunk002,蓝/铸剑__chunk005,cross,0.838553
杨戴/孤独者__chunk002,蓝/铸剑__chunk006,cross,0.800363
杨戴/孤独者__chunk002,蓝/铸剑__chunk007,cross,0.811284
杨戴/孤独者__chunk002,蓝/阿Q正传__chunk001,cross,0.831698
杨戴/孤独者__chunk002,蓝/阿Q正传__chunk002,cross,0.848277
杨戴/孤独者__chunk002,蓝/阿Q正传__chunk003,cross,0.813529
杨戴/孤独者__chunk002,蓝/阿Q正传__chunk004,cross,0.863483
杨戴/孤独者__chunk002,蓝/阿Q正传__chunk005,cross,0.844242
杨戴/孤独者__chunk002,蓝/阿Q正传__chunk006,cross,0.864973
杨戴/孤独者__chunk002,蓝/阿Q正传__chunk007,cross,0.846514
杨戴/孤独者__chunk002,蓝/阿Q正传__chunk008,cross,0.846260
杨戴/孤独者__chunk002,蓝/阿Q正传__chunk009,cross,0.845635
杨戴/孤独者__chunk002,蓝/阿Q正传__chunk010,cross,0.822963
杨戴/孤独者__chunk002,蓝/阿Q正传__chunk011,cross,0.830372
杨戴/孤独者__chunk002,蓝/阿Q正传__chunk012,cross,0.846711
杨戴/孤独者__chunk002,蓝/阿Q正传__chunk013,cross,0.858262
杨戴/孤独者__chunk002,蓝/阿Q正传__chunk014,cross,0.867040
杨戴/孤独者__chunk002,蓝/阿Q正传__chunk015,cross,0.859433
杨戴/孤独者__chunk002,蓝/阿Q正传__chunk016,cross,0.833770
杨戴/孤独者__chunk002,蓝/阿Q正传__chunk017,cross,0.848780
杨戴/孤独者__chunk002,蓝/风波__chunk001,cross,0.873137
杨戴/孤独者__chunk002,蓝/风波__chunk002,cross,0.880404
杨戴/孤独者__chunk002,蓝/风波__chunk003,cross,0.896927
杨戴/孤独者__chunk003,杨戴/孤独者__chunk004,same,0.875919
杨戴/孤独者__chunk003,杨戴/孤独者__chunk005,same,0.907731
杨戴/孤独者__chunk003,杨戴/孤独者__chunk006,same,0.879593
杨戴/孤独者__chunk003,杨戴/孤独者__chunk007,same,0.874738
杨戴/孤独者__chunk003,杨戴/孤独者__chunk008,same,0.864854
杨戴/孤独者__chunk003,杨戴/幸福的家庭__chunk001,same,0.815371
杨戴/孤独者__chunk003,杨戴/幸福的家庭__chunk002,same,0.804310
杨戴/孤独者__chunk003,杨戴/幸福的家庭__chunk003,same,0.797760
杨戴/孤独者__chunk003,杨戴/故乡__chunk001,same,0.844016
杨戴/孤独者__chunk003,杨戴/故乡__chunk002,same,0.895432
杨戴/孤独者__chunk003,杨戴/故乡__chunk003,same,0.873578
杨戴/孤独者__chunk003,杨戴/故乡__chunk004,same,0.833209
杨戴/孤独者__chunk003,杨戴/明天__chunk001,same,0.781482
杨戴/孤独者__chunk003,杨戴/明天__chunk002,same,0.770984
杨戴/孤独者__chunk003,杨戴/明天__chunk003,same,0.744089
杨戴/孤独者__chunk003,杨戴/狂人日记__chunk001,same,0.845934
杨戴/孤独者__chunk003,杨戴/狂人日记__chunk002,same,0.867588
杨戴/孤独者__chunk003,杨戴/狂人日记__chunk003,same,0.860471
杨戴/孤独者__chunk003,杨戴/狂人日记__chunk004,same,0.847662
杨戴/孤独者__chunk003,杨戴/社戏__chunk001,same,0.870211
杨戴/孤独者__chunk003,杨戴/社戏__chunk002,same,0.825195
杨戴/孤独者__chunk003,杨戴/社戏__chunk003,same,0.794351
杨戴/孤独者__chunk003,杨戴/社戏__chunk004,same,0.833138
杨戴/孤独者__chunk003,杨戴/祝福__chunk001,same,0.825904
杨戴/孤独者__chunk003,杨戴/祝福__chunk002,same,0.883191
杨戴/孤独者__chunk003,杨戴/祝福__chunk003,same,0.747462
杨戴/孤独者__chunk003,杨戴/祝福__chunk004,same,0.762452
杨戴/孤独者__chunk003,杨戴/祝福__chunk005,same,0.804175
杨戴/孤独者__chunk003,杨戴/祝福__chunk006,same,0.782567
杨戴/孤独者__chunk003,杨戴/祝福__chunk007,same,0.785884
杨戴/孤独者__chunk003,杨戴/离婚__chunk001,same,0.823143
杨戴/孤独者__chunk003,杨戴/离婚__chunk002,same,0.834898
杨戴/孤独者__chunk003,杨戴/离婚__chunk003,same,0.864502
杨戴/孤独者__chunk003,杨戴/肥皂__chunk001,same,0.845486
杨戴/孤独者__chunk003,杨戴/肥皂__chunk002,same,0.823765
杨戴/孤独者__chunk003,杨戴/肥皂__chunk003,same,0.833798
杨戴/孤独者__chunk003,杨戴/肥皂__chunk004,same,0.827736
杨戴/孤独者__chunk003,杨戴/药__chunk001,same,0.823901
杨戴/孤独者__chunk003,杨戴/药__chunk002,same,0.841934
杨戴/孤独者__chunk003,杨戴/药__chunk003,same,0.817136
杨戴/孤独者__chunk003,杨戴/铸剑__chunk001,same,0.858689
杨戴/孤独者__chunk003,杨戴/铸剑__chunk002,same,0.851134
杨戴/孤独者__chunk003,杨戴/铸剑__chunk003,same,0.820040
杨戴/孤独者__chunk003,杨戴/铸剑__chunk004,same,0.844199
杨戴/孤独者__chunk003,杨戴/铸剑__chunk005,same,0.831737
杨戴/孤独者__chunk003,杨戴/铸剑__chunk006,same,0.769407
杨戴/孤独者__chunk003,杨戴/铸剑__chunk007,same,0.773239
杨戴/孤独者__chunk003,杨戴/阿Q正传__chunk001,same,0.803794
杨戴/孤独者__chunk003,杨戴/阿Q正传__chunk002,same,0.786703
杨戴/孤独者__chunk003,杨戴/阿Q正传__chunk003,same,0.770663
杨戴/孤独者__chunk003,杨戴/阿Q正传__chunk004,same,0.808542
杨戴/孤独者__chunk003,杨戴/阿Q正传__chunk005,same,0.793486
杨戴/孤独者__chunk003,杨戴/阿Q正传__chunk006,same,0.808722
杨戴/孤独者__chunk003,杨戴/阿Q正传__chunk007,same,0.810467
杨戴/孤独者__chunk003,杨戴/阿Q正传__chunk008,same,0.788296
杨戴/孤独者__chunk003,杨戴/阿Q正传__chunk009,same,0.809317
杨戴/孤独者__chunk003,杨戴/阿Q正传__chunk010,same,0.786779
杨戴/孤独者__chunk003,杨戴/阿Q正传__chunk011,same,0.803503
杨戴/孤独者__chunk003,杨戴/阿Q正传__chunk012,same,0.809048
杨戴/孤独者__chunk003,杨戴/阿Q正传__chunk013,same,0.817324
杨戴/孤独者__chunk003,杨戴/阿Q正传__chunk014,same,0.781458
杨戴/孤独者__chunk003,杨戴/阿Q正传__chunk015,same,0.819197
杨戴/孤独者__chunk003,杨戴/阿Q正传__chunk016,same,0.820019
杨戴/孤独者__chunk003,杨戴/阿Q正传__chunk017,same,0.834467
杨戴/孤独者__chunk003,杨戴/风波__chunk001,same,0.819307
杨戴/孤独者__chunk003,杨戴/风波__chunk002,same,0.829059
杨戴/孤独者__chunk003,杨戴/风波__chunk003,same,0.835923
杨戴/孤独者__chunk003,蓝/伤逝__chunk001,cross,0.799817
杨戴/孤独者__chunk003,蓝/伤逝__chunk002,cross,0.831262
杨戴/孤独者__chunk003,蓝/伤逝__chunk003,cross,0.850915
杨戴/孤独者__chunk003,蓝/伤逝__chunk004,cross,0.854281
杨戴/孤独者__chunk003,蓝/伤逝__chunk005,cross,0.834684
杨戴/孤独者__chunk003,蓝/伤逝__chunk006,cross,0.821611
杨戴/孤独者__chunk003,蓝/伤逝__chunk007,cross,0.881993
杨戴/孤独者__chunk003,蓝/在酒楼上__chunk001,cross,0.837530
杨戴/孤独者__chunk003,蓝/在酒楼上__chunk002,cross,0.881979
杨戴/孤独者__chunk003,蓝/在酒楼上__chunk003,cross,0.840011
杨戴/孤独者__chunk003,蓝/在酒楼上__chunk004,cross,0.869627
杨戴/孤独者__chunk003,蓝/奔月__chunk001,cross,0.834781
杨戴/孤独者__chunk003,蓝/奔月__chunk002,cross,0.853325
杨戴/孤独者__chunk003,蓝/奔月__chunk003,cross,0.828966
杨戴/孤独者__chunk003,蓝/奔月__chunk004,cross,0.805725
杨戴/孤独者__chunk003,蓝/孤独者__chunk001,cross,0.847986
杨戴/孤独者__chunk003,蓝/孤独者__chunk002,cross,0.845478
杨戴/孤独者__chunk003,蓝/孤独者__chunk003,cross,0.903912
杨戴/孤独者__chunk003,蓝/孤独者__chunk004,cross,0.882064
杨戴/孤独者__chunk003,蓝/孤独者__chunk005,cross,0.862333
杨戴/孤独者__chunk003,蓝/孤独者__chunk006,cross,0.896848
杨戴/孤独者__chunk003,蓝/孤独者__chunk007,cross,0.830443
杨戴/孤独者__chunk003,蓝/孤独者__chunk008,cross,0.834559
杨戴/孤独者__chunk003,蓝/幸福的家庭__chunk001,cross,0.810005
杨戴/孤独者__chunk003,蓝/幸福的家庭__chunk002,cross,0.810612
杨戴/孤独者__chunk003,蓝/幸福的家庭__chunk003,cross,0.750400
杨戴/孤独者__chunk003,蓝/故乡__chunk001,cross,0.848665
杨戴/孤独者__chunk003,蓝/故乡__chunk002,cross,0.877922
杨戴/孤独者__chunk003,蓝/故乡__chunk003,cross,0.874872
杨戴/孤独者__chunk003,蓝/明天__chunk001,cross,0.748241
杨戴/孤独者__chunk003,蓝/明天__chunk002,cross,0.759520
杨戴/孤独者__chunk003,蓝/狂人日记__chunk001,cross,0.837900
杨戴/孤独者__chunk003,蓝/狂人日记__chunk002,cross,0.841031
杨戴/孤独者__chunk003,蓝/狂人日记__chunk003,cross,0.860320
杨戴/孤独者__chunk003,蓝/社戏__chunk001,cross,0.799145
杨戴/孤独者__chunk003,蓝/社戏__chunk002,cross,0.805826
杨戴/孤独者__chunk003,蓝/社戏__chunk003,cross,0.798630
杨戴/孤独者__chunk003,蓝/社戏__chunk004,cross,0.798539
杨戴/孤独者__chunk003,蓝/祝福__chunk001,cross,0.781895
杨戴/孤独者__chunk003,蓝/祝福__chunk002,cross,0.866919
杨戴/孤独者__chunk003,蓝/祝福__chunk003,cross,0.751563
杨戴/孤独者__chunk003,蓝/祝福__chunk004,cross,0.789963
杨戴/孤独者__chunk003,蓝/祝福__chunk005,cross,0.814182
杨戴/孤独者__chunk003,蓝/祝福__chunk006,cross,0.798530
杨戴/孤独者__chunk003,蓝/祝福__chunk007,cross,0.742982
杨戴/孤独者__chunk003,蓝/离婚__chunk001,cross,0.836573
杨戴/孤独者__chunk003,蓝/离婚__chunk002,cross,0.809764
杨戴/孤独者__chunk003,蓝/离婚__chunk003,cross,0.841902
杨戴/孤独者__chunk003,蓝/肥皂__chunk001,cross,0.829025
杨戴/孤独者__chunk003,蓝/肥皂__chunk002,cross,0.832987
杨戴/孤独者__chunk003,蓝/肥皂__chunk003,cross,0.810557
杨戴/孤独者__chunk003,蓝/肥皂__chunk004,cross,0.818282
杨戴/孤独者__chunk003,蓝/药__chunk001,cross,0.773476
杨戴/孤独者__chunk003,蓝/药__chunk002,cross,0.803172
杨戴/孤独者__chunk003,蓝/药__chunk003,cross,0.751312
杨戴/孤独者__chunk003,蓝/铸剑__chunk001,cross,0.835113
杨戴/孤独者__chunk003,蓝/铸剑__chunk002,cross,0.850945
杨戴/孤独者__chunk003,蓝/铸剑__chunk003,cross,0.780580
杨戴/孤独者__chunk003,蓝/铸剑__chunk004,cross,0.823158
杨戴/孤独者__chunk003,蓝/铸剑__chunk005,cross,0.764021
杨戴/孤独者__chunk003,蓝/铸剑__chunk006,cross,0.731344
杨戴/孤独者__chunk003,蓝/铸剑__chunk007,cross,0.723575
杨戴/孤独者__chunk003,蓝/阿Q正传__chunk001,cross,0.763603
杨戴/孤独者__chunk003,蓝/阿Q正传__chunk002,cross,0.769907
杨戴/孤独者__chunk003,蓝/阿Q正传__chunk003,cross,0.718368
杨戴/孤独者__chunk003,蓝/阿Q正传__chunk004,cross,0.777038
杨戴/孤独者__chunk003,蓝/阿Q正传__chunk005,cross,0.760221
杨戴/孤独者__chunk003,蓝/阿Q正传__chunk006,cross,0.784961
杨戴/孤独者__chunk003,蓝/阿Q正传__chunk007,cross,0.769063
杨戴/孤独者__chunk003,蓝/阿Q正传__chunk008,cross,0.780589
杨戴/孤独者__chunk003,蓝/阿Q正传__chunk009,cross,0.772097
杨戴/孤独者__chunk003,蓝/阿Q正传__chunk010,cross,0.741029
杨戴/孤独者__chunk003,蓝/阿Q正传__chunk011,cross,0.760461
杨戴/孤独者__chunk003,蓝/阿Q正传__chunk012,cross,0.797317
杨戴/孤独者__chunk003,蓝/阿Q正传__chunk013,cross,0.788763
杨戴/孤独者__chunk003,蓝/阿Q正传__chunk014,cross,0.797659
杨戴/孤独者__chunk003,蓝/阿Q正传__chunk015,cross,0.790619
杨戴/孤独者__chunk003,蓝/阿Q正传__chunk016,cross,0.831034
杨戴/孤独者__chunk003,蓝/阿Q正传__chunk017,cross,0.765091
杨戴/孤独者__chunk003,蓝/风波__chunk001,cross,0.766745
杨戴/孤独者__chunk003,蓝/风波__chunk002,cross,0.811561
杨戴/孤独者__chunk003,蓝/风波__chunk003,cross,0.768471
杨戴/孤独者__chunk004,杨戴/孤独者__chunk005,same,0.879559
杨戴/孤独者__chunk004,杨戴/孤独者__chunk006,same,0.861921
杨戴/孤独者__chunk004,杨戴/孤独者__chunk007,same,0.848535
杨戴/孤独者__chunk004,杨戴/孤独者__chunk008,same,0.809379
杨戴/孤独者__chunk004,杨戴/幸福的家庭__chunk001,same,0.790852
杨戴/孤独者__chunk004,杨戴/幸福的家庭__chunk002,same,0.800088
杨戴/孤独者__chunk004,杨戴/幸福的家庭__chunk003,same,0.790335
杨戴/孤独者__chunk004,杨戴/故乡__chunk001,same,0.826108
杨戴/孤独者__chunk004,杨戴/故乡__chunk002,same,0.870153
杨戴/孤独者__chunk004,杨戴/故乡__chunk003,same,0.861155
杨戴/孤独者__chunk004,杨戴/故乡__chunk004,same,0.814251
杨戴/孤独者__chunk004,杨戴/明天__chunk001,same,0.776649
杨戴/孤独者__chunk004,杨戴/明天__chunk002,same,0.761371
杨戴/孤独者__chunk004,杨戴/明天__chunk003,same,0.777815
杨戴/孤独者__chunk004,杨戴/狂人日记__chunk001,same,0.836829
杨戴/孤独者__chunk004,杨戴/狂人日记__chunk002,same,0.841664
杨戴/孤独者__chunk004,杨戴/狂人日记__chunk003,same,0.822644
杨戴/孤独者__chunk004,杨戴/狂人日记__chunk004,same,0.841390
杨戴/孤独者__chunk004,杨戴/社戏__chunk001,same,0.835194
杨戴/孤独者__chunk004,杨戴/社戏__chunk002,same,0.846273
杨戴/孤独者__chunk004,杨戴/社戏__chunk003,same,0.765355
杨戴/孤独者__chunk004,杨戴/社戏__chunk004,same,0.816531
杨戴/孤独者__chunk004,杨戴/祝福__chunk001,same,0.797756
杨戴/孤独者__chunk004,杨戴/祝福__chunk002,same,0.813261
杨戴/孤独者__chunk004,杨戴/祝福__chunk003,same,0.812160
杨戴/孤独者__chunk004,杨戴/祝福__chunk004,same,0.771735
杨戴/孤独者__chunk004,杨戴/祝福__chunk005,same,0.826270
杨戴/孤独者__chunk004,杨戴/祝福__chunk006,same,0.762067
杨戴/孤独者__chunk004,杨戴/祝福__chunk007,same,0.793378
杨戴/孤独者__chunk004,杨戴/离婚__chunk001,same,0.798799
杨戴/孤独者__chunk004,杨戴/离婚__chunk002,same,0.842965
杨戴/孤独者__chunk004,杨戴/离婚__chunk003,same,0.885994
杨戴/孤独者__chunk004,杨戴/肥皂__chunk001,same,0.845970
杨戴/孤独者__chunk004,杨戴/肥皂__chunk002,same,0.880473
杨戴/孤独者__chunk004,杨戴/肥皂__chunk003,same,0.839667
杨戴/孤独者__chunk004,杨戴/肥皂__chunk004,same,0.803338
杨戴/孤独者__chunk004,杨戴/药__chunk001,same,0.807892
杨戴/孤独者__chunk004,杨戴/药__chunk002,same,0.801769
杨戴/孤独者__chunk004,杨戴/药__chunk003,same,0.820127
杨戴/孤独者__chunk004,杨戴/铸剑__chunk001,same,0.824829
杨戴/孤独者__chunk004,杨戴/铸剑__chunk002,same,0.823773
杨戴/孤独者__chunk004,杨戴/铸剑__chunk003,same,0.765700
杨戴/孤独者__chunk004,杨戴/铸剑__chunk004,same,0.810335
杨戴/孤独者__chunk004,杨戴/铸剑__chunk005,same,0.809145
杨戴/孤独者__chunk004,杨戴/铸剑__chunk006,same,0.748098
杨戴/孤独者__chunk004,杨戴/铸剑__chunk007,same,0.765665
杨戴/孤独者__chunk004,杨戴/阿Q正传__chunk001,same,0.762465
杨戴/孤独者__chunk004,杨戴/阿Q正传__chunk002,same,0.754711
杨戴/孤独者__chunk004,杨戴/阿Q正传__chunk003,same,0.725245
杨戴/孤独者__chunk004,杨戴/阿Q正传__chunk004,same,0.770475
杨戴/孤独者__chunk004,杨戴/阿Q正传__chunk005,same,0.763384
杨戴/孤独者__chunk004,杨戴/阿Q正传__chunk006,same,0.769189
杨戴/孤独者__chunk004,杨戴/阿Q正传__chunk007,same,0.781021
杨戴/孤独者__chunk004,杨戴/阿Q正传__chunk008,same,0.747240
杨戴/孤独者__chunk004,杨戴/阿Q正传__chunk009,same,0.755940
杨戴/孤独者__chunk004,杨戴/阿Q正传__chunk010,same,0.762458
杨戴/孤独者__chunk004,杨戴/阿Q正传__chunk011,same,0.750191
杨戴/孤独者__chunk004,杨戴/阿Q正传__chunk012,same,0.774956
杨戴/孤独者__chunk004,杨戴/阿Q正传__chunk013,same,0.777040
杨戴/孤独者__chunk004,杨戴/阿Q正传__chunk014,same,0.705755
杨戴/孤独者__chunk004,杨戴/阿Q正传__chunk015,same,0.761903
杨戴/孤独者__chunk004,杨戴/阿Q正传__chunk016,same,0.768898
杨戴/孤独者__chunk004,杨戴/阿Q正传__chunk017,same,0.789714
杨戴/孤独者__chunk004,杨戴/风波__chunk001,same,0.818967
杨戴/孤独者__chunk004,杨戴/风波__chunk002,same,0.811964
杨戴/孤独者__chunk004,杨戴/风波__chunk003,same,0.817036
杨戴/孤独者__chunk004,蓝/伤逝__chunk001,cross,0.790141
杨戴/孤独者__chunk004,蓝/伤逝__chunk002,cross,0.816952
杨戴/孤独者__chunk004,蓝/伤逝__chunk003,cross,0.819818
杨戴/孤独者__chunk004,蓝/伤逝__chunk004,cross,0.839841
杨戴/孤独者__chunk004,蓝/伤逝__chunk005,cross,0.839348
杨戴/孤独者__chunk004,蓝/伤逝__chunk006,cross,0.820836
杨戴/孤独者__chunk004,蓝/伤逝__chunk007,cross,0.862004
杨戴/孤独者__chunk004,蓝/在酒楼上__chunk001,cross,0.823945
杨戴/孤独者__chunk004,蓝/在酒楼上__chunk002,cross,0.859471
杨戴/孤独者__chunk004,蓝/在酒楼上__chunk003,cross,0.882215
杨戴/孤独者__chunk004,蓝/在酒楼上__chunk004,cross,0.863358
杨戴/孤独者__chunk004,蓝/奔月__chunk001,cross,0.817258
杨戴/孤独者__chunk004,蓝/奔月__chunk002,cross,0.851641
杨戴/孤独者__chunk004,蓝/奔月__chunk003,cross,0.808584
杨戴/孤独者__chunk004,蓝/奔月__chunk004,cross,0.805218
杨戴/孤独者__chunk004,蓝/孤独者__chunk001,cross,0.835930
杨戴/孤独者__chunk004,蓝/孤独者__chunk002,cross,0.809828
杨戴/孤独者__chunk004,蓝/孤独者__chunk003,cross,0.847893
杨戴/孤独者__chunk004,蓝/孤独者__chunk004,cross,0.870176
杨戴/孤独者__chunk004,蓝/孤独者__chunk005,cross,0.889574
杨戴/孤独者__chunk004,蓝/孤独者__chunk006,cross,0.881612
杨戴/孤独者__chunk004,蓝/孤独者__chunk007,cross,0.785486
杨戴/孤独者__chunk004,蓝/孤独者__chunk008,cross,0.804484
杨戴/孤独者__chunk004,蓝/幸福的家庭__chunk001,cross,0.799036
杨戴/孤独者__chunk004,蓝/幸福的家庭__chunk002,cross,0.787519
杨戴/孤独者__chunk004,蓝/幸福的家庭__chunk003,cross,0.759523
杨戴/孤独者__chunk004,蓝/故乡__chunk001,cross,0.833175
杨戴/孤独者__chunk004,蓝/故乡__chunk002,cross,0.873669
杨戴/孤独者__chunk004,蓝/故乡__chunk003,cross,0.855236
杨戴/孤独者__chunk004,蓝/明天__chunk001,cross,0.777389
杨戴/孤独者__chunk004,蓝/明天__chunk002,cross,0.770266
杨戴/孤独者__chunk004,蓝/狂人日记__chunk001,cross,0.834346
杨戴/孤独者__chunk004,蓝/狂人日记__chunk002,cross,0.844650
杨戴/孤独者__chunk004,蓝/狂人日记__chunk003,cross,0.857727
杨戴/孤独者__chunk004,蓝/社戏__chunk001,cross,0.804018
杨戴/孤独者__chunk004,蓝/社戏__chunk002,cross,0.801580
杨戴/孤独者__chunk004,蓝/社戏__chunk003,cross,0.773482
杨戴/孤独者__chunk004,蓝/社戏__chunk004,cross,0.798531
杨戴/孤独者__chunk004,蓝/祝福__chunk001,cross,0.799400
杨戴/孤独者__chunk004,蓝/祝福__chunk002,cross,0.854117
杨戴/孤独者__chunk004,蓝/祝福__chunk003,cross,0.784047
杨戴/孤独者__chunk004,蓝/祝福__chunk004,cross,0.803033
杨戴/孤独者__chunk004,蓝/祝福__chunk005,cross,0.808260
杨戴/孤独者__chunk004,蓝/祝福__chunk006,cross,0.801396
杨戴/孤独者__chunk004,蓝/祝福__chunk007,cross,0.744283
杨戴/孤独者__chunk004,蓝/离婚__chunk001,cross,0.802670
杨戴/孤独者__chunk004,蓝/离婚__chunk002,cross,0.788993
杨戴/孤独者__chunk004,蓝/离婚__chunk003,cross,0.846624
杨戴/孤独者__chunk004,蓝/肥皂__chunk001,cross,0.851374
杨戴/孤独者__chunk004,蓝/肥皂__chunk002,cross,0.849907
杨戴/孤独者__chunk004,蓝/肥皂__chunk003,cross,0.821984
杨戴/孤独者__chunk004,蓝/肥皂__chunk004,cross,0.827037
杨戴/孤独者__chunk004,蓝/药__chunk001,cross,0.757846
杨戴/孤独者__chunk004,蓝/药__chunk002,cross,0.777418
杨戴/孤独者__chunk004,蓝/药__chunk003,cross,0.768243
杨戴/孤独者__chunk004,蓝/铸剑__chunk001,cross,0.815484
杨戴/孤独者__chunk004,蓝/铸剑__chunk002,cross,0.814072
杨戴/孤独者__chunk004,蓝/铸剑__chunk003,cross,0.746313
杨戴/孤独者__chunk004,蓝/铸剑__chunk004,cross,0.794666
杨戴/孤独者__chunk004,蓝/铸剑__chunk005,cross,0.738413
杨戴/孤独者__chunk004,蓝/铸剑__chunk006,cross,0.712958
杨戴/孤独者__chunk004,蓝/铸剑__chunk007,cross,0.726966
杨戴/孤独者__chunk004,蓝/阿Q正传__chunk001,cross,0.748801
杨戴/孤独者__chunk004,蓝/阿Q正传__chunk002,cross,0.750978
杨戴/孤独者__chunk004,蓝/阿Q正传__chunk003,cross,0.692143
杨戴/孤独者__chunk004,蓝/阿Q正传__chunk004,cross,0.761499
杨戴/孤独者__chunk004,蓝/阿Q正传__chunk005,cross,0.725973
杨戴/孤独者__chunk004,蓝/阿Q正传__chunk006,cross,0.738718
杨戴/孤独者__chunk004,蓝/阿Q正传__chunk007,cross,0.732622
杨戴/孤独者__chunk004,蓝/阿Q正传__chunk008,cross,0.755708
杨戴/孤独者__chunk004,蓝/阿Q正传__chunk009,cross,0.732028
杨戴/孤独者__chunk004,蓝/阿Q正传__chunk010,cross,0.727862
杨戴/孤独者__chunk004,蓝/阿Q正传__chunk011,cross,0.728036
杨戴/孤独者__chunk004,蓝/阿Q正传__chunk012,cross,0.786028
杨戴/孤独者__chunk004,蓝/阿Q正传__chunk013,cross,0.754638
杨戴/孤独者__chunk004,蓝/阿Q正传__chunk014,cross,0.753488
杨戴/孤独者__chunk004,蓝/阿Q正传__chunk015,cross,0.765137
杨戴/孤独者__chunk004,蓝/阿Q正传__chunk016,cross,0.773856
杨戴/孤独者__chunk004,蓝/阿Q正传__chunk017,cross,0.722608
杨戴/孤独者__chunk004,蓝/风波__chunk001,cross,0.757403
杨戴/孤独者__chunk004,蓝/风波__chunk002,cross,0.793411
杨戴/孤独者__chunk004,蓝/风波__chunk003,cross,0.775797
杨戴/孤独者__chunk005,杨戴/孤独者__chunk006,same,0.887077
杨戴/孤独者__chunk005,杨戴/孤独者__chunk007,same,0.884478
杨戴/孤独者__chunk005,杨戴/孤独者__chunk008,same,0.849657
杨戴/孤独者__chunk005,杨戴/幸福的家庭__chunk001,same,0.810676
杨戴/孤独者__chunk005,杨戴/幸福的家庭__chunk002,same,0.813555
杨戴/孤独者__chunk005,杨戴/幸福的家庭__chunk003,same,0.803229
杨戴/孤独者__chunk005,杨戴/故乡__chunk001,same,0.855057
杨戴/孤独者__chunk005,杨戴/故乡__chunk002,same,0.894423
杨戴/孤独者__chunk005,杨戴/故乡__chunk003,same,0.849916
杨戴/孤独者__chunk005,杨戴/故乡__chunk004,same,0.868273
杨戴/孤独者__chunk005,杨戴/明天__chunk001,same,0.797466
杨戴/孤独者__chunk005,杨戴/明天__chunk002,same,0.787722
杨戴/孤独者__chunk005,杨戴/明天__chunk003,same,0.804692
杨戴/孤独者__chunk005,杨戴/狂人日记__chunk001,same,0.866045
杨戴/孤独者__chunk005,杨戴/狂人日记__chunk002,same,0.854930
杨戴/孤独者__chunk005,杨戴/狂人日记__chunk003,same,0.835140
杨戴/孤独者__chunk005,杨戴/狂人日记__chunk004,same,0.847660
杨戴/孤独者__chunk005,杨戴/社戏__chunk001,same,0.875269
杨戴/孤独者__chunk005,杨戴/社戏__chunk002,same,0.853974
杨戴/孤独者__chunk005,杨戴/社戏__chunk003,same,0.824417
杨戴/孤独者__chunk005,杨戴/社戏__chunk004,same,0.848235
杨戴/孤独者__chunk005,杨戴/祝福__chunk001,same,0.864716
杨戴/孤独者__chunk005,杨戴/祝福__chunk002,same,0.880946
杨戴/孤独者__chunk005,杨戴/祝福__chunk003,same,0.777628
杨戴/孤独者__chunk005,杨戴/祝福__chunk004,same,0.779927
杨戴/孤独者__chunk005,杨戴/祝福__chunk005,same,0.829184
杨戴/孤独者__chunk005,杨戴/祝福__chunk006,same,0.800554
杨戴/孤独者__chunk005,杨戴/祝福__chunk007,same,0.782948
杨戴/孤独者__chunk005,杨戴/离婚__chunk001,same,0.794228
杨戴/孤独者__chunk005,杨戴/离婚__chunk002,same,0.825454
杨戴/孤独者__chunk005,杨戴/离婚__chunk003,same,0.856861
杨戴/孤独者__chunk005,杨戴/肥皂__chunk001,same,0.838003
杨戴/孤独者__chunk005,杨戴/肥皂__chunk002,same,0.840220
杨戴/孤独者__chunk005,杨戴/肥皂__chunk003,same,0.797713
杨戴/孤独者__chunk005,杨戴/肥皂__chunk004,same,0.815193
杨戴/孤独者__chunk005,杨戴/药__chunk001,same,0.833351
杨戴/孤独者__chunk005,杨戴/药__chunk002,same,0.810173
杨戴/孤独者__chunk005,杨戴/药__chunk003,same,0.834464
杨戴/孤独者__chunk005,杨戴/铸剑__chunk001,same,0.845847
杨戴/孤独者__chunk005,杨戴/铸剑__chunk002,same,0.819197
杨戴/孤独者__chunk005,杨戴/铸剑__chunk003,same,0.818316
杨戴/孤独者__chunk005,杨戴/铸剑__chunk004,same,0.815752
杨戴/孤独者__chunk005,杨戴/铸剑__chunk005,same,0.817619
杨戴/孤独者__chunk005,杨戴/铸剑__chunk006,same,0.778091
杨戴/孤独者__chunk005,杨戴/铸剑__chunk007,same,0.806337
杨戴/孤独者__chunk005,杨戴/阿Q正传__chunk001,same,0.789181
杨戴/孤独者__chunk005,杨戴/阿Q正传__chunk002,same,0.763028
杨戴/孤独者__chunk005,杨戴/阿Q正传__chunk003,same,0.759756
杨戴/孤独者__chunk005,杨戴/阿Q正传__chunk004,same,0.775151
杨戴/孤独者__chunk005,杨戴/阿Q正传__chunk005,same,0.785922
杨戴/孤独者__chunk005,杨戴/阿Q正传__chunk006,same,0.802758
杨戴/孤独者__chunk005,杨戴/阿Q正传__chunk007,same,0.789895
杨戴/孤独者__chunk005,杨戴/阿Q正传__chunk008,same,0.769498
杨戴/孤独者__chunk005,杨戴/阿Q正传__chunk009,same,0.773445
杨戴/孤独者__chunk005,杨戴/阿Q正传__chunk010,same,0.787988
杨戴/孤独者__chunk005,杨戴/阿Q正传__chunk011,same,0.772950
杨戴/孤独者__chunk005,杨戴/阿Q正传__chunk012,same,0.791640
杨戴/孤独者__chunk005,杨戴/阿Q正传__chunk013,same,0.815188
杨戴/孤独者__chunk005,杨戴/阿Q正传__chunk014,same,0.749299
杨戴/孤独者__chunk005,杨戴/阿Q正传__chunk015,same,0.779452
杨戴/孤独者__chunk005,杨戴/阿Q正传__chunk016,same,0.782719
杨戴/孤独者__chunk005,杨戴/阿Q正传__chunk017,same,0.801066
杨戴/孤独者__chunk005,杨戴/风波__chunk001,same,0.830028
杨戴/孤独者__chunk005,杨戴/风波__chunk002,same,0.820823
杨戴/孤独者__chunk005,杨戴/风波__chunk003,same,0.829549
杨戴/孤独者__chunk005,蓝/伤逝__chunk001,cross,0.871892
杨戴/孤独者__chunk005,蓝/伤逝__chunk002,cross,0.883736
杨戴/孤独者__chunk005,蓝/伤逝__chunk003,cross,0.897849
杨戴/孤独者__chunk005,蓝/伤逝__chunk004,cross,0.900984
杨戴/孤独者__chunk005,蓝/伤逝__chunk005,cross,0.890127
杨戴/孤独者__chunk005,蓝/伤逝__chunk006,cross,0.878394
杨戴/孤独者__chunk005,蓝/伤逝__chunk007,cross,0.927914
杨戴/孤独者__chunk005,蓝/在酒楼上__chunk001,cross,0.879327
杨戴/孤独者__chunk005,蓝/在酒楼上__chunk002,cross,0.902073
杨戴/孤独者__chunk005,蓝/在酒楼上__chunk003,cross,0.857599
杨戴/孤独者__chunk005,蓝/在酒楼上__chunk004,cross,0.872668
杨戴/孤独者__chunk005,蓝/奔月__chunk001,cross,0.838046
杨戴/孤独者__chunk005,蓝/奔月__chunk002,cross,0.854535
杨戴/孤独者__chunk005,蓝/奔月__chunk003,cross,0.825258
杨戴/孤独者__chunk005,蓝/奔月__chunk004,cross,0.823029
杨戴/孤独者__chunk005,蓝/孤独者__chunk001,cross,0.849550
杨戴/孤独者__chunk005,蓝/孤独者__chunk002,cross,0.845642
杨戴/孤独者__chunk005,蓝/孤独者__chunk003,cross,0.883841
杨戴/孤独者__chunk005,蓝/孤独者__chunk004,cross,0.893169
杨戴/孤独者__chunk005,蓝/孤独者__chunk005,cross,0.911520
杨戴/孤独者__chunk005,蓝/孤独者__chunk006,cross,0.913925
杨戴/孤独者__chunk005,蓝/孤独者__chunk007,cross,0.871053
杨戴/孤独者__chunk005,蓝/孤独者__chunk008,cross,0.842221
杨戴/孤独者__chunk005,蓝/幸福的家庭__chunk001,cross,0.806348
杨戴/孤独者__chunk005,蓝/幸福的家庭__chunk002,cross,0.828525
杨戴/孤独者__chunk005,蓝/幸福的家庭__chunk003,cross,0.756015
杨戴/孤独者__chunk005,蓝/故乡__chunk001,cross,0.877645
杨戴/孤独者__chunk005,蓝/故乡__chunk002,cross,0.863189
杨戴/孤独者__chunk005,蓝/故乡__chunk003,cross,0.857859
杨戴/孤独者__chunk005,蓝/明天__chunk001,cross,0.804945
杨戴/孤独者__chunk005,蓝/明天__chunk002,cross,0.806477
杨戴/孤独者__chunk005,蓝/狂人日记__chunk001,cross,0.882854
杨戴/孤独者__chunk005,蓝/狂人日记__chunk002,cross,0.848220
杨戴/孤独者__chunk005,蓝/狂人日记__chunk003,cross,0.861714
杨戴/孤独者__chunk005,蓝/社戏__chunk001,cross,0.852092
杨戴/孤独者__chunk005,蓝/社戏__chunk002,cross,0.865300
杨戴/孤独者__chunk005,蓝/社戏__chunk003,cross,0.841911
杨戴/孤独者__chunk005,蓝/社戏__chunk004,cross,0.850104
杨戴/孤独者__chunk005,蓝/祝福__chunk001,cross,0.826326
杨戴/孤独者__chunk005,蓝/祝福__chunk002,cross,0.877024
杨戴/孤独者__chunk005,蓝/祝福__chunk003,cross,0.781205
杨戴/孤独者__chunk005,蓝/祝福__chunk004,cross,0.823457
杨戴/孤独者__chunk005,蓝/祝福__chunk005,cross,0.827523
杨戴/孤独者__chunk005,蓝/祝福__chunk006,cross,0.813538
杨戴/孤独者__chunk005,蓝/祝福__chunk007,cross,0.793906
杨戴/孤独者__chunk005,蓝/离婚__chunk001,cross,0.802699
杨戴/孤独者__chunk005,蓝/离婚__chunk002,cross,0.827266
杨戴/孤独者__chunk005,蓝/离婚__chunk003,cross,0.837952
杨戴/孤独者__chunk005,蓝/肥皂__chunk001,cross,0.838018
杨戴/孤独者__chunk005,蓝/肥皂__chunk002,cross,0.846686
杨戴/孤独者__chunk005,蓝/肥皂__chunk003,cross,0.802188
杨戴/孤独者__chunk005,蓝/肥皂__chunk004,cross,0.819112
杨戴/孤独者__chunk005,蓝/药__chunk001,cross,0.794288
杨戴/孤独者__chunk005,蓝/药__chunk002,cross,0.788243
杨戴/孤独者__chunk005,蓝/药__chunk003,cross,0.791501
杨戴/孤独者__chunk005,蓝/铸剑__chunk001,cross,0.828861
杨戴/孤独者__chunk005,蓝/铸剑__chunk002,cross,0.855780
杨戴/孤独者__chunk005,蓝/铸剑__chunk003,cross,0.786953
杨戴/孤独者__chunk005,蓝/铸剑__chunk004,cross,0.803863
杨戴/孤独者__chunk005,蓝/铸剑__chunk005,cross,0.798193
杨戴/孤独者__chunk005,蓝/铸剑__chunk006,cross,0.759376
杨戴/孤独者__chunk005,蓝/铸剑__chunk007,cross,0.770155
杨戴/孤独者__chunk005,蓝/阿Q正传__chunk001,cross,0.786162
杨戴/孤独者__chunk005,蓝/阿Q正传__chunk002,cross,0.786372
杨戴/孤独者__chunk005,蓝/阿Q正传__chunk003,cross,0.729958
杨戴/孤独者__chunk005,蓝/阿Q正传__chunk004,cross,0.776223
杨戴/孤独者__chunk005,蓝/阿Q正传__chunk005,cross,0.749199
杨戴/孤独者__chunk005,蓝/阿Q正传__chunk006,cross,0.787338
杨戴/孤独者__chunk005,蓝/阿Q正传__chunk007,cross,0.779451
杨戴/孤独者__chunk005,蓝/阿Q正传__chunk008,cross,0.788864
杨戴/孤独者__chunk005,蓝/阿Q正传__chunk009,cross,0.768142
杨戴/孤独者__chunk005,蓝/阿Q正传__chunk010,cross,0.767459
杨戴/孤独者__chunk005,蓝/阿Q正传__chunk011,cross,0.776476
杨戴/孤独者__chunk005,蓝/阿Q正传__chunk012,cross,0.809156
杨戴/孤独者__chunk005,蓝/阿Q正传__chunk013,cross,0.805290
杨戴/孤独者__chunk005,蓝/阿Q正传__chunk014,cross,0.807436
杨戴/孤独者__chunk005,蓝/阿Q正传__chunk015,cross,0.792497
杨戴/孤独者__chunk005,蓝/阿Q正传__chunk016,cross,0.800720
杨戴/孤独者__chunk005,蓝/阿Q正传__chunk017,cross,0.770759
杨戴/孤独者__chunk005,蓝/风波__chunk001,cross,0.804785
杨戴/孤独者__chunk005,蓝/风波__chunk002,cross,0.835940
杨戴/孤独者__chunk005,蓝/风波__chunk003,cross,0.800699
杨戴/孤独者__chunk006,杨戴/孤独者__chunk007,same,0.816241
杨戴/孤独者__chunk006,杨戴/孤独者__chunk008,same,0.759047
杨戴/孤独者__chunk006,杨戴/幸福的家庭__chunk001,same,0.788076
杨戴/孤独者__chunk006,杨戴/幸福的家庭__chunk002,same,0.774109
杨戴/孤独者__chunk006,杨戴/幸福的家庭__chunk003,same,0.727343
杨戴/孤独者__chunk006,杨戴/故乡__chunk001,same,0.797887
杨戴/孤独者__chunk006,杨戴/故乡__chunk002,same,0.840103
杨戴/孤独者__chunk006,杨戴/故乡__chunk003,same,0.795473
杨戴/孤独者__chunk006,杨戴/故乡__chunk004,same,0.797854
杨戴/孤独者__chunk006,杨戴/明天__chunk001,same,0.730630
杨戴/孤独者__chunk006,杨戴/明天__chunk002,same,0.723553
杨戴/孤独者__chunk006,杨戴/明天__chunk003,same,0.698882
杨戴/孤独者__chunk006,杨戴/狂人日记__chunk001,same,0.833364
杨戴/孤独者__chunk006,杨戴/狂人日记__chunk002,same,0.855843
杨戴/孤独者__chunk006,杨戴/狂人日记__chunk003,same,0.828493
杨戴/孤独者__chunk006,杨戴/狂人日记__chunk004,same,0.850478
杨戴/孤独者__chunk006,杨戴/社戏__chunk001,same,0.849855
杨戴/孤独者__chunk006,杨戴/社戏__chunk002,same,0.816001
杨戴/孤独者__chunk006,杨戴/社戏__chunk003,same,0.750672
杨戴/孤独者__chunk006,杨戴/社戏__chunk004,same,0.770525
杨戴/孤独者__chunk006,杨戴/祝福__chunk001,same,0.784424
杨戴/孤独者__chunk006,杨戴/祝福__chunk002,same,0.851182
杨戴/孤独者__chunk006,杨戴/祝福__chunk003,same,0.718526
杨戴/孤独者__chunk006,杨戴/祝福__chunk004,same,0.736030
杨戴/孤独者__chunk006,杨戴/祝福__chunk005,same,0.757941
杨戴/孤独者__chunk006,杨戴/祝福__chunk006,same,0.718860
杨戴/孤独者__chunk006,杨戴/祝福__chunk007,same,0.756761
杨戴/孤独者__chunk006,杨戴/离婚__chunk001,same,0.774041
杨戴/孤独者__chunk006,杨戴/离婚__chunk002,same,0.757965
杨戴/孤独者__chunk006,杨戴/离婚__chunk003,same,0.814477
杨戴/孤独者__chunk006,杨戴/肥皂__chunk001,same,0.783467
杨戴/孤独者__chunk006,杨戴/肥皂__chunk002,same,0.784350
杨戴/孤独者__chunk006,杨戴/肥皂__chunk003,same,0.759460
杨戴/孤独者__chunk006,杨戴/肥皂__chunk004,same,0.771462
杨戴/孤独者__chunk006,杨戴/药__chunk001,same,0.732135
杨戴/孤独者__chunk006,杨戴/药__chunk002,same,0.735424
杨戴/孤独者__chunk006,杨戴/药__chunk003,same,0.746147
杨戴/孤独者__chunk006,杨戴/铸剑__chunk001,same,0.780595
杨戴/孤独者__chunk006,杨戴/铸剑__chunk002,same,0.754001
杨戴/孤独者__chunk006,杨戴/铸剑__chunk003,same,0.711994
杨戴/孤独者__chunk006,杨戴/铸剑__chunk004,same,0.752169
杨戴/孤独者__chunk006,杨戴/铸剑__chunk005,same,0.762427
杨戴/孤独者__chunk006,杨戴/铸剑__chunk006,same,0.705443
杨戴/孤独者__chunk006,杨戴/铸剑__chunk007,same,0.722954
杨戴/孤独者__chunk006,杨戴/阿Q正传__chunk001,same,0.772777
杨戴/孤独者__chunk006,杨戴/阿Q正传__chunk002,same,0.743471
杨戴/孤独者__chunk006,杨戴/阿Q正传__chunk003,same,0.699805
杨戴/孤独者__chunk006,杨戴/阿Q正传__chunk004,same,0.722498
杨戴/孤独者__chunk006,杨戴/阿Q正传__chunk005,same,0.718369
杨戴/孤独者__chunk006,杨戴/阿Q正传__chunk006,same,0.736991
杨戴/孤独者__chunk006,杨戴/阿Q正传__chunk007,same,0.725854
杨戴/孤独者__chunk006,杨戴/阿Q正传__chunk008,same,0.717838
杨戴/孤独者__chunk006,杨戴/阿Q正传__chunk009,same,0.712030
杨戴/孤独者__chunk006,杨戴/阿Q正传__chunk010,same,0.731210
杨戴/孤独者__chunk006,杨戴/阿Q正传__chunk011,same,0.747373
杨戴/孤独者__chunk006,杨戴/阿Q正传__chunk012,same,0.748941
杨戴/孤独者__chunk006,杨戴/阿Q正传__chunk013,same,0.744016
杨戴/孤独者__chunk006,杨戴/阿Q正传__chunk014,same,0.681094
杨戴/孤独者__chunk006,杨戴/阿Q正传__chunk015,same,0.741575
杨戴/孤独者__chunk006,杨戴/阿Q正传__chunk016,same,0.739719
杨戴/孤独者__chunk006,杨戴/阿Q正传__chunk017,same,0.758507
杨戴/孤独者__chunk006,杨戴/风波__chunk001,same,0.745917
杨戴/孤独者__chunk006,杨戴/风波__chunk002,same,0.757434
杨戴/孤独者__chunk006,杨戴/风波__chunk003,same,0.773498
杨戴/孤独者__chunk006,蓝/伤逝__chunk001,cross,0.805034
杨戴/孤独者__chunk006,蓝/伤逝__chunk002,cross,0.806969
杨戴/孤独者__chunk006,蓝/伤逝__chunk003,cross,0.845978
杨戴/孤独者__chunk006,蓝/伤逝__chunk004,cross,0.839904
杨戴/孤独者__chunk006,蓝/伤逝__chunk005,cross,0.834139
杨戴/孤独者__chunk006,蓝/伤逝__chunk006,cross,0.823077
杨戴/孤独者__chunk006,蓝/伤逝__chunk007,cross,0.879696
杨戴/孤独者__chunk006,蓝/在酒楼上__chunk001,cross,0.799876
杨戴/孤独者__chunk006,蓝/在酒楼上__chunk002,cross,0.840020
杨戴/孤独者__chunk006,蓝/在酒楼上__chunk003,cross,0.820469
杨戴/孤独者__chunk006,蓝/在酒楼上__chunk004,cross,0.816417
杨戴/孤独者__chunk006,蓝/奔月__chunk001,cross,0.759625
杨戴/孤独者__chunk006,蓝/奔月__chunk002,cross,0.803175
杨戴/孤独者__chunk006,蓝/奔月__chunk003,cross,0.751301
杨戴/孤独者__chunk006,蓝/奔月__chunk004,cross,0.743099
杨戴/孤独者__chunk006,蓝/孤独者__chunk001,cross,0.761171
杨戴/孤独者__chunk006,蓝/孤独者__chunk002,cross,0.750223
杨戴/孤独者__chunk006,蓝/孤独者__chunk003,cross,0.832107
杨戴/孤独者__chunk006,蓝/孤独者__chunk004,cross,0.829685
杨戴/孤独者__chunk006,蓝/孤独者__chunk005,cross,0.849131
杨戴/孤独者__chunk006,蓝/孤独者__chunk006,cross,0.902448
杨戴/孤独者__chunk006,蓝/孤独者__chunk007,cross,0.769181
杨戴/孤独者__chunk006,蓝/孤独者__chunk008,cross,0.746868
杨戴/孤独者__chunk006,蓝/幸福的家庭__chunk001,cross,0.760946
杨戴/孤独者__chunk006,蓝/幸福的家庭__chunk002,cross,0.753146
杨戴/孤独者__chunk006,蓝/幸福的家庭__chunk003,cross,0.678725
杨戴/孤独者__chunk006,蓝/故乡__chunk001,cross,0.807806
杨戴/孤独者__chunk006,蓝/故乡__chunk002,cross,0.838266
杨戴/孤独者__chunk006,蓝/故乡__chunk003,cross,0.796705
杨戴/孤独者__chunk006,蓝/明天__chunk001,cross,0.715198
杨戴/孤独者__chunk006,蓝/明天__chunk002,cross,0.719293
杨戴/孤独者__chunk006,蓝/狂人日记__chunk001,cross,0.868007
杨戴/孤独者__chunk006,蓝/狂人日记__chunk002,cross,0.830291
杨戴/孤独者__chunk006,蓝/狂人日记__chunk003,cross,0.824642
杨戴/孤独者__chunk006,蓝/社戏__chunk001,cross,0.793833
杨戴/孤独者__chunk006,蓝/社戏__chunk002,cross,0.802896
杨戴/孤独者__chunk006,蓝/社戏__chunk003,cross,0.740896
杨戴/孤独者__chunk006,蓝/社戏__chunk004,cross,0.745401
杨戴/孤独者__chunk006,蓝/祝福__chunk001,cross,0.750321
杨戴/孤独者__chunk006,蓝/祝福__chunk002,cross,0.832076
杨戴/孤独者__chunk006,蓝/祝福__chunk003,cross,0.705687
杨戴/孤独者__chunk006,蓝/祝福__chunk004,cross,0.767416
杨戴/孤独者__chunk006,蓝/祝福__chunk005,cross,0.743576
杨戴/孤独者__chunk006,蓝/祝福__chunk006,cross,0.754175
杨戴/孤独者__chunk006,蓝/祝福__chunk007,cross,0.693489
杨戴/孤独者__chunk006,蓝/离婚__chunk001,cross,0.793935
杨戴/孤独者__chunk006,蓝/离婚__chunk002,cross,0.737176
杨戴/孤独者__chunk006,蓝/离婚__chunk003,cross,0.817796
杨戴/孤独者__chunk006,蓝/肥皂__chunk001,cross,0.768686
杨戴/孤独者__chunk006,蓝/肥皂__chunk002,cross,0.786843
杨戴/孤独者__chunk006,蓝/肥皂__chunk003,cross,0.783653
杨戴/孤独者__chunk006,蓝/肥皂__chunk004,cross,0.752583
杨戴/孤独者__chunk006,蓝/药__chunk001,cross,0.693968
杨戴/孤独者__chunk006,蓝/药__chunk002,cross,0.711046
杨戴/孤独者__chunk006,蓝/药__chunk003,cross,0.704810
杨戴/孤独者__chunk006,蓝/铸剑__chunk001,cross,0.769078
杨戴/孤独者__chunk006,蓝/铸剑__chunk002,cross,0.789212
杨戴/孤独者__chunk006,蓝/铸剑__chunk003,cross,0.691958
杨戴/孤独者__chunk006,蓝/铸剑__chunk004,cross,0.766345
杨戴/孤独者__chunk006,蓝/铸剑__chunk005,cross,0.707724
杨戴/孤独者__chunk006,蓝/铸剑__chunk006,cross,0.671968
杨戴/孤独者__chunk006,蓝/铸剑__chunk007,cross,0.687707
杨戴/孤独者__chunk006,蓝/阿Q正传__chunk001,cross,0.744838
杨戴/孤独者__chunk006,蓝/阿Q正传__chunk002,cross,0.726417
杨戴/孤独者__chunk006,蓝/阿Q正传__chunk003,cross,0.663042
杨戴/孤独者__chunk006,蓝/阿Q正传__chunk004,cross,0.701507
杨戴/孤独者__chunk006,蓝/阿Q正传__chunk005,cross,0.675816
杨戴/孤独者__chunk006,蓝/阿Q正传__chunk006,cross,0.707655
杨戴/孤独者__chunk006,蓝/阿Q正传__chunk007,cross,0.705602
杨戴/孤独者__chunk006,蓝/阿Q正传__chunk008,cross,0.727993
杨戴/孤独者__chunk006,蓝/阿Q正传__chunk009,cross,0.690210
杨戴/孤独者__chunk006,蓝/阿Q正传__chunk010,cross,0.685874
杨戴/孤独者__chunk006,蓝/阿Q正传__chunk011,cross,0.715522
杨戴/孤独者__chunk006,蓝/阿Q正传__chunk012,cross,0.750190
杨戴/孤独者__chunk006,蓝/阿Q正传__chunk013,cross,0.720502
杨戴/孤独者__chunk006,蓝/阿Q正传__chunk014,cross,0.730684
杨戴/孤独者__chunk006,蓝/阿Q正传__chunk015,cross,0.722551
杨戴/孤独者__chunk006,蓝/阿Q正传__chunk016,cross,0.754516
杨戴/孤独者__chunk006,蓝/阿Q正传__chunk017,cross,0.683952
杨戴/孤独者__chunk006,蓝/风波__chunk001,cross,0.708048
杨戴/孤独者__chunk006,蓝/风波__chunk002,cross,0.743468
杨戴/孤独者__chunk006,蓝/风波__chunk003,cross,0.711042
杨戴/孤独者__chunk007,杨戴/孤独者__chunk008,same,0.860839
杨戴/孤独者__chunk007,杨戴/幸福的家庭__chunk001,same,0.816866
杨戴/孤独者__chunk007,杨戴/幸福的家庭__chunk002,same,0.832928
杨戴/孤独者__chunk007,杨戴/幸福的家庭__chunk003,same,0.827487
杨戴/孤独者__chunk007,杨戴/故乡__chunk001,same,0.858957
杨戴/孤独者__chunk007,杨戴/故乡__chunk002,same,0.886757
杨戴/孤独者__chunk007,杨戴/故乡__chunk003,same,0.883086
杨戴/孤独者__chunk007,杨戴/故乡__chunk004,same,0.864988
杨戴/孤独者__chunk007,杨戴/明天__chunk001,same,0.825230
杨戴/孤独者__chunk007,杨戴/明天__chunk002,same,0.808865
杨戴/孤独者__chunk007,杨戴/明天__chunk003,same,0.822138
杨戴/孤独者__chunk007,杨戴/狂人日记__chunk001,same,0.834537
杨戴/孤独者__chunk007,杨戴/狂人日记__chunk002,same,0.849374
杨戴/孤独者__chunk007,杨戴/狂人日记__chunk003,same,0.863330
杨戴/孤独者__chunk007,杨戴/狂人日记__chunk004,same,0.820663
杨戴/孤独者__chunk007,杨戴/社戏__chunk001,same,0.873229
杨戴/孤独者__chunk007,杨戴/社戏__chunk002,same,0.839541
杨戴/孤独者__chunk007,杨戴/社戏__chunk003,same,0.825759
杨戴/孤独者__chunk007,杨戴/社戏__chunk004,same,0.851694
杨戴/孤独者__chunk007,杨戴/祝福__chunk001,same,0.831792
杨戴/孤独者__chunk007,杨戴/祝福__chunk002,same,0.833266
杨戴/孤独者__chunk007,杨戴/祝福__chunk003,same,0.790979
杨戴/孤独者__chunk007,杨戴/祝福__chunk004,same,0.801688
杨戴/孤独者__chunk007,杨戴/祝福__chunk005,same,0.838829
杨戴/孤独者__chunk007,杨戴/祝福__chunk006,same,0.804749
杨戴/孤独者__chunk007,杨戴/祝福__chunk007,same,0.793211
杨戴/孤独者__chunk007,杨戴/离婚__chunk001,same,0.783201
杨戴/孤独者__chunk007,杨戴/离婚__chunk002,same,0.871811
杨戴/孤独者__chunk007,杨戴/离婚__chunk003,same,0.885060
杨戴/孤独者__chunk007,杨戴/肥皂__chunk001,same,0.833744
杨戴/孤独者__chunk007,杨戴/肥皂__chunk002,same,0.845090
杨戴/孤独者__chunk007,杨戴/肥皂__chunk003,same,0.792615
杨戴/孤独者__chunk007,杨戴/肥皂__chunk004,same,0.824646
杨戴/孤独者__chunk007,杨戴/药__chunk001,same,0.864608
杨戴/孤独者__chunk007,杨戴/药__chunk002,same,0.845807
杨戴/孤独者__chunk007,杨戴/药__chunk003,same,0.825097
杨戴/孤独者__chunk007,杨戴/铸剑__chunk001,same,0.847004
杨戴/孤独者__chunk007,杨戴/铸剑__chunk002,same,0.809596
杨戴/孤独者__chunk007,杨戴/铸剑__chunk003,same,0.819409
杨戴/孤独者__chunk007,杨戴/铸剑__chunk004,same,0.840704
杨戴/孤独者__chunk007,杨戴/铸剑__chunk005,same,0.820599
杨戴/孤独者__chunk007,杨戴/铸剑__chunk006,same,0.769875
杨戴/孤独者__chunk007,杨戴/铸剑__chunk007,same,0.822950
杨戴/孤独者__chunk007,杨戴/阿Q正传__chunk001,same,0.804092
杨戴/孤独者__chunk007,杨戴/阿Q正传__chunk002,same,0.804403
杨戴/孤独者__chunk007,杨戴/阿Q正传__chunk003,same,0.796122
杨戴/孤独者__chunk007,杨戴/阿Q正传__chunk004,same,0.822177
杨戴/孤独者__chunk007,杨戴/阿Q正传__chunk005,same,0.821891
杨戴/孤独者__chunk007,杨戴/阿Q正传__chunk006,same,0.837663
杨戴/孤独者__chunk007,杨戴/阿Q正传__chunk007,same,0.846849
杨戴/孤独者__chunk007,杨戴/阿Q正传__chunk008,same,0.813994
杨戴/孤独者__chunk007,杨戴/阿Q正传__chunk009,same,0.815631
杨戴/孤独者__chunk007,杨戴/阿Q正传__chunk010,same,0.815732
杨戴/孤独者__chunk007,杨戴/阿Q正传__chunk011,same,0.794010
杨戴/孤独者__chunk007,杨戴/阿Q正传__chunk012,same,0.837008
杨戴/孤独者__chunk007,杨戴/阿Q正传__chunk013,same,0.840393
杨戴/孤独者__chunk007,杨戴/阿Q正传__chunk014,same,0.793251
杨戴/孤独者__chunk007,杨戴/阿Q正传__chunk015,same,0.825409
杨戴/孤独者__chunk007,杨戴/阿Q正传__chunk016,same,0.817510
杨戴/孤独者__chunk007,杨戴/阿Q正传__chunk017,same,0.827383
杨戴/孤独者__chunk007,杨戴/风波__chunk001,same,0.852308
杨戴/孤独者__chunk007,杨戴/风波__chunk002,same,0.833896
杨戴/孤独者__chunk007,杨戴/风波__chunk003,same,0.870002
杨戴/孤独者__chunk007,蓝/伤逝__chunk001,cross,0.807804
杨戴/孤独者__chunk007,蓝/伤逝__chunk002,cross,0.829627
杨戴/孤独者__chunk007,蓝/伤逝__chunk003,cross,0.857895
杨戴/孤独者__chunk007,蓝/伤逝__chunk004,cross,0.882517
杨戴/孤独者__chunk007,蓝/伤逝__chunk005,cross,0.838030
杨戴/孤独者__chunk007,蓝/伤逝__chunk006,cross,0.823380
杨戴/孤独者__chunk007,蓝/伤逝__chunk007,cross,0.854780
杨戴/孤独者__chunk007,蓝/在酒楼上__chunk001,cross,0.873089
杨戴/孤独者__chunk007,蓝/在酒楼上__chunk002,cross,0.879874
杨戴/孤独者__chunk007,蓝/在酒楼上__chunk003,cross,0.841639
杨戴/孤独者__chunk007,蓝/在酒楼上__chunk004,cross,0.870306
杨戴/孤独者__chunk007,蓝/奔月__chunk001,cross,0.851146
杨戴/孤独者__chunk007,蓝/奔月__chunk002,cross,0.852193
杨戴/孤独者__chunk007,蓝/奔月__chunk003,cross,0.858761
杨戴/孤独者__chunk007,蓝/奔月__chunk004,cross,0.804589
杨戴/孤独者__chunk007,蓝/孤独者__chunk001,cross,0.913737
杨戴/孤独者__chunk007,蓝/孤独者__chunk002,cross,0.875296
杨戴/孤独者__chunk007,蓝/孤独者__chunk003,cross,0.885116
杨戴/孤独者__chunk007,蓝/孤独者__chunk004,cross,0.870277
杨戴/孤独者__chunk007,蓝/孤独者__chunk005,cross,0.860780
杨戴/孤独者__chunk007,蓝/孤独者__chunk006,cross,0.853562
杨戴/孤独者__chunk007,蓝/孤独者__chunk007,cross,0.879019
杨戴/孤独者__chunk007,蓝/孤独者__chunk008,cross,0.884223
杨戴/孤独者__chunk007,蓝/幸福的家庭__chunk001,cross,0.815004
杨戴/孤独者__chunk007,蓝/幸福的家庭__chunk002,cross,0.824372
杨戴/孤独者__chunk007,蓝/幸福的家庭__chunk003,cross,0.791156
杨戴/孤独者__chunk007,蓝/故乡__chunk001,cross,0.861393
杨戴/孤独者__chunk007,蓝/故乡__chunk002,cross,0.855785
杨戴/孤独者__chunk007,蓝/故乡__chunk003,cross,0.876008
杨戴/孤独者__chunk007,蓝/明天__chunk001,cross,0.822771
杨戴/孤独者__chunk007,蓝/明天__chunk002,cross,0.814052
杨戴/孤独者__chunk007,蓝/狂人日记__chunk001,cross,0.813031
杨戴/孤独者__chunk007,蓝/狂人日记__chunk002,cross,0.848852
杨戴/孤独者__chunk007,蓝/狂人日记__chunk003,cross,0.857841
杨戴/孤独者__chunk007,蓝/社戏__chunk001,cross,0.833465
杨戴/孤独者__chunk007,蓝/社戏__chunk002,cross,0.831798
杨戴/孤独者__chunk007,蓝/社戏__chunk003,cross,0.814732
杨戴/孤独者__chunk007,蓝/社戏__chunk004,cross,0.859919
杨戴/孤独者__chunk007,蓝/祝福__chunk001,cross,0.828267
杨戴/孤独者__chunk007,蓝/祝福__chunk002,cross,0.863324
杨戴/孤独者__chunk007,蓝/祝福__chunk003,cross,0.798728
杨戴/孤独者__chunk007,蓝/祝福__chunk004,cross,0.794105
杨戴/孤独者__chunk007,蓝/祝福__chunk005,cross,0.833707
杨戴/孤独者__chunk007,蓝/祝福__chunk006,cross,0.821936
杨戴/孤独者__chunk007,蓝/祝福__chunk007,cross,0.767244
杨戴/孤独者__chunk007,蓝/离婚__chunk001,cross,0.822929
杨戴/孤独者__chunk007,蓝/离婚__chunk002,cross,0.830765
杨戴/孤独者__chunk007,蓝/离婚__chunk003,cross,0.846818
杨戴/孤独者__chunk007,蓝/肥皂__chunk001,cross,0.839127
杨戴/孤独者__chunk007,蓝/肥皂__chunk002,cross,0.859257
杨戴/孤独者__chunk007,蓝/肥皂__chunk003,cross,0.808469
杨戴/孤独者__chunk007,蓝/肥皂__chunk004,cross,0.800065
杨戴/孤独者__chunk007,蓝/药__chunk001,cross,0.795951
杨戴/孤独者__chunk007,蓝/药__chunk002,cross,0.801737
杨戴/孤独者__chunk007,蓝/药__chunk003,cross,0.801308
杨戴/孤独者__chunk007,蓝/铸剑__chunk001,cross,0.849045
杨戴/孤独者__chunk007,蓝/铸剑__chunk002,cross,0.828657
杨戴/孤独者__chunk007,蓝/铸剑__chunk003,cross,0.808405
杨戴/孤独者__chunk007,蓝/铸剑__chunk004,cross,0.843982
杨戴/孤独者__chunk007,蓝/铸剑__chunk005,cross,0.811138
杨戴/孤独者__chunk007,蓝/铸剑__chunk006,cross,0.776543
杨戴/孤独者__chunk007,蓝/铸剑__chunk007,cross,0.783860
杨戴/孤独者__chunk007,蓝/阿Q正传__chunk001,cross,0.790517
杨戴/孤独者__chunk007,蓝/阿Q正传__chunk002,cross,0.797117
杨戴/孤独者__chunk007,蓝/阿Q正传__chunk003,cross,0.775861
杨戴/孤独者__chunk007,蓝/阿Q正传__chunk004,cross,0.836578
杨戴/孤独者__chunk007,蓝/阿Q正传__chunk005,cross,0.806756
杨戴/孤独者__chunk007,蓝/阿Q正传__chunk006,cross,0.817052
杨戴/孤独者__chunk007,蓝/阿Q正传__chunk007,cross,0.804339
杨戴/孤独者__chunk007,蓝/阿Q正传__chunk008,cross,0.823858
杨戴/孤独者__chunk007,蓝/阿Q正传__chunk009,cross,0.799213
杨戴/孤独者__chunk007,蓝/阿Q正传__chunk010,cross,0.777159
杨戴/孤独者__chunk007,蓝/阿Q正传__chunk011,cross,0.802827
杨戴/孤独者__chunk007,蓝/阿Q正传__chunk012,cross,0.813091
杨戴/孤独者__chunk007,蓝/阿Q正传__chunk013,cross,0.825616
杨戴/孤独者__chunk007,蓝/阿Q正传__chunk014,cross,0.821636
杨戴/孤独者__chunk007,蓝/阿Q正传__chunk015,cross,0.836923
杨戴/孤独者__chunk007,蓝/阿Q正传__chunk016,cross,0.821655
杨戴/孤独者__chunk007,蓝/阿Q正传__chunk017,cross,0.801564
杨戴/孤独者__chunk007,蓝/风波__chunk001,cross,0.818264
杨戴/孤独者__chunk007,蓝/风波__chunk002,cross,0.858101
杨戴/孤独者__chunk007,蓝/风波__chunk003,cross,0.840556
杨戴/孤独者__chunk008,杨戴/幸福的家庭__chunk001,same,0.832882
杨戴/孤独者__chunk008,杨戴/幸福的家庭__chunk002,same,0.839960
杨戴/孤独者__chunk008,杨戴/幸福的家庭__chunk003,same,0.809172
杨戴/孤独者__chunk008,杨戴/故乡__chunk001,same,0.818184
杨戴/孤独者__chunk008,杨戴/故乡__chunk002,same,0.846890
杨戴/孤独者__chunk008,杨戴/故乡__chunk003,same,0.844826
杨戴/孤独者__chunk008,杨戴/故乡__chunk004,same,0.837862
杨戴/孤独者__chunk008,杨戴/明天__chunk001,same,0.804709
杨戴/孤独者__chunk008,杨戴/明天__chunk002,same,0.809114
杨戴/孤独者__chunk008,杨戴/明天__chunk003,same,0.799145
杨戴/孤独者__chunk008,杨戴/狂人日记__chunk001,same,0.802109
杨戴/孤独者__chunk008,杨戴/狂人日记__chunk002,same,0.806482
杨戴/孤独者__chunk008,杨戴/狂人日记__chunk003,same,0.821634
杨戴/孤独者__chunk008,杨戴/狂人日记__chunk004,same,0.814066
杨戴/孤独者__chunk008,杨戴/社戏__chunk001,same,0.818784
杨戴/孤独者__chunk008,杨戴/社戏__chunk002,same,0.808699
杨戴/孤独者__chunk008,杨戴/社戏__chunk003,same,0.821862
杨戴/孤独者__chunk008,杨戴/社戏__chunk004,same,0.840778
杨戴/孤独者__chunk008,杨戴/祝福__chunk001,same,0.836886
杨戴/孤独者__chunk008,杨戴/祝福__chunk002,same,0.795962
杨戴/孤独者__chunk008,杨戴/祝福__chunk003,same,0.763965
杨戴/孤独者__chunk008,杨戴/祝福__chunk004,same,0.759128
杨戴/孤独者__chunk008,杨戴/祝福__chunk005,same,0.793396
杨戴/孤独者__chunk008,杨戴/祝福__chunk006,same,0.795492
杨戴/孤独者__chunk008,杨戴/祝福__chunk007,same,0.765599
杨戴/孤独者__chunk008,杨戴/离婚__chunk001,same,0.795418
杨戴/孤独者__chunk008,杨戴/离婚__chunk002,same,0.876793
杨戴/孤独者__chunk008,杨戴/离婚__chunk003,same,0.833936
杨戴/孤独者__chunk008,杨戴/肥皂__chunk001,same,0.811517
杨戴/孤独者__chunk008,杨戴/肥皂__chunk002,same,0.809662
杨戴/孤独者__chunk008,杨戴/肥皂__chunk003,same,0.800389
杨戴/孤独者__chunk008,杨戴/肥皂__chunk004,same,0.813255
杨戴/孤独者__chunk008,杨戴/药__chunk001,same,0.878012
杨戴/孤独者__chunk008,杨戴/药__chunk002,same,0.884207
杨戴/孤独者__chunk008,杨戴/药__chunk003,same,0.841875
杨戴/孤独者__chunk008,杨戴/铸剑__chunk001,same,0.883207
杨戴/孤独者__chunk008,杨戴/铸剑__chunk002,same,0.844245
杨戴/孤独者__chunk008,杨戴/铸剑__chunk003,same,0.898687
杨戴/孤独者__chunk008,杨戴/铸剑__chunk004,same,0.830860
杨戴/孤独者__chunk008,杨戴/铸剑__chunk005,same,0.842345
杨戴/孤独者__chunk008,杨戴/铸剑__chunk006,same,0.801310
杨戴/孤独者__chunk008,杨戴/铸剑__chunk007,same,0.832537
杨戴/孤独者__chunk008,杨戴/阿Q正传__chunk001,same,0.777337
杨戴/孤独者__chunk008,杨戴/阿Q正传__chunk002,same,0.800173
杨戴/孤独者__chunk008,杨戴/阿Q正传__chunk003,same,0.806266
杨戴/孤独者__chunk008,杨戴/阿Q正传__chunk004,same,0.834159
杨戴/孤独者__chunk008,杨戴/阿Q正传__chunk005,same,0.817766
杨戴/孤独者__chunk008,杨戴/阿Q正传__chunk006,same,0.839927
杨戴/孤独者__chunk008,杨戴/阿Q正传__chunk007,same,0.847822
杨戴/孤独者__chunk008,杨戴/阿Q正传__chunk008,same,0.810233
杨戴/孤独者__chunk008,杨戴/阿Q正传__chunk009,same,0.835948
杨戴/孤独者__chunk008,杨戴/阿Q正传__chunk010,same,0.808812
杨戴/孤独者__chunk008,杨戴/阿Q正传__chunk011,same,0.802200
杨戴/孤独者__chunk008,杨戴/阿Q正传__chunk012,same,0.821891
杨戴/孤独者__chunk008,杨戴/阿Q正传__chunk013,same,0.838784
杨戴/孤独者__chunk008,杨戴/阿Q正传__chunk014,same,0.816953
杨戴/孤独者__chunk008,杨戴/阿Q正传__chunk015,same,0.840017
杨戴/孤独者__chunk008,杨戴/阿Q正传__chunk016,same,0.827056
杨戴/孤独者__chunk008,杨戴/阿Q正传__chunk017,same,0.864223
杨戴/孤独者__chunk008,杨戴/风波__chunk001,same,0.851694
杨戴/孤独者__chunk008,杨戴/风波__chunk002,same,0.856470
杨戴/孤独者__chunk008,杨戴/风波__chunk003,same,0.858241
杨戴/孤独者__chunk008,蓝/伤逝__chunk001,cross,0.801646
杨戴/孤独者__chunk008,蓝/伤逝__chunk002,cross,0.814857
杨戴/孤独者__chunk008,蓝/伤逝__chunk003,cross,0.823066
杨戴/孤独者__chunk008,蓝/伤逝__chunk004,cross,0.835037
杨戴/孤独者__chunk008,蓝/伤逝__chunk005,cross,0.802631
杨戴/孤独者__chunk008,蓝/伤逝__chunk006,cross,0.824830
杨戴/孤独者__chunk008,蓝/伤逝__chunk007,cross,0.834710
杨戴/孤独者__chunk008,蓝/在酒楼上__chunk001,cross,0.840308
杨戴/孤独者__chunk008,蓝/在酒楼上__chunk002,cross,0.850920
杨戴/孤独者__chunk008,蓝/在酒楼上__chunk003,cross,0.788269
杨戴/孤独者__chunk008,蓝/在酒楼上__chunk004,cross,0.812104
杨戴/孤独者__chunk008,蓝/奔月__chunk001,cross,0.874746
杨戴/孤独者__chunk008,蓝/奔月__chunk002,cross,0.896655
杨戴/孤独者__chunk008,蓝/奔月__chunk003,cross,0.882392
杨戴/孤独者__chunk008,蓝/奔月__chunk004,cross,0.849560
杨戴/孤独者__chunk008,蓝/孤独者__chunk001,cross,0.879795
杨戴/孤独者__chunk008,蓝/孤独者__chunk002,cross,0.881869
杨戴/孤独者__chunk008,蓝/孤独者__chunk003,cross,0.845694
杨戴/孤独者__chunk008,蓝/孤独者__chunk004,cross,0.870814
杨戴/孤独者__chunk008,蓝/孤独者__chunk005,cross,0.798715
杨戴/孤独者__chunk008,蓝/孤独者__chunk006,cross,0.805861
杨戴/孤独者__chunk008,蓝/孤独者__chunk007,cross,0.854390
杨戴/孤独者__chunk008,蓝/孤独者__chunk008,cross,0.902813
杨戴/孤独者__chunk008,蓝/幸福的家庭__chunk001,cross,0.847751
杨戴/孤独者__chunk008,蓝/幸福的家庭__chunk002,cross,0.847479
杨戴/孤独者__chunk008,蓝/幸福的家庭__chunk003,cross,0.792227
杨戴/孤独者__chunk008,蓝/故乡__chunk001,cross,0.859013
杨戴/孤独者__chunk008,蓝/故乡__chunk002,cross,0.824901
杨戴/孤独者__chunk008,蓝/故乡__chunk003,cross,0.901178
杨戴/孤独者__chunk008,蓝/明天__chunk001,cross,0.818899
杨戴/孤独者__chunk008,蓝/明天__chunk002,cross,0.833257
杨戴/孤独者__chunk008,蓝/狂人日记__chunk001,cross,0.801001
杨戴/孤独者__chunk008,蓝/狂人日记__chunk002,cross,0.800221
杨戴/孤独者__chunk008,蓝/狂人日记__chunk003,cross,0.842991
杨戴/孤独者__chunk008,蓝/社戏__chunk001,cross,0.822647
杨戴/孤独者__chunk008,蓝/社戏__chunk002,cross,0.815329
杨戴/孤独者__chunk008,蓝/社戏__chunk003,cross,0.840046
杨戴/孤独者__chunk008,蓝/社戏__chunk004,cross,0.830774
杨戴/孤独者__chunk008,蓝/祝福__chunk001,cross,0.815429
杨戴/孤独者__chunk008,蓝/祝福__chunk002,cross,0.810754
杨戴/孤独者__chunk008,蓝/祝福__chunk003,cross,0.764595
杨戴/孤独者__chunk008,蓝/祝福__chunk004,cross,0.786925
杨戴/孤独者__chunk008,蓝/祝福__chunk005,cross,0.812207
杨戴/孤独者__chunk008,蓝/祝福__chunk006,cross,0.807494
杨戴/孤独者__chunk008,蓝/祝福__chunk007,cross,0.790288
杨戴/孤独者__chunk008,蓝/离婚__chunk001,cross,0.808979
杨戴/孤独者__chunk008,蓝/离婚__chunk002,cross,0.862136
杨戴/孤独者__chunk008,蓝/离婚__chunk003,cross,0.812874
杨戴/孤独者__chunk008,蓝/肥皂__chunk001,cross,0.821291
杨戴/孤独者__chunk008,蓝/肥皂__chunk002,cross,0.849141
杨戴/孤独者__chunk008,蓝/肥皂__chunk003,cross,0.825056
杨戴/孤独者__chunk008,蓝/肥皂__chunk004,cross,0.830987
杨戴/孤独者__chunk008,蓝/药__chunk001,cross,0.856329
杨戴/孤独者__chunk008,蓝/药__chunk002,cross,0.866341
杨戴/孤独者__chunk008,蓝/药__chunk003,cross,0.810117
杨戴/孤独者__chunk008,蓝/铸剑__chunk001,cross,0.867188
杨戴/孤独者__chunk008,蓝/铸剑__chunk002,cross,0.866279
杨戴/孤独者__chunk008,蓝/铸剑__chunk003,cross,0.863677
杨戴/孤独者__chunk008,蓝/铸剑__chunk004,cross,0.849682
杨戴/孤独者__chunk008,蓝/铸剑__chunk005,cross,0.832850
杨戴/孤独者__chunk008,蓝/铸剑__chunk006,cross,0.791065
杨戴/孤独者__chunk008,蓝/铸剑__chunk007,cross,0.809316
杨戴/孤独者__chunk008,蓝/阿Q正传__chunk001,cross,0.785272
杨戴/孤独者__chunk008,蓝/阿Q正传__chunk002,cross,0.810492
杨戴/孤独者__chunk008,蓝/阿Q正传__chunk003,cross,0.798037
杨戴/孤独者__chunk008,蓝/阿Q正传__chunk004,cross,0.837539
杨戴/孤独者__chunk008,蓝/阿Q正传__chunk005,cross,0.822906
杨戴/孤独者__chunk008,蓝/阿Q正传__chunk006,cross,0.863144
杨戴/孤独者__chunk008,蓝/阿Q正传__chunk007,cross,0.829350
杨戴/孤独者__chunk008,蓝/阿Q正传__chunk008,cross,0.829788
杨戴/孤独者__chunk008,蓝/阿Q正传__chunk009,cross,0.846425
杨戴/孤独者__chunk008,蓝/阿Q正传__chunk010,cross,0.812963
杨戴/孤独者__chunk008,蓝/阿Q正传__chunk011,cross,0.823964
杨戴/孤独者__chunk008,蓝/阿Q正传__chunk012,cross,0.823862
杨戴/孤独者__chunk008,蓝/阿Q正传__chunk013,cross,0.851628
杨戴/孤独者__chunk008,蓝/阿Q正传__chunk014,cross,0.866950
杨戴/孤独者__chunk008,蓝/阿Q正传__chunk015,cross,0.837307
杨戴/孤独者__chunk008,蓝/阿Q正传__chunk016,cross,0.822945
杨戴/孤独者__chunk008,蓝/阿Q正传__chunk017,cross,0.846090
杨戴/孤独者__chunk008,蓝/风波__chunk001,cross,0.840013
杨戴/孤独者__chunk008,蓝/风波__chunk002,cross,0.863585
杨戴/孤独者__chunk008,蓝/风波__chunk003,cross,0.823685
杨戴/幸福的家庭__chunk001,杨戴/幸福的家庭__chunk002,same,0.888204
杨戴/幸福的家庭__chunk001,杨戴/幸福的家庭__chunk003,same,0.836902
杨戴/幸福的家庭__chunk001,杨戴/故乡__chunk001,same,0.781568
杨戴/幸福的家庭__chunk001,杨戴/故乡__chunk002,same,0.842817
杨戴/幸福的家庭__chunk001,杨戴/故乡__chunk003,same,0.797000
杨戴/幸福的家庭__chunk001,杨戴/故乡__chunk004,same,0.810458
杨戴/幸福的家庭__chunk001,杨戴/明天__chunk001,same,0.818059
杨戴/幸福的家庭__chunk001,杨戴/明天__chunk002,same,0.797988
杨戴/幸福的家庭__chunk001,杨戴/明天__chunk003,same,0.750888
杨戴/幸福的家庭__chunk001,杨戴/狂人日记__chunk001,same,0.815983
杨戴/幸福的家庭__chunk001,杨戴/狂人日记__chunk002,same,0.806105
杨戴/幸福的家庭__chunk001,杨戴/狂人日记__chunk003,same,0.863445
杨戴/幸福的家庭__chunk001,杨戴/狂人日记__chunk004,same,0.840462
杨戴/幸福的家庭__chunk001,杨戴/社戏__chunk001,same,0.799676
杨戴/幸福的家庭__chunk001,杨戴/社戏__chunk002,same,0.800146
杨戴/幸福的家庭__chunk001,杨戴/社戏__chunk003,same,0.836570
杨戴/幸福的家庭__chunk001,杨戴/社戏__chunk004,same,0.810886
杨戴/幸福的家庭__chunk001,杨戴/祝福__chunk001,same,0.830903
杨戴/幸福的家庭__chunk001,杨戴/祝福__chunk002,same,0.766356
杨戴/幸福的家庭__chunk001,杨戴/祝福__chunk003,same,0.739747
杨戴/幸福的家庭__chunk001,杨戴/祝福__chunk004,same,0.796025
杨戴/幸福的家庭__chunk001,杨戴/祝福__chunk005,same,0.799285
杨戴/幸福的家庭__chunk001,杨戴/祝福__chunk006,same,0.776089
杨戴/幸福的家庭__chunk001,杨戴/祝福__chunk007,same,0.776100
杨戴/幸福的家庭__chunk001,杨戴/离婚__chunk001,same,0.862355
杨戴/幸福的家庭__chunk001,杨戴/离婚__chunk002,same,0.828768
杨戴/幸福的家庭__chunk001,杨戴/离婚__chunk003,same,0.826275
杨戴/幸福的家庭__chunk001,杨戴/肥皂__chunk001,same,0.820101
杨戴/幸福的家庭__chunk001,杨戴/肥皂__chunk002,same,0.818596
杨戴/幸福的家庭__chunk001,杨戴/肥皂__chunk003,same,0.818450
杨戴/幸福的家庭__chunk001,杨戴/肥皂__chunk004,same,0.870854
杨戴/幸福的家庭__chunk001,杨戴/药__chunk001,same,0.858367
杨戴/幸福的家庭__chunk001,杨戴/药__chunk002,same,0.841221
杨戴/幸福的家庭__chunk001,杨戴/药__chunk003,same,0.862372
杨戴/幸福的家庭__chunk001,杨戴/铸剑__chunk001,same,0.875873
杨戴/幸福的家庭__chunk001,杨戴/铸剑__chunk002,same,0.858690
杨戴/幸福的家庭__chunk001,杨戴/铸剑__chunk003,same,0.856233
杨戴/幸福的家庭__chunk001,杨戴/铸剑__chunk004,same,0.861615
杨戴/幸福的家庭__chunk001,杨戴/铸剑__chunk005,same,0.848530
杨戴/幸福的家庭__chunk001,杨戴/铸剑__chunk006,same,0.831001
杨戴/幸福的家庭__chunk001,杨戴/铸剑__chunk007,same,0.844288
杨戴/幸福的家庭__chunk001,杨戴/阿Q正传__chunk001,same,0.816528
杨戴/幸福的家庭__chunk001,杨戴/阿Q正传__chunk002,same,0.803088
杨戴/幸福的家庭__chunk001,杨戴/阿Q正传__chunk003,same,0.809002
杨戴/幸福的家庭__chunk001,杨戴/阿Q正传__chunk004,same,0.800158
杨戴/幸福的家庭__chunk001,杨戴/阿Q正传__chunk005,same,0.811312
杨戴/幸福的家庭__chunk001,杨戴/阿Q正传__chunk006,same,0.837375
杨戴/幸福的家庭__chunk001,杨戴/阿Q正传__chunk007,same,0.819604
杨戴/幸福的家庭__chunk001,杨戴/阿Q正传__chunk008,same,0.791194
杨戴/幸福的家庭__chunk001,杨戴/阿Q正传__chunk009,same,0.791580
杨戴/幸福的家庭__chunk001,杨戴/阿Q正传__chunk010,same,0.829491
杨戴/幸福的家庭__chunk001,杨戴/阿Q正传__chunk011,same,0.797493
杨戴/幸福的家庭__chunk001,杨戴/阿Q正传__chunk012,same,0.818374
杨戴/幸福的家庭__chunk001,杨戴/阿Q正传__chunk013,same,0.838059
杨戴/幸福的家庭__chunk001,杨戴/阿Q正传__chunk014,same,0.783622
杨戴/幸福的家庭__chunk001,杨戴/阿Q正传__chunk015,same,0.796670
杨戴/幸福的家庭__chunk001,杨戴/阿Q正传__chunk016,same,0.807936
杨戴/幸福的家庭__chunk001,杨戴/阿Q正传__chunk017,same,0.824288
杨戴/幸福的家庭__chunk001,杨戴/风波__chunk001,same,0.859800
杨戴/幸福的家庭__chunk001,杨戴/风波__chunk002,same,0.857965
杨戴/幸福的家庭__chunk001,杨戴/风波__chunk003,same,0.876171
杨戴/幸福的家庭__chunk001,蓝/伤逝__chunk001,cross,0.796354
杨戴/幸福的家庭__chunk001,蓝/伤逝__chunk002,cross,0.754388
杨戴/幸福的家庭__chunk001,蓝/伤逝__chunk003,cross,0.808224
杨戴/幸福的家庭__chunk001,蓝/伤逝__chunk004,cross,0.809750
杨戴/幸福的家庭__chunk001,蓝/伤逝__chunk005,cross,0.791876
杨戴/幸福的家庭__chunk001,蓝/伤逝__chunk006,cross,0.803970
杨戴/幸福的家庭__chunk001,蓝/伤逝__chunk007,cross,0.808132
杨戴/幸福的家庭__chunk001,蓝/在酒楼上__chunk001,cross,0.825601
杨戴/幸福的家庭__chunk001,蓝/在酒楼上__chunk002,cross,0.838471
杨戴/幸福的家庭__chunk001,蓝/在酒楼上__chunk003,cross,0.771269
杨戴/幸福的家庭__chunk001,蓝/在酒楼上__chunk004,cross,0.777977
杨戴/幸福的家庭__chunk001,蓝/奔月__chunk001,cross,0.907681
杨戴/幸福的家庭__chunk001,蓝/奔月__chunk002,cross,0.863151
杨戴/幸福的家庭__chunk001,蓝/奔月__chunk003,cross,0.875742
杨戴/幸福的家庭__chunk001,蓝/奔月__chunk004,cross,0.852175
杨戴/幸福的家庭__chunk001,蓝/孤独者__chunk001,cross,0.834640
杨戴/幸福的家庭__chunk001,蓝/孤独者__chunk002,cross,0.858761
杨戴/幸福的家庭__chunk001,蓝/孤独者__chunk003,cross,0.853072
杨戴/幸福的家庭__chunk001,蓝/孤独者__chunk004,cross,0.864565
杨戴/幸福的家庭__chunk001,蓝/孤独者__chunk005,cross,0.780563
杨戴/幸福的家庭__chunk001,蓝/孤独者__chunk006,cross,0.798393
杨戴/幸福的家庭__chunk001,蓝/孤独者__chunk007,cross,0.834971
杨戴/幸福的家庭__chunk001,蓝/孤独者__chunk008,cross,0.850649
杨戴/幸福的家庭__chunk001,蓝/幸福的家庭__chunk001,cross,0.919047
杨戴/幸福的家庭__chunk001,蓝/幸福的家庭__chunk002,cross,0.894162
杨戴/幸福的家庭__chunk001,蓝/幸福的家庭__chunk003,cross,0.805188
杨戴/幸福的家庭__chunk001,蓝/故乡__chunk001,cross,0.820371
杨戴/幸福的家庭__chunk001,蓝/故乡__chunk002,cross,0.846569
杨戴/幸福的家庭__chunk001,蓝/故乡__chunk003,cross,0.842227
杨戴/幸福的家庭__chunk001,蓝/明天__chunk001,cross,0.824756
杨戴/幸福的家庭__chunk001,蓝/明天__chunk002,cross,0.839079
杨戴/幸福的家庭__chunk001,蓝/狂人日记__chunk001,cross,0.845418
杨戴/幸福的家庭__chunk001,蓝/狂人日记__chunk002,cross,0.816805
杨戴/幸福的家庭__chunk001,蓝/狂人日记__chunk003,cross,0.869468
杨戴/幸福的家庭__chunk001,蓝/社戏__chunk001,cross,0.804218
杨戴/幸福的家庭__chunk001,蓝/社戏__chunk002,cross,0.821706
杨戴/幸福的家庭__chunk001,蓝/社戏__chunk003,cross,0.824465
杨戴/幸福的家庭__chunk001,蓝/社戏__chunk004,cross,0.830821
杨戴/幸福的家庭__chunk001,蓝/祝福__chunk001,cross,0.812132
杨戴/幸福的家庭__chunk001,蓝/祝福__chunk002,cross,0.783697
杨戴/幸福的家庭__chunk001,蓝/祝福__chunk003,cross,0.767991
杨戴/幸福的家庭__chunk001,蓝/祝福__chunk004,cross,0.805119
杨戴/幸福的家庭__chunk001,蓝/祝福__chunk005,cross,0.746246
杨戴/幸福的家庭__chunk001,蓝/祝福__chunk006,cross,0.801609
杨戴/幸福的家庭__chunk001,蓝/祝福__chunk007,cross,0.778333
杨戴/幸福的家庭__chunk001,蓝/离婚__chunk001,cross,0.890060
杨戴/幸福的家庭__chunk001,蓝/离婚__chunk002,cross,0.855046
杨戴/幸福的家庭__chunk001,蓝/离婚__chunk003,cross,0.855078
杨戴/幸福的家庭__chunk001,蓝/肥皂__chunk001,cross,0.865505
杨戴/幸福的家庭__chunk001,蓝/肥皂__chunk002,cross,0.839440
杨戴/幸福的家庭__chunk001,蓝/肥皂__chunk003,cross,0.868087
杨戴/幸福的家庭__chunk001,蓝/肥皂__chunk004,cross,0.838503
杨戴/幸福的家庭__chunk001,蓝/药__chunk001,cross,0.858622
杨戴/幸福的家庭__chunk001,蓝/药__chunk002,cross,0.846069
杨戴/幸福的家庭__chunk001,蓝/药__chunk003,cross,0.835518
杨戴/幸福的家庭__chunk001,蓝/铸剑__chunk001,cross,0.858879
杨戴/幸福的家庭__chunk001,蓝/铸剑__chunk002,cross,0.893325
杨戴/幸福的家庭__chunk001,蓝/铸剑__chunk003,cross,0.837991
杨戴/幸福的家庭__chunk001,蓝/铸剑__chunk004,cross,0.894820
杨戴/幸福的家庭__chunk001,蓝/铸剑__chunk005,cross,0.831375
杨戴/幸福的家庭__chunk001,蓝/铸剑__chunk006,cross,0.807145
杨戴/幸福的家庭__chunk001,蓝/铸剑__chunk007,cross,0.799709
杨戴/幸福的家庭__chunk001,蓝/阿Q正传__chunk001,cross,0.820151
杨戴/幸福的家庭__chunk001,蓝/阿Q正传__chunk002,cross,0.815117
杨戴/幸福的家庭__chunk001,蓝/阿Q正传__chunk003,cross,0.793041
杨戴/幸福的家庭__chunk001,蓝/阿Q正传__chunk004,cross,0.786583
杨戴/幸福的家庭__chunk001,蓝/阿Q正传__chunk005,cross,0.789976
杨戴/幸福的家庭__chunk001,蓝/阿Q正传__chunk006,cross,0.812831
杨戴/幸福的家庭__chunk001,蓝/阿Q正传__chunk007,cross,0.833765
杨戴/幸福的家庭__chunk001,蓝/阿Q正传__chunk008,cross,0.826213
杨戴/幸福的家庭__chunk001,蓝/阿Q正传__chunk009,cross,0.812074
杨戴/幸福的家庭__chunk001,蓝/阿Q正传__chunk010,cross,0.807958
杨戴/幸福的家庭__chunk001,蓝/阿Q正传__chunk011,cross,0.835127
杨戴/幸福的家庭__chunk001,蓝/阿Q正传__chunk012,cross,0.815992
杨戴/幸福的家庭__chunk001,蓝/阿Q正传__chunk013,cross,0.840187
杨戴/幸福的家庭__chunk001,蓝/阿Q正传__chunk014,cross,0.857233
杨戴/幸福的家庭__chunk001,蓝/阿Q正传__chunk015,cross,0.824755
杨戴/幸福的家庭__chunk001,蓝/阿Q正传__chunk016,cross,0.842661
杨戴/幸福的家庭__chunk001,蓝/阿Q正传__chunk017,cross,0.796293
杨戴/幸福的家庭__chunk001,蓝/风波__chunk001,cross,0.833439
杨戴/幸福的家庭__chunk001,蓝/风波__chunk002,cross,0.861464
杨戴/幸福的家庭__chunk001,蓝/风波__chunk003,cross,0.824090
杨戴/幸福的家庭__chunk002,杨戴/幸福的家庭__chunk003,same,0.863654
杨戴/幸福的家庭__chunk002,杨戴/故乡__chunk001,same,0.815785
杨戴/幸福的家庭__chunk002,杨戴/故乡__chunk002,same,0.853768
杨戴/幸福的家庭__chunk002,杨戴/故乡__chunk003,same,0.836519
杨戴/幸福的家庭__chunk002,杨戴/故乡__chunk004,same,0.820934
杨戴/幸福的家庭__chunk002,杨戴/明天__chunk001,same,0.836270
杨戴/幸福的家庭__chunk002,杨戴/明天__chunk002,same,0.839747
杨戴/幸福的家庭__chunk002,杨戴/明天__chunk003,same,0.755671
杨戴/幸福的家庭__chunk002,杨戴/狂人日记__chunk001,same,0.822169
杨戴/幸福的家庭__chunk002,杨戴/狂人日记__chunk002,same,0.806053
杨戴/幸福的家庭__chunk002,杨戴/狂人日记__chunk003,same,0.840244
杨戴/幸福的家庭__chunk002,杨戴/狂人日记__chunk004,same,0.852030
杨戴/幸福的家庭__chunk002,杨戴/社戏__chunk001,same,0.810846
杨戴/幸福的家庭__chunk002,杨戴/社戏__chunk002,same,0.820815
杨戴/幸福的家庭__chunk002,杨戴/社戏__chunk003,same,0.859123
杨戴/幸福的家庭__chunk002,杨戴/社戏__chunk004,same,0.844101
杨戴/幸福的家庭__chunk002,杨戴/祝福__chunk001,same,0.844923
杨戴/幸福的家庭__chunk002,杨戴/祝福__chunk002,same,0.770321
杨戴/幸福的家庭__chunk002,杨戴/祝福__chunk003,same,0.774714
杨戴/幸福的家庭__chunk002,杨戴/祝福__chunk004,same,0.792575
杨戴/幸福的家庭__chunk002,杨戴/祝福__chunk005,same,0.832784
杨戴/幸福的家庭__chunk002,杨戴/祝福__chunk006,same,0.782742
杨戴/幸福的家庭__chunk002,杨戴/祝福__chunk007,same,0.808093
杨戴/幸福的家庭__chunk002,杨戴/离婚__chunk001,same,0.862238
杨戴/幸福的家庭__chunk002,杨戴/离婚__chunk002,same,0.868814
杨戴/幸福的家庭__chunk002,杨戴/离婚__chunk003,same,0.831724
杨戴/幸福的家庭__chunk002,杨戴/肥皂__chunk001,same,0.822212
杨戴/幸福的家庭__chunk002,杨戴/肥皂__chunk002,same,0.821763
杨戴/幸福的家庭__chunk002,杨戴/肥皂__chunk003,same,0.822145
杨戴/幸福的家庭__chunk002,杨戴/肥皂__chunk004,same,0.861662
杨戴/幸福的家庭__chunk002,杨戴/药__chunk001,same,0.871920
杨戴/幸福的家庭__chunk002,杨戴/药__chunk002,same,0.837993
杨戴/幸福的家庭__chunk002,杨戴/药__chunk003,same,0.862869
杨戴/幸福的家庭__chunk002,杨戴/铸剑__chunk001,same,0.862671
杨戴/幸福的家庭__chunk002,杨戴/铸剑__chunk002,same,0.842222
杨戴/幸福的家庭__chunk002,杨戴/铸剑__chunk003,same,0.850640
杨戴/幸福的家庭__chunk002,杨戴/铸剑__chunk004,same,0.824295
杨戴/幸福的家庭__chunk002,杨戴/铸剑__chunk005,same,0.845189
杨戴/幸福的家庭__chunk002,杨戴/铸剑__chunk006,same,0.829447
杨戴/幸福的家庭__chunk002,杨戴/铸剑__chunk007,same,0.833863
杨戴/幸福的家庭__chunk002,杨戴/阿Q正传__chunk001,same,0.825716
杨戴/幸福的家庭__chunk002,杨戴/阿Q正传__chunk002,same,0.804057
杨戴/幸福的家庭__chunk002,杨戴/阿Q正传__chunk003,same,0.824124
杨戴/幸福的家庭__chunk002,杨戴/阿Q正传__chunk004,same,0.836823
杨戴/幸福的家庭__chunk002,杨戴/阿Q正传__chunk005,same,0.797303
杨戴/幸福的家庭__chunk002,杨戴/阿Q正传__chunk006,same,0.858158
杨戴/幸福的家庭__chunk002,杨戴/阿Q正传__chunk007,same,0.838480
杨戴/幸福的家庭__chunk002,杨戴/阿Q正传__chunk008,same,0.808181
杨戴/幸福的家庭__chunk002,杨戴/阿Q正传__chunk009,same,0.831560
杨戴/幸福的家庭__chunk002,杨戴/阿Q正传__chunk010,same,0.848549
杨戴/幸福的家庭__chunk002,杨戴/阿Q正传__chunk011,same,0.812245
杨戴/幸福的家庭__chunk002,杨戴/阿Q正传__chunk012,same,0.850161
杨戴/幸福的家庭__chunk002,杨戴/阿Q正传__chunk013,same,0.841295
杨戴/幸福的家庭__chunk002,杨戴/阿Q正传__chunk014,same,0.798357
杨戴/幸福的家庭__chunk002,杨戴/阿Q正传__chunk015,same,0.839925
杨戴/幸福的家庭__chunk002,杨戴/阿Q正传__chunk016,same,0.828847
杨戴/幸福的家庭__chunk002,杨戴/阿Q正传__chunk017,same,0.855440
杨戴/幸福的家庭__chunk002,杨戴/风波__chunk001,same,0.875846
杨戴/幸福的家庭__chunk002,杨戴/风波__chunk002,same,0.898591
杨戴/幸福的家庭__chunk002,杨戴/风波__chunk003,same,0.890334
杨戴/幸福的家庭__chunk002,蓝/伤逝__chunk001,cross,0.823504
杨戴/幸福的家庭__chunk002,蓝/伤逝__chunk002,cross,0.753111
杨戴/幸福的家庭__chunk002,蓝/伤逝__chunk003,cross,0.801749
杨戴/幸福的家庭__chunk002,蓝/伤逝__chunk004,cross,0.797402
杨戴/幸福的家庭__chunk002,蓝/伤逝__chunk005,cross,0.776872
杨戴/幸福的家庭__chunk002,蓝/伤逝__chunk006,cross,0.802647
杨戴/幸福的家庭__chunk002,蓝/伤逝__chunk007,cross,0.815994
杨戴/幸福的家庭__chunk002,蓝/在酒楼上__chunk001,cross,0.842774
杨戴/幸福的家庭__chunk002,蓝/在酒楼上__chunk002,cross,0.828488
杨戴/幸福的家庭__chunk002,蓝/在酒楼上__chunk003,cross,0.794207
杨戴/幸福的家庭__chunk002,蓝/在酒楼上__chunk004,cross,0.778459
杨戴/幸福的家庭__chunk002,蓝/奔月__chunk001,cross,0.900701
杨戴/幸福的家庭__chunk002,蓝/奔月__chunk002,cross,0.865665
杨戴/幸福的家庭__chunk002,蓝/奔月__chunk003,cross,0.849524
杨戴/幸福的家庭__chunk002,蓝/奔月__chunk004,cross,0.835737
杨戴/幸福的家庭__chunk002,蓝/孤独者__chunk001,cross,0.834610
杨戴/幸福的家庭__chunk002,蓝/孤独者__chunk002,cross,0.846360
杨戴/幸福的家庭__chunk002,蓝/孤独者__chunk003,cross,0.790496
杨戴/幸福的家庭__chunk002,蓝/孤独者__chunk004,cross,0.871317
杨戴/幸福的家庭__chunk002,蓝/孤独者__chunk005,cross,0.797457
杨戴/幸福的家庭__chunk002,蓝/孤独者__chunk006,cross,0.775026
杨戴/幸福的家庭__chunk002,蓝/孤独者__chunk007,cross,0.816992
杨戴/幸福的家庭__chunk002,蓝/孤独者__chunk008,cross,0.856548
杨戴/幸福的家庭__chunk002,蓝/幸福的家庭__chunk001,cross,0.902457
杨戴/幸福的家庭__chunk002,蓝/幸福的家庭__chunk002,cross,0.904170
杨戴/幸福的家庭__chunk002,蓝/幸福的家庭__chunk003,cross,0.814759
杨戴/幸福的家庭__chunk002,蓝/故乡__chunk001,cross,0.849185
杨戴/幸福的家庭__chunk002,蓝/故乡__chunk002,cross,0.826463
杨戴/幸福的家庭__chunk002,蓝/故乡__chunk003,cross,0.859863
杨戴/幸福的家庭__chunk002,蓝/明天__chunk001,cross,0.810971
杨戴/幸福的家庭__chunk002,蓝/明天__chunk002,cross,0.863597
杨戴/幸福的家庭__chunk002,蓝/狂人日记__chunk001,cross,0.839693
杨戴/幸福的家庭__chunk002,蓝/狂人日记__chunk002,cross,0.790928
杨戴/幸福的家庭__chunk002,蓝/狂人日记__chunk003,cross,0.822005
杨戴/幸福的家庭__chunk002,蓝/社戏__chunk001,cross,0.818170
杨戴/幸福的家庭__chunk002,蓝/社戏__chunk002,cross,0.833298
杨戴/幸福的家庭__chunk002,蓝/社戏__chunk003,cross,0.815569
杨戴/幸福的家庭__chunk002,蓝/社戏__chunk004,cross,0.849566
杨戴/幸福的家庭__chunk002,蓝/祝福__chunk001,cross,0.822923
杨戴/幸福的家庭__chunk002,蓝/祝福__chunk002,cross,0.776131
杨戴/幸福的家庭__chunk002,蓝/祝福__chunk003,cross,0.787865
杨戴/幸福的家庭__chunk002,蓝/祝福__chunk004,cross,0.801601
杨戴/幸福的家庭__chunk002,蓝/祝福__chunk005,cross,0.755247
杨戴/幸福的家庭__chunk002,蓝/祝福__chunk006,cross,0.796746
杨戴/幸福的家庭__chunk002,蓝/祝福__chunk007,cross,0.760668
杨戴/幸福的家庭__chunk002,蓝/离婚__chunk001,cross,0.858782
杨戴/幸福的家庭__chunk002,蓝/离婚__chunk002,cross,0.870975
杨戴/幸福的家庭__chunk002,蓝/离婚__chunk003,cross,0.816375
杨戴/幸福的家庭__chunk002,蓝/肥皂__chunk001,cross,0.852490
杨戴/幸福的家庭__chunk002,蓝/肥皂__chunk002,cross,0.810235
杨戴/幸福的家庭__chunk002,蓝/肥皂__chunk003,cross,0.852401
杨戴/幸福的家庭__chunk002,蓝/肥皂__chunk004,cross,0.817858
杨戴/幸福的家庭__chunk002,蓝/药__chunk001,cross,0.860856
杨戴/幸福的家庭__chunk002,蓝/药__chunk002,cross,0.803890
杨戴/幸福的家庭__chunk002,蓝/药__chunk003,cross,0.840331
杨戴/幸福的家庭__chunk002,蓝/铸剑__chunk001,cross,0.839207
杨戴/幸福的家庭__chunk002,蓝/铸剑__chunk002,cross,0.863655
杨戴/幸福的家庭__chunk002,蓝/铸剑__chunk003,cross,0.839015
杨戴/幸福的家庭__chunk002,蓝/铸剑__chunk004,cross,0.857695
杨戴/幸福的家庭__chunk002,蓝/铸剑__chunk005,cross,0.850192
杨戴/幸福的家庭__chunk002,蓝/铸剑__chunk006,cross,0.816056
杨戴/幸福的家庭__chunk002,蓝/铸剑__chunk007,cross,0.813983
杨戴/幸福的家庭__chunk002,蓝/阿Q正传__chunk001,cross,0.824003
杨戴/幸福的家庭__chunk002,蓝/阿Q正传__chunk002,cross,0.812272
杨戴/幸福的家庭__chunk002,蓝/阿Q正传__chunk003,cross,0.780270
杨戴/幸福的家庭__chunk002,蓝/阿Q正传__chunk004,cross,0.809299
杨戴/幸福的家庭__chunk002,蓝/阿Q正传__chunk005,cross,0.796559
杨戴/幸福的家庭__chunk002,蓝/阿Q正传__chunk006,cross,0.819383
杨戴/幸福的家庭__chunk002,蓝/阿Q正传__chunk007,cross,0.836790
杨戴/幸福的家庭__chunk002,蓝/阿Q正传__chunk008,cross,0.831903
杨戴/幸福的家庭__chunk002,蓝/阿Q正传__chunk009,cross,0.813208
杨戴/幸福的家庭__chunk002,蓝/阿Q正传__chunk010,cross,0.808714
杨戴/幸福的家庭__chunk002,蓝/阿Q正传__chunk011,cross,0.834198
杨戴/幸福的家庭__chunk002,蓝/阿Q正传__chunk012,cross,0.814305
杨戴/幸福的家庭__chunk002,蓝/阿Q正传__chunk013,cross,0.846773
杨戴/幸福的家庭__chunk002,蓝/阿Q正传__chunk014,cross,0.866070
杨戴/幸福的家庭__chunk002,蓝/阿Q正传__chunk015,cross,0.847033
杨戴/幸福的家庭__chunk002,蓝/阿Q正传__chunk016,cross,0.840724
杨戴/幸福的家庭__chunk002,蓝/阿Q正传__chunk017,cross,0.805518
杨戴/幸福的家庭__chunk002,蓝/风波__chunk001,cross,0.831601
杨戴/幸福的家庭__chunk002,蓝/风波__chunk002,cross,0.875090
杨戴/幸福的家庭__chunk002,蓝/风波__chunk003,cross,0.837206
杨戴/幸福的家庭__chunk003,杨戴/故乡__chunk001,same,0.785138
杨戴/幸福的家庭__chunk003,杨戴/故乡__chunk002,same,0.840006
杨戴/幸福的家庭__chunk003,杨戴/故乡__chunk003,same,0.825013
杨戴/幸福的家庭__chunk003,杨戴/故乡__chunk004,same,0.837868
杨戴/幸福的家庭__chunk003,杨戴/明天__chunk001,same,0.837733
杨戴/幸福的家庭__chunk003,杨戴/明天__chunk002,same,0.832135
杨戴/幸福的家庭__chunk003,杨戴/明天__chunk003,same,0.784257
杨戴/幸福的家庭__chunk003,杨戴/狂人日记__chunk001,same,0.794352
杨戴/幸福的家庭__chunk003,杨戴/狂人日记__chunk002,same,0.778222
杨戴/幸福的家庭__chunk003,杨戴/狂人日记__chunk003,same,0.816528
杨戴/幸福的家庭__chunk003,杨戴/狂人日记__chunk004,same,0.787197
杨戴/幸福的家庭__chunk003,杨戴/社戏__chunk001,same,0.785445
杨戴/幸福的家庭__chunk003,杨戴/社戏__chunk002,same,0.785463
杨戴/幸福的家庭__chunk003,杨戴/社戏__chunk003,same,0.822832
杨戴/幸福的家庭__chunk003,杨戴/社戏__chunk004,same,0.804804
杨戴/幸福的家庭__chunk003,杨戴/祝福__chunk001,same,0.809853
杨戴/幸福的家庭__chunk003,杨戴/祝福__chunk002,same,0.732825
杨戴/幸福的家庭__chunk003,杨戴/祝福__chunk003,same,0.789018
杨戴/幸福的家庭__chunk003,杨戴/祝福__chunk004,same,0.799526
杨戴/幸福的家庭__chunk003,杨戴/祝福__chunk005,same,0.816664
杨戴/幸福的家庭__chunk003,杨戴/祝福__chunk006,same,0.790703
杨戴/幸福的家庭__chunk003,杨戴/祝福__chunk007,same,0.833332
杨戴/幸福的家庭__chunk003,杨戴/离婚__chunk001,same,0.836153
杨戴/幸福的家庭__chunk003,杨戴/离婚__chunk002,same,0.845486
杨戴/幸福的家庭__chunk003,杨戴/离婚__chunk003,same,0.857040
杨戴/幸福的家庭__chunk003,杨戴/肥皂__chunk001,same,0.870087
杨戴/幸福的家庭__chunk003,杨戴/肥皂__chunk002,same,0.812953
杨戴/幸福的家庭__chunk003,杨戴/肥皂__chunk003,same,0.853021
杨戴/幸福的家庭__chunk003,杨戴/肥皂__chunk004,same,0.849850
杨戴/幸福的家庭__chunk003,杨戴/药__chunk001,same,0.893496
杨戴/幸福的家庭__chunk003,杨戴/药__chunk002,same,0.842622
杨戴/幸福的家庭__chunk003,杨戴/药__chunk003,same,0.845543
杨戴/幸福的家庭__chunk003,杨戴/铸剑__chunk001,same,0.857181
杨戴/幸福的家庭__chunk003,杨戴/铸剑__chunk002,same,0.863429
杨戴/幸福的家庭__chunk003,杨戴/铸剑__chunk003,same,0.836486
杨戴/幸福的家庭__chunk003,杨戴/铸剑__chunk004,same,0.855754
杨戴/幸福的家庭__chunk003,杨戴/铸剑__chunk005,same,0.830931
杨戴/幸福的家庭__chunk003,杨戴/铸剑__chunk006,same,0.815340
杨戴/幸福的家庭__chunk003,杨戴/铸剑__chunk007,same,0.814671
杨戴/幸福的家庭__chunk003,杨戴/阿Q正传__chunk001,same,0.803278
杨戴/幸福的家庭__chunk003,杨戴/阿Q正传__chunk002,same,0.793568
杨戴/幸福的家庭__chunk003,杨戴/阿Q正传__chunk003,same,0.803984
杨戴/幸福的家庭__chunk003,杨戴/阿Q正传__chunk004,same,0.830583
杨戴/幸福的家庭__chunk003,杨戴/阿Q正传__chunk005,same,0.822355
杨戴/幸福的家庭__chunk003,杨戴/阿Q正传__chunk006,same,0.840677
杨戴/幸福的家庭__chunk003,杨戴/阿Q正传__chunk007,same,0.843001
杨戴/幸福的家庭__chunk003,杨戴/阿Q正传__chunk008,same,0.815913
杨戴/幸福的家庭__chunk003,杨戴/阿Q正传__chunk009,same,0.826669
杨戴/幸福的家庭__chunk003,杨戴/阿Q正传__chunk010,same,0.821423
杨戴/幸福的家庭__chunk003,杨戴/阿Q正传__chunk011,same,0.795043
杨戴/幸福的家庭__chunk003,杨戴/阿Q正传__chunk012,same,0.841508
杨戴/幸福的家庭__chunk003,杨戴/阿Q正传__chunk013,same,0.861033
杨戴/幸福的家庭__chunk003,杨戴/阿Q正传__chunk014,same,0.810339
杨戴/幸福的家庭__chunk003,杨戴/阿Q正传__chunk015,same,0.824167
杨戴/幸福的家庭__chunk003,杨戴/阿Q正传__chunk016,same,0.820500
杨戴/幸福的家庭__chunk003,杨戴/阿Q正传__chunk017,same,0.822325
杨戴/幸福的家庭__chunk003,杨戴/风波__chunk001,same,0.878513
杨戴/幸福的家庭__chunk003,杨戴/风波__chunk002,same,0.844264
杨戴/幸福的家庭__chunk003,杨戴/风波__chunk003,same,0.868918
杨戴/幸福的家庭__chunk003,蓝/伤逝__chunk001,cross,0.805137
杨戴/幸福的家庭__chunk003,蓝/伤逝__chunk002,cross,0.762551
杨戴/幸福的家庭__chunk003,蓝/伤逝__chunk003,cross,0.817527
杨戴/幸福的家庭__chunk003,蓝/伤逝__chunk004,cross,0.793224
杨戴/幸福的家庭__chunk003,蓝/伤逝__chunk005,cross,0.777148
杨戴/幸福的家庭__chunk003,蓝/伤逝__chunk006,cross,0.778597
杨戴/幸福的家庭__chunk003,蓝/伤逝__chunk007,cross,0.786164
杨戴/幸福的家庭__chunk003,蓝/在酒楼上__chunk001,cross,0.809130
杨戴/幸福的家庭__chunk003,蓝/在酒楼上__chunk002,cross,0.820735
杨戴/幸福的家庭__chunk003,蓝/在酒楼上__chunk003,cross,0.776995
杨戴/幸福的家庭__chunk003,蓝/在酒楼上__chunk004,cross,0.812963
杨戴/幸福的家庭__chunk003,蓝/奔月__chunk001,cross,0.878949
杨戴/幸福的家庭__chunk003,蓝/奔月__chunk002,cross,0.841379
杨戴/幸福的家庭__chunk003,蓝/奔月__chunk003,cross,0.852524
杨戴/幸福的家庭__chunk003,蓝/奔月__chunk004,cross,0.850288
杨戴/幸福的家庭__chunk003,蓝/孤独者__chunk001,cross,0.827557
杨戴/幸福的家庭__chunk003,蓝/孤独者__chunk002,cross,0.827652
杨戴/幸福的家庭__chunk003,蓝/孤独者__chunk003,cross,0.798056
杨戴/幸福的家庭__chunk003,蓝/孤独者__chunk004,cross,0.805378
杨戴/幸福的家庭__chunk003,蓝/孤独者__chunk005,cross,0.777560
杨戴/幸福的家庭__chunk003,蓝/孤独者__chunk006,cross,0.751238
杨戴/幸福的家庭__chunk003,蓝/孤独者__chunk007,cross,0.812791
杨戴/幸福的家庭__chunk003,蓝/孤独者__chunk008,cross,0.835322
杨戴/幸福的家庭__chunk003,蓝/幸福的家庭__chunk001,cross,0.837855
杨戴/幸福的家庭__chunk003,蓝/幸福的家庭__chunk002,cross,0.892800
杨戴/幸福的家庭__chunk003,蓝/幸福的家庭__chunk003,cross,0.903329
杨戴/幸福的家庭__chunk003,蓝/故乡__chunk001,cross,0.816298
杨戴/幸福的家庭__chunk003,蓝/故乡__chunk002,cross,0.811026
杨戴/幸福的家庭__chunk003,蓝/故乡__chunk003,cross,0.853212
杨戴/幸福的家庭__chunk003,蓝/明天__chunk001,cross,0.831820
杨戴/幸福的家庭__chunk003,蓝/明天__chunk002,cross,0.853216
杨戴/幸福的家庭__chunk003,蓝/狂人日记__chunk001,cross,0.785149
杨戴/幸福的家庭__chunk003,蓝/狂人日记__chunk002,cross,0.757049
杨戴/幸福的家庭__chunk003,蓝/狂人日记__chunk003,cross,0.826038
杨戴/幸福的家庭__chunk003,蓝/社戏__chunk001,cross,0.787783
杨戴/幸福的家庭__chunk003,蓝/社戏__chunk002,cross,0.797070
杨戴/幸福的家庭__chunk003,蓝/社戏__chunk003,cross,0.805993
杨戴/幸福的家庭__chunk003,蓝/社戏__chunk004,cross,0.848725
杨戴/幸福的家庭__chunk003,蓝/祝福__chunk001,cross,0.804855
杨戴/幸福的家庭__chunk003,蓝/祝福__chunk002,cross,0.790812
杨戴/幸福的家庭__chunk003,蓝/祝福__chunk003,cross,0.808072
杨戴/幸福的家庭__chunk003,蓝/祝福__chunk004,cross,0.802517
杨戴/幸福的家庭__chunk003,蓝/祝福__chunk005,cross,0.770312
杨戴/幸福的家庭__chunk003,蓝/祝福__chunk006,cross,0.828687
杨戴/幸福的家庭__chunk003,蓝/祝福__chunk007,cross,0.775705
杨戴/幸福的家庭__chunk003,蓝/离婚__chunk001,cross,0.874387
杨戴/幸福的家庭__chunk003,蓝/离婚__chunk002,cross,0.848744
杨戴/幸福的家庭__chunk003,蓝/离婚__chunk003,cross,0.845761
杨戴/幸福的家庭__chunk003,蓝/肥皂__chunk001,cross,0.887459
杨戴/幸福的家庭__chunk003,蓝/肥皂__chunk002,cross,0.824219
杨戴/幸福的家庭__chunk003,蓝/肥皂__chunk003,cross,0.849710
杨戴/幸福的家庭__chunk003,蓝/肥皂__chunk004,cross,0.839643
杨戴/幸福的家庭__chunk003,蓝/药__chunk001,cross,0.858601
杨戴/幸福的家庭__chunk003,蓝/药__chunk002,cross,0.844391
杨戴/幸福的家庭__chunk003,蓝/药__chunk003,cross,0.845841
杨戴/幸福的家庭__chunk003,蓝/铸剑__chunk001,cross,0.851199
杨戴/幸福的家庭__chunk003,蓝/铸剑__chunk002,cross,0.850900
杨戴/幸福的家庭__chunk003,蓝/铸剑__chunk003,cross,0.857153
杨戴/幸福的家庭__chunk003,蓝/铸剑__chunk004,cross,0.850128
杨戴/幸福的家庭__chunk003,蓝/铸剑__chunk005,cross,0.840492
杨戴/幸福的家庭__chunk003,蓝/铸剑__chunk006,cross,0.805456
杨戴/幸福的家庭__chunk003,蓝/铸剑__chunk007,cross,0.802349
杨戴/幸福的家庭__chunk003,蓝/阿Q正传__chunk001,cross,0.796050
杨戴/幸福的家庭__chunk003,蓝/阿Q正传__chunk002,cross,0.785462
杨戴/幸福的家庭__chunk003,蓝/阿Q正传__chunk003,cross,0.786850
杨戴/幸福的家庭__chunk003,蓝/阿Q正传__chunk004,cross,0.805664
杨戴/幸福的家庭__chunk003,蓝/阿Q正传__chunk005,cross,0.822265
杨戴/幸福的家庭__chunk003,蓝/阿Q正传__chunk006,cross,0.830572
杨戴/幸福的家庭__chunk003,蓝/阿Q正传__chunk007,cross,0.832995
杨戴/幸福的家庭__chunk003,蓝/阿Q正传__chunk008,cross,0.820862
杨戴/幸福的家庭__chunk003,蓝/阿Q正传__chunk009,cross,0.819758
杨戴/幸福的家庭__chunk003,蓝/阿Q正传__chunk010,cross,0.795883
杨戴/幸福的家庭__chunk003,蓝/阿Q正传__chunk011,cross,0.814067
杨戴/幸福的家庭__chunk003,蓝/阿Q正传__chunk012,cross,0.818015
杨戴/幸福的家庭__chunk003,蓝/阿Q正传__chunk013,cross,0.844340
杨戴/幸福的家庭__chunk003,蓝/阿Q正传__chunk014,cross,0.841672
杨戴/幸福的家庭__chunk003,蓝/阿Q正传__chunk015,cross,0.846500
杨戴/幸福的家庭__chunk003,蓝/阿Q正传__chunk016,cross,0.819910
杨戴/幸福的家庭__chunk003,蓝/阿Q正传__chunk017,cross,0.813291
杨戴/幸福的家庭__chunk003,蓝/风波__chunk001,cross,0.824320
杨戴/幸福的家庭__chunk003,蓝/风波__chunk002,cross,0.859031
杨戴/幸福的家庭__chunk003,蓝/风波__chunk003,cross,0.882151
杨戴/故乡__chunk001,杨戴/故乡__chunk002,same,0.878854
杨戴/故乡__chunk001,杨戴/故乡__chunk003,same,0.845741
杨戴/故乡__chunk001,杨戴/故乡__chunk004,same,0.900642
杨戴/故乡__chunk001,杨戴/明天__chunk001,same,0.795717
杨戴/故乡__chunk001,杨戴/明天__chunk002,same,0.817222
杨戴/故乡__chunk001,杨戴/明天__chunk003,same,0.787761
杨戴/故乡__chunk001,杨戴/狂人日记__chunk001,same,0.846566
杨戴/故乡__chunk001,杨戴/狂人日记__chunk002,same,0.833928
杨戴/故乡__chunk001,杨戴/狂人日记__chunk003,same,0.815861
杨戴/故乡__chunk001,杨戴/狂人日记__chunk004,same,0.813771
杨戴/故乡__chunk001,杨戴/社戏__chunk001,same,0.897426
杨戴/故乡__chunk001,杨戴/社戏__chunk002,same,0.893817
杨戴/故乡__chunk001,杨戴/社戏__chunk003,same,0.875892
杨戴/故乡__chunk001,杨戴/社戏__chunk004,same,0.863176
杨戴/故乡__chunk001,杨戴/祝福__chunk001,same,0.885102
杨戴/故乡__chunk001,杨戴/祝福__chunk002,same,0.856281
杨戴/故乡__chunk001,杨戴/祝福__chunk003,same,0.837930
杨戴/故乡__chunk001,杨戴/祝福__chunk004,same,0.810921
杨戴/故乡__chunk001,杨戴/祝福__chunk005,same,0.853446
杨戴/故乡__chunk001,杨戴/祝福__chunk006,same,0.856097
杨戴/故乡__chunk001,杨戴/祝福__chunk007,same,0.788996
杨戴/故乡__chunk001,杨戴/离婚__chunk001,same,0.767535
杨戴/故乡__chunk001,杨戴/离婚__chunk002,same,0.830465
杨戴/故乡__chunk001,杨戴/离婚__chunk003,same,0.844286
杨戴/故乡__chunk001,杨戴/肥皂__chunk001,same,0.795217
杨戴/故乡__chunk001,杨戴/肥皂__chunk002,same,0.833719
杨戴/故乡__chunk001,杨戴/肥皂__chunk003,same,0.789175
杨戴/故乡__chunk001,杨戴/肥皂__chunk004,same,0.814719
杨戴/故乡__chunk001,杨戴/药__chunk001,same,0.822037
杨戴/故乡__chunk001,杨戴/药__chunk002,same,0.813467
杨戴/故乡__chunk001,杨戴/药__chunk003,same,0.811705
杨戴/故乡__chunk001,杨戴/铸剑__chunk001,same,0.823233
杨戴/故乡__chunk001,杨戴/铸剑__chunk002,same,0.799082
杨戴/故乡__chunk001,杨戴/铸剑__chunk003,same,0.788507
杨戴/故乡__chunk001,杨戴/铸剑__chunk004,same,0.796329
杨戴/故乡__chunk001,杨戴/铸剑__chunk005,same,0.819810
杨戴/故乡__chunk001,杨戴/铸剑__chunk006,same,0.761980
杨戴/故乡__chunk001,杨戴/铸剑__chunk007,same,0.811369
杨戴/故乡__chunk001,杨戴/阿Q正传__chunk001,same,0.825210
杨戴/故乡__chunk001,杨戴/阿Q正传__chunk002,same,0.828544
杨戴/故乡__chunk001,杨戴/阿Q正传__chunk003,same,0.814296
杨戴/故乡__chunk001,杨戴/阿Q正传__chunk004,same,0.847922
杨戴/故乡__chunk001,杨戴/阿Q正传__chunk005,same,0.781241
杨戴/故乡__chunk001,杨戴/阿Q正传__chunk006,same,0.848632
杨戴/故乡__chunk001,杨戴/阿Q正传__chunk007,same,0.830893
杨戴/故乡__chunk001,杨戴/阿Q正传__chunk008,same,0.806065
杨戴/故乡__chunk001,杨戴/阿Q正传__chunk009,same,0.820205
杨戴/故乡__chunk001,杨戴/阿Q正传__chunk010,same,0.859883
杨戴/故乡__chunk001,杨戴/阿Q正传__chunk011,same,0.795857
杨戴/故乡__chunk001,杨戴/阿Q正传__chunk012,same,0.820883
杨戴/故乡__chunk001,杨戴/阿Q正传__chunk013,same,0.845843
杨戴/故乡__chunk001,杨戴/阿Q正传__chunk014,same,0.816805
杨戴/故乡__chunk001,杨戴/阿Q正传__chunk015,same,0.810943
杨戴/故乡__chunk001,杨戴/阿Q正传__chunk016,same,0.820464
杨戴/故乡__chunk001,杨戴/阿Q正传__chunk017,same,0.818436
杨戴/故乡__chunk001,杨戴/风波__chunk001,same,0.839238
杨戴/故乡__chunk001,杨戴/风波__chunk002,same,0.820508
杨戴/故乡__chunk001,杨戴/风波__chunk003,same,0.831668
杨戴/故乡__chunk001,蓝/伤逝__chunk001,cross,0.840961
杨戴/故乡__chunk001,蓝/伤逝__chunk002,cross,0.834959
杨戴/故乡__chunk001,蓝/伤逝__chunk003,cross,0.845162
杨戴/故乡__chunk001,蓝/伤逝__chunk004,cross,0.870565
杨戴/故乡__chunk001,蓝/伤逝__chunk005,cross,0.837673
杨戴/故乡__chunk001,蓝/伤逝__chunk006,cross,0.811795
杨戴/故乡__chunk001,蓝/伤逝__chunk007,cross,0.829821
杨戴/故乡__chunk001,蓝/在酒楼上__chunk001,cross,0.852821
杨戴/故乡__chunk001,蓝/在酒楼上__chunk002,cross,0.889553
杨戴/故乡__chunk001,蓝/在酒楼上__chunk003,cross,0.849602
杨戴/故乡__chunk001,蓝/在酒楼上__chunk004,cross,0.801052
杨戴/故乡__chunk001,蓝/奔月__chunk001,cross,0.825114
杨戴/故乡__chunk001,蓝/奔月__chunk002,cross,0.826991
杨戴/故乡__chunk001,蓝/奔月__chunk003,cross,0.809681
杨戴/故乡__chunk001,蓝/奔月__chunk004,cross,0.779856
杨戴/故乡__chunk001,蓝/孤独者__chunk001,cross,0.859392
杨戴/故乡__chunk001,蓝/孤独者__chunk002,cross,0.828869
杨戴/故乡__chunk001,蓝/孤独者__chunk003,cross,0.832433
杨戴/故乡__chunk001,蓝/孤独者__chunk004,cross,0.842662
杨戴/故乡__chunk001,蓝/孤独者__chunk005,cross,0.812100
杨戴/故乡__chunk001,蓝/孤独者__chunk006,cross,0.811007
杨戴/故乡__chunk001,蓝/孤独者__chunk007,cross,0.842100
杨戴/故乡__chunk001,蓝/孤独者__chunk008,cross,0.803464
杨戴/故乡__chunk001,蓝/幸福的家庭__chunk001,cross,0.784775
杨戴/故乡__chunk001,蓝/幸福的家庭__chunk002,cross,0.802548
杨戴/故乡__chunk001,蓝/幸福的家庭__chunk003,cross,0.733451
杨戴/故乡__chunk001,蓝/故乡__chunk001,cross,0.904302
杨戴/故乡__chunk001,蓝/故乡__chunk002,cross,0.833692
杨戴/故乡__chunk001,蓝/故乡__chunk003,cross,0.823532
杨戴/故乡__chunk001,蓝/明天__chunk001,cross,0.814823
杨戴/故乡__chunk001,蓝/明天__chunk002,cross,0.829016
杨戴/故乡__chunk001,蓝/狂人日记__chunk001,cross,0.799090
杨戴/故乡__chunk001,蓝/狂人日记__chunk002,cross,0.795929
杨戴/故乡__chunk001,蓝/狂人日记__chunk003,cross,0.812460
杨戴/故乡__chunk001,蓝/社戏__chunk001,cross,0.854628
杨戴/故乡__chunk001,蓝/社戏__chunk002,cross,0.864439
杨戴/故乡__chunk001,蓝/社戏__chunk003,cross,0.844457
杨戴/故乡__chunk001,蓝/社戏__chunk004,cross,0.831398
杨戴/故乡__chunk001,蓝/祝福__chunk001,cross,0.855667
杨戴/故乡__chunk001,蓝/祝福__chunk002,cross,0.810834
杨戴/故乡__chunk001,蓝/祝福__chunk003,cross,0.832338
杨戴/故乡__chunk001,蓝/祝福__chunk004,cross,0.788816
杨戴/故乡__chunk001,蓝/祝福__chunk005,cross,0.803432
杨戴/故乡__chunk001,蓝/祝福__chunk006,cross,0.798837
杨戴/故乡__chunk001,蓝/祝福__chunk007,cross,0.732680
杨戴/故乡__chunk001,蓝/离婚__chunk001,cross,0.799812
杨戴/故乡__chunk001,蓝/离婚__chunk002,cross,0.783101
杨戴/故乡__chunk001,蓝/离婚__chunk003,cross,0.802282
杨戴/故乡__chunk001,蓝/肥皂__chunk001,cross,0.798665
杨戴/故乡__chunk001,蓝/肥皂__chunk002,cross,0.844347
杨戴/故乡__chunk001,蓝/肥皂__chunk003,cross,0.793525
杨戴/故乡__chunk001,蓝/肥皂__chunk004,cross,0.779443
杨戴/故乡__chunk001,蓝/药__chunk001,cross,0.786977
杨戴/故乡__chunk001,蓝/药__chunk002,cross,0.771060
杨戴/故乡__chunk001,蓝/药__chunk003,cross,0.778649
杨戴/故乡__chunk001,蓝/铸剑__chunk001,cross,0.828291
杨戴/故乡__chunk001,蓝/铸剑__chunk002,cross,0.810902
杨戴/故乡__chunk001,蓝/铸剑__chunk003,cross,0.795737
杨戴/故乡__chunk001,蓝/铸剑__chunk004,cross,0.804736
杨戴/故乡__chunk001,蓝/铸剑__chunk005,cross,0.805022
杨戴/故乡__chunk001,蓝/铸剑__chunk006,cross,0.762022
杨戴/故乡__chunk001,蓝/铸剑__chunk007,cross,0.802174
杨戴/故乡__chunk001,蓝/阿Q正传__chunk001,cross,0.796486
杨戴/故乡__chunk001,蓝/阿Q正传__chunk002,cross,0.829644
杨戴/故乡__chunk001,蓝/阿Q正传__chunk003,cross,0.756035
杨戴/故乡__chunk001,蓝/阿Q正传__chunk004,cross,0.803286
杨戴/故乡__chunk001,蓝/阿Q正传__chunk005,cross,0.768888
杨戴/故乡__chunk001,蓝/阿Q正传__chunk006,cross,0.815864
杨戴/故乡__chunk001,蓝/阿Q正传__chunk007,cross,0.778620
杨戴/故乡__chunk001,蓝/阿Q正传__chunk008,cross,0.808681
杨戴/故乡__chunk001,蓝/阿Q正传__chunk009,cross,0.792764
杨戴/故乡__chunk001,蓝/阿Q正传__chunk010,cross,0.820311
杨戴/故乡__chunk001,蓝/阿Q正传__chunk011,cross,0.825676
杨戴/故乡__chunk001,蓝/阿Q正传__chunk012,cross,0.789848
杨戴/故乡__chunk001,蓝/阿Q正传__chunk013,cross,0.823254
杨戴/故乡__chunk001,蓝/阿Q正传__chunk014,cross,0.812200
杨戴/故乡__chunk001,蓝/阿Q正传__chunk015,cross,0.821916
杨戴/故乡__chunk001,蓝/阿Q正传__chunk016,cross,0.797452
杨戴/故乡__chunk001,蓝/阿Q正传__chunk017,cross,0.764607
杨戴/故乡__chunk001,蓝/风波__chunk001,cross,0.825618
杨戴/故乡__chunk001,蓝/风波__chunk002,cross,0.831366
杨戴/故乡__chunk001,蓝/风波__chunk003,cross,0.825189
杨戴/故乡__chunk002,杨戴/故乡__chunk003,same,0.899037
杨戴/故乡__chunk002,杨戴/故乡__chunk004,same,0.896111
杨戴/故乡__chunk002,杨戴/明天__chunk001,same,0.817805
杨戴/故乡__chunk002,杨戴/明天__chunk002,same,0.830559
杨戴/故乡__chunk002,杨戴/明天__chunk003,same,0.802679
杨戴/故乡__chunk002,杨戴/狂人日记__chunk001,same,0.862232
杨戴/故乡__chunk002,杨戴/狂人日记__chunk002,same,0.878375
杨戴/故乡__chunk002,杨戴/狂人日记__chunk003,same,0.864505
杨戴/故乡__chunk002,杨戴/狂人日记__chunk004,same,0.887655
杨戴/故乡__chunk002,杨戴/社戏__chunk001,same,0.897394
杨戴/故乡__chunk002,杨戴/社戏__chunk002,same,0.878903
杨戴/故乡__chunk002,杨戴/社戏__chunk003,same,0.877195
杨戴/故乡__chunk002,杨戴/社戏__chunk004,same,0.856116
杨戴/故乡__chunk002,杨戴/祝福__chunk001,same,0.871738
杨戴/故乡__chunk002,杨戴/祝福__chunk002,same,0.883625
杨戴/故乡__chunk002,杨戴/祝福__chunk003,same,0.818702
杨戴/故乡__chunk002,杨戴/祝福__chunk004,same,0.837472
杨戴/故乡__chunk002,杨戴/祝福__chunk005,same,0.864841
杨戴/故乡__chunk002,杨戴/祝福__chunk006,same,0.851529
杨戴/故乡__chunk002,杨戴/祝福__chunk007,same,0.839581
杨戴/故乡__chunk002,杨戴/离婚__chunk001,same,0.826819
杨戴/故乡__chunk002,杨戴/离婚__chunk002,same,0.864402
杨戴/故乡__chunk002,杨戴/离婚__chunk003,same,0.886805
杨戴/故乡__chunk002,杨戴/肥皂__chunk001,same,0.879271
杨戴/故乡__chunk002,杨戴/肥皂__chunk002,same,0.830592
杨戴/故乡__chunk002,杨戴/肥皂__chunk003,same,0.836881
杨戴/故乡__chunk002,杨戴/肥皂__chunk004,same,0.841629
杨戴/故乡__chunk002,杨戴/药__chunk001,same,0.842131
杨戴/故乡__chunk002,杨戴/药__chunk002,same,0.829554
杨戴/故乡__chunk002,杨戴/药__chunk003,same,0.859208
杨戴/故乡__chunk002,杨戴/铸剑__chunk001,same,0.852529
杨戴/故乡__chunk002,杨戴/铸剑__chunk002,same,0.832039
杨戴/故乡__chunk002,杨戴/铸剑__chunk003,same,0.822491
杨戴/故乡__chunk002,杨戴/铸剑__chunk004,same,0.817218
杨戴/故乡__chunk002,杨戴/铸剑__chunk005,same,0.839360
杨戴/故乡__chunk002,杨戴/铸剑__chunk006,same,0.773712
杨戴/故乡__chunk002,杨戴/铸剑__chunk007,same,0.812796
杨戴/故乡__chunk002,杨戴/阿Q正传__chunk001,same,0.830776
杨戴/故乡__chunk002,杨戴/阿Q正传__chunk002,same,0.802596
杨戴/故乡__chunk002,杨戴/阿Q正传__chunk003,same,0.795009
杨戴/故乡__chunk002,杨戴/阿Q正传__chunk004,same,0.804037
杨戴/故乡__chunk002,杨戴/阿Q正传__chunk005,same,0.803855
杨戴/故乡__chunk002,杨戴/阿Q正传__chunk006,same,0.836265
杨戴/故乡__chunk002,杨戴/阿Q正传__chunk007,same,0.833962
杨戴/故乡__chunk002,杨戴/阿Q正传__chunk008,same,0.805465
杨戴/故乡__chunk002,杨戴/阿Q正传__chunk009,same,0.807438
杨戴/故乡__chunk002,杨戴/阿Q正传__chunk010,same,0.833543
杨戴/故乡__chunk002,杨戴/阿Q正传__chunk011,same,0.816571
杨戴/故乡__chunk002,杨戴/阿Q正传__chunk012,same,0.840802
杨戴/故乡__chunk002,杨戴/阿Q正传__chunk013,same,0.848720
杨戴/故乡__chunk002,杨戴/阿Q正传__chunk014,same,0.766755
杨戴/故乡__chunk002,杨戴/阿Q正传__chunk015,same,0.834501
杨戴/故乡__chunk002,杨戴/阿Q正传__chunk016,same,0.827762
杨戴/故乡__chunk002,杨戴/阿Q正传__chunk017,same,0.819835
杨戴/故乡__chunk002,杨戴/风波__chunk001,same,0.881842
杨戴/故乡__chunk002,杨戴/风波__chunk002,same,0.837543
杨戴/故乡__chunk002,杨戴/风波__chunk003,same,0.868957
杨戴/故乡__chunk002,蓝/伤逝__chunk001,cross,0.837402
杨戴/故乡__chunk002,蓝/伤逝__chunk002,cross,0.856321
杨戴/故乡__chunk002,蓝/伤逝__chunk003,cross,0.863932
杨戴/故乡__chunk002,蓝/伤逝__chunk004,cross,0.897139
杨戴/故乡__chunk002,蓝/伤逝__chunk005,cross,0.874188
杨戴/故乡__chunk002,蓝/伤逝__chunk006,cross,0.856578
杨戴/故乡__chunk002,蓝/伤逝__chunk007,cross,0.871130
杨戴/故乡__chunk002,蓝/在酒楼上__chunk001,cross,0.867649
杨戴/故乡__chunk002,蓝/在酒楼上__chunk002,cross,0.917826
杨戴/故乡__chunk002,蓝/在酒楼上__chunk003,cross,0.870784
杨戴/故乡__chunk002,蓝/在酒楼上__chunk004,cross,0.879034
杨戴/故乡__chunk002,蓝/奔月__chunk001,cross,0.850251
杨戴/故乡__chunk002,蓝/奔月__chunk002,cross,0.859426
杨戴/故乡__chunk002,蓝/奔月__chunk003,cross,0.823692
杨戴/故乡__chunk002,蓝/奔月__chunk004,cross,0.816915
杨戴/故乡__chunk002,蓝/孤独者__chunk001,cross,0.863224
杨戴/故乡__chunk002,蓝/孤独者__chunk002,cross,0.866937
杨戴/故乡__chunk002,蓝/孤独者__chunk003,cross,0.894430
杨戴/故乡__chunk002,蓝/孤独者__chunk004,cross,0.901960
杨戴/故乡__chunk002,蓝/孤独者__chunk005,cross,0.876349
杨戴/故乡__chunk002,蓝/孤独者__chunk006,cross,0.888999
杨戴/故乡__chunk002,蓝/孤独者__chunk007,cross,0.863382
杨戴/故乡__chunk002,蓝/孤独者__chunk008,cross,0.835110
杨戴/故乡__chunk002,蓝/幸福的家庭__chunk001,cross,0.852750
杨戴/故乡__chunk002,蓝/幸福的家庭__chunk002,cross,0.851366
杨戴/故乡__chunk002,蓝/幸福的家庭__chunk003,cross,0.783552
杨戴/故乡__chunk002,蓝/故乡__chunk001,cross,0.882227
杨戴/故乡__chunk002,蓝/故乡__chunk002,cross,0.919551
杨戴/故乡__chunk002,蓝/故乡__chunk003,cross,0.869882
杨戴/故乡__chunk002,蓝/明天__chunk001,cross,0.818940
杨戴/故乡__chunk002,蓝/明天__chunk002,cross,0.824466
杨戴/故乡__chunk002,蓝/狂人日记__chunk001,cross,0.851502
杨戴/故乡__chunk002,蓝/狂人日记__chunk002,cross,0.842432
杨戴/故乡__chunk002,蓝/狂人日记__chunk003,cross,0.858771
杨戴/故乡__chunk002,蓝/社戏__chunk001,cross,0.838348
杨戴/故乡__chunk002,蓝/社戏__chunk002,cross,0.858526
杨戴/故乡__chunk002,蓝/社戏__chunk003,cross,0.849129
杨戴/故乡__chunk002,蓝/社戏__chunk004,cross,0.837452
杨戴/故乡__chunk002,蓝/祝福__chunk001,cross,0.840820
杨戴/故乡__chunk002,蓝/祝福__chunk002,cross,0.879539
杨戴/故乡__chunk002,蓝/祝福__chunk003,cross,0.816126
杨戴/故乡__chunk002,蓝/祝福__chunk004,cross,0.844365
杨戴/故乡__chunk002,蓝/祝福__chunk005,cross,0.840327
杨戴/故乡__chunk002,蓝/祝福__chunk006,cross,0.853428
杨戴/故乡__chunk002,蓝/祝福__chunk007,cross,0.786175
杨戴/故乡__chunk002,蓝/离婚__chunk001,cross,0.849478
杨戴/故乡__chunk002,蓝/离婚__chunk002,cross,0.826964
杨戴/故乡__chunk002,蓝/离婚__chunk003,cross,0.886830
杨戴/故乡__chunk002,蓝/肥皂__chunk001,cross,0.874386
杨戴/故乡__chunk002,蓝/肥皂__chunk002,cross,0.852122
杨戴/故乡__chunk002,蓝/肥皂__chunk003,cross,0.853942
杨戴/故乡__chunk002,蓝/肥皂__chunk004,cross,0.831958
杨戴/故乡__chunk002,蓝/药__chunk001,cross,0.815078
杨戴/故乡__chunk002,蓝/药__chunk002,cross,0.797590
杨戴/故乡__chunk002,蓝/药__chunk003,cross,0.813822
杨戴/故乡__chunk002,蓝/铸剑__chunk001,cross,0.844561
杨戴/故乡__chunk002,蓝/铸剑__chunk002,cross,0.842889
杨戴/故乡__chunk002,蓝/铸剑__chunk003,cross,0.815161
杨戴/故乡__chunk002,蓝/铸剑__chunk004,cross,0.823860
杨戴/故乡__chunk002,蓝/铸剑__chunk005,cross,0.811031
杨戴/故乡__chunk002,蓝/铸剑__chunk006,cross,0.751087
杨戴/故乡__chunk002,蓝/铸剑__chunk007,cross,0.784591
杨戴/故乡__chunk002,蓝/阿Q正传__chunk001,cross,0.792557
杨戴/故乡__chunk002,蓝/阿Q正传__chunk002,cross,0.784464
杨戴/故乡__chunk002,蓝/阿Q正传__chunk003,cross,0.742869
杨戴/故乡__chunk002,蓝/阿Q正传__chunk004,cross,0.787052
杨戴/故乡__chunk002,蓝/阿Q正传__chunk005,cross,0.763561
杨戴/故乡__chunk002,蓝/阿Q正传__chunk006,cross,0.808211
杨戴/故乡__chunk002,蓝/阿Q正传__chunk007,cross,0.797137
杨戴/故乡__chunk002,蓝/阿Q正传__chunk008,cross,0.811172
杨戴/故乡__chunk002,蓝/阿Q正传__chunk009,cross,0.790754
杨戴/故乡__chunk002,蓝/阿Q正传__chunk010,cross,0.794142
杨戴/故乡__chunk002,蓝/阿Q正传__chunk011,cross,0.804912
杨戴/故乡__chunk002,蓝/阿Q正传__chunk012,cross,0.821607
杨戴/故乡__chunk002,蓝/阿Q正传__chunk013,cross,0.820868
杨戴/故乡__chunk002,蓝/阿Q正传__chunk014,cross,0.821861
杨戴/故乡__chunk002,蓝/阿Q正传__chunk015,cross,0.822079
杨戴/故乡__chunk002,蓝/阿Q正传__chunk016,cross,0.807931
杨戴/故乡__chunk002,蓝/阿Q正传__chunk017,cross,0.770266
杨戴/故乡__chunk002,蓝/风波__chunk001,cross,0.848637
杨戴/故乡__chunk002,蓝/风波__chunk002,cross,0.854577
杨戴/故乡__chunk002,蓝/风波__chunk003,cross,0.807017
杨戴/故乡__chunk003,杨戴/故乡__chunk004,same,0.860874
杨戴/故乡__chunk003,杨戴/明天__chunk001,same,0.793088
杨戴/故乡__chunk003,杨戴/明天__chunk002,same,0.809418
杨戴/故乡__chunk003,杨戴/明天__chunk003,same,0.782521
杨戴/故乡__chunk003,杨戴/狂人日记__chunk001,same,0.840582
杨戴/故乡__chunk003,杨戴/狂人日记__chunk002,same,0.858920
杨戴/故乡__chunk003,杨戴/狂人日记__chunk003,same,0.848205
杨戴/故乡__chunk003,杨戴/狂人日记__chunk004,same,0.840275
杨戴/故乡__chunk003,杨戴/社戏__chunk001,same,0.849627
杨戴/故乡__chunk003,杨戴/社戏__chunk002,same,0.851108
杨戴/故乡__chunk003,杨戴/社戏__chunk003,same,0.813105
杨戴/故乡__chunk003,杨戴/社戏__chunk004,same,0.821431
杨戴/故乡__chunk003,杨戴/祝福__chunk001,same,0.787784
杨戴/故乡__chunk003,杨戴/祝福__chunk002,same,0.850405
杨戴/故乡__chunk003,杨戴/祝福__chunk003,same,0.779126
杨戴/故乡__chunk003,杨戴/祝福__chunk004,same,0.793153
杨戴/故乡__chunk003,杨戴/祝福__chunk005,same,0.841615
杨戴/故乡__chunk003,杨戴/祝福__chunk006,same,0.809840
杨戴/故乡__chunk003,杨戴/祝福__chunk007,same,0.802554
杨戴/故乡__chunk003,杨戴/离婚__chunk001,same,0.780150
杨戴/故乡__chunk003,杨戴/离婚__chunk002,same,0.865147
杨戴/故乡__chunk003,杨戴/离婚__chunk003,same,0.839820
杨戴/故乡__chunk003,杨戴/肥皂__chunk001,same,0.833884
杨戴/故乡__chunk003,杨戴/肥皂__chunk002,same,0.809865
杨戴/故乡__chunk003,杨戴/肥皂__chunk003,same,0.811541
杨戴/故乡__chunk003,杨戴/肥皂__chunk004,same,0.784620
杨戴/故乡__chunk003,杨戴/药__chunk001,same,0.839182
杨戴/故乡__chunk003,杨戴/药__chunk002,same,0.842170
杨戴/故乡__chunk003,杨戴/药__chunk003,same,0.791293
杨戴/故乡__chunk003,杨戴/铸剑__chunk001,same,0.811615
杨戴/故乡__chunk003,杨戴/铸剑__chunk002,same,0.799537
杨戴/故乡__chunk003,杨戴/铸剑__chunk003,same,0.788921
杨戴/故乡__chunk003,杨戴/铸剑__chunk004,same,0.800490
杨戴/故乡__chunk003,杨戴/铸剑__chunk005,same,0.812637
杨戴/故乡__chunk003,杨戴/铸剑__chunk006,same,0.736891
杨戴/故乡__chunk003,杨戴/铸剑__chunk007,same,0.771400
杨戴/故乡__chunk003,杨戴/阿Q正传__chunk001,same,0.806325
杨戴/故乡__chunk003,杨戴/阿Q正传__chunk002,same,0.792709
杨戴/故乡__chunk003,杨戴/阿Q正传__chunk003,same,0.798712
杨戴/故乡__chunk003,杨戴/阿Q正传__chunk004,same,0.822921
杨戴/故乡__chunk003,杨戴/阿Q正传__chunk005,same,0.808996
杨戴/故乡__chunk003,杨戴/阿Q正传__chunk006,same,0.820937
杨戴/故乡__chunk003,杨戴/阿Q正传__chunk007,same,0.840252
杨戴/故乡__chunk003,杨戴/阿Q正传__chunk008,same,0.814342
杨戴/故乡__chunk003,杨戴/阿Q正传__chunk009,same,0.827510
杨戴/故乡__chunk003,杨戴/阿Q正传__chunk010,same,0.807588
杨戴/故乡__chunk003,杨戴/阿Q正传__chunk011,same,0.812420
杨戴/故乡__chunk003,杨戴/阿Q正传__chunk012,same,0.851938
杨戴/故乡__chunk003,杨戴/阿Q正传__chunk013,same,0.827695
杨戴/故乡__chunk003,杨戴/阿Q正传__chunk014,same,0.815715
杨戴/故乡__chunk003,杨戴/阿Q正传__chunk015,same,0.852353
杨戴/故乡__chunk003,杨戴/阿Q正传__chunk016,same,0.823910
杨戴/故乡__chunk003,杨戴/阿Q正传__chunk017,same,0.832804
杨戴/故乡__chunk003,杨戴/风波__chunk001,same,0.827985
杨戴/故乡__chunk003,杨戴/风波__chunk002,same,0.826530
杨戴/故乡__chunk003,杨戴/风波__chunk003,same,0.829543
杨戴/故乡__chunk003,蓝/伤逝__chunk001,cross,0.766783
杨戴/故乡__chunk003,蓝/伤逝__chunk002,cross,0.775037
杨戴/故乡__chunk003,蓝/伤逝__chunk003,cross,0.786193
杨戴/故乡__chunk003,蓝/伤逝__chunk004,cross,0.824824
杨戴/故乡__chunk003,蓝/伤逝__chunk005,cross,0.789713
杨戴/故乡__chunk003,蓝/伤逝__chunk006,cross,0.790935
杨戴/故乡__chunk003,蓝/伤逝__chunk007,cross,0.816578
杨戴/故乡__chunk003,蓝/在酒楼上__chunk001,cross,0.818950
杨戴/故乡__chunk003,蓝/在酒楼上__chunk002,cross,0.854775
杨戴/故乡__chunk003,蓝/在酒楼上__chunk003,cross,0.840801
杨戴/故乡__chunk003,蓝/在酒楼上__chunk004,cross,0.844406
杨戴/故乡__chunk003,蓝/奔月__chunk001,cross,0.805474
杨戴/故乡__chunk003,蓝/奔月__chunk002,cross,0.819789
杨戴/故乡__chunk003,蓝/奔月__chunk003,cross,0.818605
杨戴/故乡__chunk003,蓝/奔月__chunk004,cross,0.788029
杨戴/故乡__chunk003,蓝/孤独者__chunk001,cross,0.826858
杨戴/故乡__chunk003,蓝/孤独者__chunk002,cross,0.854596
杨戴/故乡__chunk003,蓝/孤独者__chunk003,cross,0.848498
杨戴/故乡__chunk003,蓝/孤独者__chunk004,cross,0.840934
杨戴/故乡__chunk003,蓝/孤独者__chunk005,cross,0.833886
杨戴/故乡__chunk003,蓝/孤独者__chunk006,cross,0.814370
杨戴/故乡__chunk003,蓝/孤独者__chunk007,cross,0.793343
杨戴/故乡__chunk003,蓝/孤独者__chunk008,cross,0.812343
杨戴/故乡__chunk003,蓝/幸福的家庭__chunk001,cross,0.807587
杨戴/故乡__chunk003,蓝/幸福的家庭__chunk002,cross,0.800447
杨戴/故乡__chunk003,蓝/幸福的家庭__chunk003,cross,0.771889
杨戴/故乡__chunk003,蓝/故乡__chunk001,cross,0.818465
杨戴/故乡__chunk003,蓝/故乡__chunk002,cross,0.867946
杨戴/故乡__chunk003,蓝/故乡__chunk003,cross,0.874433
杨戴/故乡__chunk003,蓝/明天__chunk001,cross,0.781367
杨戴/故乡__chunk003,蓝/明天__chunk002,cross,0.779412
杨戴/故乡__chunk003,蓝/狂人日记__chunk001,cross,0.773573
杨戴/故乡__chunk003,蓝/狂人日记__chunk002,cross,0.797244
杨戴/故乡__chunk003,蓝/狂人日记__chunk003,cross,0.818343
杨戴/故乡__chunk003,蓝/社戏__chunk001,cross,0.773684
杨戴/故乡__chunk003,蓝/社戏__chunk002,cross,0.784140
杨戴/故乡__chunk003,蓝/社戏__chunk003,cross,0.794347
杨戴/故乡__chunk003,蓝/社戏__chunk004,cross,0.811179
杨戴/故乡__chunk003,蓝/祝福__chunk001,cross,0.772552
杨戴/故乡__chunk003,蓝/祝福__chunk002,cross,0.816297
杨戴/故乡__chunk003,蓝/祝福__chunk003,cross,0.763096
杨戴/故乡__chunk003,蓝/祝福__chunk004,cross,0.769790
杨戴/故乡__chunk003,蓝/祝福__chunk005,cross,0.823488
杨戴/故乡__chunk003,蓝/祝福__chunk006,cross,0.798667
杨戴/故乡__chunk003,蓝/祝福__chunk007,cross,0.717015
杨戴/故乡__chunk003,蓝/离婚__chunk001,cross,0.804623
杨戴/故乡__chunk003,蓝/离婚__chunk002,cross,0.776387
杨戴/故乡__chunk003,蓝/离婚__chunk003,cross,0.835788
杨戴/故乡__chunk003,蓝/肥皂__chunk001,cross,0.820427
杨戴/故乡__chunk003,蓝/肥皂__chunk002,cross,0.814176
杨戴/故乡__chunk003,蓝/肥皂__chunk003,cross,0.788993
杨戴/故乡__chunk003,蓝/肥皂__chunk004,cross,0.772788
杨戴/故乡__chunk003,蓝/药__chunk001,cross,0.780771
杨戴/故乡__chunk003,蓝/药__chunk002,cross,0.782571
杨戴/故乡__chunk003,蓝/药__chunk003,cross,0.764136
杨戴/故乡__chunk003,蓝/铸剑__chunk001,cross,0.810361
杨戴/故乡__chunk003,蓝/铸剑__chunk002,cross,0.814167
杨戴/故乡__chunk003,蓝/铸剑__chunk003,cross,0.787964
杨戴/故乡__chunk003,蓝/铸剑__chunk004,cross,0.810843
杨戴/故乡__chunk003,蓝/铸剑__chunk005,cross,0.779654
杨戴/故乡__chunk003,蓝/铸剑__chunk006,cross,0.723956
杨戴/故乡__chunk003,蓝/铸剑__chunk007,cross,0.741281
杨戴/故乡__chunk003,蓝/阿Q正传__chunk001,cross,0.763541
杨戴/故乡__chunk003,蓝/阿Q正传__chunk002,cross,0.761066
杨戴/故乡__chunk003,蓝/阿Q正传__chunk003,cross,0.752178
杨戴/故乡__chunk003,蓝/阿Q正传__chunk004,cross,0.793426
杨戴/故乡__chunk003,蓝/阿Q正传__chunk005,cross,0.790053
杨戴/故乡__chunk003,蓝/阿Q正传__chunk006,cross,0.793856
杨戴/故乡__chunk003,蓝/阿Q正传__chunk007,cross,0.779481
杨戴/故乡__chunk003,蓝/阿Q正传__chunk008,cross,0.790372
杨戴/故乡__chunk003,蓝/阿Q正传__chunk009,cross,0.786277
杨戴/故乡__chunk003,蓝/阿Q正传__chunk010,cross,0.772855
杨戴/故乡__chunk003,蓝/阿Q正传__chunk011,cross,0.770770
杨戴/故乡__chunk003,蓝/阿Q正传__chunk012,cross,0.809384
杨戴/故乡__chunk003,蓝/阿Q正传__chunk013,cross,0.784946
杨戴/故乡__chunk003,蓝/阿Q正传__chunk014,cross,0.796209
杨戴/故乡__chunk003,蓝/阿Q正传__chunk015,cross,0.812809
杨戴/故乡__chunk003,蓝/阿Q正传__chunk016,cross,0.802127
杨戴/故乡__chunk003,蓝/阿Q正传__chunk017,cross,0.780613
杨戴/故乡__chunk003,蓝/风波__chunk001,cross,0.782357
杨戴/故乡__chunk003,蓝/风波__chunk002,cross,0.817171
杨戴/故乡__chunk003,蓝/风波__chunk003,cross,0.821980
杨戴/故乡__chunk004,杨戴/明天__chunk001,same,0.821483
杨戴/故乡__chunk004,杨戴/明天__chunk002,same,0.843660
杨戴/故乡__chunk004,杨戴/明天__chunk003,same,0.822844
杨戴/故乡__chunk004,杨戴/狂人日记__chunk001,same,0.884725
杨戴/故乡__chunk004,杨戴/狂人日记__chunk002,same,0.852059
杨戴/故乡__chunk004,杨戴/狂人日记__chunk003,same,0.845697
杨戴/故乡__chunk004,杨戴/狂人日记__chunk004,same,0.853777
杨戴/故乡__chunk004,杨戴/社戏__chunk001,same,0.882623
杨戴/故乡__chunk004,杨戴/社戏__chunk002,same,0.900764
杨戴/故乡__chunk004,杨戴/社戏__chunk003,same,0.898285
杨戴/故乡__chunk004,杨戴/社戏__chunk004,same,0.878602
杨戴/故乡__chunk004,杨戴/祝福__chunk001,same,0.894729
杨戴/故乡__chunk004,杨戴/祝福__chunk002,same,0.853093
杨戴/故乡__chunk004,杨戴/祝福__chunk003,same,0.851866
杨戴/故乡__chunk004,杨戴/祝福__chunk004,same,0.840035
杨戴/故乡__chunk004,杨戴/祝福__chunk005,same,0.872490
杨戴/故乡__chunk004,杨戴/祝福__chunk006,same,0.873680
杨戴/故乡__chunk004,杨戴/祝福__chunk007,same,0.816804
杨戴/故乡__chunk004,杨戴/离婚__chunk001,same,0.796598
杨戴/故乡__chunk004,杨戴/离婚__chunk002,same,0.847352
杨戴/故乡__chunk004,杨戴/离婚__chunk003,same,0.860994
杨戴/故乡__chunk004,杨戴/肥皂__chunk001,same,0.826551
杨戴/故乡__chunk004,杨戴/肥皂__chunk002,same,0.821543
杨戴/故乡__chunk004,杨戴/肥皂__chunk003,same,0.822028
杨戴/故乡__chunk004,杨戴/肥皂__chunk004,same,0.833582
杨戴/故乡__chunk004,杨戴/药__chunk001,same,0.840873
杨戴/故乡__chunk004,杨戴/药__chunk002,same,0.820423
杨戴/故乡__chunk004,杨戴/药__chunk003,same,0.834775
杨戴/故乡__chunk004,杨戴/铸剑__chunk001,same,0.841831
杨戴/故乡__chunk004,杨戴/铸剑__chunk002,same,0.820160
杨戴/故乡__chunk004,杨戴/铸剑__chunk003,same,0.818247
杨戴/故乡__chunk004,杨戴/铸剑__chunk004,same,0.819139
杨戴/故乡__chunk004,杨戴/铸剑__chunk005,same,0.829731
杨戴/故乡__chunk004,杨戴/铸剑__chunk006,same,0.785774
杨戴/故乡__chunk004,杨戴/铸剑__chunk007,same,0.823638
杨戴/故乡__chunk004,杨戴/阿Q正传__chunk001,same,0.836825
杨戴/故乡__chunk004,杨戴/阿Q正传__chunk002,same,0.834226
杨戴/故乡__chunk004,杨戴/阿Q正传__chunk003,same,0.818997
杨戴/故乡__chunk004,杨戴/阿Q正传__chunk004,same,0.839662
杨戴/故乡__chunk004,杨戴/阿Q正传__chunk005,same,0.797939
杨戴/故乡__chunk004,杨戴/阿Q正传__chunk006,same,0.869014
杨戴/故乡__chunk004,杨戴/阿Q正传__chunk007,same,0.832231
杨戴/故乡__chunk004,杨戴/阿Q正传__chunk008,same,0.822453
杨戴/故乡__chunk004,杨戴/阿Q正传__chunk009,same,0.835504
杨戴/故乡__chunk004,杨戴/阿Q正传__chunk010,same,0.853694
杨戴/故乡__chunk004,杨戴/阿Q正传__chunk011,same,0.830208
杨戴/故乡__chunk004,杨戴/阿Q正传__chunk012,same,0.842688
杨戴/故乡__chunk004,杨戴/阿Q正传__chunk013,same,0.874095
杨戴/故乡__chunk004,杨戴/阿Q正传__chunk014,same,0.809503
杨戴/故乡__chunk004,杨戴/阿Q正传__chunk015,same,0.833331
杨戴/故乡__chunk004,杨戴/阿Q正传__chunk016,same,0.829374
杨戴/故乡__chunk004,杨戴/阿Q正传__chunk017,same,0.834685
杨戴/故乡__chunk004,杨戴/风波__chunk001,same,0.863540
杨戴/故乡__chunk004,杨戴/风波__chunk002,same,0.843604
杨戴/故乡__chunk004,杨戴/风波__chunk003,same,0.853861
杨戴/故乡__chunk004,蓝/伤逝__chunk001,cross,0.855711
杨戴/故乡__chunk004,蓝/伤逝__chunk002,cross,0.850777
杨戴/故乡__chunk004,蓝/伤逝__chunk003,cross,0.859602
杨戴/故乡__chunk004,蓝/伤逝__chunk004,cross,0.870197
杨戴/故乡__chunk004,蓝/伤逝__chunk005,cross,0.852964
杨戴/故乡__chunk004,蓝/伤逝__chunk006,cross,0.843187
杨戴/故乡__chunk004,蓝/伤逝__chunk007,cross,0.852188
杨戴/故乡__chunk004,蓝/在酒楼上__chunk001,cross,0.865432
杨戴/故乡__chunk004,蓝/在酒楼上__chunk002,cross,0.888656
杨戴/故乡__chunk004,蓝/在酒楼上__chunk003,cross,0.841541
杨戴/故乡__chunk004,蓝/在酒楼上__chunk004,cross,0.808941
杨戴/故乡__chunk004,蓝/奔月__chunk001,cross,0.846223
杨戴/故乡__chunk004,蓝/奔月__chunk002,cross,0.837266
杨戴/故乡__chunk004,蓝/奔月__chunk003,cross,0.836803
杨戴/故乡__chunk004,蓝/奔月__chunk004,cross,0.833465
杨戴/故乡__chunk004,蓝/孤独者__chunk001,cross,0.869045
杨戴/故乡__chunk004,蓝/孤独者__chunk002,cross,0.845211
杨戴/故乡__chunk004,蓝/孤独者__chunk003,cross,0.849902
杨戴/故乡__chunk004,蓝/孤独者__chunk004,cross,0.860593
杨戴/故乡__chunk004,蓝/孤独者__chunk005,cross,0.813106
杨戴/故乡__chunk004,蓝/孤独者__chunk006,cross,0.823764
杨戴/故乡__chunk004,蓝/孤独者__chunk007,cross,0.864367
杨戴/故乡__chunk004,蓝/孤独者__chunk008,cross,0.824569
杨戴/故乡__chunk004,蓝/幸福的家庭__chunk001,cross,0.820960
杨戴/故乡__chunk004,蓝/幸福的家庭__chunk002,cross,0.846032
杨戴/故乡__chunk004,蓝/幸福的家庭__chunk003,cross,0.750289
杨戴/故乡__chunk004,蓝/故乡__chunk001,cross,0.896326
杨戴/故乡__chunk004,蓝/故乡__chunk002,cross,0.852518
杨戴/故乡__chunk004,蓝/故乡__chunk003,cross,0.842599
杨戴/故乡__chunk004,蓝/明天__chunk001,cross,0.838682
杨戴/故乡__chunk004,蓝/明天__chunk002,cross,0.856443
杨戴/故乡__chunk004,蓝/狂人日记__chunk001,cross,0.826923
杨戴/故乡__chunk004,蓝/狂人日记__chunk002,cross,0.810165
杨戴/故乡__chunk004,蓝/狂人日记__chunk003,cross,0.834776
杨戴/故乡__chunk004,蓝/社戏__chunk001,cross,0.863433
杨戴/故乡__chunk004,蓝/社戏__chunk002,cross,0.890824
杨戴/故乡__chunk004,蓝/社戏__chunk003,cross,0.874125
杨戴/故乡__chunk004,蓝/社戏__chunk004,cross,0.876254
杨戴/故乡__chunk004,蓝/祝福__chunk001,cross,0.863875
杨戴/故乡__chunk004,蓝/祝福__chunk002,cross,0.831917
杨戴/故乡__chunk004,蓝/祝福__chunk003,cross,0.838350
杨戴/故乡__chunk004,蓝/祝福__chunk004,cross,0.822470
杨戴/故乡__chunk004,蓝/祝福__chunk005,cross,0.819970
杨戴/故乡__chunk004,蓝/祝福__chunk006,cross,0.829228
杨戴/故乡__chunk004,蓝/祝福__chunk007,cross,0.773719
杨戴/故乡__chunk004,蓝/离婚__chunk001,cross,0.838990
杨戴/故乡__chunk004,蓝/离婚__chunk002,cross,0.820328
杨戴/故乡__chunk004,蓝/离婚__chunk003,cross,0.827591
杨戴/故乡__chunk004,蓝/肥皂__chunk001,cross,0.822731
杨戴/故乡__chunk004,蓝/肥皂__chunk002,cross,0.860629
杨戴/故乡__chunk004,蓝/肥皂__chunk003,cross,0.815711
杨戴/故乡__chunk004,蓝/肥皂__chunk004,cross,0.802341
杨戴/故乡__chunk004,蓝/药__chunk001,cross,0.813445
杨戴/故乡__chunk004,蓝/药__chunk002,cross,0.807688
杨戴/故乡__chunk004,蓝/药__chunk003,cross,0.800609
杨戴/故乡__chunk004,蓝/铸剑__chunk001,cross,0.845447
杨戴/故乡__chunk004,蓝/铸剑__chunk002,cross,0.841968
杨戴/故乡__chunk004,蓝/铸剑__chunk003,cross,0.835904
杨戴/故乡__chunk004,蓝/铸剑__chunk004,cross,0.825951
杨戴/故乡__chunk004,蓝/铸剑__chunk005,cross,0.830752
杨戴/故乡__chunk004,蓝/铸剑__chunk006,cross,0.787272
杨戴/故乡__chunk004,蓝/铸剑__chunk007,cross,0.825800
杨戴/故乡__chunk004,蓝/阿Q正传__chunk001,cross,0.825318
杨戴/故乡__chunk004,蓝/阿Q正传__chunk002,cross,0.839755
杨戴/故乡__chunk004,蓝/阿Q正传__chunk003,cross,0.777260
杨戴/故乡__chunk004,蓝/阿Q正传__chunk004,cross,0.807695
杨戴/故乡__chunk004,蓝/阿Q正传__chunk005,cross,0.780266
杨戴/故乡__chunk004,蓝/阿Q正传__chunk006,cross,0.848634
杨戴/故乡__chunk004,蓝/阿Q正传__chunk007,cross,0.807361
杨戴/故乡__chunk004,蓝/阿Q正传__chunk008,cross,0.830986
杨戴/故乡__chunk004,蓝/阿Q正传__chunk009,cross,0.816788
杨戴/故乡__chunk004,蓝/阿Q正传__chunk010,cross,0.845298
杨戴/故乡__chunk004,蓝/阿Q正传__chunk011,cross,0.847343
杨戴/故乡__chunk004,蓝/阿Q正传__chunk012,cross,0.813462
杨戴/故乡__chunk004,蓝/阿Q正传__chunk013,cross,0.851354
杨戴/故乡__chunk004,蓝/阿Q正传__chunk014,cross,0.836392
杨戴/故乡__chunk004,蓝/阿Q正传__chunk015,cross,0.847155
杨戴/故乡__chunk004,蓝/阿Q正传__chunk016,cross,0.804323
杨戴/故乡__chunk004,蓝/阿Q正传__chunk017,cross,0.809035
杨戴/故乡__chunk004,蓝/风波__chunk001,cross,0.851567
杨戴/故乡__chunk004,蓝/风波__chunk002,cross,0.863308
杨戴/故乡__chunk004,蓝/风波__chunk003,cross,0.848995
杨戴/明天__chunk001,杨戴/明天__chunk002,same,0.933505
杨戴/明天__chunk001,杨戴/明天__chunk003,same,0.901072
杨戴/明天__chunk001,杨戴/狂人日记__chunk001,same,0.778918
杨戴/明天__chunk001,杨戴/狂人日记__chunk002,same,0.740903
杨戴/明天__chunk001,杨戴/狂人日记__chunk003,same,0.788585
杨戴/明天__chunk001,杨戴/狂人日记__chunk004,same,0.771617
杨戴/明天__chunk001,杨戴/社戏__chunk001,same,0.781763
杨戴/明天__chunk001,杨戴/社戏__chunk002,same,0.793672
杨戴/明天__chunk001,杨戴/社戏__chunk003,same,0.838908
杨戴/明天__chunk001,杨戴/社戏__chunk004,same,0.845069
杨戴/明天__chunk001,杨戴/祝福__chunk001,same,0.820977
杨戴/明天__chunk001,杨戴/祝福__chunk002,same,0.760716
杨戴/明天__chunk001,杨戴/祝福__chunk003,same,0.852480
杨戴/明天__chunk001,杨戴/祝福__chunk004,same,0.879744
杨戴/明天__chunk001,杨戴/祝福__chunk005,same,0.881839
杨戴/明天__chunk001,杨戴/祝福__chunk006,same,0.821632
杨戴/明天__chunk001,杨戴/祝福__chunk007,same,0.881850
杨戴/明天__chunk001,杨戴/离婚__chunk001,same,0.797676
杨戴/明天__chunk001,杨戴/离婚__chunk002,same,0.871696
杨戴/明天__chunk001,杨戴/离婚__chunk003,same,0.849073
杨戴/明天__chunk001,杨戴/肥皂__chunk001,same,0.852360
杨戴/明天__chunk001,杨戴/肥皂__chunk002,same,0.830478
杨戴/明天__chunk001,杨戴/肥皂__chunk003,same,0.833859
杨戴/明天__chunk001,杨戴/肥皂__chunk004,same,0.865790
杨戴/明天__chunk001,杨戴/药__chunk001,same,0.856613
杨戴/明天__chunk001,杨戴/药__chunk002,same,0.829689
杨戴/明天__chunk001,杨戴/药__chunk003,same,0.902071
杨戴/明天__chunk001,杨戴/铸剑__chunk001,same,0.853899
杨戴/明天__chunk001,杨戴/铸剑__chunk002,same,0.830419
杨戴/明天__chunk001,杨戴/铸剑__chunk003,same,0.825695
杨戴/明天__chunk001,杨戴/铸剑__chunk004,same,0.830146
杨戴/明天__chunk001,杨戴/铸剑__chunk005,same,0.824446
杨戴/明天__chunk001,杨戴/铸剑__chunk006,same,0.814220
杨戴/明天__chunk001,杨戴/铸剑__chunk007,same,0.845506
杨戴/明天__chunk001,杨戴/阿Q正传__chunk001,same,0.784155
杨戴/明天__chunk001,杨戴/阿Q正传__chunk002,same,0.768416
杨戴/明天__chunk001,杨戴/阿Q正传__chunk003,same,0.770354
杨戴/明天__chunk001,杨戴/阿Q正传__chunk004,same,0.794335
杨戴/明天__chunk001,杨戴/阿Q正传__chunk005,same,0.798896
杨戴/明天__chunk001,杨戴/阿Q正传__chunk006,same,0.806479
杨戴/明天__chunk001,杨戴/阿Q正传__chunk007,same,0.813817
杨戴/明天__chunk001,杨戴/阿Q正传__chunk008,same,0.770331
杨戴/明天__chunk001,杨戴/阿Q正传__chunk009,same,0.810750
杨戴/明天__chunk001,杨戴/阿Q正传__chunk010,same,0.799837
杨戴/明天__chunk001,杨戴/阿Q正传__chunk011,same,0.781180
杨戴/明天__chunk001,杨戴/阿Q正传__chunk012,same,0.812718
杨戴/明天__chunk001,杨戴/阿Q正传__chunk013,same,0.858893
杨戴/明天__chunk001,杨戴/阿Q正传__chunk014,same,0.773918
杨戴/明天__chunk001,杨戴/阿Q正传__chunk015,same,0.804481
杨戴/明天__chunk001,杨戴/阿Q正传__chunk016,same,0.801201
杨戴/明天__chunk001,杨戴/阿Q正传__chunk017,same,0.817399
杨戴/明天__chunk001,杨戴/风波__chunk001,same,0.875887
杨戴/明天__chunk001,杨戴/风波__chunk002,same,0.857153
杨戴/明天__chunk001,杨戴/风波__chunk003,same,0.889718
杨戴/明天__chunk001,蓝/伤逝__chunk001,cross,0.760409
杨戴/明天__chunk001,蓝/伤逝__chunk002,cross,0.792293
杨戴/明天__chunk001,蓝/伤逝__chunk003,cross,0.820462
杨戴/明天__chunk001,蓝/伤逝__chunk004,cross,0.838787
杨戴/明天__chunk001,蓝/伤逝__chunk005,cross,0.789256
杨戴/明天__chunk001,蓝/伤逝__chunk006,cross,0.791887
杨戴/明天__chunk001,蓝/伤逝__chunk007,cross,0.789445
杨戴/明天__chunk001,蓝/在酒楼上__chunk001,cross,0.788384
杨戴/明天__chunk001,蓝/在酒楼上__chunk002,cross,0.815508
杨戴/明天__chunk001,蓝/在酒楼上__chunk003,cross,0.790325
杨戴/明天__chunk001,蓝/在酒楼上__chunk004,cross,0.813218
杨戴/明天__chunk001,蓝/奔月__chunk001,cross,0.861183
杨戴/明天__chunk001,蓝/奔月__chunk002,cross,0.845710
杨戴/明天__chunk001,蓝/奔月__chunk003,cross,0.842322
杨戴/明天__chunk001,蓝/奔月__chunk004,cross,0.813365
杨戴/明天__chunk001,蓝/孤独者__chunk001,cross,0.825270
杨戴/明天__chunk001,蓝/孤独者__chunk002,cross,0.805006
杨戴/明天__chunk001,蓝/孤独者__chunk003,cross,0.776610
杨戴/明天__chunk001,蓝/孤独者__chunk004,cross,0.814458
杨戴/明天__chunk001,蓝/孤独者__chunk005,cross,0.769759
杨戴/明天__chunk001,蓝/孤独者__chunk006,cross,0.747501
杨戴/明天__chunk001,蓝/孤独者__chunk007,cross,0.802712
杨戴/明天__chunk001,蓝/孤独者__chunk008,cross,0.804122
杨戴/明天__chunk001,蓝/幸福的家庭__chunk001,cross,0.814498
杨戴/明天__chunk001,蓝/幸福的家庭__chunk002,cross,0.815014
杨戴/明天__chunk001,蓝/幸福的家庭__chunk003,cross,0.778122
杨戴/明天__chunk001,蓝/故乡__chunk001,cross,0.805584
杨戴/明天__chunk001,蓝/故乡__chunk002,cross,0.797125
杨戴/明天__chunk001,蓝/故乡__chunk003,cross,0.810968
杨戴/明天__chunk001,蓝/明天__chunk001,cross,0.858381
杨戴/明天__chunk001,蓝/明天__chunk002,cross,0.841978
杨戴/明天__chunk001,蓝/狂人日记__chunk001,cross,0.765619
杨戴/明天__chunk001,蓝/狂人日记__chunk002,cross,0.751534
杨戴/明天__chunk001,蓝/狂人日记__chunk003,cross,0.789636
杨戴/明天__chunk001,蓝/社戏__chunk001,cross,0.769841
杨戴/明天__chunk001,蓝/社戏__chunk002,cross,0.791051
杨戴/明天__chunk001,蓝/社戏__chunk003,cross,0.797130
杨戴/明天__chunk001,蓝/社戏__chunk004,cross,0.844162
杨戴/明天__chunk001,蓝/祝福__chunk001,cross,0.828748
杨戴/明天__chunk001,蓝/祝福__chunk002,cross,0.792402
杨戴/明天__chunk001,蓝/祝福__chunk003,cross,0.882131
杨戴/明天__chunk001,蓝/祝福__chunk004,cross,0.903297
杨戴/明天__chunk001,蓝/祝福__chunk005,cross,0.844655
杨戴/明天__chunk001,蓝/祝福__chunk006,cross,0.856254
杨戴/明天__chunk001,蓝/祝福__chunk007,cross,0.821758
杨戴/明天__chunk001,蓝/离婚__chunk001,cross,0.824521
杨戴/明天__chunk001,蓝/离婚__chunk002,cross,0.847775
杨戴/明天__chunk001,蓝/离婚__chunk003,cross,0.818909
杨戴/明天__chunk001,蓝/肥皂__chunk001,cross,0.842422
杨戴/明天__chunk001,蓝/肥皂__chunk002,cross,0.832681
杨戴/明天__chunk001,蓝/肥皂__chunk003,cross,0.801428
杨戴/明天__chunk001,蓝/肥皂__chunk004,cross,0.804293
杨戴/明天__chunk001,蓝/药__chunk001,cross,0.823662
杨戴/明天__chunk001,蓝/药__chunk002,cross,0.816064
杨戴/明天__chunk001,蓝/药__chunk003,cross,0.838245
杨戴/明天__chunk001,蓝/铸剑__chunk001,cross,0.843813
杨戴/明天__chunk001,蓝/铸剑__chunk002,cross,0.836099
杨戴/明天__chunk001,蓝/铸剑__chunk003,cross,0.796666
杨戴/明天__chunk001,蓝/铸剑__chunk004,cross,0.825554
杨戴/明天__chunk001,蓝/铸剑__chunk005,cross,0.802875
杨戴/明天__chunk001,蓝/铸剑__chunk006,cross,0.784652
杨戴/明天__chunk001,蓝/铸剑__chunk007,cross,0.794269
杨戴/明天__chunk001,蓝/阿Q正传__chunk001,cross,0.773877
杨戴/明天__chunk001,蓝/阿Q正传__chunk002,cross,0.768618
杨戴/明天__chunk001,蓝/阿Q正传__chunk003,cross,0.749385
杨戴/明天__chunk001,蓝/阿Q正传__chunk004,cross,0.783553
杨戴/明天__chunk001,蓝/阿Q正传__chunk005,cross,0.779637
杨戴/明天__chunk001,蓝/阿Q正传__chunk006,cross,0.777319
杨戴/明天__chunk001,蓝/阿Q正传__chunk007,cross,0.806091
杨戴/明天__chunk001,蓝/阿Q正传__chunk008,cross,0.804995
杨戴/明天__chunk001,蓝/阿Q正传__chunk009,cross,0.793042
杨戴/明天__chunk001,蓝/阿Q正传__chunk010,cross,0.782382
杨戴/明天__chunk001,蓝/阿Q正传__chunk011,cross,0.801255
杨戴/明天__chunk001,蓝/阿Q正传__chunk012,cross,0.806831
杨戴/明天__chunk001,蓝/阿Q正传__chunk013,cross,0.818906
杨戴/明天__chunk001,蓝/阿Q正传__chunk014,cross,0.809897
杨戴/明天__chunk001,蓝/阿Q正传__chunk015,cross,0.796918
杨戴/明天__chunk001,蓝/阿Q正传__chunk016,cross,0.819115
杨戴/明天__chunk001,蓝/阿Q正传__chunk017,cross,0.791856
杨戴/明天__chunk001,蓝/风波__chunk001,cross,0.855532
杨戴/明天__chunk001,蓝/风波__chunk002,cross,0.848434
杨戴/明天__chunk001,蓝/风波__chunk003,cross,0.831120
杨戴/明天__chunk002,杨戴/明天__chunk003,same,0.899294
杨戴/明天__chunk002,杨戴/狂人日记__chunk001,same,0.801853
杨戴/明天__chunk002,杨戴/狂人日记__chunk002,same,0.759017
杨戴/明天__chunk002,杨戴/狂人日记__chunk003,same,0.774910
杨戴/明天__chunk002,杨戴/狂人日记__chunk004,same,0.795287
杨戴/明天__chunk002,杨戴/社戏__chunk001,same,0.795064
杨戴/明天__chunk002,杨戴/社戏__chunk002,same,0.813012
杨戴/明天__chunk002,杨戴/社戏__chunk003,same,0.844747
杨戴/明天__chunk002,杨戴/社戏__chunk004,same,0.845763
杨戴/明天__chunk002,杨戴/祝福__chunk001,same,0.839686
杨戴/明天__chunk002,杨戴/祝福__chunk002,same,0.781911
杨戴/明天__chunk002,杨戴/祝福__chunk003,same,0.852229
杨戴/明天__chunk002,杨戴/祝福__chunk004,same,0.901430
杨戴/明天__chunk002,杨戴/祝福__chunk005,same,0.903838
杨戴/明天__chunk002,杨戴/祝福__chunk006,same,0.853551
杨戴/明天__chunk002,杨戴/祝福__chunk007,same,0.888409
杨戴/明天__chunk002,杨戴/离婚__chunk001,same,0.788146
杨戴/明天__chunk002,杨戴/离婚__chunk002,same,0.847470
杨戴/明天__chunk002,杨戴/离婚__chunk003,same,0.824511
杨戴/明天__chunk002,杨戴/肥皂__chunk001,same,0.838197
杨戴/明天__chunk002,杨戴/肥皂__chunk002,same,0.807081
杨戴/明天__chunk002,杨戴/肥皂__chunk003,same,0.812083
杨戴/明天__chunk002,杨戴/肥皂__chunk004,same,0.840041
杨戴/明天__chunk002,杨戴/药__chunk001,same,0.838860
杨戴/明天__chunk002,杨戴/药__chunk002,same,0.809629
杨戴/明天__chunk002,杨戴/药__chunk003,same,0.894069
杨戴/明天__chunk002,杨戴/铸剑__chunk001,same,0.825780
杨戴/明天__chunk002,杨戴/铸剑__chunk002,same,0.798755
杨戴/明天__chunk002,杨戴/铸剑__chunk003,same,0.813400
杨戴/明天__chunk002,杨戴/铸剑__chunk004,same,0.805460
杨戴/明天__chunk002,杨戴/铸剑__chunk005,same,0.801843
杨戴/明天__chunk002,杨戴/铸剑__chunk006,same,0.792879
杨戴/明天__chunk002,杨戴/铸剑__chunk007,same,0.832125
杨戴/明天__chunk002,杨戴/阿Q正传__chunk001,same,0.789992
杨戴/明天__chunk002,杨戴/阿Q正传__chunk002,same,0.787774
杨戴/明天__chunk002,杨戴/阿Q正传__chunk003,same,0.801470
杨戴/明天__chunk002,杨戴/阿Q正传__chunk004,same,0.816050
杨戴/明天__chunk002,杨戴/阿Q正传__chunk005,same,0.793158
杨戴/明天__chunk002,杨戴/阿Q正传__chunk006,same,0.830972
杨戴/明天__chunk002,杨戴/阿Q正传__chunk007,same,0.816146
杨戴/明天__chunk002,杨戴/阿Q正传__chunk008,same,0.797364
杨戴/明天__chunk002,杨戴/阿Q正传__chunk009,same,0.829188
杨戴/明天__chunk002,杨戴/阿Q正传__chunk010,same,0.827719
杨戴/明天__chunk002,杨戴/阿Q正传__chunk011,same,0.806140
杨戴/明天__chunk002,杨戴/阿Q正传__chunk012,same,0.824982
杨戴/明天__chunk002,杨戴/阿Q正传__chunk013,same,0.877021
杨戴/明天__chunk002,杨戴/阿Q正传__chunk014,same,0.795760
杨戴/明天__chunk002,杨戴/阿Q正传__chunk015,same,0.823314
杨戴/明天__chunk002,杨戴/阿Q正传__chunk016,same,0.824040
杨戴/明天__chunk002,杨戴/阿Q正传__chunk017,same,0.820330
杨戴/明天__chunk002,杨戴/风波__chunk001,same,0.863912
杨戴/明天__chunk002,杨戴/风波__chunk002,same,0.860669
杨戴/明天__chunk002,杨戴/风波__chunk003,same,0.860251
杨戴/明天__chunk002,蓝/伤逝__chunk001,cross,0.786622
杨戴/明天__chunk002,蓝/伤逝__chunk002,cross,0.784013
杨戴/明天__chunk002,蓝/伤逝__chunk003,cross,0.788645
杨戴/明天__chunk002,蓝/伤逝__chunk004,cross,0.837873
杨戴/明天__chunk002,蓝/伤逝__chunk005,cross,0.786670
杨戴/明天__chunk002,蓝/伤逝__chunk006,cross,0.797112
杨戴/明天__chunk002,蓝/伤逝__chunk007,cross,0.775822
杨戴/明天__chunk002,蓝/在酒楼上__chunk001,cross,0.784087
杨戴/明天__chunk002,蓝/在酒楼上__chunk002,cross,0.799458
杨戴/明天__chunk002,蓝/在酒楼上__chunk003,cross,0.783827
杨戴/明天__chunk002,蓝/在酒楼上__chunk004,cross,0.781435
杨戴/明天__chunk002,蓝/奔月__chunk001,cross,0.843889
杨戴/明天__chunk002,蓝/奔月__chunk002,cross,0.820818
杨戴/明天__chunk002,蓝/奔月__chunk003,cross,0.814098
杨戴/明天__chunk002,蓝/奔月__chunk004,cross,0.789427
杨戴/明天__chunk002,蓝/孤独者__chunk001,cross,0.826143
杨戴/明天__chunk002,蓝/孤独者__chunk002,cross,0.800748
杨戴/明天__chunk002,蓝/孤独者__chunk003,cross,0.757917
杨戴/明天__chunk002,蓝/孤独者__chunk004,cross,0.810035
杨戴/明天__chunk002,蓝/孤独者__chunk005,cross,0.748453
杨戴/明天__chunk002,蓝/孤独者__chunk006,cross,0.722273
杨戴/明天__chunk002,蓝/孤独者__chunk007,cross,0.802156
杨戴/明天__chunk002,蓝/孤独者__chunk008,cross,0.801681
杨戴/明天__chunk002,蓝/幸福的家庭__chunk001,cross,0.792902
杨戴/明天__chunk002,蓝/幸福的家庭__chunk002,cross,0.837882
杨戴/明天__chunk002,蓝/幸福的家庭__chunk003,cross,0.772107
杨戴/明天__chunk002,蓝/故乡__chunk001,cross,0.827392
杨戴/明天__chunk002,蓝/故乡__chunk002,cross,0.790493
杨戴/明天__chunk002,蓝/故乡__chunk003,cross,0.807748
杨戴/明天__chunk002,蓝/明天__chunk001,cross,0.857618
杨戴/明天__chunk002,蓝/明天__chunk002,cross,0.874149
杨戴/明天__chunk002,蓝/狂人日记__chunk001,cross,0.769467
杨戴/明天__chunk002,蓝/狂人日记__chunk002,cross,0.732214
杨戴/明天__chunk002,蓝/狂人日记__chunk003,cross,0.775168
杨戴/明天__chunk002,蓝/社戏__chunk001,cross,0.790741
杨戴/明天__chunk002,蓝/社戏__chunk002,cross,0.813420
杨戴/明天__chunk002,蓝/社戏__chunk003,cross,0.809410
杨戴/明天__chunk002,蓝/社戏__chunk004,cross,0.825799
杨戴/明天__chunk002,蓝/祝福__chunk001,cross,0.836197
杨戴/明天__chunk002,蓝/祝福__chunk002,cross,0.790363
杨戴/明天__chunk002,蓝/祝福__chunk003,cross,0.892369
杨戴/明天__chunk002,蓝/祝福__chunk004,cross,0.884277
杨戴/明天__chunk002,蓝/祝福__chunk005,cross,0.850008
杨戴/明天__chunk002,蓝/祝福__chunk006,cross,0.860288
杨戴/明天__chunk002,蓝/祝福__chunk007,cross,0.804614
杨戴/明天__chunk002,蓝/离婚__chunk001,cross,0.798396
杨戴/明天__chunk002,蓝/离婚__chunk002,cross,0.842552
杨戴/明天__chunk002,蓝/离婚__chunk003,cross,0.790575
杨戴/明天__chunk002,蓝/肥皂__chunk001,cross,0.831388
杨戴/明天__chunk002,蓝/肥皂__chunk002,cross,0.806357
杨戴/明天__chunk002,蓝/肥皂__chunk003,cross,0.798536
杨戴/明天__chunk002,蓝/肥皂__chunk004,cross,0.792451
杨戴/明天__chunk002,蓝/药__chunk001,cross,0.812957
杨戴/明天__chunk002,蓝/药__chunk002,cross,0.801820
杨戴/明天__chunk002,蓝/药__chunk003,cross,0.828042
杨戴/明天__chunk002,蓝/铸剑__chunk001,cross,0.818932
杨戴/明天__chunk002,蓝/铸剑__chunk002,cross,0.808182
杨戴/明天__chunk002,蓝/铸剑__chunk003,cross,0.810146
杨戴/明天__chunk002,蓝/铸剑__chunk004,cross,0.801489
杨戴/明天__chunk002,蓝/铸剑__chunk005,cross,0.818116
杨戴/明天__chunk002,蓝/铸剑__chunk006,cross,0.794764
杨戴/明天__chunk002,蓝/铸剑__chunk007,cross,0.814816
杨戴/明天__chunk002,蓝/阿Q正传__chunk001,cross,0.787458
杨戴/明天__chunk002,蓝/阿Q正传__chunk002,cross,0.807425
杨戴/明天__chunk002,蓝/阿Q正传__chunk003,cross,0.784778
杨戴/明天__chunk002,蓝/阿Q正传__chunk004,cross,0.788324
杨戴/明天__chunk002,蓝/阿Q正传__chunk005,cross,0.790626
杨戴/明天__chunk002,蓝/阿Q正传__chunk006,cross,0.807214
杨戴/明天__chunk002,蓝/阿Q正传__chunk007,cross,0.813312
杨戴/明天__chunk002,蓝/阿Q正传__chunk008,cross,0.828293
杨戴/明天__chunk002,蓝/阿Q正传__chunk009,cross,0.801365
杨戴/明天__chunk002,蓝/阿Q正传__chunk010,cross,0.806874
杨戴/明天__chunk002,蓝/阿Q正传__chunk011,cross,0.821599
杨戴/明天__chunk002,蓝/阿Q正传__chunk012,cross,0.818584
杨戴/明天__chunk002,蓝/阿Q正传__chunk013,cross,0.845517
杨戴/明天__chunk002,蓝/阿Q正传__chunk014,cross,0.825049
杨戴/明天__chunk002,蓝/阿Q正传__chunk015,cross,0.817234
杨戴/明天__chunk002,蓝/阿Q正传__chunk016,cross,0.812588
杨戴/明天__chunk002,蓝/阿Q正传__chunk017,cross,0.798333
杨戴/明天__chunk002,蓝/风波__chunk001,cross,0.841372
杨戴/明天__chunk002,蓝/风波__chunk002,cross,0.856156
杨戴/明天__chunk002,蓝/风波__chunk003,cross,0.829285
杨戴/明天__chunk003,杨戴/狂人日记__chunk001,same,0.771929
杨戴/明天__chunk003,杨戴/狂人日记__chunk002,same,0.719375
杨戴/明天__chunk003,杨戴/狂人日记__chunk003,same,0.756241
杨戴/明天__chunk003,杨戴/狂人日记__chunk004,same,0.744308
杨戴/明天__chunk003,杨戴/社戏__chunk001,same,0.759352
杨戴/明天__chunk003,杨戴/社戏__chunk002,same,0.780456
杨戴/明天__chunk003,杨戴/社戏__chunk003,same,0.810069
杨戴/明天__chunk003,杨戴/社戏__chunk004,same,0.832459
杨戴/明天__chunk003,杨戴/祝福__chunk001,same,0.802390
杨戴/明天__chunk003,杨戴/祝福__chunk002,same,0.741531
杨戴/明天__chunk003,杨戴/祝福__chunk003,same,0.846616
杨戴/明天__chunk003,杨戴/祝福__chunk004,same,0.859783
杨戴/明天__chunk003,杨戴/祝福__chunk005,same,0.874982
杨戴/明天__chunk003,杨戴/祝福__chunk006,same,0.833036
杨戴/明天__chunk003,杨戴/祝福__chunk007,same,0.843619
杨戴/明天__chunk003,杨戴/离婚__chunk001,same,0.700691
杨戴/明天__chunk003,杨戴/离婚__chunk002,same,0.851415
杨戴/明天__chunk003,杨戴/离婚__chunk003,same,0.830241
杨戴/明天__chunk003,杨戴/肥皂__chunk001,same,0.809982
杨戴/明天__chunk003,杨戴/肥皂__chunk002,same,0.804814
杨戴/明天__chunk003,杨戴/肥皂__chunk003,same,0.797283
杨戴/明天__chunk003,杨戴/肥皂__chunk004,same,0.801613
杨戴/明天__chunk003,杨戴/药__chunk001,same,0.827711
杨戴/明天__chunk003,杨戴/药__chunk002,same,0.783568
杨戴/明天__chunk003,杨戴/药__chunk003,same,0.875821
杨戴/明天__chunk003,杨戴/铸剑__chunk001,same,0.799614
杨戴/明天__chunk003,杨戴/铸剑__chunk002,same,0.765619
杨戴/明天__chunk003,杨戴/铸剑__chunk003,same,0.774372
杨戴/明天__chunk003,杨戴/铸剑__chunk004,same,0.788307
杨戴/明天__chunk003,杨戴/铸剑__chunk005,same,0.770654
杨戴/明天__chunk003,杨戴/铸剑__chunk006,same,0.746525
杨戴/明天__chunk003,杨戴/铸剑__chunk007,same,0.813671
杨戴/明天__chunk003,杨戴/阿Q正传__chunk001,same,0.728806
杨戴/明天__chunk003,杨戴/阿Q正传__chunk002,same,0.719584
杨戴/明天__chunk003,杨戴/阿Q正传__chunk003,same,0.730276
杨戴/明天__chunk003,杨戴/阿Q正传__chunk004,same,0.745526
杨戴/明天__chunk003,杨戴/阿Q正传__chunk005,same,0.765076
杨戴/明天__chunk003,杨戴/阿Q正传__chunk006,same,0.757257
杨戴/明天__chunk003,杨戴/阿Q正传__chunk007,same,0.767956
杨戴/明天__chunk003,杨戴/阿Q正传__chunk008,same,0.743286
杨戴/明天__chunk003,杨戴/阿Q正传__chunk009,same,0.757946
杨戴/明天__chunk003,杨戴/阿Q正传__chunk010,same,0.752183
杨戴/明天__chunk003,杨戴/阿Q正传__chunk011,same,0.726981
杨戴/明天__chunk003,杨戴/阿Q正传__chunk012,same,0.769994
杨戴/明天__chunk003,杨戴/阿Q正传__chunk013,same,0.827519
杨戴/明天__chunk003,杨戴/阿Q正传__chunk014,same,0.725126
杨戴/明天__chunk003,杨戴/阿Q正传__chunk015,same,0.750879
杨戴/明天__chunk003,杨戴/阿Q正传__chunk016,same,0.744719
杨戴/明天__chunk003,杨戴/阿Q正传__chunk017,same,0.763562
杨戴/明天__chunk003,杨戴/风波__chunk001,same,0.848167
杨戴/明天__chunk003,杨戴/风波__chunk002,same,0.812540
杨戴/明天__chunk003,杨戴/风波__chunk003,same,0.822691
杨戴/明天__chunk003,蓝/伤逝__chunk001,cross,0.756284
杨戴/明天__chunk003,蓝/伤逝__chunk002,cross,0.805221
杨戴/明天__chunk003,蓝/伤逝__chunk003,cross,0.812868
杨戴/明天__chunk003,蓝/伤逝__chunk004,cross,0.844115
杨戴/明天__chunk003,蓝/伤逝__chunk005,cross,0.791730
杨戴/明天__chunk003,蓝/伤逝__chunk006,cross,0.791142
杨戴/明天__chunk003,蓝/伤逝__chunk007,cross,0.788226
杨戴/明天__chunk003,蓝/在酒楼上__chunk001,cross,0.757728
杨戴/明天__chunk003,蓝/在酒楼上__chunk002,cross,0.781454
杨戴/明天__chunk003,蓝/在酒楼上__chunk003,cross,0.765681
杨戴/明天__chunk003,蓝/在酒楼上__chunk004,cross,0.791803
杨戴/明天__chunk003,蓝/奔月__chunk001,cross,0.808091
杨戴/明天__chunk003,蓝/奔月__chunk002,cross,0.816385
杨戴/明天__chunk003,蓝/奔月__chunk003,cross,0.795537
杨戴/明天__chunk003,蓝/奔月__chunk004,cross,0.790848
杨戴/明天__chunk003,蓝/孤独者__chunk001,cross,0.818605
杨戴/明天__chunk003,蓝/孤独者__chunk002,cross,0.773601
杨戴/明天__chunk003,蓝/孤独者__chunk003,cross,0.750289
杨戴/明天__chunk003,蓝/孤独者__chunk004,cross,0.767540
杨戴/明天__chunk003,蓝/孤独者__chunk005,cross,0.753623
杨戴/明天__chunk003,蓝/孤独者__chunk006,cross,0.724635
杨戴/明天__chunk003,蓝/孤独者__chunk007,cross,0.797618
杨戴/明天__chunk003,蓝/孤独者__chunk008,cross,0.756999
杨戴/明天__chunk003,蓝/幸福的家庭__chunk001,cross,0.742776
杨戴/明天__chunk003,蓝/幸福的家庭__chunk002,cross,0.775155
杨戴/明天__chunk003,蓝/幸福的家庭__chunk003,cross,0.738166
杨戴/明天__chunk003,蓝/故乡__chunk001,cross,0.776613
杨戴/明天__chunk003,蓝/故乡__chunk002,cross,0.765125
杨戴/明天__chunk003,蓝/故乡__chunk003,cross,0.793706
杨戴/明天__chunk003,蓝/明天__chunk001,cross,0.843263
杨戴/明天__chunk003,蓝/明天__chunk002,cross,0.814378
杨戴/明天__chunk003,蓝/狂人日记__chunk001,cross,0.720879
杨戴/明天__chunk003,蓝/狂人日记__chunk002,cross,0.697440
杨戴/明天__chunk003,蓝/狂人日记__chunk003,cross,0.751831
杨戴/明天__chunk003,蓝/社戏__chunk001,cross,0.760578
杨戴/明天__chunk003,蓝/社戏__chunk002,cross,0.763867
杨戴/明天__chunk003,蓝/社戏__chunk003,cross,0.769650
杨戴/明天__chunk003,蓝/社戏__chunk004,cross,0.816883
杨戴/明天__chunk003,蓝/祝福__chunk001,cross,0.802728
杨戴/明天__chunk003,蓝/祝福__chunk002,cross,0.772439
杨戴/明天__chunk003,蓝/祝福__chunk003,cross,0.852757
杨戴/明天__chunk003,蓝/祝福__chunk004,cross,0.859789
杨戴/明天__chunk003,蓝/祝福__chunk005,cross,0.853951
杨戴/明天__chunk003,蓝/祝福__chunk006,cross,0.829716
杨戴/明天__chunk003,蓝/祝福__chunk007,cross,0.819872
杨戴/明天__chunk003,蓝/离婚__chunk001,cross,0.740967
杨戴/明天__chunk003,蓝/离婚__chunk002,cross,0.815487
杨戴/明天__chunk003,蓝/离婚__chunk003,cross,0.786333
杨戴/明天__chunk003,蓝/肥皂__chunk001,cross,0.802644
杨戴/明天__chunk003,蓝/肥皂__chunk002,cross,0.810127
杨戴/明天__chunk003,蓝/肥皂__chunk003,cross,0.756811
杨戴/明天__chunk003,蓝/肥皂__chunk004,cross,0.772097
杨戴/明天__chunk003,蓝/药__chunk001,cross,0.767486
杨戴/明天__chunk003,蓝/药__chunk002,cross,0.761333
杨戴/明天__chunk003,蓝/药__chunk003,cross,0.804636
杨戴/明天__chunk003,蓝/铸剑__chunk001,cross,0.798165
杨戴/明天__chunk003,蓝/铸剑__chunk002,cross,0.784681
杨戴/明天__chunk003,蓝/铸剑__chunk003,cross,0.762368
杨戴/明天__chunk003,蓝/铸剑__chunk004,cross,0.761105
杨戴/明天__chunk003,蓝/铸剑__chunk005,cross,0.776493
杨戴/明天__chunk003,蓝/铸剑__chunk006,cross,0.756394
杨戴/明天__chunk003,蓝/铸剑__chunk007,cross,0.786464
杨戴/明天__chunk003,蓝/阿Q正传__chunk001,cross,0.724930
杨戴/明天__chunk003,蓝/阿Q正传__chunk002,cross,0.739881
杨戴/明天__chunk003,蓝/阿Q正传__chunk003,cross,0.720060
杨戴/明天__chunk003,蓝/阿Q正传__chunk004,cross,0.758571
杨戴/明天__chunk003,蓝/阿Q正传__chunk005,cross,0.745132
杨戴/明天__chunk003,蓝/阿Q正传__chunk006,cross,0.750951
杨戴/明天__chunk003,蓝/阿Q正传__chunk007,cross,0.745986
杨戴/明天__chunk003,蓝/阿Q正传__chunk008,cross,0.749811
杨戴/明天__chunk003,蓝/阿Q正传__chunk009,cross,0.751540
杨戴/明天__chunk003,蓝/阿Q正传__chunk010,cross,0.751526
杨戴/明天__chunk003,蓝/阿Q正传__chunk011,cross,0.758614
杨戴/明天__chunk003,蓝/阿Q正传__chunk012,cross,0.763924
杨戴/明天__chunk003,蓝/阿Q正传__chunk013,cross,0.789009
杨戴/明天__chunk003,蓝/阿Q正传__chunk014,cross,0.754136
杨戴/明天__chunk003,蓝/阿Q正传__chunk015,cross,0.739982
杨戴/明天__chunk003,蓝/阿Q正传__chunk016,cross,0.754608
杨戴/明天__chunk003,蓝/阿Q正传__chunk017,cross,0.766309
杨戴/明天__chunk003,蓝/风波__chunk001,cross,0.823445
杨戴/明天__chunk003,蓝/风波__chunk002,cross,0.818150
杨戴/明天__chunk003,蓝/风波__chunk003,cross,0.809008
杨戴/狂人日记__chunk001,杨戴/狂人日记__chunk002,same,0.875953
杨戴/狂人日记__chunk001,杨戴/狂人日记__chunk003,same,0.820229
杨戴/狂人日记__chunk001,杨戴/狂人日记__chunk004,same,0.870044
杨戴/狂人日记__chunk001,杨戴/社戏__chunk001,same,0.877702
杨戴/狂人日记__chunk001,杨戴/社戏__chunk002,same,0.876417
杨戴/狂人日记__chunk001,杨戴/社戏__chunk003,same,0.842231
杨戴/狂人日记__chunk001,杨戴/社戏__chunk004,same,0.825549
杨戴/狂人日记__chunk001,杨戴/祝福__chunk001,same,0.861124
杨戴/狂人日记__chunk001,杨戴/祝福__chunk002,same,0.839323
杨戴/狂人日记__chunk001,杨戴/祝福__chunk003,same,0.799200
杨戴/狂人日记__chunk001,杨戴/祝福__chunk004,same,0.813176
杨戴/狂人日记__chunk001,杨戴/祝福__chunk005,same,0.848900
杨戴/狂人日记__chunk001,杨戴/祝福__chunk006,same,0.836920
杨戴/狂人日记__chunk001,杨戴/祝福__chunk007,same,0.794917
杨戴/狂人日记__chunk001,杨戴/离婚__chunk001,same,0.804881
杨戴/狂人日记__chunk001,杨戴/离婚__chunk002,same,0.824132
杨戴/狂人日记__chunk001,杨戴/离婚__chunk003,same,0.814144
杨戴/狂人日记__chunk001,杨戴/肥皂__chunk001,same,0.807541
杨戴/狂人日记__chunk001,杨戴/肥皂__chunk002,same,0.802977
杨戴/狂人日记__chunk001,杨戴/肥皂__chunk003,same,0.791858
杨戴/狂人日记__chunk001,杨戴/肥皂__chunk004,same,0.813068
杨戴/狂人日记__chunk001,杨戴/药__chunk001,same,0.803423
杨戴/狂人日记__chunk001,杨戴/药__chunk002,same,0.785549
杨戴/狂人日记__chunk001,杨戴/药__chunk003,same,0.808648
杨戴/狂人日记__chunk001,杨戴/铸剑__chunk001,same,0.814564
杨戴/狂人日记__chunk001,杨戴/铸剑__chunk002,same,0.810556
杨戴/狂人日记__chunk001,杨戴/铸剑__chunk003,same,0.793369
杨戴/狂人日记__chunk001,杨戴/铸剑__chunk004,same,0.805919
杨戴/狂人日记__chunk001,杨戴/铸剑__chunk005,same,0.796252
杨戴/狂人日记__chunk001,杨戴/铸剑__chunk006,same,0.774254
杨戴/狂人日记__chunk001,杨戴/铸剑__chunk007,same,0.797802
杨戴/狂人日记__chunk001,杨戴/阿Q正传__chunk001,same,0.842507
杨戴/狂人日记__chunk001,杨戴/阿Q正传__chunk002,same,0.812834
杨戴/狂人日记__chunk001,杨戴/阿Q正传__chunk003,same,0.796417
杨戴/狂人日记__chunk001,杨戴/阿Q正传__chunk004,same,0.830723
杨戴/狂人日记__chunk001,杨戴/阿Q正传__chunk005,same,0.760376
杨戴/狂人日记__chunk001,杨戴/阿Q正传__chunk006,same,0.840013
杨戴/狂人日记__chunk001,杨戴/阿Q正传__chunk007,same,0.790249
杨戴/狂人日记__chunk001,杨戴/阿Q正传__chunk008,same,0.798490
杨戴/狂人日记__chunk001,杨戴/阿Q正传__chunk009,same,0.807934
杨戴/狂人日记__chunk001,杨戴/阿Q正传__chunk010,same,0.824396
杨戴/狂人日记__chunk001,杨戴/阿Q正传__chunk011,same,0.813634
杨戴/狂人日记__chunk001,杨戴/阿Q正传__chunk012,same,0.836542
杨戴/狂人日记__chunk001,杨戴/阿Q正传__chunk013,same,0.839144
杨戴/狂人日记__chunk001,杨戴/阿Q正传__chunk014,same,0.791988
杨戴/狂人日记__chunk001,杨戴/阿Q正传__chunk015,same,0.792733
杨戴/狂人日记__chunk001,杨戴/阿Q正传__chunk016,same,0.809764
杨戴/狂人日记__chunk001,杨戴/阿Q正传__chunk017,same,0.833747
杨戴/狂人日记__chunk001,杨戴/风波__chunk001,same,0.815479
杨戴/狂人日记__chunk001,杨戴/风波__chunk002,same,0.820027
杨戴/狂人日记__chunk001,杨戴/风波__chunk003,same,0.824747
杨戴/狂人日记__chunk001,蓝/伤逝__chunk001,cross,0.861709
杨戴/狂人日记__chunk001,蓝/伤逝__chunk002,cross,0.809674
杨戴/狂人日记__chunk001,蓝/伤逝__chunk003,cross,0.819677
杨戴/狂人日记__chunk001,蓝/伤逝__chunk004,cross,0.844242
杨戴/狂人日记__chunk001,蓝/伤逝__chunk005,cross,0.835353
杨戴/狂人日记__chunk001,蓝/伤逝__chunk006,cross,0.847330
杨戴/狂人日记__chunk001,蓝/伤逝__chunk007,cross,0.872115
杨戴/狂人日记__chunk001,蓝/在酒楼上__chunk001,cross,0.848689
杨戴/狂人日记__chunk001,蓝/在酒楼上__chunk002,cross,0.846300
杨戴/狂人日记__chunk001,蓝/在酒楼上__chunk003,cross,0.841228
杨戴/狂人日记__chunk001,蓝/在酒楼上__chunk004,cross,0.802053
杨戴/狂人日记__chunk001,蓝/奔月__chunk001,cross,0.826590
杨戴/狂人日记__chunk001,蓝/奔月__chunk002,cross,0.811728
杨戴/狂人日记__chunk001,蓝/奔月__chunk003,cross,0.793741
杨戴/狂人日记__chunk001,蓝/奔月__chunk004,cross,0.805947
杨戴/狂人日记__chunk001,蓝/孤独者__chunk001,cross,0.830130
杨戴/狂人日记__chunk001,蓝/孤独者__chunk002,cross,0.843758
杨戴/狂人日记__chunk001,蓝/孤独者__chunk003,cross,0.829024
杨戴/狂人日记__chunk001,蓝/孤独者__chunk004,cross,0.844434
杨戴/狂人日记__chunk001,蓝/孤独者__chunk005,cross,0.826354
杨戴/狂人日记__chunk001,蓝/孤独者__chunk006,cross,0.822948
杨戴/狂人日记__chunk001,蓝/孤独者__chunk007,cross,0.849494
杨戴/狂人日记__chunk001,蓝/孤独者__chunk008,cross,0.785231
杨戴/狂人日记__chunk001,蓝/幸福的家庭__chunk001,cross,0.804831
杨戴/狂人日记__chunk001,蓝/幸福的家庭__chunk002,cross,0.816675
杨戴/狂人日记__chunk001,蓝/幸福的家庭__chunk003,cross,0.737738
杨戴/狂人日记__chunk001,蓝/故乡__chunk001,cross,0.862049
杨戴/狂人日记__chunk001,蓝/故乡__chunk002,cross,0.822581
杨戴/狂人日记__chunk001,蓝/故乡__chunk003,cross,0.820489
杨戴/狂人日记__chunk001,蓝/明天__chunk001,cross,0.785255
杨戴/狂人日记__chunk001,蓝/明天__chunk002,cross,0.811665
杨戴/狂人日记__chunk001,蓝/狂人日记__chunk001,cross,0.894292
杨戴/狂人日记__chunk001,蓝/狂人日记__chunk002,cross,0.831966
杨戴/狂人日记__chunk001,蓝/狂人日记__chunk003,cross,0.843915
杨戴/狂人日记__chunk001,蓝/社戏__chunk001,cross,0.862191
杨戴/狂人日记__chunk001,蓝/社戏__chunk002,cross,0.855606
杨戴/狂人日记__chunk001,蓝/社戏__chunk003,cross,0.832543
杨戴/狂人日记__chunk001,蓝/社戏__chunk004,cross,0.826843
杨戴/狂人日记__chunk001,蓝/祝福__chunk001,cross,0.847234
杨戴/狂人日记__chunk001,蓝/祝福__chunk002,cross,0.812961
杨戴/狂人日记__chunk001,蓝/祝福__chunk003,cross,0.798405
杨戴/狂人日记__chunk001,蓝/祝福__chunk004,cross,0.777705
杨戴/狂人日记__chunk001,蓝/祝福__chunk005,cross,0.802022
杨戴/狂人日记__chunk001,蓝/祝福__chunk006,cross,0.794188
杨戴/狂人日记__chunk001,蓝/祝福__chunk007,cross,0.777374
杨戴/狂人日记__chunk001,蓝/离婚__chunk001,cross,0.819842
杨戴/狂人日记__chunk001,蓝/离婚__chunk002,cross,0.812482
杨戴/狂人日记__chunk001,蓝/离婚__chunk003,cross,0.814112
杨戴/狂人日记__chunk001,蓝/肥皂__chunk001,cross,0.810455
杨戴/狂人日记__chunk001,蓝/肥皂__chunk002,cross,0.811433
杨戴/狂人日记__chunk001,蓝/肥皂__chunk003,cross,0.790865
杨戴/狂人日记__chunk001,蓝/肥皂__chunk004,cross,0.791435
杨戴/狂人日记__chunk001,蓝/药__chunk001,cross,0.796935
杨戴/狂人日记__chunk001,蓝/药__chunk002,cross,0.768480
杨戴/狂人日记__chunk001,蓝/药__chunk003,cross,0.803326
杨戴/狂人日记__chunk001,蓝/铸剑__chunk001,cross,0.804279
杨戴/狂人日记__chunk001,蓝/铸剑__chunk002,cross,0.841092
杨戴/狂人日记__chunk001,蓝/铸剑__chunk003,cross,0.813004
杨戴/狂人日记__chunk001,蓝/铸剑__chunk004,cross,0.808053
杨戴/狂人日记__chunk001,蓝/铸剑__chunk005,cross,0.792809
杨戴/狂人日记__chunk001,蓝/铸剑__chunk006,cross,0.777600
杨戴/狂人日记__chunk001,蓝/铸剑__chunk007,cross,0.795425
杨戴/狂人日记__chunk001,蓝/阿Q正传__chunk001,cross,0.819507
杨戴/狂人日记__chunk001,蓝/阿Q正传__chunk002,cross,0.825905
杨戴/狂人日记__chunk001,蓝/阿Q正传__chunk003,cross,0.759284
杨戴/狂人日记__chunk001,蓝/阿Q正传__chunk004,cross,0.763664
杨戴/狂人日记__chunk001,蓝/阿Q正传__chunk005,cross,0.744470
杨戴/狂人日记__chunk001,蓝/阿Q正传__chunk006,cross,0.808666
杨戴/狂人日记__chunk001,蓝/阿Q正传__chunk007,cross,0.772719
杨戴/狂人日记__chunk001,蓝/阿Q正传__chunk008,cross,0.791902
杨戴/狂人日记__chunk001,蓝/阿Q正传__chunk009,cross,0.779704
杨戴/狂人日记__chunk001,蓝/阿Q正传__chunk010,cross,0.797090
杨戴/狂人日记__chunk001,蓝/阿Q正传__chunk011,cross,0.820943
杨戴/狂人日记__chunk001,蓝/阿Q正传__chunk012,cross,0.822722
杨戴/狂人日记__chunk001,蓝/阿Q正传__chunk013,cross,0.813553
杨戴/狂人日记__chunk001,蓝/阿Q正传__chunk014,cross,0.801628
杨戴/狂人日记__chunk001,蓝/阿Q正传__chunk015,cross,0.800276
杨戴/狂人日记__chunk001,蓝/阿Q正传__chunk016,cross,0.783466
杨戴/狂人日记__chunk001,蓝/阿Q正传__chunk017,cross,0.785768
杨戴/狂人日记__chunk001,蓝/风波__chunk001,cross,0.785139
杨戴/狂人日记__chunk001,蓝/风波__chunk002,cross,0.822696
杨戴/狂人日记__chunk001,蓝/风波__chunk003,cross,0.820798
杨戴/狂人日记__chunk002,杨戴/狂人日记__chunk003,same,0.852450
杨戴/狂人日记__chunk002,杨戴/狂人日记__chunk004,same,0.897987
杨戴/狂人日记__chunk002,杨戴/社戏__chunk001,same,0.869626
杨戴/狂人日记__chunk002,杨戴/社戏__chunk002,same,0.870740
杨戴/狂人日记__chunk002,杨戴/社戏__chunk003,same,0.792293
杨戴/狂人日记__chunk002,杨戴/社戏__chunk004,same,0.805313
杨戴/狂人日记__chunk002,杨戴/祝福__chunk001,same,0.808757
杨戴/狂人日记__chunk002,杨戴/祝福__chunk002,same,0.871996
杨戴/狂人日记__chunk002,杨戴/祝福__chunk003,same,0.745960
杨戴/狂人日记__chunk002,杨戴/祝福__chunk004,same,0.805406
杨戴/狂人日记__chunk002,杨戴/祝福__chunk005,same,0.817725
杨戴/狂人日记__chunk002,杨戴/祝福__chunk006,same,0.819888
杨戴/狂人日记__chunk002,杨戴/祝福__chunk007,same,0.782806
杨戴/狂人日记__chunk002,杨戴/离婚__chunk001,same,0.783400
杨戴/狂人日记__chunk002,杨戴/离婚__chunk002,same,0.786240
杨戴/狂人日记__chunk002,杨戴/离婚__chunk003,same,0.807846
杨戴/狂人日记__chunk002,杨戴/肥皂__chunk001,same,0.791452
杨戴/狂人日记__chunk002,杨戴/肥皂__chunk002,same,0.770295
杨戴/狂人日记__chunk002,杨戴/肥皂__chunk003,same,0.755651
杨戴/狂人日记__chunk002,杨戴/肥皂__chunk004,same,0.765891
杨戴/狂人日记__chunk002,杨戴/药__chunk001,same,0.764962
杨戴/狂人日记__chunk002,杨戴/药__chunk002,same,0.771996
杨戴/狂人日记__chunk002,杨戴/药__chunk003,same,0.770146
杨戴/狂人日记__chunk002,杨戴/铸剑__chunk001,same,0.772793
杨戴/狂人日记__chunk002,杨戴/铸剑__chunk002,same,0.777207
杨戴/狂人日记__chunk002,杨戴/铸剑__chunk003,same,0.760558
杨戴/狂人日记__chunk002,杨戴/铸剑__chunk004,same,0.776413
杨戴/狂人日记__chunk002,杨戴/铸剑__chunk005,same,0.788699
杨戴/狂人日记__chunk002,杨戴/铸剑__chunk006,same,0.723063
杨戴/狂人日记__chunk002,杨戴/铸剑__chunk007,same,0.740095
杨戴/狂人日记__chunk002,杨戴/阿Q正传__chunk001,same,0.821913
杨戴/狂人日记__chunk002,杨戴/阿Q正传__chunk002,same,0.795836
杨戴/狂人日记__chunk002,杨戴/阿Q正传__chunk003,same,0.783844
杨戴/狂人日记__chunk002,杨戴/阿Q正传__chunk004,same,0.773446
杨戴/狂人日记__chunk002,杨戴/阿Q正传__chunk005,same,0.753888
杨戴/狂人日记__chunk002,杨戴/阿Q正传__chunk006,same,0.793361
杨戴/狂人日记__chunk002,杨戴/阿Q正传__chunk007,same,0.781768
杨戴/狂人日记__chunk002,杨戴/阿Q正传__chunk008,same,0.787322
杨戴/狂人日记__chunk002,杨戴/阿Q正传__chunk009,same,0.787504
杨戴/狂人日记__chunk002,杨戴/阿Q正传__chunk010,same,0.779551
杨戴/狂人日记__chunk002,杨戴/阿Q正传__chunk011,same,0.792822
杨戴/狂人日记__chunk002,杨戴/阿Q正传__chunk012,same,0.807732
杨戴/狂人日记__chunk002,杨戴/阿Q正传__chunk013,same,0.817915
杨戴/狂人日记__chunk002,杨戴/阿Q正传__chunk014,same,0.770666
杨戴/狂人日记__chunk002,杨戴/阿Q正传__chunk015,same,0.808397
杨戴/狂人日记__chunk002,杨戴/阿Q正传__chunk016,same,0.808401
杨戴/狂人日记__chunk002,杨戴/阿Q正传__chunk017,same,0.816907
杨戴/狂人日记__chunk002,杨戴/风波__chunk001,same,0.787344
杨戴/狂人日记__chunk002,杨戴/风波__chunk002,same,0.797950
杨戴/狂人日记__chunk002,杨戴/风波__chunk003,same,0.799960
杨戴/狂人日记__chunk002,蓝/伤逝__chunk001,cross,0.808339
杨戴/狂人日记__chunk002,蓝/伤逝__chunk002,cross,0.788835
杨戴/狂人日记__chunk002,蓝/伤逝__chunk003,cross,0.801163
杨戴/狂人日记__chunk002,蓝/伤逝__chunk004,cross,0.826669
杨戴/狂人日记__chunk002,蓝/伤逝__chunk005,cross,0.824579
杨戴/狂人日记__chunk002,蓝/伤逝__chunk006,cross,0.835491
杨戴/狂人日记__chunk002,蓝/伤逝__chunk007,cross,0.845432
杨戴/狂人日记__chunk002,蓝/在酒楼上__chunk001,cross,0.829415
杨戴/狂人日记__chunk002,蓝/在酒楼上__chunk002,cross,0.866473
杨戴/狂人日记__chunk002,蓝/在酒楼上__chunk003,cross,0.859296
杨戴/狂人日记__chunk002,蓝/在酒楼上__chunk004,cross,0.830948
杨戴/狂人日记__chunk002,蓝/奔月__chunk001,cross,0.780857
杨戴/狂人日记__chunk002,蓝/奔月__chunk002,cross,0.792538
杨戴/狂人日记__chunk002,蓝/奔月__chunk003,cross,0.770813
杨戴/狂人日记__chunk002,蓝/奔月__chunk004,cross,0.767777
杨戴/狂人日记__chunk002,蓝/孤独者__chunk001,cross,0.809195
杨戴/狂人日记__chunk002,蓝/孤独者__chunk002,cross,0.831745
杨戴/狂人日记__chunk002,蓝/孤独者__chunk003,cross,0.856807
杨戴/狂人日记__chunk002,蓝/孤独者__chunk004,cross,0.831585
杨戴/狂人日记__chunk002,蓝/孤独者__chunk005,cross,0.850287
杨戴/狂人日记__chunk002,蓝/孤独者__chunk006,cross,0.843604
杨戴/狂人日记__chunk002,蓝/孤独者__chunk007,cross,0.823572
杨戴/狂人日记__chunk002,蓝/孤独者__chunk008,cross,0.806025
杨戴/狂人日记__chunk002,蓝/幸福的家庭__chunk001,cross,0.794921
杨戴/狂人日记__chunk002,蓝/幸福的家庭__chunk002,cross,0.804932
杨戴/狂人日记__chunk002,蓝/幸福的家庭__chunk003,cross,0.733554
杨戴/狂人日记__chunk002,蓝/故乡__chunk001,cross,0.843438
杨戴/狂人日记__chunk002,蓝/故乡__chunk002,cross,0.832592
杨戴/狂人日记__chunk002,蓝/故乡__chunk003,cross,0.829427
杨戴/狂人日记__chunk002,蓝/明天__chunk001,cross,0.753722
杨戴/狂人日记__chunk002,蓝/明天__chunk002,cross,0.762429
杨戴/狂人日记__chunk002,蓝/狂人日记__chunk001,cross,0.846870
杨戴/狂人日记__chunk002,蓝/狂人日记__chunk002,cross,0.882797
杨戴/狂人日记__chunk002,蓝/狂人日记__chunk003,cross,0.832718
杨戴/狂人日记__chunk002,蓝/社戏__chunk001,cross,0.804434
杨戴/狂人日记__chunk002,蓝/社戏__chunk002,cross,0.834061
杨戴/狂人日记__chunk002,蓝/社戏__chunk003,cross,0.798702
杨戴/狂人日记__chunk002,蓝/社戏__chunk004,cross,0.778977
杨戴/狂人日记__chunk002,蓝/祝福__chunk001,cross,0.791349
杨戴/狂人日记__chunk002,蓝/祝福__chunk002,cross,0.837941
杨戴/狂人日记__chunk002,蓝/祝福__chunk003,cross,0.738177
杨戴/狂人日记__chunk002,蓝/祝福__chunk004,cross,0.760445
杨戴/狂人日记__chunk002,蓝/祝福__chunk005,cross,0.814847
杨戴/狂人日记__chunk002,蓝/祝福__chunk006,cross,0.786755
杨戴/狂人日记__chunk002,蓝/祝福__chunk007,cross,0.716855
杨戴/狂人日记__chunk002,蓝/离婚__chunk001,cross,0.804078
杨戴/狂人日记__chunk002,蓝/离婚__chunk002,cross,0.764101
杨戴/狂人日记__chunk002,蓝/离婚__chunk003,cross,0.799333
杨戴/狂人日记__chunk002,蓝/肥皂__chunk001,cross,0.786523
杨戴/狂人日记__chunk002,蓝/肥皂__chunk002,cross,0.781280
杨戴/狂人日记__chunk002,蓝/肥皂__chunk003,cross,0.778470
杨戴/狂人日记__chunk002,蓝/肥皂__chunk004,cross,0.766576
杨戴/狂人日记__chunk002,蓝/药__chunk001,cross,0.738432
杨戴/狂人日记__chunk002,蓝/药__chunk002,cross,0.737750
杨戴/狂人日记__chunk002,蓝/药__chunk003,cross,0.727676
杨戴/狂人日记__chunk002,蓝/铸剑__chunk001,cross,0.775930
杨戴/狂人日记__chunk002,蓝/铸剑__chunk002,cross,0.795719
杨戴/狂人日记__chunk002,蓝/铸剑__chunk003,cross,0.778694
杨戴/狂人日记__chunk002,蓝/铸剑__chunk004,cross,0.788128
杨戴/狂人日记__chunk002,蓝/铸剑__chunk005,cross,0.766414
杨戴/狂人日记__chunk002,蓝/铸剑__chunk006,cross,0.716047
杨戴/狂人日记__chunk002,蓝/铸剑__chunk007,cross,0.733663
杨戴/狂人日记__chunk002,蓝/阿Q正传__chunk001,cross,0.775071
杨戴/狂人日记__chunk002,蓝/阿Q正传__chunk002,cross,0.767800
杨戴/狂人日记__chunk002,蓝/阿Q正传__chunk003,cross,0.739627
杨戴/狂人日记__chunk002,蓝/阿Q正传__chunk004,cross,0.748096
杨戴/狂人日记__chunk002,蓝/阿Q正传__chunk005,cross,0.737271
杨戴/狂人日记__chunk002,蓝/阿Q正传__chunk006,cross,0.765774
杨戴/狂人日记__chunk002,蓝/阿Q正传__chunk007,cross,0.747422
杨戴/狂人日记__chunk002,蓝/阿Q正传__chunk008,cross,0.782669
杨戴/狂人日记__chunk002,蓝/阿Q正传__chunk009,cross,0.747420
杨戴/狂人日记__chunk002,蓝/阿Q正传__chunk010,cross,0.748546
杨戴/狂人日记__chunk002,蓝/阿Q正传__chunk011,cross,0.755729
杨戴/狂人日记__chunk002,蓝/阿Q正传__chunk012,cross,0.787763
杨戴/狂人日记__chunk002,蓝/阿Q正传__chunk013,cross,0.780543
杨戴/狂人日记__chunk002,蓝/阿Q正传__chunk014,cross,0.789514
杨戴/狂人日记__chunk002,蓝/阿Q正传__chunk015,cross,0.785024
杨戴/狂人日记__chunk002,蓝/阿Q正传__chunk016,cross,0.776178
杨戴/狂人日记__chunk002,蓝/阿Q正传__chunk017,cross,0.741632
杨戴/狂人日记__chunk002,蓝/风波__chunk001,cross,0.753276
杨戴/狂人日记__chunk002,蓝/风波__chunk002,cross,0.789658
杨戴/狂人日记__chunk002,蓝/风波__chunk003,cross,0.773863
杨戴/狂人日记__chunk003,杨戴/狂人日记__chunk004,same,0.853947
杨戴/狂人日记__chunk003,杨戴/社戏__chunk001,same,0.804492
杨戴/狂人日记__chunk003,杨戴/社戏__chunk002,same,0.821171
杨戴/狂人日记__chunk003,杨戴/社戏__chunk003,same,0.822218
杨戴/狂人日记__chunk003,杨戴/社戏__chunk004,same,0.819973
杨戴/狂人日记__chunk003,杨戴/祝福__chunk001,same,0.800936
杨戴/狂人日记__chunk003,杨戴/祝福__chunk002,same,0.806647
杨戴/狂人日记__chunk003,杨戴/祝福__chunk003,same,0.767084
杨戴/狂人日记__chunk003,杨戴/祝福__chunk004,same,0.777689
杨戴/狂人日记__chunk003,杨戴/祝福__chunk005,same,0.832856
杨戴/狂人日记__chunk003,杨戴/祝福__chunk006,same,0.813659
杨戴/狂人日记__chunk003,杨戴/祝福__chunk007,same,0.795241
杨戴/狂人日记__chunk003,杨戴/离婚__chunk001,same,0.820366
杨戴/狂人日记__chunk003,杨戴/离婚__chunk002,same,0.834075
杨戴/狂人日记__chunk003,杨戴/离婚__chunk003,same,0.853772
杨戴/狂人日记__chunk003,杨戴/肥皂__chunk001,same,0.817076
杨戴/狂人日记__chunk003,杨戴/肥皂__chunk002,same,0.826051
杨戴/狂人日记__chunk003,杨戴/肥皂__chunk003,same,0.805638
杨戴/狂人日记__chunk003,杨戴/肥皂__chunk004,same,0.831139
杨戴/狂人日记__chunk003,杨戴/药__chunk001,same,0.847961
杨戴/狂人日记__chunk003,杨戴/药__chunk002,same,0.836778
杨戴/狂人日记__chunk003,杨戴/药__chunk003,same,0.833997
杨戴/狂人日记__chunk003,杨戴/铸剑__chunk001,same,0.835450
杨戴/狂人日记__chunk003,杨戴/铸剑__chunk002,same,0.830796
杨戴/狂人日记__chunk003,杨戴/铸剑__chunk003,same,0.811973
杨戴/狂人日记__chunk003,杨戴/铸剑__chunk004,same,0.829193
杨戴/狂人日记__chunk003,杨戴/铸剑__chunk005,same,0.847756
杨戴/狂人日记__chunk003,杨戴/铸剑__chunk006,same,0.778026
杨戴/狂人日记__chunk003,杨戴/铸剑__chunk007,same,0.798998
杨戴/狂人日记__chunk003,杨戴/阿Q正传__chunk001,same,0.792207
杨戴/狂人日记__chunk003,杨戴/阿Q正传__chunk002,same,0.795317
杨戴/狂人日记__chunk003,杨戴/阿Q正传__chunk003,same,0.774498
杨戴/狂人日记__chunk003,杨戴/阿Q正传__chunk004,same,0.799266
杨戴/狂人日记__chunk003,杨戴/阿Q正传__chunk005,same,0.794623
杨戴/狂人日记__chunk003,杨戴/阿Q正传__chunk006,same,0.823722
杨戴/狂人日记__chunk003,杨戴/阿Q正传__chunk007,same,0.807405
杨戴/狂人日记__chunk003,杨戴/阿Q正传__chunk008,same,0.801197
杨戴/狂人日记__chunk003,杨戴/阿Q正传__chunk009,same,0.783629
杨戴/狂人日记__chunk003,杨戴/阿Q正传__chunk010,same,0.810467
杨戴/狂人日记__chunk003,杨戴/阿Q正传__chunk011,same,0.798531
杨戴/狂人日记__chunk003,杨戴/阿Q正传__chunk012,same,0.803602
杨戴/狂人日记__chunk003,杨戴/阿Q正传__chunk013,same,0.816885
杨戴/狂人日记__chunk003,杨戴/阿Q正传__chunk014,same,0.765385
杨戴/狂人日记__chunk003,杨戴/阿Q正传__chunk015,same,0.809916
杨戴/狂人日记__chunk003,杨戴/阿Q正传__chunk016,same,0.817376
杨戴/狂人日记__chunk003,杨戴/阿Q正传__chunk017,same,0.812903
杨戴/狂人日记__chunk003,杨戴/风波__chunk001,same,0.810747
杨戴/狂人日记__chunk003,杨戴/风波__chunk002,same,0.837781
杨戴/狂人日记__chunk003,杨戴/风波__chunk003,same,0.860900
杨戴/狂人日记__chunk003,蓝/伤逝__chunk001,cross,0.777470
杨戴/狂人日记__chunk003,蓝/伤逝__chunk002,cross,0.762853
杨戴/狂人日记__chunk003,蓝/伤逝__chunk003,cross,0.798077
杨戴/狂人日记__chunk003,蓝/伤逝__chunk004,cross,0.820124
杨戴/狂人日记__chunk003,蓝/伤逝__chunk005,cross,0.799700
杨戴/狂人日记__chunk003,蓝/伤逝__chunk006,cross,0.789347
杨戴/狂人日记__chunk003,蓝/伤逝__chunk007,cross,0.811669
杨戴/狂人日记__chunk003,蓝/在酒楼上__chunk001,cross,0.800582
杨戴/狂人日记__chunk003,蓝/在酒楼上__chunk002,cross,0.844338
杨戴/狂人日记__chunk003,蓝/在酒楼上__chunk003,cross,0.797514
杨戴/狂人日记__chunk003,蓝/在酒楼上__chunk004,cross,0.812440
杨戴/狂人日记__chunk003,蓝/奔月__chunk001,cross,0.833305
杨戴/狂人日记__chunk003,蓝/奔月__chunk002,cross,0.804500
杨戴/狂人日记__chunk003,蓝/奔月__chunk003,cross,0.836741
杨戴/狂人日记__chunk003,蓝/奔月__chunk004,cross,0.828624
杨戴/狂人日记__chunk003,蓝/孤独者__chunk001,cross,0.837117
杨戴/狂人日记__chunk003,蓝/孤独者__chunk002,cross,0.815717
杨戴/狂人日记__chunk003,蓝/孤独者__chunk003,cross,0.887954
杨戴/狂人日记__chunk003,蓝/孤独者__chunk004,cross,0.869283
杨戴/狂人日记__chunk003,蓝/孤独者__chunk005,cross,0.799197
杨戴/狂人日记__chunk003,蓝/孤独者__chunk006,cross,0.801594
杨戴/狂人日记__chunk003,蓝/孤独者__chunk007,cross,0.817224
杨戴/狂人日记__chunk003,蓝/孤独者__chunk008,cross,0.834240
杨戴/狂人日记__chunk003,蓝/幸福的家庭__chunk001,cross,0.859628
杨戴/狂人日记__chunk003,蓝/幸福的家庭__chunk002,cross,0.841179
杨戴/狂人日记__chunk003,蓝/幸福的家庭__chunk003,cross,0.757004
杨戴/狂人日记__chunk003,蓝/故乡__chunk001,cross,0.810815
杨戴/狂人日记__chunk003,蓝/故乡__chunk002,cross,0.889218
杨戴/狂人日记__chunk003,蓝/故乡__chunk003,cross,0.827166
杨戴/狂人日记__chunk003,蓝/明天__chunk001,cross,0.793991
杨戴/狂人日记__chunk003,蓝/明天__chunk002,cross,0.785727
杨戴/狂人日记__chunk003,蓝/狂人日记__chunk001,cross,0.827588
杨戴/狂人日记__chunk003,蓝/狂人日记__chunk002,cross,0.846360
杨戴/狂人日记__chunk003,蓝/狂人日记__chunk003,cross,0.883267
杨戴/狂人日记__chunk003,蓝/社戏__chunk001,cross,0.780718
杨戴/狂人日记__chunk003,蓝/社戏__chunk002,cross,0.799146
杨戴/狂人日记__chunk003,蓝/社戏__chunk003,cross,0.789584
杨戴/狂人日记__chunk003,蓝/社戏__chunk004,cross,0.824241
杨戴/狂人日记__chunk003,蓝/祝福__chunk001,cross,0.775954
杨戴/狂人日记__chunk003,蓝/祝福__chunk002,cross,0.787386
杨戴/狂人日记__chunk003,蓝/祝福__chunk003,cross,0.750883
杨戴/狂人日记__chunk003,蓝/祝福__chunk004,cross,0.802215
杨戴/狂人日记__chunk003,蓝/祝福__chunk005,cross,0.787986
杨戴/狂人日记__chunk003,蓝/祝福__chunk006,cross,0.820299
杨戴/狂人日记__chunk003,蓝/祝福__chunk007,cross,0.732460
杨戴/狂人日记__chunk003,蓝/离婚__chunk001,cross,0.868217
杨戴/狂人日记__chunk003,蓝/离婚__chunk002,cross,0.797166
杨戴/狂人日记__chunk003,蓝/离婚__chunk003,cross,0.842765
杨戴/狂人日记__chunk003,蓝/肥皂__chunk001,cross,0.824677
杨戴/狂人日记__chunk003,蓝/肥皂__chunk002,cross,0.847577
杨戴/狂人日记__chunk003,蓝/肥皂__chunk003,cross,0.812683
杨戴/狂人日记__chunk003,蓝/肥皂__chunk004,cross,0.793647
杨戴/狂人日记__chunk003,蓝/药__chunk001,cross,0.799674
杨戴/狂人日记__chunk003,蓝/药__chunk002,cross,0.794442
杨戴/狂人日记__chunk003,蓝/药__chunk003,cross,0.758771
杨戴/狂人日记__chunk003,蓝/铸剑__chunk001,cross,0.839557
杨戴/狂人日记__chunk003,蓝/铸剑__chunk002,cross,0.844392
杨戴/狂人日记__chunk003,蓝/铸剑__chunk003,cross,0.802410
杨戴/狂人日记__chunk003,蓝/铸剑__chunk004,cross,0.835820
杨戴/狂人日记__chunk003,蓝/铸剑__chunk005,cross,0.798386
杨戴/狂人日记__chunk003,蓝/铸剑__chunk006,cross,0.737597
杨戴/狂人日记__chunk003,蓝/铸剑__chunk007,cross,0.743080
杨戴/狂人日记__chunk003,蓝/阿Q正传__chunk001,cross,0.776740
杨戴/狂人日记__chunk003,蓝/阿Q正传__chunk002,cross,0.767700
杨戴/狂人日记__chunk003,蓝/阿Q正传__chunk003,cross,0.734537
杨戴/狂人日记__chunk003,蓝/阿Q正传__chunk004,cross,0.782941
杨戴/狂人日记__chunk003,蓝/阿Q正传__chunk005,cross,0.761202
杨戴/狂人日记__chunk003,蓝/阿Q正传__chunk006,cross,0.788817
杨戴/狂人日记__chunk003,蓝/阿Q正传__chunk007,cross,0.763930
杨戴/狂人日记__chunk003,蓝/阿Q正传__chunk008,cross,0.794138
杨戴/狂人日记__chunk003,蓝/阿Q正传__chunk009,cross,0.768284
杨戴/狂人日记__chunk003,蓝/阿Q正传__chunk010,cross,0.766509
杨戴/狂人日记__chunk003,蓝/阿Q正传__chunk011,cross,0.769343
杨戴/狂人日记__chunk003,蓝/阿Q正传__chunk012,cross,0.779757
杨戴/狂人日记__chunk003,蓝/阿Q正传__chunk013,cross,0.787596
杨戴/狂人日记__chunk003,蓝/阿Q正传__chunk014,cross,0.799666
杨戴/狂人日记__chunk003,蓝/阿Q正传__chunk015,cross,0.807028
杨戴/狂人日记__chunk003,蓝/阿Q正传__chunk016,cross,0.824889
杨戴/狂人日记__chunk003,蓝/阿Q正传__chunk017,cross,0.763103
杨戴/狂人日记__chunk003,蓝/风波__chunk001,cross,0.792677
杨戴/狂人日记__chunk003,蓝/风波__chunk002,cross,0.814579
杨戴/狂人日记__chunk003,蓝/风波__chunk003,cross,0.813202
杨戴/狂人日记__chunk004,杨戴/社戏__chunk001,same,0.841784
杨戴/狂人日记__chunk004,杨戴/社戏__chunk002,same,0.877267
杨戴/狂人日记__chunk004,杨戴/社戏__chunk003,same,0.838043
杨戴/狂人日记__chunk004,杨戴/社戏__chunk004,same,0.814652
杨戴/狂人日记__chunk004,杨戴/祝福__chunk001,same,0.833928
杨戴/狂人日记__chunk004,杨戴/祝福__chunk002,same,0.842980
杨戴/狂人日记__chunk004,杨戴/祝福__chunk003,same,0.774788
杨戴/狂人日记__chunk004,杨戴/祝福__chunk004,same,0.839016
杨戴/狂人日记__chunk004,杨戴/祝福__chunk005,same,0.841483
杨戴/狂人日记__chunk004,杨戴/祝福__chunk006,same,0.828223
杨戴/狂人日记__chunk004,杨戴/祝福__chunk007,same,0.807316
杨戴/狂人日记__chunk004,杨戴/离婚__chunk001,same,0.817940
杨戴/狂人日记__chunk004,杨戴/离婚__chunk002,same,0.829450
杨戴/狂人日记__chunk004,杨戴/离婚__chunk003,same,0.819340
杨戴/狂人日记__chunk004,杨戴/肥皂__chunk001,same,0.805759
杨戴/狂人日记__chunk004,杨戴/肥皂__chunk002,same,0.801535
杨戴/狂人日记__chunk004,杨戴/肥皂__chunk003,same,0.797257
杨戴/狂人日记__chunk004,杨戴/肥皂__chunk004,same,0.818115
杨戴/狂人日记__chunk004,杨戴/药__chunk001,same,0.797133
杨戴/狂人日记__chunk004,杨戴/药__chunk002,same,0.770651
杨戴/狂人日记__chunk004,杨戴/药__chunk003,same,0.813664
杨戴/狂人日记__chunk004,杨戴/铸剑__chunk001,same,0.805521
杨戴/狂人日记__chunk004,杨戴/铸剑__chunk002,same,0.791577
杨戴/狂人日记__chunk004,杨戴/铸剑__chunk003,same,0.796967
杨戴/狂人日记__chunk004,杨戴/铸剑__chunk004,same,0.787814
杨戴/狂人日记__chunk004,杨戴/铸剑__chunk005,same,0.804064
杨戴/狂人日记__chunk004,杨戴/铸剑__chunk006,same,0.776935
杨戴/狂人日记__chunk004,杨戴/铸剑__chunk007,same,0.793060
杨戴/狂人日记__chunk004,杨戴/阿Q正传__chunk001,same,0.822177
杨戴/狂人日记__chunk004,杨戴/阿Q正传__chunk002,same,0.784752
杨戴/狂人日记__chunk004,杨戴/阿Q正传__chunk003,same,0.765330
杨戴/狂人日记__chunk004,杨戴/阿Q正传__chunk004,same,0.777817
杨戴/狂人日记__chunk004,杨戴/阿Q正传__chunk005,same,0.749713
杨戴/狂人日记__chunk004,杨戴/阿Q正传__chunk006,same,0.806451
杨戴/狂人日记__chunk004,杨戴/阿Q正传__chunk007,same,0.783356
杨戴/狂人日记__chunk004,杨戴/阿Q正传__chunk008,same,0.775353
杨戴/狂人日记__chunk004,杨戴/阿Q正传__chunk009,same,0.778425
杨戴/狂人日记__chunk004,杨戴/阿Q正传__chunk010,same,0.805902
杨戴/狂人日记__chunk004,杨戴/阿Q正传__chunk011,same,0.817428
杨戴/狂人日记__chunk004,杨戴/阿Q正传__chunk012,same,0.805293
杨戴/狂人日记__chunk004,杨戴/阿Q正传__chunk013,same,0.799041
杨戴/狂人日记__chunk004,杨戴/阿Q正传__chunk014,same,0.750617
杨戴/狂人日记__chunk004,杨戴/阿Q正传__chunk015,same,0.812681
杨戴/狂人日记__chunk004,杨戴/阿Q正传__chunk016,same,0.803907
杨戴/狂人日记__chunk004,杨戴/阿Q正传__chunk017,same,0.821626
杨戴/狂人日记__chunk004,杨戴/风波__chunk001,same,0.825225
杨戴/狂人日记__chunk004,杨戴/风波__chunk002,same,0.839931
杨戴/狂人日记__chunk004,杨戴/风波__chunk003,same,0.832733
杨戴/狂人日记__chunk004,蓝/伤逝__chunk001,cross,0.824635
杨戴/狂人日记__chunk004,蓝/伤逝__chunk002,cross,0.785597
杨戴/狂人日记__chunk004,蓝/伤逝__chunk003,cross,0.825750
杨戴/狂人日记__chunk004,蓝/伤逝__chunk004,cross,0.831033
杨戴/狂人日记__chunk004,蓝/伤逝__chunk005,cross,0.842808
杨戴/狂人日记__chunk004,蓝/伤逝__chunk006,cross,0.847445
杨戴/狂人日记__chunk004,蓝/伤逝__chunk007,cross,0.856669
杨戴/狂人日记__chunk004,蓝/在酒楼上__chunk001,cross,0.840159
杨戴/狂人日记__chunk004,蓝/在酒楼上__chunk002,cross,0.866606
杨戴/狂人日记__chunk004,蓝/在酒楼上__chunk003,cross,0.845863
杨戴/狂人日记__chunk004,蓝/在酒楼上__chunk004,cross,0.810279
杨戴/狂人日记__chunk004,蓝/奔月__chunk001,cross,0.824641
杨戴/狂人日记__chunk004,蓝/奔月__chunk002,cross,0.831503
杨戴/狂人日记__chunk004,蓝/奔月__chunk003,cross,0.807600
杨戴/狂人日记__chunk004,蓝/奔月__chunk004,cross,0.802622
杨戴/狂人日记__chunk004,蓝/孤独者__chunk001,cross,0.812545
杨戴/狂人日记__chunk004,蓝/孤独者__chunk002,cross,0.839006
杨戴/狂人日记__chunk004,蓝/孤独者__chunk003,cross,0.857204
杨戴/狂人日记__chunk004,蓝/孤独者__chunk004,cross,0.861020
杨戴/狂人日记__chunk004,蓝/孤独者__chunk005,cross,0.835270
杨戴/狂人日记__chunk004,蓝/孤独者__chunk006,cross,0.833757
杨戴/狂人日记__chunk004,蓝/孤独者__chunk007,cross,0.817630
杨戴/狂人日记__chunk004,蓝/孤独者__chunk008,cross,0.792425
杨戴/狂人日记__chunk004,蓝/幸福的家庭__chunk001,cross,0.828576
杨戴/狂人日记__chunk004,蓝/幸福的家庭__chunk002,cross,0.834810
杨戴/狂人日记__chunk004,蓝/幸福的家庭__chunk003,cross,0.736557
杨戴/狂人日记__chunk004,蓝/故乡__chunk001,cross,0.848589
杨戴/狂人日记__chunk004,蓝/故乡__chunk002,cross,0.867821
杨戴/狂人日记__chunk004,蓝/故乡__chunk003,cross,0.829782
杨戴/狂人日记__chunk004,蓝/明天__chunk001,cross,0.769890
杨戴/狂人日记__chunk004,蓝/明天__chunk002,cross,0.799798
杨戴/狂人日记__chunk004,蓝/狂人日记__chunk001,cross,0.882241
杨戴/狂人日记__chunk004,蓝/狂人日记__chunk002,cross,0.852659
杨戴/狂人日记__chunk004,蓝/狂人日记__chunk003,cross,0.865182
杨戴/狂人日记__chunk004,蓝/社戏__chunk001,cross,0.819447
杨戴/狂人日记__chunk004,蓝/社戏__chunk002,cross,0.861946
杨戴/狂人日记__chunk004,蓝/社戏__chunk003,cross,0.806553
杨戴/狂人日记__chunk004,蓝/社戏__chunk004,cross,0.806415
杨戴/狂人日记__chunk004,蓝/祝福__chunk001,cross,0.792582
杨戴/狂人日记__chunk004,蓝/祝福__chunk002,cross,0.833113
杨戴/狂人日记__chunk004,蓝/祝福__chunk003,cross,0.763476
杨戴/狂人日记__chunk004,蓝/祝福__chunk004,cross,0.816793
杨戴/狂人日记__chunk004,蓝/祝福__chunk005,cross,0.807137
杨戴/狂人日记__chunk004,蓝/祝福__chunk006,cross,0.811220
杨戴/狂人日记__chunk004,蓝/祝福__chunk007,cross,0.752847
杨戴/狂人日记__chunk004,蓝/离婚__chunk001,cross,0.826130
杨戴/狂人日记__chunk004,蓝/离婚__chunk002,cross,0.812411
杨戴/狂人日记__chunk004,蓝/离婚__chunk003,cross,0.809218
杨戴/狂人日记__chunk004,蓝/肥皂__chunk001,cross,0.836756
杨戴/狂人日记__chunk004,蓝/肥皂__chunk002,cross,0.823865
杨戴/狂人日记__chunk004,蓝/肥皂__chunk003,cross,0.831963
杨戴/狂人日记__chunk004,蓝/肥皂__chunk004,cross,0.804864
杨戴/狂人日记__chunk004,蓝/药__chunk001,cross,0.794984
杨戴/狂人日记__chunk004,蓝/药__chunk002,cross,0.745911
杨戴/狂人日记__chunk004,蓝/药__chunk003,cross,0.787300
杨戴/狂人日记__chunk004,蓝/铸剑__chunk001,cross,0.803495
杨戴/狂人日记__chunk004,蓝/铸剑__chunk002,cross,0.811194
杨戴/狂人日记__chunk004,蓝/铸剑__chunk003,cross,0.790538
杨戴/狂人日记__chunk004,蓝/铸剑__chunk004,cross,0.803660
杨戴/狂人日记__chunk004,蓝/铸剑__chunk005,cross,0.780891
杨戴/狂人日记__chunk004,蓝/铸剑__chunk006,cross,0.742989
杨戴/狂人日记__chunk004,蓝/铸剑__chunk007,cross,0.765229
杨戴/狂人日记__chunk004,蓝/阿Q正传__chunk001,cross,0.784014
杨戴/狂人日记__chunk004,蓝/阿Q正传__chunk002,cross,0.782597
杨戴/狂人日记__chunk004,蓝/阿Q正传__chunk003,cross,0.726297
杨戴/狂人日记__chunk004,蓝/阿Q正传__chunk004,cross,0.745769
杨戴/狂人日记__chunk004,蓝/阿Q正传__chunk005,cross,0.727298
杨戴/狂人日记__chunk004,蓝/阿Q正传__chunk006,cross,0.775727
杨戴/狂人日记__chunk004,蓝/阿Q正传__chunk007,cross,0.762300
杨戴/狂人日记__chunk004,蓝/阿Q正传__chunk008,cross,0.787032
杨戴/狂人日记__chunk004,蓝/阿Q正传__chunk009,cross,0.759572
杨戴/狂人日记__chunk004,蓝/阿Q正传__chunk010,cross,0.767175
杨戴/狂人日记__chunk004,蓝/阿Q正传__chunk011,cross,0.788170
杨戴/狂人日记__chunk004,蓝/阿Q正传__chunk012,cross,0.785244
杨戴/狂人日记__chunk004,蓝/阿Q正传__chunk013,cross,0.787138
杨戴/狂人日记__chunk004,蓝/阿Q正传__chunk014,cross,0.801590
杨戴/狂人日记__chunk004,蓝/阿Q正传__chunk015,cross,0.789187
杨戴/狂人日记__chunk004,蓝/阿Q正传__chunk016,cross,0.787791
杨戴/狂人日记__chunk004,蓝/阿Q正传__chunk017,cross,0.759682
杨戴/狂人日记__chunk004,蓝/风波__chunk001,cross,0.788818
杨戴/狂人日记__chunk004,蓝/风波__chunk002,cross,0.831008
杨戴/狂人日记__chunk004,蓝/风波__chunk003,cross,0.781456
杨戴/社戏__chunk001,杨戴/社戏__chunk002,same,0.908644
杨戴/社戏__chunk001,杨戴/社戏__chunk003,same,0.879345
杨戴/社戏__chunk001,杨戴/社戏__chunk004,same,0.857110
杨戴/社戏__chunk001,杨戴/祝福__chunk001,same,0.884184
杨戴/社戏__chunk001,杨戴/祝福__chunk002,same,0.885247
杨戴/社戏__chunk001,杨戴/祝福__chunk003,same,0.808147
杨戴/社戏__chunk001,杨戴/祝福__chunk004,same,0.809097
杨戴/社戏__chunk001,杨戴/祝福__chunk005,same,0.855980
杨戴/社戏__chunk001,杨戴/祝福__chunk006,same,0.841039
杨戴/社戏__chunk001,杨戴/祝福__chunk007,same,0.804359
杨戴/社戏__chunk001,杨戴/离婚__chunk001,same,0.787519
杨戴/社戏__chunk001,杨戴/离婚__chunk002,same,0.815886
杨戴/社戏__chunk001,杨戴/离婚__chunk003,same,0.825561
杨戴/社戏__chunk001,杨戴/肥皂__chunk001,same,0.810439
杨戴/社戏__chunk001,杨戴/肥皂__chunk002,same,0.795496
杨戴/社戏__chunk001,杨戴/肥皂__chunk003,same,0.783036
杨戴/社戏__chunk001,杨戴/肥皂__chunk004,same,0.816586
杨戴/社戏__chunk001,杨戴/药__chunk001,same,0.804829
杨戴/社戏__chunk001,杨戴/药__chunk002,same,0.793506
杨戴/社戏__chunk001,杨戴/药__chunk003,same,0.783265
杨戴/社戏__chunk001,杨戴/铸剑__chunk001,same,0.819633
杨戴/社戏__chunk001,杨戴/铸剑__chunk002,same,0.801867
杨戴/社戏__chunk001,杨戴/铸剑__chunk003,same,0.786010
杨戴/社戏__chunk001,杨戴/铸剑__chunk004,same,0.796852
杨戴/社戏__chunk001,杨戴/铸剑__chunk005,same,0.812254
杨戴/社戏__chunk001,杨戴/铸剑__chunk006,same,0.766220
杨戴/社戏__chunk001,杨戴/铸剑__chunk007,same,0.806799
杨戴/社戏__chunk001,杨戴/阿Q正传__chunk001,same,0.854035
杨戴/社戏__chunk001,杨戴/阿Q正传__chunk002,same,0.812590
杨戴/社戏__chunk001,杨戴/阿Q正传__chunk003,same,0.809530
杨戴/社戏__chunk001,杨戴/阿Q正传__chunk004,same,0.812643
杨戴/社戏__chunk001,杨戴/阿Q正传__chunk005,same,0.757741
杨戴/社戏__chunk001,杨戴/阿Q正传__chunk006,same,0.820431
杨戴/社戏__chunk001,杨戴/阿Q正传__chunk007,same,0.793885
杨戴/社戏__chunk001,杨戴/阿Q正传__chunk008,same,0.776777
杨戴/社戏__chunk001,杨戴/阿Q正传__chunk009,same,0.824730
杨戴/社戏__chunk001,杨戴/阿Q正传__chunk010,same,0.825444
杨戴/社戏__chunk001,杨戴/阿Q正传__chunk011,same,0.809828
杨戴/社戏__chunk001,杨戴/阿Q正传__chunk012,same,0.820471
杨戴/社戏__chunk001,杨戴/阿Q正传__chunk013,same,0.848549
杨戴/社戏__chunk001,杨戴/阿Q正传__chunk014,same,0.771304
杨戴/社戏__chunk001,杨戴/阿Q正传__chunk015,same,0.806462
杨戴/社戏__chunk001,杨戴/阿Q正传__chunk016,same,0.813136
杨戴/社戏__chunk001,杨戴/阿Q正传__chunk017,same,0.818701
杨戴/社戏__chunk001,杨戴/风波__chunk001,same,0.832793
杨戴/社戏__chunk001,杨戴/风波__chunk002,same,0.812065
杨戴/社戏__chunk001,杨戴/风波__chunk003,same,0.839769
杨戴/社戏__chunk001,蓝/伤逝__chunk001,cross,0.868017
杨戴/社戏__chunk001,蓝/伤逝__chunk002,cross,0.865359
杨戴/社戏__chunk001,蓝/伤逝__chunk003,cross,0.876540
杨戴/社戏__chunk001,蓝/伤逝__chunk004,cross,0.892884
杨戴/社戏__chunk001,蓝/伤逝__chunk005,cross,0.856099
杨戴/社戏__chunk001,蓝/伤逝__chunk006,cross,0.865873
杨戴/社戏__chunk001,蓝/伤逝__chunk007,cross,0.873333
杨戴/社戏__chunk001,蓝/在酒楼上__chunk001,cross,0.896238
杨戴/社戏__chunk001,蓝/在酒楼上__chunk002,cross,0.921993
杨戴/社戏__chunk001,蓝/在酒楼上__chunk003,cross,0.890603
杨戴/社戏__chunk001,蓝/在酒楼上__chunk004,cross,0.850183
杨戴/社戏__chunk001,蓝/奔月__chunk001,cross,0.822003
杨戴/社戏__chunk001,蓝/奔月__chunk002,cross,0.829248
杨戴/社戏__chunk001,蓝/奔月__chunk003,cross,0.796850
杨戴/社戏__chunk001,蓝/奔月__chunk004,cross,0.795318
杨戴/社戏__chunk001,蓝/孤独者__chunk001,cross,0.848386
杨戴/社戏__chunk001,蓝/孤独者__chunk002,cross,0.838016
杨戴/社戏__chunk001,蓝/孤独者__chunk003,cross,0.850919
杨戴/社戏__chunk001,蓝/孤独者__chunk004,cross,0.847854
杨戴/社戏__chunk001,蓝/孤独者__chunk005,cross,0.848484
杨戴/社戏__chunk001,蓝/孤独者__chunk006,cross,0.872287
杨戴/社戏__chunk001,蓝/孤独者__chunk007,cross,0.863516
杨戴/社戏__chunk001,蓝/孤独者__chunk008,cross,0.819753
杨戴/社戏__chunk001,蓝/幸福的家庭__chunk001,cross,0.800711
杨戴/社戏__chunk001,蓝/幸福的家庭__chunk002,cross,0.806901
杨戴/社戏__chunk001,蓝/幸福的家庭__chunk003,cross,0.736397
杨戴/社戏__chunk001,蓝/故乡__chunk001,cross,0.892897
杨戴/社戏__chunk001,蓝/故乡__chunk002,cross,0.842572
杨戴/社戏__chunk001,蓝/故乡__chunk003,cross,0.826038
杨戴/社戏__chunk001,蓝/明天__chunk001,cross,0.804701
杨戴/社戏__chunk001,蓝/明天__chunk002,cross,0.819748
杨戴/社戏__chunk001,蓝/狂人日记__chunk001,cross,0.844610
杨戴/社戏__chunk001,蓝/狂人日记__chunk002,cross,0.829169
杨戴/社戏__chunk001,蓝/狂人日记__chunk003,cross,0.809781
杨戴/社戏__chunk001,蓝/社戏__chunk001,cross,0.895132
杨戴/社戏__chunk001,蓝/社戏__chunk002,cross,0.876121
杨戴/社戏__chunk001,蓝/社戏__chunk003,cross,0.868135
杨戴/社戏__chunk001,蓝/社戏__chunk004,cross,0.836667
杨戴/社戏__chunk001,蓝/祝福__chunk001,cross,0.855919
杨戴/社戏__chunk001,蓝/祝福__chunk002,cross,0.858771
杨戴/社戏__chunk001,蓝/祝福__chunk003,cross,0.811378
杨戴/社戏__chunk001,蓝/祝福__chunk004,cross,0.787575
杨戴/社戏__chunk001,蓝/祝福__chunk005,cross,0.826174
杨戴/社戏__chunk001,蓝/祝福__chunk006,cross,0.802886
杨戴/社戏__chunk001,蓝/祝福__chunk007,cross,0.745389
杨戴/社戏__chunk001,蓝/离婚__chunk001,cross,0.817113
杨戴/社戏__chunk001,蓝/离婚__chunk002,cross,0.789950
杨戴/社戏__chunk001,蓝/离婚__chunk003,cross,0.811586
杨戴/社戏__chunk001,蓝/肥皂__chunk001,cross,0.806003
杨戴/社戏__chunk001,蓝/肥皂__chunk002,cross,0.823084
杨戴/社戏__chunk001,蓝/肥皂__chunk003,cross,0.805469
杨戴/社戏__chunk001,蓝/肥皂__chunk004,cross,0.802269
杨戴/社戏__chunk001,蓝/药__chunk001,cross,0.785228
杨戴/社戏__chunk001,蓝/药__chunk002,cross,0.774988
杨戴/社戏__chunk001,蓝/药__chunk003,cross,0.779603
杨戴/社戏__chunk001,蓝/铸剑__chunk001,cross,0.821151
杨戴/社戏__chunk001,蓝/铸剑__chunk002,cross,0.820335
杨戴/社戏__chunk001,蓝/铸剑__chunk003,cross,0.803583
杨戴/社戏__chunk001,蓝/铸剑__chunk004,cross,0.812343
杨戴/社戏__chunk001,蓝/铸剑__chunk005,cross,0.810752
杨戴/社戏__chunk001,蓝/铸剑__chunk006,cross,0.765284
杨戴/社戏__chunk001,蓝/铸剑__chunk007,cross,0.803312
杨戴/社戏__chunk001,蓝/阿Q正传__chunk001,cross,0.810413
杨戴/社戏__chunk001,蓝/阿Q正传__chunk002,cross,0.808465
杨戴/社戏__chunk001,蓝/阿Q正传__chunk003,cross,0.750512
杨戴/社戏__chunk001,蓝/阿Q正传__chunk004,cross,0.776148
杨戴/社戏__chunk001,蓝/阿Q正传__chunk005,cross,0.746624
杨戴/社戏__chunk001,蓝/阿Q正传__chunk006,cross,0.814929
杨戴/社戏__chunk001,蓝/阿Q正传__chunk007,cross,0.786244
杨戴/社戏__chunk001,蓝/阿Q正传__chunk008,cross,0.801690
杨戴/社戏__chunk001,蓝/阿Q正传__chunk009,cross,0.789586
杨戴/社戏__chunk001,蓝/阿Q正传__chunk010,cross,0.799325
杨戴/社戏__chunk001,蓝/阿Q正传__chunk011,cross,0.814061
杨戴/社戏__chunk001,蓝/阿Q正传__chunk012,cross,0.810173
杨戴/社戏__chunk001,蓝/阿Q正传__chunk013,cross,0.823119
杨戴/社戏__chunk001,蓝/阿Q正传__chunk014,cross,0.812047
杨戴/社戏__chunk001,蓝/阿Q正传__chunk015,cross,0.813831
杨戴/社戏__chunk001,蓝/阿Q正传__chunk016,cross,0.790934
杨戴/社戏__chunk001,蓝/阿Q正传__chunk017,cross,0.768363
杨戴/社戏__chunk001,蓝/风波__chunk001,cross,0.799427
杨戴/社戏__chunk001,蓝/风波__chunk002,cross,0.814307
杨戴/社戏__chunk001,蓝/风波__chunk003,cross,0.806155
杨戴/社戏__chunk002,杨戴/社戏__chunk003,same,0.887879
杨戴/社戏__chunk002,杨戴/社戏__chunk004,same,0.878323
杨戴/社戏__chunk002,杨戴/祝福__chunk001,same,0.875343
杨戴/社戏__chunk002,杨戴/祝福__chunk002,same,0.844319
杨戴/社戏__chunk002,杨戴/祝福__chunk003,same,0.826507
杨戴/社戏__chunk002,杨戴/祝福__chunk004,same,0.835932
杨戴/社戏__chunk002,杨戴/祝福__chunk005,same,0.883196
杨戴/社戏__chunk002,杨戴/祝福__chunk006,same,0.878334
杨戴/社戏__chunk002,杨戴/祝福__chunk007,same,0.818932
杨戴/社戏__chunk002,杨戴/离婚__chunk001,same,0.789030
杨戴/社戏__chunk002,杨戴/离婚__chunk002,same,0.811646
杨戴/社戏__chunk002,杨戴/离婚__chunk003,same,0.835757
杨戴/社戏__chunk002,杨戴/肥皂__chunk001,same,0.813918
杨戴/社戏__chunk002,杨戴/肥皂__chunk002,same,0.829502
杨戴/社戏__chunk002,杨戴/肥皂__chunk003,same,0.781160
杨戴/社戏__chunk002,杨戴/肥皂__chunk004,same,0.820471
杨戴/社戏__chunk002,杨戴/药__chunk001,same,0.799893
杨戴/社戏__chunk002,杨戴/药__chunk002,same,0.780151
杨戴/社戏__chunk002,杨戴/药__chunk003,same,0.809180
杨戴/社戏__chunk002,杨戴/铸剑__chunk001,same,0.820060
杨戴/社戏__chunk002,杨戴/铸剑__chunk002,same,0.780362
杨戴/社戏__chunk002,杨戴/铸剑__chunk003,same,0.790701
杨戴/社戏__chunk002,杨戴/铸剑__chunk004,same,0.781736
杨戴/社戏__chunk002,杨戴/铸剑__chunk005,same,0.824992
杨戴/社戏__chunk002,杨戴/铸剑__chunk006,same,0.773062
杨戴/社戏__chunk002,杨戴/铸剑__chunk007,same,0.827263
杨戴/社戏__chunk002,杨戴/阿Q正传__chunk001,same,0.835255
杨戴/社戏__chunk002,杨戴/阿Q正传__chunk002,same,0.819792
杨戴/社戏__chunk002,杨戴/阿Q正传__chunk003,same,0.808689
杨戴/社戏__chunk002,杨戴/阿Q正传__chunk004,same,0.817179
杨戴/社戏__chunk002,杨戴/阿Q正传__chunk005,same,0.751399
杨戴/社戏__chunk002,杨戴/阿Q正传__chunk006,same,0.838808
杨戴/社戏__chunk002,杨戴/阿Q正传__chunk007,same,0.805664
杨戴/社戏__chunk002,杨戴/阿Q正传__chunk008,same,0.779639
杨戴/社戏__chunk002,杨戴/阿Q正传__chunk009,same,0.809126
杨戴/社戏__chunk002,杨戴/阿Q正传__chunk010,same,0.845886
杨戴/社戏__chunk002,杨戴/阿Q正传__chunk011,same,0.814736
杨戴/社戏__chunk002,杨戴/阿Q正传__chunk012,same,0.821123
杨戴/社戏__chunk002,杨戴/阿Q正传__chunk013,same,0.835645
杨戴/社戏__chunk002,杨戴/阿Q正传__chunk014,same,0.788636
杨戴/社戏__chunk002,杨戴/阿Q正传__chunk015,same,0.806671
杨戴/社戏__chunk002,杨戴/阿Q正传__chunk016,same,0.814326
杨戴/社戏__chunk002,杨戴/阿Q正传__chunk017,same,0.818490
杨戴/社戏__chunk002,杨戴/风波__chunk001,same,0.850846
杨戴/社戏__chunk002,杨戴/风波__chunk002,same,0.834876
杨戴/社戏__chunk002,杨戴/风波__chunk003,same,0.841785
杨戴/社戏__chunk002,蓝/伤逝__chunk001,cross,0.862129
杨戴/社戏__chunk002,蓝/伤逝__chunk002,cross,0.834308
杨戴/社戏__chunk002,蓝/伤逝__chunk003,cross,0.831366
杨戴/社戏__chunk002,蓝/伤逝__chunk004,cross,0.869156
杨戴/社戏__chunk002,蓝/伤逝__chunk005,cross,0.840952
杨戴/社戏__chunk002,蓝/伤逝__chunk006,cross,0.858313
杨戴/社戏__chunk002,蓝/伤逝__chunk007,cross,0.849101
杨戴/社戏__chunk002,蓝/在酒楼上__chunk001,cross,0.871394
杨戴/社戏__chunk002,蓝/在酒楼上__chunk002,cross,0.896212
杨戴/社戏__chunk002,蓝/在酒楼上__chunk003,cross,0.906020
杨戴/社戏__chunk002,蓝/在酒楼上__chunk004,cross,0.821715
杨戴/社戏__chunk002,蓝/奔月__chunk001,cross,0.829885
杨戴/社戏__chunk002,蓝/奔月__chunk002,cross,0.821705
杨戴/社戏__chunk002,蓝/奔月__chunk003,cross,0.798055
杨戴/社戏__chunk002,蓝/奔月__chunk004,cross,0.784522
杨戴/社戏__chunk002,蓝/孤独者__chunk001,cross,0.847894
杨戴/社戏__chunk002,蓝/孤独者__chunk002,cross,0.830964
杨戴/社戏__chunk002,蓝/孤独者__chunk003,cross,0.827385
杨戴/社戏__chunk002,蓝/孤独者__chunk004,cross,0.848284
杨戴/社戏__chunk002,蓝/孤独者__chunk005,cross,0.845481
杨戴/社戏__chunk002,蓝/孤独者__chunk006,cross,0.835622
杨戴/社戏__chunk002,蓝/孤独者__chunk007,cross,0.848851
杨戴/社戏__chunk002,蓝/孤独者__chunk008,cross,0.798573
杨戴/社戏__chunk002,蓝/幸福的家庭__chunk001,cross,0.811336
杨戴/社戏__chunk002,蓝/幸福的家庭__chunk002,cross,0.816307
杨戴/社戏__chunk002,蓝/幸福的家庭__chunk003,cross,0.726046
杨戴/社戏__chunk002,蓝/故乡__chunk001,cross,0.884405
杨戴/社戏__chunk002,蓝/故乡__chunk002,cross,0.850254
杨戴/社戏__chunk002,蓝/故乡__chunk003,cross,0.812381
杨戴/社戏__chunk002,蓝/明天__chunk001,cross,0.822907
杨戴/社戏__chunk002,蓝/明天__chunk002,cross,0.845774
杨戴/社戏__chunk002,蓝/狂人日记__chunk001,cross,0.845331
杨戴/社戏__chunk002,蓝/狂人日记__chunk002,cross,0.833706
杨戴/社戏__chunk002,蓝/狂人日记__chunk003,cross,0.829646
杨戴/社戏__chunk002,蓝/社戏__chunk001,cross,0.881436
杨戴/社戏__chunk002,蓝/社戏__chunk002,cross,0.912600
杨戴/社戏__chunk002,蓝/社戏__chunk003,cross,0.882448
杨戴/社戏__chunk002,蓝/社戏__chunk004,cross,0.844246
杨戴/社戏__chunk002,蓝/祝福__chunk001,cross,0.845808
杨戴/社戏__chunk002,蓝/祝福__chunk002,cross,0.837026
杨戴/社戏__chunk002,蓝/祝福__chunk003,cross,0.828931
杨戴/社戏__chunk002,蓝/祝福__chunk004,cross,0.821349
杨戴/社戏__chunk002,蓝/祝福__chunk005,cross,0.836240
杨戴/社戏__chunk002,蓝/祝福__chunk006,cross,0.815313
杨戴/社戏__chunk002,蓝/祝福__chunk007,cross,0.773269
杨戴/社戏__chunk002,蓝/离婚__chunk001,cross,0.827609
杨戴/社戏__chunk002,蓝/离婚__chunk002,cross,0.799521
杨戴/社戏__chunk002,蓝/离婚__chunk003,cross,0.822896
杨戴/社戏__chunk002,蓝/肥皂__chunk001,cross,0.815818
杨戴/社戏__chunk002,蓝/肥皂__chunk002,cross,0.851855
杨戴/社戏__chunk002,蓝/肥皂__chunk003,cross,0.815805
杨戴/社戏__chunk002,蓝/肥皂__chunk004,cross,0.805508
杨戴/社戏__chunk002,蓝/药__chunk001,cross,0.795175
杨戴/社戏__chunk002,蓝/药__chunk002,cross,0.755205
杨戴/社戏__chunk002,蓝/药__chunk003,cross,0.799178
杨戴/社戏__chunk002,蓝/铸剑__chunk001,cross,0.828048
杨戴/社戏__chunk002,蓝/铸剑__chunk002,cross,0.810746
杨戴/社戏__chunk002,蓝/铸剑__chunk003,cross,0.791243
杨戴/社戏__chunk002,蓝/铸剑__chunk004,cross,0.793129
杨戴/社戏__chunk002,蓝/铸剑__chunk005,cross,0.812453
杨戴/社戏__chunk002,蓝/铸剑__chunk006,cross,0.772451
杨戴/社戏__chunk002,蓝/铸剑__chunk007,cross,0.823413
杨戴/社戏__chunk002,蓝/阿Q正传__chunk001,cross,0.798579
杨戴/社戏__chunk002,蓝/阿Q正传__chunk002,cross,0.819350
杨戴/社戏__chunk002,蓝/阿Q正传__chunk003,cross,0.743168
杨戴/社戏__chunk002,蓝/阿Q正传__chunk004,cross,0.789521
杨戴/社戏__chunk002,蓝/阿Q正传__chunk005,cross,0.740613
杨戴/社戏__chunk002,蓝/阿Q正传__chunk006,cross,0.812367
杨戴/社戏__chunk002,蓝/阿Q正传__chunk007,cross,0.779071
杨戴/社戏__chunk002,蓝/阿Q正传__chunk008,cross,0.803514
杨戴/社戏__chunk002,蓝/阿Q正传__chunk009,cross,0.769072
杨戴/社戏__chunk002,蓝/阿Q正传__chunk010,cross,0.808678
杨戴/社戏__chunk002,蓝/阿Q正传__chunk011,cross,0.817757
杨戴/社戏__chunk002,蓝/阿Q正传__chunk012,cross,0.792518
杨戴/社戏__chunk002,蓝/阿Q正传__chunk013,cross,0.828831
杨戴/社戏__chunk002,蓝/阿Q正传__chunk014,cross,0.820103
杨戴/社戏__chunk002,蓝/阿Q正传__chunk015,cross,0.804128
杨戴/社戏__chunk002,蓝/阿Q正传__chunk016,cross,0.795725
杨戴/社戏__chunk002,蓝/阿Q正传__chunk017,cross,0.760311
杨戴/社戏__chunk002,蓝/风波__chunk001,cross,0.818108
杨戴/社戏__chunk002,蓝/风波__chunk002,cross,0.827857
杨戴/社戏__chunk002,蓝/风波__chunk003,cross,0.805014
杨戴/社戏__chunk003,杨戴/社戏__chunk004,same,0.909156
杨戴/社戏__chunk003,杨戴/祝福__chunk001,same,0.897569
杨戴/社戏__chunk003,杨戴/祝福__chunk002,same,0.777262
杨戴/社戏__chunk003,杨戴/祝福__chunk003,same,0.818681
杨戴/社戏__chunk003,杨戴/祝福__chunk004,same,0.834925
杨戴/社戏__chunk003,杨戴/祝福__chunk005,same,0.867696
杨戴/社戏__chunk003,杨戴/祝福__chunk006,same,0.871099
杨戴/社戏__chunk003,杨戴/祝福__chunk007,same,0.806972
杨戴/社戏__chunk003,杨戴/离婚__chunk001,same,0.814091
杨戴/社戏__chunk003,杨戴/离婚__chunk002,same,0.854388
杨戴/社戏__chunk003,杨戴/离婚__chunk003,same,0.820605
杨戴/社戏__chunk003,杨戴/肥皂__chunk001,same,0.804486
杨戴/社戏__chunk003,杨戴/肥皂__chunk002,same,0.799396
杨戴/社戏__chunk003,杨戴/肥皂__chunk003,same,0.817145
杨戴/社戏__chunk003,杨戴/肥皂__chunk004,same,0.881635
杨戴/社戏__chunk003,杨戴/药__chunk001,same,0.868671
杨戴/社戏__chunk003,杨戴/药__chunk002,same,0.828556
杨戴/社戏__chunk003,杨戴/药__chunk003,same,0.868407
杨戴/社戏__chunk003,杨戴/铸剑__chunk001,same,0.860017
杨戴/社戏__chunk003,杨戴/铸剑__chunk002,same,0.851555
杨戴/社戏__chunk003,杨戴/铸剑__chunk003,same,0.854030
杨戴/社戏__chunk003,杨戴/铸剑__chunk004,same,0.847659
杨戴/社戏__chunk003,杨戴/铸剑__chunk005,same,0.880592
杨戴/社戏__chunk003,杨戴/铸剑__chunk006,same,0.846288
杨戴/社戏__chunk003,杨戴/铸剑__chunk007,same,0.879524
杨戴/社戏__chunk003,杨戴/阿Q正传__chunk001,same,0.843856
杨戴/社戏__chunk003,杨戴/阿Q正传__chunk002,same,0.804544
杨戴/社戏__chunk003,杨戴/阿Q正传__chunk003,same,0.829503
杨戴/社戏__chunk003,杨戴/阿Q正传__chunk004,same,0.830723
杨戴/社戏__chunk003,杨戴/阿Q正传__chunk005,same,0.779537
杨戴/社戏__chunk003,杨戴/阿Q正传__chunk006,same,0.854023
杨戴/社戏__chunk003,杨戴/阿Q正传__chunk007,same,0.822805
杨戴/社戏__chunk003,杨戴/阿Q正传__chunk008,same,0.782540
杨戴/社戏__chunk003,杨戴/阿Q正传__chunk009,same,0.836096
杨戴/社戏__chunk003,杨戴/阿Q正传__chunk010,same,0.865962
杨戴/社戏__chunk003,杨戴/阿Q正传__chunk011,same,0.801884
杨戴/社戏__chunk003,杨戴/阿Q正传__chunk012,same,0.837118
杨戴/社戏__chunk003,杨戴/阿Q正传__chunk013,same,0.874823
杨戴/社戏__chunk003,杨戴/阿Q正传__chunk014,same,0.796983
杨戴/社戏__chunk003,杨戴/阿Q正传__chunk015,same,0.812238
杨戴/社戏__chunk003,杨戴/阿Q正传__chunk016,same,0.823408
杨戴/社戏__chunk003,杨戴/阿Q正传__chunk017,same,0.832291
杨戴/社戏__chunk003,杨戴/风波__chunk001,same,0.902404
杨戴/社戏__chunk003,杨戴/风波__chunk002,same,0.845911
杨戴/社戏__chunk003,杨戴/风波__chunk003,same,0.888324
杨戴/社戏__chunk003,蓝/伤逝__chunk001,cross,0.846746
杨戴/社戏__chunk003,蓝/伤逝__chunk002,cross,0.822954
杨戴/社戏__chunk003,蓝/伤逝__chunk003,cross,0.847374
杨戴/社戏__chunk003,蓝/伤逝__chunk004,cross,0.867876
杨戴/社戏__chunk003,蓝/伤逝__chunk005,cross,0.812721
杨戴/社戏__chunk003,蓝/伤逝__chunk006,cross,0.825255
杨戴/社戏__chunk003,蓝/伤逝__chunk007,cross,0.823920
杨戴/社戏__chunk003,蓝/在酒楼上__chunk001,cross,0.883680
杨戴/社戏__chunk003,蓝/在酒楼上__chunk002,cross,0.879816
杨戴/社戏__chunk003,蓝/在酒楼上__chunk003,cross,0.825250
杨戴/社戏__chunk003,蓝/在酒楼上__chunk004,cross,0.776893
杨戴/社戏__chunk003,蓝/奔月__chunk001,cross,0.885371
杨戴/社戏__chunk003,蓝/奔月__chunk002,cross,0.836459
杨戴/社戏__chunk003,蓝/奔月__chunk003,cross,0.844750
杨戴/社戏__chunk003,蓝/奔月__chunk004,cross,0.852154
杨戴/社戏__chunk003,蓝/孤独者__chunk001,cross,0.856341
杨戴/社戏__chunk003,蓝/孤独者__chunk002,cross,0.851683
杨戴/社戏__chunk003,蓝/孤独者__chunk003,cross,0.803416
杨戴/社戏__chunk003,蓝/孤独者__chunk004,cross,0.855995
杨戴/社戏__chunk003,蓝/孤独者__chunk005,cross,0.765026
杨戴/社戏__chunk003,蓝/孤独者__chunk006,cross,0.774765
杨戴/社戏__chunk003,蓝/孤独者__chunk007,cross,0.876084
杨戴/社戏__chunk003,蓝/孤独者__chunk008,cross,0.807812
杨戴/社戏__chunk003,蓝/幸福的家庭__chunk001,cross,0.840021
杨戴/社戏__chunk003,蓝/幸福的家庭__chunk002,cross,0.863256
杨戴/社戏__chunk003,蓝/幸福的家庭__chunk003,cross,0.754039
杨戴/社戏__chunk003,蓝/故乡__chunk001,cross,0.868597
杨戴/社戏__chunk003,蓝/故乡__chunk002,cross,0.843722
杨戴/社戏__chunk003,蓝/故乡__chunk003,cross,0.817853
杨戴/社戏__chunk003,蓝/明天__chunk001,cross,0.844169
杨戴/社戏__chunk003,蓝/明天__chunk002,cross,0.879849
杨戴/社戏__chunk003,蓝/狂人日记__chunk001,cross,0.818477
杨戴/社戏__chunk003,蓝/狂人日记__chunk002,cross,0.769002
杨戴/社戏__chunk003,蓝/狂人日记__chunk003,cross,0.822983
杨戴/社戏__chunk003,蓝/社戏__chunk001,cross,0.864505
杨戴/社戏__chunk003,蓝/社戏__chunk002,cross,0.885405
杨戴/社戏__chunk003,蓝/社戏__chunk003,cross,0.915794
杨戴/社戏__chunk003,蓝/社戏__chunk004,cross,0.903408
杨戴/社戏__chunk003,蓝/祝福__chunk001,cross,0.872835
杨戴/社戏__chunk003,蓝/祝福__chunk002,cross,0.775736
杨戴/社戏__chunk003,蓝/祝福__chunk003,cross,0.835265
杨戴/社戏__chunk003,蓝/祝福__chunk004,cross,0.825703
杨戴/社戏__chunk003,蓝/祝福__chunk005,cross,0.808924
杨戴/社戏__chunk003,蓝/祝福__chunk006,cross,0.824444
杨戴/社戏__chunk003,蓝/祝福__chunk007,cross,0.792520
杨戴/社戏__chunk003,蓝/离婚__chunk001,cross,0.859733
杨戴/社戏__chunk003,蓝/离婚__chunk002,cross,0.847309
杨戴/社戏__chunk003,蓝/离婚__chunk003,cross,0.812451
杨戴/社戏__chunk003,蓝/肥皂__chunk001,cross,0.827450
杨戴/社戏__chunk003,蓝/肥皂__chunk002,cross,0.838587
杨戴/社戏__chunk003,蓝/肥皂__chunk003,cross,0.824188
杨戴/社戏__chunk003,蓝/肥皂__chunk004,cross,0.833727
杨戴/社戏__chunk003,蓝/药__chunk001,cross,0.868275
杨戴/社戏__chunk003,蓝/药__chunk002,cross,0.807815
杨戴/社戏__chunk003,蓝/药__chunk003,cross,0.857878
杨戴/社戏__chunk003,蓝/铸剑__chunk001,cross,0.867452
杨戴/社戏__chunk003,蓝/铸剑__chunk002,cross,0.862827
杨戴/社戏__chunk003,蓝/铸剑__chunk003,cross,0.857343
杨戴/社戏__chunk003,蓝/铸剑__chunk004,cross,0.861758
杨戴/社戏__chunk003,蓝/铸剑__chunk005,cross,0.878037
杨戴/社戏__chunk003,蓝/铸剑__chunk006,cross,0.846741
杨戴/社戏__chunk003,蓝/铸剑__chunk007,cross,0.875068
杨戴/社戏__chunk003,蓝/阿Q正传__chunk001,cross,0.821752
杨戴/社戏__chunk003,蓝/阿Q正传__chunk002,cross,0.814515
杨戴/社戏__chunk003,蓝/阿Q正传__chunk003,cross,0.765240
杨戴/社戏__chunk003,蓝/阿Q正传__chunk004,cross,0.802094
杨戴/社戏__chunk003,蓝/阿Q正传__chunk005,cross,0.767787
杨戴/社戏__chunk003,蓝/阿Q正传__chunk006,cross,0.830541
杨戴/社戏__chunk003,蓝/阿Q正传__chunk007,cross,0.829359
杨戴/社戏__chunk003,蓝/阿Q正传__chunk008,cross,0.810758
杨戴/社戏__chunk003,蓝/阿Q正传__chunk009,cross,0.814604
杨戴/社戏__chunk003,蓝/阿Q正传__chunk010,cross,0.839773
杨戴/社戏__chunk003,蓝/阿Q正传__chunk011,cross,0.862447
杨戴/社戏__chunk003,蓝/阿Q正传__chunk012,cross,0.795422
杨戴/社戏__chunk003,蓝/阿Q正传__chunk013,cross,0.860187
杨戴/社戏__chunk003,蓝/阿Q正传__chunk014,cross,0.854224
杨戴/社戏__chunk003,蓝/阿Q正传__chunk015,cross,0.827250
杨戴/社戏__chunk003,蓝/阿Q正传__chunk016,cross,0.821106
杨戴/社戏__chunk003,蓝/阿Q正传__chunk017,cross,0.798425
杨戴/社戏__chunk003,蓝/风波__chunk001,cross,0.884428
杨戴/社戏__chunk003,蓝/风波__chunk002,cross,0.871564
杨戴/社戏__chunk003,蓝/风波__chunk003,cross,0.837901
杨戴/社戏__chunk004,杨戴/祝福__chunk001,same,0.870104
杨戴/社戏__chunk004,杨戴/祝福__chunk002,same,0.780302
杨戴/社戏__chunk004,杨戴/祝福__chunk003,same,0.802147
杨戴/社戏__chunk004,杨戴/祝福__chunk004,same,0.814681
杨戴/社戏__chunk004,杨戴/祝福__chunk005,same,0.860221
杨戴/社戏__chunk004,杨戴/祝福__chunk006,same,0.832349
杨戴/社戏__chunk004,杨戴/祝福__chunk007,same,0.797346
杨戴/社戏__chunk004,杨戴/离婚__chunk001,same,0.820182
杨戴/社戏__chunk004,杨戴/离婚__chunk002,same,0.856100
杨戴/社戏__chunk004,杨戴/离婚__chunk003,same,0.854252
杨戴/社戏__chunk004,杨戴/肥皂__chunk001,same,0.815995
杨戴/社戏__chunk004,杨戴/肥皂__chunk002,same,0.829950
杨戴/社戏__chunk004,杨戴/肥皂__chunk003,same,0.841289
杨戴/社戏__chunk004,杨戴/肥皂__chunk004,same,0.879295
杨戴/社戏__chunk004,杨戴/药__chunk001,same,0.873528
杨戴/社戏__chunk004,杨戴/药__chunk002,same,0.852441
杨戴/社戏__chunk004,杨戴/药__chunk003,same,0.869462
杨戴/社戏__chunk004,杨戴/铸剑__chunk001,same,0.877546
杨戴/社戏__chunk004,杨戴/铸剑__chunk002,same,0.841612
杨戴/社戏__chunk004,杨戴/铸剑__chunk003,same,0.852212
杨戴/社戏__chunk004,杨戴/铸剑__chunk004,same,0.844617
杨戴/社戏__chunk004,杨戴/铸剑__chunk005,same,0.860645
杨戴/社戏__chunk004,杨戴/铸剑__chunk006,same,0.842044
杨戴/社戏__chunk004,杨戴/铸剑__chunk007,same,0.868519
杨戴/社戏__chunk004,杨戴/阿Q正传__chunk001,same,0.809134
杨戴/社戏__chunk004,杨戴/阿Q正传__chunk002,same,0.774927
杨戴/社戏__chunk004,杨戴/阿Q正传__chunk003,same,0.793634
杨戴/社戏__chunk004,杨戴/阿Q正传__chunk004,same,0.803291
杨戴/社戏__chunk004,杨戴/阿Q正传__chunk005,same,0.787084
杨戴/社戏__chunk004,杨戴/阿Q正传__chunk006,same,0.833486
杨戴/社戏__chunk004,杨戴/阿Q正传__chunk007,same,0.812186
杨戴/社戏__chunk004,杨戴/阿Q正传__chunk008,same,0.785952
杨戴/社戏__chunk004,杨戴/阿Q正传__chunk009,same,0.822287
杨戴/社戏__chunk004,杨戴/阿Q正传__chunk010,same,0.838751
杨戴/社戏__chunk004,杨戴/阿Q正传__chunk011,same,0.799269
杨戴/社戏__chunk004,杨戴/阿Q正传__chunk012,same,0.814964
杨戴/社戏__chunk004,杨戴/阿Q正传__chunk013,same,0.885078
杨戴/社戏__chunk004,杨戴/阿Q正传__chunk014,same,0.776330
杨戴/社戏__chunk004,杨戴/阿Q正传__chunk015,same,0.810323
杨戴/社戏__chunk004,杨戴/阿Q正传__chunk016,same,0.840833
杨戴/社戏__chunk004,杨戴/阿Q正传__chunk017,same,0.828648
杨戴/社戏__chunk004,杨戴/风波__chunk001,same,0.892422
杨戴/社戏__chunk004,杨戴/风波__chunk002,same,0.882390
杨戴/社戏__chunk004,杨戴/风波__chunk003,same,0.892597
杨戴/社戏__chunk004,蓝/伤逝__chunk001,cross,0.813503
杨戴/社戏__chunk004,蓝/伤逝__chunk002,cross,0.823684
杨戴/社戏__chunk004,蓝/伤逝__chunk003,cross,0.846358
杨戴/社戏__chunk004,蓝/伤逝__chunk004,cross,0.885963
杨戴/社戏__chunk004,蓝/伤逝__chunk005,cross,0.797144
杨戴/社戏__chunk004,蓝/伤逝__chunk006,cross,0.821478
杨戴/社戏__chunk004,蓝/伤逝__chunk007,cross,0.842004
杨戴/社戏__chunk004,蓝/在酒楼上__chunk001,cross,0.855834
杨戴/社戏__chunk004,蓝/在酒楼上__chunk002,cross,0.885862
杨戴/社戏__chunk004,蓝/在酒楼上__chunk003,cross,0.835444
杨戴/社戏__chunk004,蓝/在酒楼上__chunk004,cross,0.807143
杨戴/社戏__chunk004,蓝/奔月__chunk001,cross,0.862037
杨戴/社戏__chunk004,蓝/奔月__chunk002,cross,0.849265
杨戴/社戏__chunk004,蓝/奔月__chunk003,cross,0.846747
杨戴/社戏__chunk004,蓝/奔月__chunk004,cross,0.828288
杨戴/社戏__chunk004,蓝/孤独者__chunk001,cross,0.859606
杨戴/社戏__chunk004,蓝/孤独者__chunk002,cross,0.825975
杨戴/社戏__chunk004,蓝/孤独者__chunk003,cross,0.811975
杨戴/社戏__chunk004,蓝/孤独者__chunk004,cross,0.859326
杨戴/社戏__chunk004,蓝/孤独者__chunk005,cross,0.810264
杨戴/社戏__chunk004,蓝/孤独者__chunk006,cross,0.809560
杨戴/社戏__chunk004,蓝/孤独者__chunk007,cross,0.846453
杨戴/社戏__chunk004,蓝/孤独者__chunk008,cross,0.848197
杨戴/社戏__chunk004,蓝/幸福的家庭__chunk001,cross,0.810668
杨戴/社戏__chunk004,蓝/幸福的家庭__chunk002,cross,0.845903
杨戴/社戏__chunk004,蓝/幸福的家庭__chunk003,cross,0.734892
杨戴/社戏__chunk004,蓝/故乡__chunk001,cross,0.859770
杨戴/社戏__chunk004,蓝/故乡__chunk002,cross,0.843326
杨戴/社戏__chunk004,蓝/故乡__chunk003,cross,0.838443
杨戴/社戏__chunk004,蓝/明天__chunk001,cross,0.838024
杨戴/社戏__chunk004,蓝/明天__chunk002,cross,0.859276
杨戴/社戏__chunk004,蓝/狂人日记__chunk001,cross,0.822398
杨戴/社戏__chunk004,蓝/狂人日记__chunk002,cross,0.804401
杨戴/社戏__chunk004,蓝/狂人日记__chunk003,cross,0.808642
杨戴/社戏__chunk004,蓝/社戏__chunk001,cross,0.850672
杨戴/社戏__chunk004,蓝/社戏__chunk002,cross,0.857780
杨戴/社戏__chunk004,蓝/社戏__chunk003,cross,0.884781
杨戴/社戏__chunk004,蓝/社戏__chunk004,cross,0.913853
杨戴/社戏__chunk004,蓝/祝福__chunk001,cross,0.849501
杨戴/社戏__chunk004,蓝/祝福__chunk002,cross,0.801193
杨戴/社戏__chunk004,蓝/祝福__chunk003,cross,0.827327
杨戴/社戏__chunk004,蓝/祝福__chunk004,cross,0.836065
杨戴/社戏__chunk004,蓝/祝福__chunk005,cross,0.837323
杨戴/社戏__chunk004,蓝/祝福__chunk006,cross,0.817661
杨戴/社戏__chunk004,蓝/祝福__chunk007,cross,0.787539
杨戴/社戏__chunk004,蓝/离婚__chunk001,cross,0.840552
杨戴/社戏__chunk004,蓝/离婚__chunk002,cross,0.859001
杨戴/社戏__chunk004,蓝/离婚__chunk003,cross,0.806776
杨戴/社戏__chunk004,蓝/肥皂__chunk001,cross,0.819869
杨戴/社戏__chunk004,蓝/肥皂__chunk002,cross,0.842135
杨戴/社戏__chunk004,蓝/肥皂__chunk003,cross,0.813863
杨戴/社戏__chunk004,蓝/肥皂__chunk004,cross,0.835971
杨戴/社戏__chunk004,蓝/药__chunk001,cross,0.841392
杨戴/社戏__chunk004,蓝/药__chunk002,cross,0.800455
杨戴/社戏__chunk004,蓝/药__chunk003,cross,0.821244
杨戴/社戏__chunk004,蓝/铸剑__chunk001,cross,0.844518
杨戴/社戏__chunk004,蓝/铸剑__chunk002,cross,0.863085
杨戴/社戏__chunk004,蓝/铸剑__chunk003,cross,0.817973
杨戴/社戏__chunk004,蓝/铸剑__chunk004,cross,0.825785
杨戴/社戏__chunk004,蓝/铸剑__chunk005,cross,0.848672
杨戴/社戏__chunk004,蓝/铸剑__chunk006,cross,0.829733
杨戴/社戏__chunk004,蓝/铸剑__chunk007,cross,0.839370
杨戴/社戏__chunk004,蓝/阿Q正传__chunk001,cross,0.803122
杨戴/社戏__chunk004,蓝/阿Q正传__chunk002,cross,0.793088
杨戴/社戏__chunk004,蓝/阿Q正传__chunk003,cross,0.757416
杨戴/社戏__chunk004,蓝/阿Q正传__chunk004,cross,0.786153
杨戴/社戏__chunk004,蓝/阿Q正传__chunk005,cross,0.762787
杨戴/社戏__chunk004,蓝/阿Q正传__chunk006,cross,0.803291
杨戴/社戏__chunk004,蓝/阿Q正传__chunk007,cross,0.813310
杨戴/社戏__chunk004,蓝/阿Q正传__chunk008,cross,0.814700
杨戴/社戏__chunk004,蓝/阿Q正传__chunk009,cross,0.807524
杨戴/社戏__chunk004,蓝/阿Q正传__chunk010,cross,0.795849
杨戴/社戏__chunk004,蓝/阿Q正传__chunk011,cross,0.826401
杨戴/社戏__chunk004,蓝/阿Q正传__chunk012,cross,0.785359
杨戴/社戏__chunk004,蓝/阿Q正传__chunk013,cross,0.860343
杨戴/社戏__chunk004,蓝/阿Q正传__chunk014,cross,0.835361
杨戴/社戏__chunk004,蓝/阿Q正传__chunk015,cross,0.822600
杨戴/社戏__chunk004,蓝/阿Q正传__chunk016,cross,0.851804
杨戴/社戏__chunk004,蓝/阿Q正传__chunk017,cross,0.791897
杨戴/社戏__chunk004,蓝/风波__chunk001,cross,0.843815
杨戴/社戏__chunk004,蓝/风波__chunk002,cross,0.864534
杨戴/社戏__chunk004,蓝/风波__chunk003,cross,0.804758
杨戴/祝福__chunk001,杨戴/祝福__chunk002,same,0.831559
杨戴/祝福__chunk001,杨戴/祝福__chunk003,same,0.840511
杨戴/祝福__chunk001,杨戴/祝福__chunk004,same,0.841124
杨戴/祝福__chunk001,杨戴/祝福__chunk005,same,0.872440
杨戴/祝福__chunk001,杨戴/祝福__chunk006,same,0.856539
杨戴/祝福__chunk001,杨戴/祝福__chunk007,same,0.822240
杨戴/祝福__chunk001,杨戴/离婚__chunk001,same,0.800986
杨戴/祝福__chunk001,杨戴/离婚__chunk002,same,0.813837
杨戴/祝福__chunk001,杨戴/离婚__chunk003,same,0.824987
杨戴/祝福__chunk001,杨戴/肥皂__chunk001,same,0.827179
杨戴/祝福__chunk001,杨戴/肥皂__chunk002,same,0.806624
杨戴/祝福__chunk001,杨戴/肥皂__chunk003,same,0.797361
杨戴/祝福__chunk001,杨戴/肥皂__chunk004,same,0.870319
杨戴/祝福__chunk001,杨戴/药__chunk001,same,0.834628
杨戴/祝福__chunk001,杨戴/药__chunk002,same,0.782182
杨戴/祝福__chunk001,杨戴/药__chunk003,same,0.871339
杨戴/祝福__chunk001,杨戴/铸剑__chunk001,same,0.852609
杨戴/祝福__chunk001,杨戴/铸剑__chunk002,same,0.817399
杨戴/祝福__chunk001,杨戴/铸剑__chunk003,same,0.852424
杨戴/祝福__chunk001,杨戴/铸剑__chunk004,same,0.828206
杨戴/祝福__chunk001,杨戴/铸剑__chunk005,same,0.829581
杨戴/祝福__chunk001,杨戴/铸剑__chunk006,same,0.815214
杨戴/祝福__chunk001,杨戴/铸剑__chunk007,same,0.852637
杨戴/祝福__chunk001,杨戴/阿Q正传__chunk001,same,0.844207
杨戴/祝福__chunk001,杨戴/阿Q正传__chunk002,same,0.803853
杨戴/祝福__chunk001,杨戴/阿Q正传__chunk003,same,0.812239
杨戴/祝福__chunk001,杨戴/阿Q正传__chunk004,same,0.816556
杨戴/祝福__chunk001,杨戴/阿Q正传__chunk005,same,0.768109
杨戴/祝福__chunk001,杨戴/阿Q正传__chunk006,same,0.868466
杨戴/祝福__chunk001,杨戴/阿Q正传__chunk007,same,0.807454
杨戴/祝福__chunk001,杨戴/阿Q正传__chunk008,same,0.779913
杨戴/祝福__chunk001,杨戴/阿Q正传__chunk009,same,0.813692
杨戴/祝福__chunk001,杨戴/阿Q正传__chunk010,same,0.858756
杨戴/祝福__chunk001,杨戴/阿Q正传__chunk011,same,0.797964
杨戴/祝福__chunk001,杨戴/阿Q正传__chunk012,same,0.809034
杨戴/祝福__chunk001,杨戴/阿Q正传__chunk013,same,0.857600
杨戴/祝福__chunk001,杨戴/阿Q正传__chunk014,same,0.777745
杨戴/祝福__chunk001,杨戴/阿Q正传__chunk015,same,0.797479
杨戴/祝福__chunk001,杨戴/阿Q正传__chunk016,same,0.823941
杨戴/祝福__chunk001,杨戴/阿Q正传__chunk017,same,0.804448
杨戴/祝福__chunk001,杨戴/风波__chunk001,same,0.881072
杨戴/祝福__chunk001,杨戴/风波__chunk002,same,0.834504
杨戴/祝福__chunk001,杨戴/风波__chunk003,same,0.858178
杨戴/祝福__chunk001,蓝/伤逝__chunk001,cross,0.929181
杨戴/祝福__chunk001,蓝/伤逝__chunk002,cross,0.875300
杨戴/祝福__chunk001,蓝/伤逝__chunk003,cross,0.861268
杨戴/祝福__chunk001,蓝/伤逝__chunk004,cross,0.867044
杨戴/祝福__chunk001,蓝/伤逝__chunk005,cross,0.880059
杨戴/祝福__chunk001,蓝/伤逝__chunk006,cross,0.901137
杨戴/祝福__chunk001,蓝/伤逝__chunk007,cross,0.887471
杨戴/祝福__chunk001,蓝/在酒楼上__chunk001,cross,0.908632
杨戴/祝福__chunk001,蓝/在酒楼上__chunk002,cross,0.878935
杨戴/祝福__chunk001,蓝/在酒楼上__chunk003,cross,0.831319
杨戴/祝福__chunk001,蓝/在酒楼上__chunk004,cross,0.784413
杨戴/祝福__chunk001,蓝/奔月__chunk001,cross,0.894603
杨戴/祝福__chunk001,蓝/奔月__chunk002,cross,0.870163
杨戴/祝福__chunk001,蓝/奔月__chunk003,cross,0.846751
杨戴/祝福__chunk001,蓝/奔月__chunk004,cross,0.853778
杨戴/祝福__chunk001,蓝/孤独者__chunk001,cross,0.878845
杨戴/祝福__chunk001,蓝/孤独者__chunk002,cross,0.871999
杨戴/祝福__chunk001,蓝/孤独者__chunk003,cross,0.831214
杨戴/祝福__chunk001,蓝/孤独者__chunk004,cross,0.882706
杨戴/祝福__chunk001,蓝/孤独者__chunk005,cross,0.835840
杨戴/祝福__chunk001,蓝/孤独者__chunk006,cross,0.831270
杨戴/祝福__chunk001,蓝/孤独者__chunk007,cross,0.904015
杨戴/祝福__chunk001,蓝/孤独者__chunk008,cross,0.826724
杨戴/祝福__chunk001,蓝/幸福的家庭__chunk001,cross,0.850302
杨戴/祝福__chunk001,蓝/幸福的家庭__chunk002,cross,0.884267
杨戴/祝福__chunk001,蓝/幸福的家庭__chunk003,cross,0.769154
杨戴/祝福__chunk001,蓝/故乡__chunk001,cross,0.936787
杨戴/祝福__chunk001,蓝/故乡__chunk002,cross,0.844051
杨戴/祝福__chunk001,蓝/故乡__chunk003,cross,0.839903
杨戴/祝福__chunk001,蓝/明天__chunk001,cross,0.880965
杨戴/祝福__chunk001,蓝/明天__chunk002,cross,0.910298
杨戴/祝福__chunk001,蓝/狂人日记__chunk001,cross,0.860729
杨戴/祝福__chunk001,蓝/狂人日记__chunk002,cross,0.808189
杨戴/祝福__chunk001,蓝/狂人日记__chunk003,cross,0.812264
杨戴/祝福__chunk001,蓝/社戏__chunk001,cross,0.932675
杨戴/祝福__chunk001,蓝/社戏__chunk002,cross,0.923813
杨戴/祝福__chunk001,蓝/社戏__chunk003,cross,0.931838
杨戴/祝福__chunk001,蓝/社戏__chunk004,cross,0.859572
杨戴/祝福__chunk001,蓝/祝福__chunk001,cross,0.930823
杨戴/祝福__chunk001,蓝/祝福__chunk002,cross,0.853596
杨戴/祝福__chunk001,蓝/祝福__chunk003,cross,0.870879
杨戴/祝福__chunk001,蓝/祝福__chunk004,cross,0.843876
杨戴/祝福__chunk001,蓝/祝福__chunk005,cross,0.806893
杨戴/祝福__chunk001,蓝/祝福__chunk006,cross,0.827947
杨戴/祝福__chunk001,蓝/祝福__chunk007,cross,0.836688
杨戴/祝福__chunk001,蓝/离婚__chunk001,cross,0.832747
杨戴/祝福__chunk001,蓝/离婚__chunk002,cross,0.886925
杨戴/祝福__chunk001,蓝/离婚__chunk003,cross,0.805663
杨戴/祝福__chunk001,蓝/肥皂__chunk001,cross,0.856558
杨戴/祝福__chunk001,蓝/肥皂__chunk002,cross,0.854997
杨戴/祝福__chunk001,蓝/肥皂__chunk003,cross,0.857884
杨戴/祝福__chunk001,蓝/肥皂__chunk004,cross,0.870900
杨戴/祝福__chunk001,蓝/药__chunk001,cross,0.873354
杨戴/祝福__chunk001,蓝/药__chunk002,cross,0.782382
杨戴/祝福__chunk001,蓝/药__chunk003,cross,0.876472
杨戴/祝福__chunk001,蓝/铸剑__chunk001,cross,0.859513
杨戴/祝福__chunk001,蓝/铸剑__chunk002,cross,0.852413
杨戴/祝福__chunk001,蓝/铸剑__chunk003,cross,0.857742
杨戴/祝福__chunk001,蓝/铸剑__chunk004,cross,0.841084
杨戴/祝福__chunk001,蓝/铸剑__chunk005,cross,0.877336
杨戴/祝福__chunk001,蓝/铸剑__chunk006,cross,0.848861
杨戴/祝福__chunk001,蓝/铸剑__chunk007,cross,0.866499
杨戴/祝福__chunk001,蓝/阿Q正传__chunk001,cross,0.873668
杨戴/祝福__chunk001,蓝/阿Q正传__chunk002,cross,0.854664
杨戴/祝福__chunk001,蓝/阿Q正传__chunk003,cross,0.792561
杨戴/祝福__chunk001,蓝/阿Q正传__chunk004,cross,0.799670
杨戴/祝福__chunk001,蓝/阿Q正传__chunk005,cross,0.779666
杨戴/祝福__chunk001,蓝/阿Q正传__chunk006,cross,0.861503
杨戴/祝福__chunk001,蓝/阿Q正传__chunk007,cross,0.841329
杨戴/祝福__chunk001,蓝/阿Q正传__chunk008,cross,0.834868
杨戴/祝福__chunk001,蓝/阿Q正传__chunk009,cross,0.835396
杨戴/祝福__chunk001,蓝/阿Q正传__chunk010,cross,0.848580
杨戴/祝福__chunk001,蓝/阿Q正传__chunk011,cross,0.878623
杨戴/祝福__chunk001,蓝/阿Q正传__chunk012,cross,0.830147
杨戴/祝福__chunk001,蓝/阿Q正传__chunk013,cross,0.882105
杨戴/祝福__chunk001,蓝/阿Q正传__chunk014,cross,0.875018
杨戴/祝福__chunk001,蓝/阿Q正传__chunk015,cross,0.852367
杨戴/祝福__chunk001,蓝/阿Q正传__chunk016,cross,0.802158
杨戴/祝福__chunk001,蓝/阿Q正传__chunk017,cross,0.803846
杨戴/祝福__chunk001,蓝/风波__chunk001,cross,0.887657
杨戴/祝福__chunk001,蓝/风波__chunk002,cross,0.880055
杨戴/祝福__chunk001,蓝/风波__chunk003,cross,0.838657
杨戴/祝福__chunk002,杨戴/祝福__chunk003,same,0.776548
杨戴/祝福__chunk002,杨戴/祝福__chunk004,same,0.805257
杨戴/祝福__chunk002,杨戴/祝福__chunk005,same,0.823366
杨戴/祝福__chunk002,杨戴/祝福__chunk006,same,0.826554
杨戴/祝福__chunk002,杨戴/祝福__chunk007,same,0.801296
杨戴/祝福__chunk002,杨戴/离婚__chunk001,same,0.739449
杨戴/祝福__chunk002,杨戴/离婚__chunk002,same,0.757094
杨戴/祝福__chunk002,杨戴/离婚__chunk003,same,0.799999
杨戴/祝福__chunk002,杨戴/肥皂__chunk001,same,0.789851
杨戴/祝福__chunk002,杨戴/肥皂__chunk002,same,0.766309
杨戴/祝福__chunk002,杨戴/肥皂__chunk003,same,0.717871
杨戴/祝福__chunk002,杨戴/肥皂__chunk004,same,0.742090
杨戴/祝福__chunk002,杨戴/药__chunk001,same,0.725073
杨戴/祝福__chunk002,杨戴/药__chunk002,same,0.740231
杨戴/祝福__chunk002,杨戴/药__chunk003,same,0.761638
杨戴/祝福__chunk002,杨戴/铸剑__chunk001,same,0.744743
杨戴/祝福__chunk002,杨戴/铸剑__chunk002,same,0.723979
杨戴/祝福__chunk002,杨戴/铸剑__chunk003,same,0.718202
杨戴/祝福__chunk002,杨戴/铸剑__chunk004,same,0.712563
杨戴/祝福__chunk002,杨戴/铸剑__chunk005,same,0.750008
杨戴/祝福__chunk002,杨戴/铸剑__chunk006,same,0.689526
杨戴/祝福__chunk002,杨戴/铸剑__chunk007,same,0.713658
杨戴/祝福__chunk002,杨戴/阿Q正传__chunk001,same,0.801991
杨戴/祝福__chunk002,杨戴/阿Q正传__chunk002,same,0.781818
杨戴/祝福__chunk002,杨戴/阿Q正传__chunk003,same,0.761343
杨戴/祝福__chunk002,杨戴/阿Q正传__chunk004,same,0.760802
杨戴/祝福__chunk002,杨戴/阿Q正传__chunk005,same,0.738704
杨戴/祝福__chunk002,杨戴/阿Q正传__chunk006,same,0.791798
杨戴/祝福__chunk002,杨戴/阿Q正传__chunk007,same,0.749783
杨戴/祝福__chunk002,杨戴/阿Q正传__chunk008,same,0.768085
杨戴/祝福__chunk002,杨戴/阿Q正传__chunk009,same,0.767638
杨戴/祝福__chunk002,杨戴/阿Q正传__chunk010,same,0.772959
杨戴/祝福__chunk002,杨戴/阿Q正传__chunk011,same,0.802763
杨戴/祝福__chunk002,杨戴/阿Q正传__chunk012,same,0.801121
杨戴/祝福__chunk002,杨戴/阿Q正传__chunk013,same,0.784230
杨戴/祝福__chunk002,杨戴/阿Q正传__chunk014,same,0.757989
杨戴/祝福__chunk002,杨戴/阿Q正传__chunk015,same,0.790015
杨戴/祝福__chunk002,杨戴/阿Q正传__chunk016,same,0.780697
杨戴/祝福__chunk002,杨戴/阿Q正传__chunk017,same,0.780095
杨戴/祝福__chunk002,杨戴/风波__chunk001,same,0.767857
杨戴/祝福__chunk002,杨戴/风波__chunk002,same,0.774411
杨戴/祝福__chunk002,杨戴/风波__chunk003,same,0.766914
杨戴/祝福__chunk002,蓝/伤逝__chunk001,cross,0.843649
杨戴/祝福__chunk002,蓝/伤逝__chunk002,cross,0.856430
杨戴/祝福__chunk002,蓝/伤逝__chunk003,cross,0.847629
杨戴/祝福__chunk002,蓝/伤逝__chunk004,cross,0.861380
杨戴/祝福__chunk002,蓝/伤逝__chunk005,cross,0.864182
杨戴/祝福__chunk002,蓝/伤逝__chunk006,cross,0.836699
杨戴/祝福__chunk002,蓝/伤逝__chunk007,cross,0.851389
杨戴/祝福__chunk002,蓝/在酒楼上__chunk001,cross,0.828629
杨戴/祝福__chunk002,蓝/在酒楼上__chunk002,cross,0.874122
杨戴/祝福__chunk002,蓝/在酒楼上__chunk003,cross,0.844208
杨戴/祝福__chunk002,蓝/在酒楼上__chunk004,cross,0.841175
杨戴/祝福__chunk002,蓝/奔月__chunk001,cross,0.757824
杨戴/祝福__chunk002,蓝/奔月__chunk002,cross,0.773800
杨戴/祝福__chunk002,蓝/奔月__chunk003,cross,0.745012
杨戴/祝福__chunk002,蓝/奔月__chunk004,cross,0.722767
杨戴/祝福__chunk002,蓝/孤独者__chunk001,cross,0.789227
杨戴/祝福__chunk002,蓝/孤独者__chunk002,cross,0.802532
杨戴/祝福__chunk002,蓝/孤独者__chunk003,cross,0.856085
杨戴/祝福__chunk002,蓝/孤独者__chunk004,cross,0.829048
杨戴/祝福__chunk002,蓝/孤独者__chunk005,cross,0.861413
杨戴/祝福__chunk002,蓝/孤独者__chunk006,cross,0.865482
杨戴/祝福__chunk002,蓝/孤独者__chunk007,cross,0.815886
杨戴/祝福__chunk002,蓝/孤独者__chunk008,cross,0.765450
杨戴/祝福__chunk002,蓝/幸福的家庭__chunk001,cross,0.753263
杨戴/祝福__chunk002,蓝/幸福的家庭__chunk002,cross,0.765486
杨戴/祝福__chunk002,蓝/幸福的家庭__chunk003,cross,0.685874
杨戴/祝福__chunk002,蓝/故乡__chunk001,cross,0.844994
杨戴/祝福__chunk002,蓝/故乡__chunk002,cross,0.827701
杨戴/祝福__chunk002,蓝/故乡__chunk003,cross,0.808373
杨戴/祝福__chunk002,蓝/明天__chunk001,cross,0.743092
杨戴/祝福__chunk002,蓝/明天__chunk002,cross,0.748934
杨戴/祝福__chunk002,蓝/狂人日记__chunk001,cross,0.815143
杨戴/祝福__chunk002,蓝/狂人日记__chunk002,cross,0.821946
杨戴/祝福__chunk002,蓝/狂人日记__chunk003,cross,0.779602
杨戴/祝福__chunk002,蓝/社戏__chunk001,cross,0.814154
杨戴/祝福__chunk002,蓝/社戏__chunk002,cross,0.815089
杨戴/祝福__chunk002,蓝/社戏__chunk003,cross,0.777944
杨戴/祝福__chunk002,蓝/社戏__chunk004,cross,0.737699
杨戴/祝福__chunk002,蓝/祝福__chunk001,cross,0.774067
杨戴/祝福__chunk002,蓝/祝福__chunk002,cross,0.869649
杨戴/祝福__chunk002,蓝/祝福__chunk003,cross,0.762287
杨戴/祝福__chunk002,蓝/祝福__chunk004,cross,0.776922
杨戴/祝福__chunk002,蓝/祝福__chunk005,cross,0.814487
杨戴/祝福__chunk002,蓝/祝福__chunk006,cross,0.788151
杨戴/祝福__chunk002,蓝/祝福__chunk007,cross,0.741436
杨戴/祝福__chunk002,蓝/离婚__chunk001,cross,0.765790
杨戴/祝福__chunk002,蓝/离婚__chunk002,cross,0.734682
杨戴/祝福__chunk002,蓝/离婚__chunk003,cross,0.797538
杨戴/祝福__chunk002,蓝/肥皂__chunk001,cross,0.777358
杨戴/祝福__chunk002,蓝/肥皂__chunk002,cross,0.774344
杨戴/祝福__chunk002,蓝/肥皂__chunk003,cross,0.753551
杨戴/祝福__chunk002,蓝/肥皂__chunk004,cross,0.733399
杨戴/祝福__chunk002,蓝/药__chunk001,cross,0.696027
杨戴/祝福__chunk002,蓝/药__chunk002,cross,0.714750
杨戴/祝福__chunk002,蓝/药__chunk003,cross,0.715845
杨戴/祝福__chunk002,蓝/铸剑__chunk001,cross,0.740662
杨戴/祝福__chunk002,蓝/铸剑__chunk002,cross,0.759539
杨戴/祝福__chunk002,蓝/铸剑__chunk003,cross,0.717371
杨戴/祝福__chunk002,蓝/铸剑__chunk004,cross,0.728321
杨戴/祝福__chunk002,蓝/铸剑__chunk005,cross,0.728020
杨戴/祝福__chunk002,蓝/铸剑__chunk006,cross,0.674036
杨戴/祝福__chunk002,蓝/铸剑__chunk007,cross,0.695240
杨戴/祝福__chunk002,蓝/阿Q正传__chunk001,cross,0.745667
杨戴/祝福__chunk002,蓝/阿Q正传__chunk002,cross,0.752573
杨戴/祝福__chunk002,蓝/阿Q正传__chunk003,cross,0.707213
杨戴/祝福__chunk002,蓝/阿Q正传__chunk004,cross,0.723405
杨戴/祝福__chunk002,蓝/阿Q正传__chunk005,cross,0.709263
杨戴/祝福__chunk002,蓝/阿Q正传__chunk006,cross,0.755266
杨戴/祝福__chunk002,蓝/阿Q正传__chunk007,cross,0.722876
杨戴/祝福__chunk002,蓝/阿Q正传__chunk008,cross,0.760144
杨戴/祝福__chunk002,蓝/阿Q正传__chunk009,cross,0.730486
杨戴/祝福__chunk002,蓝/阿Q正传__chunk010,cross,0.737692
杨戴/祝福__chunk002,蓝/阿Q正传__chunk011,cross,0.750126
杨戴/祝福__chunk002,蓝/阿Q正传__chunk012,cross,0.768593
杨戴/祝福__chunk002,蓝/阿Q正传__chunk013,cross,0.751429
杨戴/祝福__chunk002,蓝/阿Q正传__chunk014,cross,0.757657
杨戴/祝福__chunk002,蓝/阿Q正传__chunk015,cross,0.756740
杨戴/祝福__chunk002,蓝/阿Q正传__chunk016,cross,0.743663
杨戴/祝福__chunk002,蓝/阿Q正传__chunk017,cross,0.699192
杨戴/祝福__chunk002,蓝/风波__chunk001,cross,0.728966
杨戴/祝福__chunk002,蓝/风波__chunk002,cross,0.763273
杨戴/祝福__chunk002,蓝/风波__chunk003,cross,0.733834
杨戴/祝福__chunk003,杨戴/祝福__chunk004,same,0.879644
杨戴/祝福__chunk003,杨戴/祝福__chunk005,same,0.912090
杨戴/祝福__chunk003,杨戴/祝福__chunk006,same,0.859495
杨戴/祝福__chunk003,杨戴/祝福__chunk007,same,0.869849
杨戴/祝福__chunk003,杨戴/离婚__chunk001,same,0.732235
杨戴/祝福__chunk003,杨戴/离婚__chunk002,same,0.844153
杨戴/祝福__chunk003,杨戴/离婚__chunk003,same,0.836491
杨戴/祝福__chunk003,杨戴/肥皂__chunk001,same,0.838591
杨戴/祝福__chunk003,杨戴/肥皂__chunk002,same,0.835098
杨戴/祝福__chunk003,杨戴/肥皂__chunk003,same,0.787667
杨戴/祝福__chunk003,杨戴/肥皂__chunk004,same,0.807613
杨戴/祝福__chunk003,杨戴/药__chunk001,same,0.775417
杨戴/祝福__chunk003,杨戴/药__chunk002,same,0.758991
杨戴/祝福__chunk003,杨戴/药__chunk003,same,0.846533
杨戴/祝福__chunk003,杨戴/铸剑__chunk001,same,0.783150
杨戴/祝福__chunk003,杨戴/铸剑__chunk002,same,0.750825
杨戴/祝福__chunk003,杨戴/铸剑__chunk003,same,0.737698
杨戴/祝福__chunk003,杨戴/铸剑__chunk004,same,0.735717
杨戴/祝福__chunk003,杨戴/铸剑__chunk005,same,0.758445
杨戴/祝福__chunk003,杨戴/铸剑__chunk006,same,0.734910
杨戴/祝福__chunk003,杨戴/铸剑__chunk007,same,0.777447
杨戴/祝福__chunk003,杨戴/阿Q正传__chunk001,same,0.776465
杨戴/祝福__chunk003,杨戴/阿Q正传__chunk002,same,0.774590
杨戴/祝福__chunk003,杨戴/阿Q正传__chunk003,same,0.769031
杨戴/祝福__chunk003,杨戴/阿Q正传__chunk004,same,0.812377
杨戴/祝福__chunk003,杨戴/阿Q正传__chunk005,same,0.750904
杨戴/祝福__chunk003,杨戴/阿Q正传__chunk006,same,0.821812
杨戴/祝福__chunk003,杨戴/阿Q正传__chunk007,same,0.771326
杨戴/祝福__chunk003,杨戴/阿Q正传__chunk008,same,0.777834
杨戴/祝福__chunk003,杨戴/阿Q正传__chunk009,same,0.781936
杨戴/祝福__chunk003,杨戴/阿Q正传__chunk010,same,0.816513
杨戴/祝福__chunk003,杨戴/阿Q正传__chunk011,same,0.775241
杨戴/祝福__chunk003,杨戴/阿Q正传__chunk012,same,0.773417
杨戴/祝福__chunk003,杨戴/阿Q正传__chunk013,same,0.815565
杨戴/祝福__chunk003,杨戴/阿Q正传__chunk014,same,0.754032
杨戴/祝福__chunk003,杨戴/阿Q正传__chunk015,same,0.762369
杨戴/祝福__chunk003,杨戴/阿Q正传__chunk016,same,0.776224
杨戴/祝福__chunk003,杨戴/阿Q正传__chunk017,same,0.806756
杨戴/祝福__chunk003,杨戴/风波__chunk001,same,0.845472
杨戴/祝福__chunk003,杨戴/风波__chunk002,same,0.819781
杨戴/祝福__chunk003,杨戴/风波__chunk003,same,0.826737
杨戴/祝福__chunk003,蓝/伤逝__chunk001,cross,0.798025
杨戴/祝福__chunk003,蓝/伤逝__chunk002,cross,0.834259
杨戴/祝福__chunk003,蓝/伤逝__chunk003,cross,0.778466
杨戴/祝福__chunk003,蓝/伤逝__chunk004,cross,0.807990
杨戴/祝福__chunk003,蓝/伤逝__chunk005,cross,0.805006
杨戴/祝福__chunk003,蓝/伤逝__chunk006,cross,0.785045
杨戴/祝福__chunk003,蓝/伤逝__chunk007,cross,0.760667
杨戴/祝福__chunk003,蓝/在酒楼上__chunk001,cross,0.783903
杨戴/祝福__chunk003,蓝/在酒楼上__chunk002,cross,0.788532
杨戴/祝福__chunk003,蓝/在酒楼上__chunk003,cross,0.830269
杨戴/祝福__chunk003,蓝/在酒楼上__chunk004,cross,0.805957
杨戴/祝福__chunk003,蓝/奔月__chunk001,cross,0.789113
杨戴/祝福__chunk003,蓝/奔月__chunk002,cross,0.790369
杨戴/祝福__chunk003,蓝/奔月__chunk003,cross,0.761301
杨戴/祝福__chunk003,蓝/奔月__chunk004,cross,0.755750
杨戴/祝福__chunk003,蓝/孤独者__chunk001,cross,0.838216
杨戴/祝福__chunk003,蓝/孤独者__chunk002,cross,0.767894
杨戴/祝福__chunk003,蓝/孤独者__chunk003,cross,0.744623
杨戴/祝福__chunk003,蓝/孤独者__chunk004,cross,0.776258
杨戴/祝福__chunk003,蓝/孤独者__chunk005,cross,0.790792
杨戴/祝福__chunk003,蓝/孤独者__chunk006,cross,0.720956
杨戴/祝福__chunk003,蓝/孤独者__chunk007,cross,0.772316
杨戴/祝福__chunk003,蓝/孤独者__chunk008,cross,0.759505
杨戴/祝福__chunk003,蓝/幸福的家庭__chunk001,cross,0.740307
杨戴/祝福__chunk003,蓝/幸福的家庭__chunk002,cross,0.779809
杨戴/祝福__chunk003,蓝/幸福的家庭__chunk003,cross,0.742135
杨戴/祝福__chunk003,蓝/故乡__chunk001,cross,0.821859
杨戴/祝福__chunk003,蓝/故乡__chunk002,cross,0.798210
杨戴/祝福__chunk003,蓝/故乡__chunk003,cross,0.771568
杨戴/祝福__chunk003,蓝/明天__chunk001,cross,0.876830
杨戴/祝福__chunk003,蓝/明天__chunk002,cross,0.848401
杨戴/祝福__chunk003,蓝/狂人日记__chunk001,cross,0.743949
杨戴/祝福__chunk003,蓝/狂人日记__chunk002,cross,0.733272
杨戴/祝福__chunk003,蓝/狂人日记__chunk003,cross,0.742625
杨戴/祝福__chunk003,蓝/社戏__chunk001,cross,0.794311
杨戴/祝福__chunk003,蓝/社戏__chunk002,cross,0.817395
杨戴/祝福__chunk003,蓝/社戏__chunk003,cross,0.787638
杨戴/祝福__chunk003,蓝/社戏__chunk004,cross,0.768975
杨戴/祝福__chunk003,蓝/祝福__chunk001,cross,0.828314
杨戴/祝福__chunk003,蓝/祝福__chunk002,cross,0.774097
杨戴/祝福__chunk003,蓝/祝福__chunk003,cross,0.924614
杨戴/祝福__chunk003,蓝/祝福__chunk004,cross,0.866964
杨戴/祝福__chunk003,蓝/祝福__chunk005,cross,0.826046
杨戴/祝福__chunk003,蓝/祝福__chunk006,cross,0.850552
杨戴/祝福__chunk003,蓝/祝福__chunk007,cross,0.796564
杨戴/祝福__chunk003,蓝/离婚__chunk001,cross,0.753747
杨戴/祝福__chunk003,蓝/离婚__chunk002,cross,0.788232
杨戴/祝福__chunk003,蓝/离婚__chunk003,cross,0.785663
杨戴/祝福__chunk003,蓝/肥皂__chunk001,cross,0.814805
杨戴/祝福__chunk003,蓝/肥皂__chunk002,cross,0.821947
杨戴/祝福__chunk003,蓝/肥皂__chunk003,cross,0.757177
杨戴/祝福__chunk003,蓝/肥皂__chunk004,cross,0.774584
杨戴/祝福__chunk003,蓝/药__chunk001,cross,0.742558
杨戴/祝福__chunk003,蓝/药__chunk002,cross,0.742856
杨戴/祝福__chunk003,蓝/药__chunk003,cross,0.806993
杨戴/祝福__chunk003,蓝/铸剑__chunk001,cross,0.775223
杨戴/祝福__chunk003,蓝/铸剑__chunk002,cross,0.754555
杨戴/祝福__chunk003,蓝/铸剑__chunk003,cross,0.749869
杨戴/祝福__chunk003,蓝/铸剑__chunk004,cross,0.740327
杨戴/祝福__chunk003,蓝/铸剑__chunk005,cross,0.752655
杨戴/祝福__chunk003,蓝/铸剑__chunk006,cross,0.722847
杨戴/祝福__chunk003,蓝/铸剑__chunk007,cross,0.759715
杨戴/祝福__chunk003,蓝/阿Q正传__chunk001,cross,0.748961
杨戴/祝福__chunk003,蓝/阿Q正传__chunk002,cross,0.776030
杨戴/祝福__chunk003,蓝/阿Q正传__chunk003,cross,0.713719
杨戴/祝福__chunk003,蓝/阿Q正传__chunk004,cross,0.760213
杨戴/祝福__chunk003,蓝/阿Q正传__chunk005,cross,0.723234
杨戴/祝福__chunk003,蓝/阿Q正传__chunk006,cross,0.783951
杨戴/祝福__chunk003,蓝/阿Q正传__chunk007,cross,0.746177
杨戴/祝福__chunk003,蓝/阿Q正传__chunk008,cross,0.767596
杨戴/祝福__chunk003,蓝/阿Q正传__chunk009,cross,0.755818
杨戴/祝福__chunk003,蓝/阿Q正传__chunk010,cross,0.788467
杨戴/祝福__chunk003,蓝/阿Q正传__chunk011,cross,0.790496
杨戴/祝福__chunk003,蓝/阿Q正传__chunk012,cross,0.748156
杨戴/祝福__chunk003,蓝/阿Q正传__chunk013,cross,0.786092
杨戴/祝福__chunk003,蓝/阿Q正传__chunk014,cross,0.755053
杨戴/祝福__chunk003,蓝/阿Q正传__chunk015,cross,0.775701
杨戴/祝福__chunk003,蓝/阿Q正传__chunk016,cross,0.749576
杨戴/祝福__chunk003,蓝/阿Q正传__chunk017,cross,0.743977
杨戴/祝福__chunk003,蓝/风波__chunk001,cross,0.816066
杨戴/祝福__chunk003,蓝/风波__chunk002,cross,0.795312
杨戴/祝福__chunk003,蓝/风波__chunk003,cross,0.796455
杨戴/祝福__chunk004,杨戴/祝福__chunk005,same,0.924183
杨戴/祝福__chunk004,杨戴/祝福__chunk006,same,0.888188
杨戴/祝福__chunk004,杨戴/祝福__chunk007,same,0.901184
杨戴/祝福__chunk004,杨戴/离婚__chunk001,same,0.765958
杨戴/祝福__chunk004,杨戴/离婚__chunk002,same,0.830533
杨戴/祝福__chunk004,杨戴/离婚__chunk003,same,0.827315
杨戴/祝福__chunk004,杨戴/肥皂__chunk001,same,0.821830
杨戴/祝福__chunk004,杨戴/肥皂__chunk002,same,0.799546
杨戴/祝福__chunk004,杨戴/肥皂__chunk003,same,0.771768
杨戴/祝福__chunk004,杨戴/肥皂__chunk004,same,0.825657
杨戴/祝福__chunk004,杨戴/药__chunk001,same,0.788344
杨戴/祝福__chunk004,杨戴/药__chunk002,same,0.760726
杨戴/祝福__chunk004,杨戴/药__chunk003,same,0.863316
杨戴/祝福__chunk004,杨戴/铸剑__chunk001,same,0.796110
杨戴/祝福__chunk004,杨戴/铸剑__chunk002,same,0.756811
杨戴/祝福__chunk004,杨戴/铸剑__chunk003,same,0.761835
杨戴/祝福__chunk004,杨戴/铸剑__chunk004,same,0.769496
杨戴/祝福__chunk004,杨戴/铸剑__chunk005,same,0.792736
杨戴/祝福__chunk004,杨戴/铸剑__chunk006,same,0.766350
杨戴/祝福__chunk004,杨戴/铸剑__chunk007,same,0.798651
杨戴/祝福__chunk004,杨戴/阿Q正传__chunk001,same,0.814155
杨戴/祝福__chunk004,杨戴/阿Q正传__chunk002,same,0.776914
杨戴/祝福__chunk004,杨戴/阿Q正传__chunk003,same,0.776516
杨戴/祝福__chunk004,杨戴/阿Q正传__chunk004,same,0.785627
杨戴/祝福__chunk004,杨戴/阿Q正传__chunk005,same,0.751867
杨戴/祝福__chunk004,杨戴/阿Q正传__chunk006,same,0.811182
杨戴/祝福__chunk004,杨戴/阿Q正传__chunk007,same,0.786194
杨戴/祝福__chunk004,杨戴/阿Q正传__chunk008,same,0.777156
杨戴/祝福__chunk004,杨戴/阿Q正传__chunk009,same,0.780055
杨戴/祝福__chunk004,杨戴/阿Q正传__chunk010,same,0.810461
杨戴/祝福__chunk004,杨戴/阿Q正传__chunk011,same,0.798260
杨戴/祝福__chunk004,杨戴/阿Q正传__chunk012,same,0.809165
杨戴/祝福__chunk004,杨戴/阿Q正传__chunk013,same,0.838749
杨戴/祝福__chunk004,杨戴/阿Q正传__chunk014,same,0.763654
杨戴/祝福__chunk004,杨戴/阿Q正传__chunk015,same,0.802947
杨戴/祝福__chunk004,杨戴/阿Q正传__chunk016,same,0.798587
杨戴/祝福__chunk004,杨戴/阿Q正传__chunk017,same,0.785988
杨戴/祝福__chunk004,杨戴/风波__chunk001,same,0.849139
杨戴/祝福__chunk004,杨戴/风波__chunk002,same,0.812926
杨戴/祝福__chunk004,杨戴/风波__chunk003,same,0.842610
杨戴/祝福__chunk004,蓝/伤逝__chunk001,cross,0.791304
杨戴/祝福__chunk004,蓝/伤逝__chunk002,cross,0.802287
杨戴/祝福__chunk004,蓝/伤逝__chunk003,cross,0.802805
杨戴/祝福__chunk004,蓝/伤逝__chunk004,cross,0.830953
杨戴/祝福__chunk004,蓝/伤逝__chunk005,cross,0.818155
杨戴/祝福__chunk004,蓝/伤逝__chunk006,cross,0.814740
杨戴/祝福__chunk004,蓝/伤逝__chunk007,cross,0.781465
杨戴/祝福__chunk004,蓝/在酒楼上__chunk001,cross,0.801740
杨戴/祝福__chunk004,蓝/在酒楼上__chunk002,cross,0.807087
杨戴/祝福__chunk004,蓝/在酒楼上__chunk003,cross,0.819971
杨戴/祝福__chunk004,蓝/在酒楼上__chunk004,cross,0.815562
杨戴/祝福__chunk004,蓝/奔月__chunk001,cross,0.822751
杨戴/祝福__chunk004,蓝/奔月__chunk002,cross,0.789920
杨戴/祝福__chunk004,蓝/奔月__chunk003,cross,0.792321
杨戴/祝福__chunk004,蓝/奔月__chunk004,cross,0.779088
杨戴/祝福__chunk004,蓝/孤独者__chunk001,cross,0.821696
杨戴/祝福__chunk004,蓝/孤独者__chunk002,cross,0.792101
杨戴/祝福__chunk004,蓝/孤独者__chunk003,cross,0.781921
杨戴/祝福__chunk004,蓝/孤独者__chunk004,cross,0.790992
杨戴/祝福__chunk004,蓝/孤独者__chunk005,cross,0.775269
杨戴/祝福__chunk004,蓝/孤独者__chunk006,cross,0.734483
杨戴/祝福__chunk004,蓝/孤独者__chunk007,cross,0.804321
杨戴/祝福__chunk004,蓝/孤独者__chunk008,cross,0.755994
杨戴/祝福__chunk004,蓝/幸福的家庭__chunk001,cross,0.779227
杨戴/祝福__chunk004,蓝/幸福的家庭__chunk002,cross,0.794080
杨戴/祝福__chunk004,蓝/幸福的家庭__chunk003,cross,0.758131
杨戴/祝福__chunk004,蓝/故乡__chunk001,cross,0.816365
杨戴/祝福__chunk004,蓝/故乡__chunk002,cross,0.800742
杨戴/祝福__chunk004,蓝/故乡__chunk003,cross,0.774059
杨戴/祝福__chunk004,蓝/明天__chunk001,cross,0.862532
杨戴/祝福__chunk004,蓝/明天__chunk002,cross,0.853287
杨戴/祝福__chunk004,蓝/狂人日记__chunk001,cross,0.763636
杨戴/祝福__chunk004,蓝/狂人日记__chunk002,cross,0.743070
杨戴/祝福__chunk004,蓝/狂人日记__chunk003,cross,0.780036
杨戴/祝福__chunk004,蓝/社戏__chunk001,cross,0.784911
杨戴/祝福__chunk004,蓝/社戏__chunk002,cross,0.818919
杨戴/祝福__chunk004,蓝/社戏__chunk003,cross,0.803321
杨戴/祝福__chunk004,蓝/社戏__chunk004,cross,0.797929
杨戴/祝福__chunk004,蓝/祝福__chunk001,cross,0.834619
杨戴/祝福__chunk004,蓝/祝福__chunk002,cross,0.796701
杨戴/祝福__chunk004,蓝/祝福__chunk003,cross,0.909259
杨戴/祝福__chunk004,蓝/祝福__chunk004,cross,0.901702
杨戴/祝福__chunk004,蓝/祝福__chunk005,cross,0.882900
杨戴/祝福__chunk004,蓝/祝福__chunk006,cross,0.874116
杨戴/祝福__chunk004,蓝/祝福__chunk007,cross,0.839725
杨戴/祝福__chunk004,蓝/离婚__chunk001,cross,0.791480
杨戴/祝福__chunk004,蓝/离婚__chunk002,cross,0.808324
杨戴/祝福__chunk004,蓝/离婚__chunk003,cross,0.823968
杨戴/祝福__chunk004,蓝/肥皂__chunk001,cross,0.832966
杨戴/祝福__chunk004,蓝/肥皂__chunk002,cross,0.816033
杨戴/祝福__chunk004,蓝/肥皂__chunk003,cross,0.788530
杨戴/祝福__chunk004,蓝/肥皂__chunk004,cross,0.788096
杨戴/祝福__chunk004,蓝/药__chunk001,cross,0.768998
杨戴/祝福__chunk004,蓝/药__chunk002,cross,0.756052
杨戴/祝福__chunk004,蓝/药__chunk003,cross,0.830544
杨戴/祝福__chunk004,蓝/铸剑__chunk001,cross,0.814077
杨戴/祝福__chunk004,蓝/铸剑__chunk002,cross,0.781408
杨戴/祝福__chunk004,蓝/铸剑__chunk003,cross,0.779878
杨戴/祝福__chunk004,蓝/铸剑__chunk004,cross,0.784695
杨戴/祝福__chunk004,蓝/铸剑__chunk005,cross,0.785906
杨戴/祝福__chunk004,蓝/铸剑__chunk006,cross,0.754481
杨戴/祝福__chunk004,蓝/铸剑__chunk007,cross,0.774656
杨戴/祝福__chunk004,蓝/阿Q正传__chunk001,cross,0.776341
杨戴/祝福__chunk004,蓝/阿Q正传__chunk002,cross,0.773832
杨戴/祝福__chunk004,蓝/阿Q正传__chunk003,cross,0.732596
杨戴/祝福__chunk004,蓝/阿Q正传__chunk004,cross,0.753835
杨戴/祝福__chunk004,蓝/阿Q正传__chunk005,cross,0.738643
杨戴/祝福__chunk004,蓝/阿Q正传__chunk006,cross,0.780944
杨戴/祝福__chunk004,蓝/阿Q正传__chunk007,cross,0.771691
杨戴/祝福__chunk004,蓝/阿Q正传__chunk008,cross,0.778646
杨戴/祝福__chunk004,蓝/阿Q正传__chunk009,cross,0.769619
杨戴/祝福__chunk004,蓝/阿Q正传__chunk010,cross,0.772318
杨戴/祝福__chunk004,蓝/阿Q正传__chunk011,cross,0.799731
杨戴/祝福__chunk004,蓝/阿Q正传__chunk012,cross,0.773080
杨戴/祝福__chunk004,蓝/阿Q正传__chunk013,cross,0.796151
杨戴/祝福__chunk004,蓝/阿Q正传__chunk014,cross,0.784044
杨戴/祝福__chunk004,蓝/阿Q正传__chunk015,cross,0.789329
杨戴/祝福__chunk004,蓝/阿Q正传__chunk016,cross,0.772619
杨戴/祝福__chunk004,蓝/阿Q正传__chunk017,cross,0.744196
杨戴/祝福__chunk004,蓝/风波__chunk001,cross,0.828934
杨戴/祝福__chunk004,蓝/风波__chunk002,cross,0.812405
杨戴/祝福__chunk004,蓝/风波__chunk003,cross,0.808987
杨戴/祝福__chunk005,杨戴/祝福__chunk006,same,0.917886
杨戴/祝福__chunk005,杨戴/祝福__chunk007,same,0.903935
杨戴/祝福__chunk005,杨戴/离婚__chunk001,same,0.787192
杨戴/祝福__chunk005,杨戴/离婚__chunk002,same,0.853348
杨戴/祝福__chunk005,杨戴/离婚__chunk003,same,0.865068
杨戴/祝福__chunk005,杨戴/肥皂__chunk001,same,0.848959
杨戴/祝福__chunk005,杨戴/肥皂__chunk002,same,0.836913
杨戴/祝福__chunk005,杨戴/肥皂__chunk003,same,0.816335
杨戴/祝福__chunk005,杨戴/肥皂__chunk004,same,0.845802
杨戴/祝福__chunk005,杨戴/药__chunk001,same,0.824770
杨戴/祝福__chunk005,杨戴/药__chunk002,same,0.791403
杨戴/祝福__chunk005,杨戴/药__chunk003,same,0.884130
杨戴/祝福__chunk005,杨戴/铸剑__chunk001,same,0.823891
杨戴/祝福__chunk005,杨戴/铸剑__chunk002,same,0.794441
杨戴/祝福__chunk005,杨戴/铸剑__chunk003,same,0.781330
杨戴/祝福__chunk005,杨戴/铸剑__chunk004,same,0.788862
杨戴/祝福__chunk005,杨戴/铸剑__chunk005,same,0.808170
杨戴/祝福__chunk005,杨戴/铸剑__chunk006,same,0.775277
杨戴/祝福__chunk005,杨戴/铸剑__chunk007,same,0.825700
杨戴/祝福__chunk005,杨戴/阿Q正传__chunk001,same,0.811171
杨戴/祝福__chunk005,杨戴/阿Q正传__chunk002,same,0.783548
杨戴/祝福__chunk005,杨戴/阿Q正传__chunk003,same,0.794048
杨戴/祝福__chunk005,杨戴/阿Q正传__chunk004,same,0.809931
杨戴/祝福__chunk005,杨戴/阿Q正传__chunk005,same,0.775005
杨戴/祝福__chunk005,杨戴/阿Q正传__chunk006,same,0.838814
杨戴/祝福__chunk005,杨戴/阿Q正传__chunk007,same,0.799749
杨戴/祝福__chunk005,杨戴/阿Q正传__chunk008,same,0.786739
杨戴/祝福__chunk005,杨戴/阿Q正传__chunk009,same,0.816451
杨戴/祝福__chunk005,杨戴/阿Q正传__chunk010,same,0.831040
杨戴/祝福__chunk005,杨戴/阿Q正传__chunk011,same,0.810848
杨戴/祝福__chunk005,杨戴/阿Q正传__chunk012,same,0.806403
杨戴/祝福__chunk005,杨戴/阿Q正传__chunk013,same,0.858352
杨戴/祝福__chunk005,杨戴/阿Q正传__chunk014,same,0.782995
杨戴/祝福__chunk005,杨戴/阿Q正传__chunk015,same,0.817452
杨戴/祝福__chunk005,杨戴/阿Q正传__chunk016,same,0.816201
杨戴/祝福__chunk005,杨戴/阿Q正传__chunk017,same,0.822290
杨戴/祝福__chunk005,杨戴/风波__chunk001,same,0.867800
杨戴/祝福__chunk005,杨戴/风波__chunk002,same,0.855679
杨戴/祝福__chunk005,杨戴/风波__chunk003,same,0.871286
杨戴/祝福__chunk005,蓝/伤逝__chunk001,cross,0.822034
杨戴/祝福__chunk005,蓝/伤逝__chunk002,cross,0.845897
杨戴/祝福__chunk005,蓝/伤逝__chunk003,cross,0.809432
杨戴/祝福__chunk005,蓝/伤逝__chunk004,cross,0.861951
杨戴/祝福__chunk005,蓝/伤逝__chunk005,cross,0.835547
杨戴/祝福__chunk005,蓝/伤逝__chunk006,cross,0.837934
杨戴/祝福__chunk005,蓝/伤逝__chunk007,cross,0.814563
杨戴/祝福__chunk005,蓝/在酒楼上__chunk001,cross,0.827736
杨戴/祝福__chunk005,蓝/在酒楼上__chunk002,cross,0.842707
杨戴/祝福__chunk005,蓝/在酒楼上__chunk003,cross,0.867927
杨戴/祝福__chunk005,蓝/在酒楼上__chunk004,cross,0.841896
杨戴/祝福__chunk005,蓝/奔月__chunk001,cross,0.838238
杨戴/祝福__chunk005,蓝/奔月__chunk002,cross,0.811840
杨戴/祝福__chunk005,蓝/奔月__chunk003,cross,0.812001
杨戴/祝福__chunk005,蓝/奔月__chunk004,cross,0.807363
杨戴/祝福__chunk005,蓝/孤独者__chunk001,cross,0.862609
杨戴/祝福__chunk005,蓝/孤独者__chunk002,cross,0.817133
杨戴/祝福__chunk005,蓝/孤独者__chunk003,cross,0.808123
杨戴/祝福__chunk005,蓝/孤独者__chunk004,cross,0.835779
杨戴/祝福__chunk005,蓝/孤独者__chunk005,cross,0.809747
杨戴/祝福__chunk005,蓝/孤独者__chunk006,cross,0.761750
杨戴/祝福__chunk005,蓝/孤独者__chunk007,cross,0.829154
杨戴/祝福__chunk005,蓝/孤独者__chunk008,cross,0.797443
杨戴/祝福__chunk005,蓝/幸福的家庭__chunk001,cross,0.802887
杨戴/祝福__chunk005,蓝/幸福的家庭__chunk002,cross,0.832076
杨戴/祝福__chunk005,蓝/幸福的家庭__chunk003,cross,0.770253
杨戴/祝福__chunk005,蓝/故乡__chunk001,cross,0.844706
杨戴/祝福__chunk005,蓝/故乡__chunk002,cross,0.840645
杨戴/祝福__chunk005,蓝/故乡__chunk003,cross,0.810763
杨戴/祝福__chunk005,蓝/明天__chunk001,cross,0.878764
杨戴/祝福__chunk005,蓝/明天__chunk002,cross,0.871408
杨戴/祝福__chunk005,蓝/狂人日记__chunk001,cross,0.801488
杨戴/祝福__chunk005,蓝/狂人日记__chunk002,cross,0.773734
杨戴/祝福__chunk005,蓝/狂人日记__chunk003,cross,0.794850
杨戴/祝福__chunk005,蓝/社戏__chunk001,cross,0.823893
杨戴/祝福__chunk005,蓝/社戏__chunk002,cross,0.838464
杨戴/祝福__chunk005,蓝/社戏__chunk003,cross,0.840248
杨戴/祝福__chunk005,蓝/社戏__chunk004,cross,0.831298
杨戴/祝福__chunk005,蓝/祝福__chunk001,cross,0.852072
杨戴/祝福__chunk005,蓝/祝福__chunk002,cross,0.812369
杨戴/祝福__chunk005,蓝/祝福__chunk003,cross,0.918764
杨戴/祝福__chunk005,蓝/祝福__chunk004,cross,0.900288
杨戴/祝福__chunk005,蓝/祝福__chunk005,cross,0.902678
杨戴/祝福__chunk005,蓝/祝福__chunk006,cross,0.886865
杨戴/祝福__chunk005,蓝/祝福__chunk007,cross,0.834349
杨戴/祝福__chunk005,蓝/离婚__chunk001,cross,0.803825
杨戴/祝福__chunk005,蓝/离婚__chunk002,cross,0.829545
杨戴/祝福__chunk005,蓝/离婚__chunk003,cross,0.819186
杨戴/祝福__chunk005,蓝/肥皂__chunk001,cross,0.845683
杨戴/祝福__chunk005,蓝/肥皂__chunk002,cross,0.841167
杨戴/祝福__chunk005,蓝/肥皂__chunk003,cross,0.792273
杨戴/祝福__chunk005,蓝/肥皂__chunk004,cross,0.815206
杨戴/祝福__chunk005,蓝/药__chunk001,cross,0.793696
杨戴/祝福__chunk005,蓝/药__chunk002,cross,0.772734
杨戴/祝福__chunk005,蓝/药__chunk003,cross,0.836350
杨戴/祝福__chunk005,蓝/铸剑__chunk001,cross,0.824982
杨戴/祝福__chunk005,蓝/铸剑__chunk002,cross,0.805660
杨戴/祝福__chunk005,蓝/铸剑__chunk003,cross,0.800295
杨戴/祝福__chunk005,蓝/铸剑__chunk004,cross,0.789428
杨戴/祝福__chunk005,蓝/铸剑__chunk005,cross,0.809524
杨戴/祝福__chunk005,蓝/铸剑__chunk006,cross,0.769469
杨戴/祝福__chunk005,蓝/铸剑__chunk007,cross,0.806974
杨戴/祝福__chunk005,蓝/阿Q正传__chunk001,cross,0.778376
杨戴/祝福__chunk005,蓝/阿Q正传__chunk002,cross,0.795573
杨戴/祝福__chunk005,蓝/阿Q正传__chunk003,cross,0.737596
杨戴/祝福__chunk005,蓝/阿Q正传__chunk004,cross,0.775104
杨戴/祝福__chunk005,蓝/阿Q正传__chunk005,cross,0.750705
杨戴/祝福__chunk005,蓝/阿Q正传__chunk006,cross,0.806666
杨戴/祝福__chunk005,蓝/阿Q正传__chunk007,cross,0.775971
杨戴/祝福__chunk005,蓝/阿Q正传__chunk008,cross,0.791587
杨戴/祝福__chunk005,蓝/阿Q正传__chunk009,cross,0.769096
杨戴/祝福__chunk005,蓝/阿Q正传__chunk010,cross,0.794000
杨戴/祝福__chunk005,蓝/阿Q正传__chunk011,cross,0.795266
杨戴/祝福__chunk005,蓝/阿Q正传__chunk012,cross,0.781364
杨戴/祝福__chunk005,蓝/阿Q正传__chunk013,cross,0.827866
杨戴/祝福__chunk005,蓝/阿Q正传__chunk014,cross,0.796806
杨戴/祝福__chunk005,蓝/阿Q正传__chunk015,cross,0.806388
杨戴/祝福__chunk005,蓝/阿Q正传__chunk016,cross,0.791810
杨戴/祝福__chunk005,蓝/阿Q正传__chunk017,cross,0.761978
杨戴/祝福__chunk005,蓝/风波__chunk001,cross,0.848917
杨戴/祝福__chunk005,蓝/风波__chunk002,cross,0.842512
杨戴/祝福__chunk005,蓝/风波__chunk003,cross,0.838434
杨戴/祝福__chunk006,杨戴/祝福__chunk007,same,0.863219
杨戴/祝福__chunk006,杨戴/离婚__chunk001,same,0.746744
杨戴/祝福__chunk006,杨戴/离婚__chunk002,same,0.803688
杨戴/祝福__chunk006,杨戴/离婚__chunk003,same,0.817255
杨戴/祝福__chunk006,杨戴/肥皂__chunk001,same,0.799635
杨戴/祝福__chunk006,杨戴/肥皂__chunk002,same,0.770776
杨戴/祝福__chunk006,杨戴/肥皂__chunk003,same,0.763466
杨戴/祝福__chunk006,杨戴/肥皂__chunk004,same,0.825201
杨戴/祝福__chunk006,杨戴/药__chunk001,same,0.792459
杨戴/祝福__chunk006,杨戴/药__chunk002,same,0.780907
杨戴/祝福__chunk006,杨戴/药__chunk003,same,0.861383
杨戴/祝福__chunk006,杨戴/铸剑__chunk001,same,0.796566
杨戴/祝福__chunk006,杨戴/铸剑__chunk002,same,0.788222
杨戴/祝福__chunk006,杨戴/铸剑__chunk003,same,0.772184
杨戴/祝福__chunk006,杨戴/铸剑__chunk004,same,0.775168
杨戴/祝福__chunk006,杨戴/铸剑__chunk005,same,0.809590
杨戴/祝福__chunk006,杨戴/铸剑__chunk006,same,0.757002
杨戴/祝福__chunk006,杨戴/铸剑__chunk007,same,0.790690
杨戴/祝福__chunk006,杨戴/阿Q正传__chunk001,same,0.816380
杨戴/祝福__chunk006,杨戴/阿Q正传__chunk002,same,0.801265
杨戴/祝福__chunk006,杨戴/阿Q正传__chunk003,same,0.822635
杨戴/祝福__chunk006,杨戴/阿Q正传__chunk004,same,0.794539
杨戴/祝福__chunk006,杨戴/阿Q正传__chunk005,same,0.765350
杨戴/祝福__chunk006,杨戴/阿Q正传__chunk006,same,0.834846
杨戴/祝福__chunk006,杨戴/阿Q正传__chunk007,same,0.788358
杨戴/祝福__chunk006,杨戴/阿Q正传__chunk008,same,0.788674
杨戴/祝福__chunk006,杨戴/阿Q正传__chunk009,same,0.786894
杨戴/祝福__chunk006,杨戴/阿Q正传__chunk010,same,0.825171
杨戴/祝福__chunk006,杨戴/阿Q正传__chunk011,same,0.802514
杨戴/祝福__chunk006,杨戴/阿Q正传__chunk012,same,0.810273
杨戴/祝福__chunk006,杨戴/阿Q正传__chunk013,same,0.849013
杨戴/祝福__chunk006,杨戴/阿Q正传__chunk014,same,0.804399
杨戴/祝福__chunk006,杨戴/阿Q正传__chunk015,same,0.829406
杨戴/祝福__chunk006,杨戴/阿Q正传__chunk016,same,0.805603
杨戴/祝福__chunk006,杨戴/阿Q正传__chunk017,same,0.792312
杨戴/祝福__chunk006,杨戴/风波__chunk001,same,0.840847
杨戴/祝福__chunk006,杨戴/风波__chunk002,same,0.804792
杨戴/祝福__chunk006,杨戴/风波__chunk003,same,0.828269
杨戴/祝福__chunk006,蓝/伤逝__chunk001,cross,0.833414
杨戴/祝福__chunk006,蓝/伤逝__chunk002,cross,0.816164
杨戴/祝福__chunk006,蓝/伤逝__chunk003,cross,0.782762
杨戴/祝福__chunk006,蓝/伤逝__chunk004,cross,0.841965
杨戴/祝福__chunk006,蓝/伤逝__chunk005,cross,0.791796
杨戴/祝福__chunk006,蓝/伤逝__chunk006,cross,0.798407
杨戴/祝福__chunk006,蓝/伤逝__chunk007,cross,0.787640
杨戴/祝福__chunk006,蓝/在酒楼上__chunk001,cross,0.787425
杨戴/祝福__chunk006,蓝/在酒楼上__chunk002,cross,0.824059
杨戴/祝福__chunk006,蓝/在酒楼上__chunk003,cross,0.818491
杨戴/祝福__chunk006,蓝/在酒楼上__chunk004,cross,0.784615
杨戴/祝福__chunk006,蓝/奔月__chunk001,cross,0.816096
杨戴/祝福__chunk006,蓝/奔月__chunk002,cross,0.774636
杨戴/祝福__chunk006,蓝/奔月__chunk003,cross,0.780858
杨戴/祝福__chunk006,蓝/奔月__chunk004,cross,0.802478
杨戴/祝福__chunk006,蓝/孤独者__chunk001,cross,0.826666
杨戴/祝福__chunk006,蓝/孤独者__chunk002,cross,0.796370
杨戴/祝福__chunk006,蓝/孤独者__chunk003,cross,0.786611
杨戴/祝福__chunk006,蓝/孤独者__chunk004,cross,0.811693
杨戴/祝福__chunk006,蓝/孤独者__chunk005,cross,0.764192
杨戴/祝福__chunk006,蓝/孤独者__chunk006,cross,0.725018
杨戴/祝福__chunk006,蓝/孤独者__chunk007,cross,0.823112
杨戴/祝福__chunk006,蓝/孤独者__chunk008,cross,0.758218
杨戴/祝福__chunk006,蓝/幸福的家庭__chunk001,cross,0.782081
杨戴/祝福__chunk006,蓝/幸福的家庭__chunk002,cross,0.802627
杨戴/祝福__chunk006,蓝/幸福的家庭__chunk003,cross,0.723446
杨戴/祝福__chunk006,蓝/故乡__chunk001,cross,0.822126
杨戴/祝福__chunk006,蓝/故乡__chunk002,cross,0.805487
杨戴/祝福__chunk006,蓝/故乡__chunk003,cross,0.770536
杨戴/祝福__chunk006,蓝/明天__chunk001,cross,0.823802
杨戴/祝福__chunk006,蓝/明天__chunk002,cross,0.830625
杨戴/祝福__chunk006,蓝/狂人日记__chunk001,cross,0.767575
杨戴/祝福__chunk006,蓝/狂人日记__chunk002,cross,0.739896
杨戴/祝福__chunk006,蓝/狂人日记__chunk003,cross,0.772369
杨戴/祝福__chunk006,蓝/社戏__chunk001,cross,0.814057
杨戴/祝福__chunk006,蓝/社戏__chunk002,cross,0.831527
杨戴/祝福__chunk006,蓝/社戏__chunk003,cross,0.824328
杨戴/祝福__chunk006,蓝/社戏__chunk004,cross,0.788390
杨戴/祝福__chunk006,蓝/祝福__chunk001,cross,0.814305
杨戴/祝福__chunk006,蓝/祝福__chunk002,cross,0.761463
杨戴/祝福__chunk006,蓝/祝福__chunk003,cross,0.851018
杨戴/祝福__chunk006,蓝/祝福__chunk004,cross,0.845204
杨戴/祝福__chunk006,蓝/祝福__chunk005,cross,0.883434
杨戴/祝福__chunk006,蓝/祝福__chunk006,cross,0.880685
杨戴/祝福__chunk006,蓝/祝福__chunk007,cross,0.805390
杨戴/祝福__chunk006,蓝/离婚__chunk001,cross,0.781918
杨戴/祝福__chunk006,蓝/离婚__chunk002,cross,0.788259
杨戴/祝福__chunk006,蓝/离婚__chunk003,cross,0.781612
杨戴/祝福__chunk006,蓝/肥皂__chunk001,cross,0.799193
杨戴/祝福__chunk006,蓝/肥皂__chunk002,cross,0.791354
杨戴/祝福__chunk006,蓝/肥皂__chunk003,cross,0.758176
杨戴/祝福__chunk006,蓝/肥皂__chunk004,cross,0.788114
杨戴/祝福__chunk006,蓝/药__chunk001,cross,0.770360
杨戴/祝福__chunk006,蓝/药__chunk002,cross,0.756638
杨戴/祝福__chunk006,蓝/药__chunk003,cross,0.786847
杨戴/祝福__chunk006,蓝/铸剑__chunk001,cross,0.802700
杨戴/祝福__chunk006,蓝/铸剑__chunk002,cross,0.803718
杨戴/祝福__chunk006,蓝/铸剑__chunk003,cross,0.795057
杨戴/祝福__chunk006,蓝/铸剑__chunk004,cross,0.771320
杨戴/祝福__chunk006,蓝/铸剑__chunk005,cross,0.800801
杨戴/祝福__chunk006,蓝/铸剑__chunk006,cross,0.752731
杨戴/祝福__chunk006,蓝/铸剑__chunk007,cross,0.782841
杨戴/祝福__chunk006,蓝/阿Q正传__chunk001,cross,0.758177
杨戴/祝福__chunk006,蓝/阿Q正传__chunk002,cross,0.790437
杨戴/祝福__chunk006,蓝/阿Q正传__chunk003,cross,0.742810
杨戴/祝福__chunk006,蓝/阿Q正传__chunk004,cross,0.740897
杨戴/祝福__chunk006,蓝/阿Q正传__chunk005,cross,0.723925
杨戴/祝福__chunk006,蓝/阿Q正传__chunk006,cross,0.797794
杨戴/祝福__chunk006,蓝/阿Q正传__chunk007,cross,0.750833
杨戴/祝福__chunk006,蓝/阿Q正传__chunk008,cross,0.774670
杨戴/祝福__chunk006,蓝/阿Q正传__chunk009,cross,0.768536
杨戴/祝福__chunk006,蓝/阿Q正传__chunk010,cross,0.803714
杨戴/祝福__chunk006,蓝/阿Q正传__chunk011,cross,0.797984
杨戴/祝福__chunk006,蓝/阿Q正传__chunk012,cross,0.747635
杨戴/祝福__chunk006,蓝/阿Q正传__chunk013,cross,0.802747
杨戴/祝福__chunk006,蓝/阿Q正传__chunk014,cross,0.786822
杨戴/祝福__chunk006,蓝/阿Q正传__chunk015,cross,0.789167
杨戴/祝福__chunk006,蓝/阿Q正传__chunk016,cross,0.767748
杨戴/祝福__chunk006,蓝/阿Q正传__chunk017,cross,0.733674
杨戴/祝福__chunk006,蓝/风波__chunk001,cross,0.824677
杨戴/祝福__chunk006,蓝/风波__chunk002,cross,0.831331
杨戴/祝福__chunk006,蓝/风波__chunk003,cross,0.808755
杨戴/祝福__chunk007,杨戴/离婚__chunk001,same,0.785876
杨戴/祝福__chunk007,杨戴/离婚__chunk002,same,0.831470
杨戴/祝福__chunk007,杨戴/离婚__chunk003,same,0.822026
杨戴/祝福__chunk007,杨戴/肥皂__chunk001,same,0.867342
杨戴/祝福__chunk007,杨戴/肥皂__chunk002,same,0.791142
杨戴/祝福__chunk007,杨戴/肥皂__chunk003,same,0.798537
杨戴/祝福__chunk007,杨戴/肥皂__chunk004,same,0.828520
杨戴/祝福__chunk007,杨戴/药__chunk001,same,0.787602
杨戴/祝福__chunk007,杨戴/药__chunk002,same,0.772541
杨戴/祝福__chunk007,杨戴/药__chunk003,same,0.874364
杨戴/祝福__chunk007,杨戴/铸剑__chunk001,same,0.812289
杨戴/祝福__chunk007,杨戴/铸剑__chunk002,same,0.786842
杨戴/祝福__chunk007,杨戴/铸剑__chunk003,same,0.773632
杨戴/祝福__chunk007,杨戴/铸剑__chunk004,same,0.777737
杨戴/祝福__chunk007,杨戴/铸剑__chunk005,same,0.795791
杨戴/祝福__chunk007,杨戴/铸剑__chunk006,same,0.776132
杨戴/祝福__chunk007,杨戴/铸剑__chunk007,same,0.776958
杨戴/祝福__chunk007,杨戴/阿Q正传__chunk001,same,0.793086
杨戴/祝福__chunk007,杨戴/阿Q正传__chunk002,same,0.772948
杨戴/祝福__chunk007,杨戴/阿Q正传__chunk003,same,0.787240
杨戴/祝福__chunk007,杨戴/阿Q正传__chunk004,same,0.784787
杨戴/祝福__chunk007,杨戴/阿Q正传__chunk005,same,0.757105
杨戴/祝福__chunk007,杨戴/阿Q正传__chunk006,same,0.805662
杨戴/祝福__chunk007,杨戴/阿Q正传__chunk007,same,0.786248
杨戴/祝福__chunk007,杨戴/阿Q正传__chunk008,same,0.772830
杨戴/祝福__chunk007,杨戴/阿Q正传__chunk009,same,0.790769
杨戴/祝福__chunk007,杨戴/阿Q正传__chunk010,same,0.796251
杨戴/祝福__chunk007,杨戴/阿Q正传__chunk011,same,0.791103
杨戴/祝福__chunk007,杨戴/阿Q正传__chunk012,same,0.804470
杨戴/祝福__chunk007,杨戴/阿Q正传__chunk013,same,0.818909
杨戴/祝福__chunk007,杨戴/阿Q正传__chunk014,same,0.744777
杨戴/祝福__chunk007,杨戴/阿Q正传__chunk015,same,0.797229
杨戴/祝福__chunk007,杨戴/阿Q正传__chunk016,same,0.796490
杨戴/祝福__chunk007,杨戴/阿Q正传__chunk017,same,0.809216
杨戴/祝福__chunk007,杨戴/风波__chunk001,same,0.840858
杨戴/祝福__chunk007,杨戴/风波__chunk002,same,0.824911
杨戴/祝福__chunk007,杨戴/风波__chunk003,same,0.827355
杨戴/祝福__chunk007,蓝/伤逝__chunk001,cross,0.806213
杨戴/祝福__chunk007,蓝/伤逝__chunk002,cross,0.825705
杨戴/祝福__chunk007,蓝/伤逝__chunk003,cross,0.815560
杨戴/祝福__chunk007,蓝/伤逝__chunk004,cross,0.809823
杨戴/祝福__chunk007,蓝/伤逝__chunk005,cross,0.809674
杨戴/祝福__chunk007,蓝/伤逝__chunk006,cross,0.833163
杨戴/祝福__chunk007,蓝/伤逝__chunk007,cross,0.781855
杨戴/祝福__chunk007,蓝/在酒楼上__chunk001,cross,0.800562
杨戴/祝福__chunk007,蓝/在酒楼上__chunk002,cross,0.815866
杨戴/祝福__chunk007,蓝/在酒楼上__chunk003,cross,0.838155
杨戴/祝福__chunk007,蓝/在酒楼上__chunk004,cross,0.826840
杨戴/祝福__chunk007,蓝/奔月__chunk001,cross,0.820347
杨戴/祝福__chunk007,蓝/奔月__chunk002,cross,0.807411
杨戴/祝福__chunk007,蓝/奔月__chunk003,cross,0.789801
杨戴/祝福__chunk007,蓝/奔月__chunk004,cross,0.792756
杨戴/祝福__chunk007,蓝/孤独者__chunk001,cross,0.816329
杨戴/祝福__chunk007,蓝/孤独者__chunk002,cross,0.790274
杨戴/祝福__chunk007,蓝/孤独者__chunk003,cross,0.791026
杨戴/祝福__chunk007,蓝/孤独者__chunk004,cross,0.798011
杨戴/祝福__chunk007,蓝/孤独者__chunk005,cross,0.809561
杨戴/祝福__chunk007,蓝/孤独者__chunk006,cross,0.764379
杨戴/祝福__chunk007,蓝/孤独者__chunk007,cross,0.788849
杨戴/祝福__chunk007,蓝/孤独者__chunk008,cross,0.786827
杨戴/祝福__chunk007,蓝/幸福的家庭__chunk001,cross,0.778884
杨戴/祝福__chunk007,蓝/幸福的家庭__chunk002,cross,0.810287
杨戴/祝福__chunk007,蓝/幸福的家庭__chunk003,cross,0.783925
杨戴/祝福__chunk007,蓝/故乡__chunk001,cross,0.810738
杨戴/祝福__chunk007,蓝/故乡__chunk002,cross,0.844698
杨戴/祝福__chunk007,蓝/故乡__chunk003,cross,0.783518
杨戴/祝福__chunk007,蓝/明天__chunk001,cross,0.845114
杨戴/祝福__chunk007,蓝/明天__chunk002,cross,0.844271
杨戴/祝福__chunk007,蓝/狂人日记__chunk001,cross,0.775094
杨戴/祝福__chunk007,蓝/狂人日记__chunk002,cross,0.755486
杨戴/祝福__chunk007,蓝/狂人日记__chunk003,cross,0.771142
杨戴/祝福__chunk007,蓝/社戏__chunk001,cross,0.781492
杨戴/祝福__chunk007,蓝/社戏__chunk002,cross,0.811749
杨戴/祝福__chunk007,蓝/社戏__chunk003,cross,0.779342
杨戴/祝福__chunk007,蓝/社戏__chunk004,cross,0.793056
杨戴/祝福__chunk007,蓝/祝福__chunk001,cross,0.810742
杨戴/祝福__chunk007,蓝/祝福__chunk002,cross,0.827744
杨戴/祝福__chunk007,蓝/祝福__chunk003,cross,0.879552
杨戴/祝福__chunk007,蓝/祝福__chunk004,cross,0.904626
杨戴/祝福__chunk007,蓝/祝福__chunk005,cross,0.846081
杨戴/祝福__chunk007,蓝/祝福__chunk006,cross,0.928351
杨戴/祝福__chunk007,蓝/祝福__chunk007,cross,0.841712
杨戴/祝福__chunk007,蓝/离婚__chunk001,cross,0.835946
杨戴/祝福__chunk007,蓝/离婚__chunk002,cross,0.810409
杨戴/祝福__chunk007,蓝/离婚__chunk003,cross,0.829951
杨戴/祝福__chunk007,蓝/肥皂__chunk001,cross,0.866667
杨戴/祝福__chunk007,蓝/肥皂__chunk002,cross,0.811139
杨戴/祝福__chunk007,蓝/肥皂__chunk003,cross,0.834262
杨戴/祝福__chunk007,蓝/肥皂__chunk004,cross,0.804412
杨戴/祝福__chunk007,蓝/药__chunk001,cross,0.791184
杨戴/祝福__chunk007,蓝/药__chunk002,cross,0.756990
杨戴/祝福__chunk007,蓝/药__chunk003,cross,0.834290
杨戴/祝福__chunk007,蓝/铸剑__chunk001,cross,0.815798
杨戴/祝福__chunk007,蓝/铸剑__chunk002,cross,0.804158
杨戴/祝福__chunk007,蓝/铸剑__chunk003,cross,0.796699
杨戴/祝福__chunk007,蓝/铸剑__chunk004,cross,0.798705
杨戴/祝福__chunk007,蓝/铸剑__chunk005,cross,0.808312
杨戴/祝福__chunk007,蓝/铸剑__chunk006,cross,0.766721
杨戴/祝福__chunk007,蓝/铸剑__chunk007,cross,0.774103
杨戴/祝福__chunk007,蓝/阿Q正传__chunk001,cross,0.769912
杨戴/祝福__chunk007,蓝/阿Q正传__chunk002,cross,0.742191
杨戴/祝福__chunk007,蓝/阿Q正传__chunk003,cross,0.722281
杨戴/祝福__chunk007,蓝/阿Q正传__chunk004,cross,0.754967
杨戴/祝福__chunk007,蓝/阿Q正传__chunk005,cross,0.746043
杨戴/祝福__chunk007,蓝/阿Q正传__chunk006,cross,0.777115
杨戴/祝福__chunk007,蓝/阿Q正传__chunk007,cross,0.777329
杨戴/祝福__chunk007,蓝/阿Q正传__chunk008,cross,0.773545
杨戴/祝福__chunk007,蓝/阿Q正传__chunk009,cross,0.758952
杨戴/祝福__chunk007,蓝/阿Q正传__chunk010,cross,0.761554
杨戴/祝福__chunk007,蓝/阿Q正传__chunk011,cross,0.791111
杨戴/祝福__chunk007,蓝/阿Q正传__chunk012,cross,0.773974
杨戴/祝福__chunk007,蓝/阿Q正传__chunk013,cross,0.787499
杨戴/祝福__chunk007,蓝/阿Q正传__chunk014,cross,0.792500
杨戴/祝福__chunk007,蓝/阿Q正传__chunk015,cross,0.790440
杨戴/祝福__chunk007,蓝/阿Q正传__chunk016,cross,0.787186
杨戴/祝福__chunk007,蓝/阿Q正传__chunk017,cross,0.761147
杨戴/祝福__chunk007,蓝/风波__chunk001,cross,0.809693
杨戴/祝福__chunk007,蓝/风波__chunk002,cross,0.811668
杨戴/祝福__chunk007,蓝/风波__chunk003,cross,0.798483
杨戴/离婚__chunk001,杨戴/离婚__chunk002,same,0.833207
杨戴/离婚__chunk001,杨戴/离婚__chunk003,same,0.845001
杨戴/离婚__chunk001,杨戴/肥皂__chunk001,same,0.826437
杨戴/离婚__chunk001,杨戴/肥皂__chunk002,same,0.836669
杨戴/离婚__chunk001,杨戴/肥皂__chunk003,same,0.867303
杨戴/离婚__chunk001,杨戴/肥皂__chunk004,same,0.865940
杨戴/离婚__chunk001,杨戴/药__chunk001,same,0.853185
杨戴/离婚__chunk001,杨戴/药__chunk002,same,0.859225
杨戴/离婚__chunk001,杨戴/药__chunk003,same,0.826288
杨戴/离婚__chunk001,杨戴/铸剑__chunk001,same,0.869437
杨戴/离婚__chunk001,杨戴/铸剑__chunk002,same,0.871715
杨戴/离婚__chunk001,杨戴/铸剑__chunk003,same,0.856321
杨戴/离婚__chunk001,杨戴/铸剑__chunk004,same,0.840995
杨戴/离婚__chunk001,杨戴/铸剑__chunk005,same,0.840712
杨戴/离婚__chunk001,杨戴/铸剑__chunk006,same,0.818854
杨戴/离婚__chunk001,杨戴/铸剑__chunk007,same,0.788242
杨戴/离婚__chunk001,杨戴/阿Q正传__chunk001,same,0.795885
杨戴/离婚__chunk001,杨戴/阿Q正传__chunk002,same,0.771088
杨戴/离婚__chunk001,杨戴/阿Q正传__chunk003,same,0.770694
杨戴/离婚__chunk001,杨戴/阿Q正传__chunk004,same,0.786939
杨戴/离婚__chunk001,杨戴/阿Q正传__chunk005,same,0.770555
杨戴/离婚__chunk001,杨戴/阿Q正传__chunk006,same,0.796077
杨戴/离婚__chunk001,杨戴/阿Q正传__chunk007,same,0.797436
杨戴/离婚__chunk001,杨戴/阿Q正传__chunk008,same,0.774190
杨戴/离婚__chunk001,杨戴/阿Q正传__chunk009,same,0.794442
杨戴/离婚__chunk001,杨戴/阿Q正传__chunk010,same,0.795656
杨戴/离婚__chunk001,杨戴/阿Q正传__chunk011,same,0.787371
杨戴/离婚__chunk001,杨戴/阿Q正传__chunk012,same,0.802165
杨戴/离婚__chunk001,杨戴/阿Q正传__chunk013,same,0.801872
杨戴/离婚__chunk001,杨戴/阿Q正传__chunk014,same,0.769780
杨戴/离婚__chunk001,杨戴/阿Q正传__chunk015,same,0.787074
杨戴/离婚__chunk001,杨戴/阿Q正传__chunk016,same,0.813639
杨戴/离婚__chunk001,杨戴/阿Q正传__chunk017,same,0.822873
杨戴/离婚__chunk001,杨戴/风波__chunk001,same,0.832581
杨戴/离婚__chunk001,杨戴/风波__chunk002,same,0.868819
杨戴/离婚__chunk001,杨戴/风波__chunk003,same,0.846770
杨戴/离婚__chunk001,蓝/伤逝__chunk001,cross,0.763242
杨戴/离婚__chunk001,蓝/伤逝__chunk002,cross,0.738070
杨戴/离婚__chunk001,蓝/伤逝__chunk003,cross,0.780641
杨戴/离婚__chunk001,蓝/伤逝__chunk004,cross,0.801596
杨戴/离婚__chunk001,蓝/伤逝__chunk005,cross,0.776450
杨戴/离婚__chunk001,蓝/伤逝__chunk006,cross,0.759446
杨戴/离婚__chunk001,蓝/伤逝__chunk007,cross,0.799922
杨戴/离婚__chunk001,蓝/在酒楼上__chunk001,cross,0.799397
杨戴/离婚__chunk001,蓝/在酒楼上__chunk002,cross,0.801970
杨戴/离婚__chunk001,蓝/在酒楼上__chunk003,cross,0.784523
杨戴/离婚__chunk001,蓝/在酒楼上__chunk004,cross,0.803483
杨戴/离婚__chunk001,蓝/奔月__chunk001,cross,0.849191
杨戴/离婚__chunk001,蓝/奔月__chunk002,cross,0.842844
杨戴/离婚__chunk001,蓝/奔月__chunk003,cross,0.846860
杨戴/离婚__chunk001,蓝/奔月__chunk004,cross,0.836459
杨戴/离婚__chunk001,蓝/孤独者__chunk001,cross,0.801628
杨戴/离婚__chunk001,蓝/孤独者__chunk002,cross,0.820156
杨戴/离婚__chunk001,蓝/孤独者__chunk003,cross,0.809495
杨戴/离婚__chunk001,蓝/孤独者__chunk004,cross,0.851811
杨戴/离婚__chunk001,蓝/孤独者__chunk005,cross,0.783353
杨戴/离婚__chunk001,蓝/孤独者__chunk006,cross,0.797986
杨戴/离婚__chunk001,蓝/孤独者__chunk007,cross,0.780100
杨戴/离婚__chunk001,蓝/孤独者__chunk008,cross,0.836182
杨戴/离婚__chunk001,蓝/幸福的家庭__chunk001,cross,0.854051
杨戴/离婚__chunk001,蓝/幸福的家庭__chunk002,cross,0.845985
杨戴/离婚__chunk001,蓝/幸福的家庭__chunk003,cross,0.776433
杨戴/离婚__chunk001,蓝/故乡__chunk001,cross,0.796258
杨戴/离婚__chunk001,蓝/故乡__chunk002,cross,0.845548
杨戴/离婚__chunk001,蓝/故乡__chunk003,cross,0.822773
杨戴/离婚__chunk001,蓝/明天__chunk001,cross,0.770953
杨戴/离婚__chunk001,蓝/明天__chunk002,cross,0.807563
杨戴/离婚__chunk001,蓝/狂人日记__chunk001,cross,0.824115
杨戴/离婚__chunk001,蓝/狂人日记__chunk002,cross,0.777497
杨戴/离婚__chunk001,蓝/狂人日记__chunk003,cross,0.874061
杨戴/离婚__chunk001,蓝/社戏__chunk001,cross,0.786788
杨戴/离婚__chunk001,蓝/社戏__chunk002,cross,0.803000
杨戴/离婚__chunk001,蓝/社戏__chunk003,cross,0.821068
杨戴/离婚__chunk001,蓝/社戏__chunk004,cross,0.826743
杨戴/离婚__chunk001,蓝/祝福__chunk001,cross,0.797786
杨戴/离婚__chunk001,蓝/祝福__chunk002,cross,0.767137
杨戴/离婚__chunk001,蓝/祝福__chunk003,cross,0.759983
杨戴/离婚__chunk001,蓝/祝福__chunk004,cross,0.811921
杨戴/离婚__chunk001,蓝/祝福__chunk005,cross,0.742888
杨戴/离婚__chunk001,蓝/祝福__chunk006,cross,0.787993
杨戴/离婚__chunk001,蓝/祝福__chunk007,cross,0.756240
杨戴/离婚__chunk001,蓝/离婚__chunk001,cross,0.887879
杨戴/离婚__chunk001,蓝/离婚__chunk002,cross,0.849790
杨戴/离婚__chunk001,蓝/离婚__chunk003,cross,0.830756
杨戴/离婚__chunk001,蓝/肥皂__chunk001,cross,0.848217
杨戴/离婚__chunk001,蓝/肥皂__chunk002,cross,0.822805
杨戴/离婚__chunk001,蓝/肥皂__chunk003,cross,0.848802
杨戴/离婚__chunk001,蓝/肥皂__chunk004,cross,0.816497
杨戴/离婚__chunk001,蓝/药__chunk001,cross,0.832843
杨戴/离婚__chunk001,蓝/药__chunk002,cross,0.858669
杨戴/离婚__chunk001,蓝/药__chunk003,cross,0.789746
杨戴/离婚__chunk001,蓝/铸剑__chunk001,cross,0.814743
杨戴/离婚__chunk001,蓝/铸剑__chunk002,cross,0.859147
杨戴/离婚__chunk001,蓝/铸剑__chunk003,cross,0.814168
杨戴/离婚__chunk001,蓝/铸剑__chunk004,cross,0.838530
杨戴/离婚__chunk001,蓝/铸剑__chunk005,cross,0.792440
杨戴/离婚__chunk001,蓝/铸剑__chunk006,cross,0.778357
杨戴/离婚__chunk001,蓝/铸剑__chunk007,cross,0.764937
杨戴/离婚__chunk001,蓝/阿Q正传__chunk001,cross,0.783706
杨戴/离婚__chunk001,蓝/阿Q正传__chunk002,cross,0.761236
杨戴/离婚__chunk001,蓝/阿Q正传__chunk003,cross,0.749294
杨戴/离婚__chunk001,蓝/阿Q正传__chunk004,cross,0.767157
杨戴/离婚__chunk001,蓝/阿Q正传__chunk005,cross,0.763145
杨戴/离婚__chunk001,蓝/阿Q正传__chunk006,cross,0.785786
杨戴/离婚__chunk001,蓝/阿Q正传__chunk007,cross,0.811627
杨戴/离婚__chunk001,蓝/阿Q正传__chunk008,cross,0.803669
杨戴/离婚__chunk001,蓝/阿Q正传__chunk009,cross,0.782167
杨戴/离婚__chunk001,蓝/阿Q正传__chunk010,cross,0.769308
杨戴/离婚__chunk001,蓝/阿Q正传__chunk011,cross,0.798991
杨戴/离婚__chunk001,蓝/阿Q正传__chunk012,cross,0.808647
杨戴/离婚__chunk001,蓝/阿Q正传__chunk013,cross,0.786286
杨戴/离婚__chunk001,蓝/阿Q正传__chunk014,cross,0.815531
杨戴/离婚__chunk001,蓝/阿Q正传__chunk015,cross,0.813259
杨戴/离婚__chunk001,蓝/阿Q正传__chunk016,cross,0.846093
杨戴/离婚__chunk001,蓝/阿Q正传__chunk017,cross,0.773608
杨戴/离婚__chunk001,蓝/风波__chunk001,cross,0.787788
杨戴/离婚__chunk001,蓝/风波__chunk002,cross,0.838671
杨戴/离婚__chunk001,蓝/风波__chunk003,cross,0.817770
杨戴/离婚__chunk002,杨戴/离婚__chunk003,same,0.887211
杨戴/离婚__chunk002,杨戴/肥皂__chunk001,same,0.858380
杨戴/离婚__chunk002,杨戴/肥皂__chunk002,same,0.851353
杨戴/离婚__chunk002,杨戴/肥皂__chunk003,same,0.866762
杨戴/离婚__chunk002,杨戴/肥皂__chunk004,same,0.851262
杨戴/离婚__chunk002,杨戴/药__chunk001,same,0.894067
杨戴/离婚__chunk002,杨戴/药__chunk002,same,0.892907
杨戴/离婚__chunk002,杨戴/药__chunk003,same,0.867753
杨戴/离婚__chunk002,杨戴/铸剑__chunk001,same,0.884809
杨戴/离婚__chunk002,杨戴/铸剑__chunk002,same,0.865264
杨戴/离婚__chunk002,杨戴/铸剑__chunk003,same,0.869529
杨戴/离婚__chunk002,杨戴/铸剑__chunk004,same,0.858294
杨戴/离婚__chunk002,杨戴/铸剑__chunk005,same,0.851106
杨戴/离婚__chunk002,杨戴/铸剑__chunk006,same,0.828863
杨戴/离婚__chunk002,杨戴/铸剑__chunk007,same,0.846787
杨戴/离婚__chunk002,杨戴/阿Q正传__chunk001,same,0.814607
杨戴/离婚__chunk002,杨戴/阿Q正传__chunk002,same,0.807946
杨戴/离婚__chunk002,杨戴/阿Q正传__chunk003,same,0.804508
杨戴/离婚__chunk002,杨戴/阿Q正传__chunk004,same,0.851578
杨戴/离婚__chunk002,杨戴/阿Q正传__chunk005,same,0.816208
杨戴/离婚__chunk002,杨戴/阿Q正传__chunk006,same,0.840139
杨戴/离婚__chunk002,杨戴/阿Q正传__chunk007,same,0.860522
杨戴/离婚__chunk002,杨戴/阿Q正传__chunk008,same,0.813211
杨戴/离婚__chunk002,杨戴/阿Q正传__chunk009,same,0.853275
杨戴/离婚__chunk002,杨戴/阿Q正传__chunk010,same,0.832660
杨戴/离婚__chunk002,杨戴/阿Q正传__chunk011,same,0.812077
杨戴/离婚__chunk002,杨戴/阿Q正传__chunk012,same,0.848821
杨戴/离婚__chunk002,杨戴/阿Q正传__chunk013,same,0.852219
杨戴/离婚__chunk002,杨戴/阿Q正传__chunk014,same,0.806066
杨戴/离婚__chunk002,杨戴/阿Q正传__chunk015,same,0.833968
杨戴/离婚__chunk002,杨戴/阿Q正传__chunk016,same,0.826897
杨戴/离婚__chunk002,杨戴/阿Q正传__chunk017,same,0.881151
杨戴/离婚__chunk002,杨戴/风波__chunk001,same,0.889906
杨戴/离婚__chunk002,杨戴/风波__chunk002,same,0.900331
杨戴/离婚__chunk002,杨戴/风波__chunk003,same,0.890217
杨戴/离婚__chunk002,蓝/伤逝__chunk001,cross,0.764881
杨戴/离婚__chunk002,蓝/伤逝__chunk002,cross,0.794362
杨戴/离婚__chunk002,蓝/伤逝__chunk003,cross,0.828826
杨戴/离婚__chunk002,蓝/伤逝__chunk004,cross,0.837202
杨戴/离婚__chunk002,蓝/伤逝__chunk005,cross,0.794715
杨戴/离婚__chunk002,蓝/伤逝__chunk006,cross,0.797502
杨戴/离婚__chunk002,蓝/伤逝__chunk007,cross,0.822104
杨戴/离婚__chunk002,蓝/在酒楼上__chunk001,cross,0.819374
杨戴/离婚__chunk002,蓝/在酒楼上__chunk002,cross,0.837218
杨戴/离婚__chunk002,蓝/在酒楼上__chunk003,cross,0.816624
杨戴/离婚__chunk002,蓝/在酒楼上__chunk004,cross,0.844763
杨戴/离婚__chunk002,蓝/奔月__chunk001,cross,0.873267
杨戴/离婚__chunk002,蓝/奔月__chunk002,cross,0.877727
杨戴/离婚__chunk002,蓝/奔月__chunk003,cross,0.873784
杨戴/离婚__chunk002,蓝/奔月__chunk004,cross,0.841551
杨戴/离婚__chunk002,蓝/孤独者__chunk001,cross,0.876274
杨戴/离婚__chunk002,蓝/孤独者__chunk002,cross,0.852630
杨戴/离婚__chunk002,蓝/孤独者__chunk003,cross,0.823334
杨戴/离婚__chunk002,蓝/孤独者__chunk004,cross,0.851697
杨戴/离婚__chunk002,蓝/孤独者__chunk005,cross,0.794300
杨戴/离婚__chunk002,蓝/孤独者__chunk006,cross,0.788085
杨戴/离婚__chunk002,蓝/孤独者__chunk007,cross,0.799757
杨戴/离婚__chunk002,蓝/孤独者__chunk008,cross,0.855506
杨戴/离婚__chunk002,蓝/幸福的家庭__chunk001,cross,0.844141
杨戴/离婚__chunk002,蓝/幸福的家庭__chunk002,cross,0.820064
杨戴/离婚__chunk002,蓝/幸福的家庭__chunk003,cross,0.799763
杨戴/离婚__chunk002,蓝/故乡__chunk001,cross,0.831270
杨戴/离婚__chunk002,蓝/故乡__chunk002,cross,0.834523
杨戴/离婚__chunk002,蓝/故乡__chunk003,cross,0.866865
杨戴/离婚__chunk002,蓝/明天__chunk001,cross,0.846637
杨戴/离婚__chunk002,蓝/明天__chunk002,cross,0.831775
杨戴/离婚__chunk002,蓝/狂人日记__chunk001,cross,0.788877
杨戴/离婚__chunk002,蓝/狂人日记__chunk002,cross,0.758698
杨戴/离婚__chunk002,蓝/狂人日记__chunk003,cross,0.838619
杨戴/离婚__chunk002,蓝/社戏__chunk001,cross,0.774499
杨戴/离婚__chunk002,蓝/社戏__chunk002,cross,0.797378
杨戴/离婚__chunk002,蓝/社戏__chunk003,cross,0.802162
杨戴/离婚__chunk002,蓝/社戏__chunk004,cross,0.862563
杨戴/离婚__chunk002,蓝/祝福__chunk001,cross,0.823763
杨戴/离婚__chunk002,蓝/祝福__chunk002,cross,0.788345
杨戴/离婚__chunk002,蓝/祝福__chunk003,cross,0.846924
杨戴/离婚__chunk002,蓝/祝福__chunk004,cross,0.853372
杨戴/离婚__chunk002,蓝/祝福__chunk005,cross,0.820235
杨戴/离婚__chunk002,蓝/祝福__chunk006,cross,0.843715
杨戴/离婚__chunk002,蓝/祝福__chunk007,cross,0.798280
杨戴/离婚__chunk002,蓝/离婚__chunk001,cross,0.837231
杨戴/离婚__chunk002,蓝/离婚__chunk002,cross,0.874412
杨戴/离婚__chunk002,蓝/离婚__chunk003,cross,0.842023
杨戴/离婚__chunk002,蓝/肥皂__chunk001,cross,0.855512
杨戴/离婚__chunk002,蓝/肥皂__chunk002,cross,0.856377
杨戴/离婚__chunk002,蓝/肥皂__chunk003,cross,0.828745
杨戴/离婚__chunk002,蓝/肥皂__chunk004,cross,0.814558
杨戴/离婚__chunk002,蓝/药__chunk001,cross,0.833217
杨戴/离婚__chunk002,蓝/药__chunk002,cross,0.837767
杨戴/离婚__chunk002,蓝/药__chunk003,cross,0.830826
杨戴/离婚__chunk002,蓝/铸剑__chunk001,cross,0.866102
杨戴/离婚__chunk002,蓝/铸剑__chunk002,cross,0.861643
杨戴/离婚__chunk002,蓝/铸剑__chunk003,cross,0.846034
杨戴/离婚__chunk002,蓝/铸剑__chunk004,cross,0.865864
杨戴/离婚__chunk002,蓝/铸剑__chunk005,cross,0.814923
杨戴/离婚__chunk002,蓝/铸剑__chunk006,cross,0.785780
杨戴/离婚__chunk002,蓝/铸剑__chunk007,cross,0.799286
杨戴/离婚__chunk002,蓝/阿Q正传__chunk001,cross,0.794334
杨戴/离婚__chunk002,蓝/阿Q正传__chunk002,cross,0.787753
杨戴/离婚__chunk002,蓝/阿Q正传__chunk003,cross,0.764585
杨戴/离婚__chunk002,蓝/阿Q正传__chunk004,cross,0.837191
杨戴/离婚__chunk002,蓝/阿Q正传__chunk005,cross,0.811527
杨戴/离婚__chunk002,蓝/阿Q正传__chunk006,cross,0.824452
杨戴/离婚__chunk002,蓝/阿Q正传__chunk007,cross,0.815112
杨戴/离婚__chunk002,蓝/阿Q正传__chunk008,cross,0.813631
杨戴/离婚__chunk002,蓝/阿Q正传__chunk009,cross,0.823788
杨戴/离婚__chunk002,蓝/阿Q正传__chunk010,cross,0.810796
杨戴/离婚__chunk002,蓝/阿Q正传__chunk011,cross,0.822093
杨戴/离婚__chunk002,蓝/阿Q正传__chunk012,cross,0.813421
杨戴/离婚__chunk002,蓝/阿Q正传__chunk013,cross,0.831876
杨戴/离婚__chunk002,蓝/阿Q正传__chunk014,cross,0.837293
杨戴/离婚__chunk002,蓝/阿Q正传__chunk015,cross,0.840221
杨戴/离婚__chunk002,蓝/阿Q正传__chunk016,cross,0.836655
杨戴/离婚__chunk002,蓝/阿Q正传__chunk017,cross,0.839856
杨戴/离婚__chunk002,蓝/风波__chunk001,cross,0.848986
杨戴/离婚__chunk002,蓝/风波__chunk002,cross,0.871339
杨戴/离婚__chunk002,蓝/风波__chunk003,cross,0.867255
杨戴/离婚__chunk003,杨戴/肥皂__chunk001,same,0.872458
杨戴/离婚__chunk003,杨戴/肥皂__chunk002,same,0.883046
杨戴/离婚__chunk003,杨戴/肥皂__chunk003,same,0.875979
杨戴/离婚__chunk003,杨戴/肥皂__chunk004,same,0.859366
杨戴/离婚__chunk003,杨戴/药__chunk001,same,0.865170
杨戴/离婚__chunk003,杨戴/药__chunk002,same,0.846623
杨戴/离婚__chunk003,杨戴/药__chunk003,same,0.875389
杨戴/离婚__chunk003,杨戴/铸剑__chunk001,same,0.877797
杨戴/离婚__chunk003,杨戴/铸剑__chunk002,same,0.856244
杨戴/离婚__chunk003,杨戴/铸剑__chunk003,same,0.815078
杨戴/离婚__chunk003,杨戴/铸剑__chunk004,same,0.853408
杨戴/离婚__chunk003,杨戴/铸剑__chunk005,same,0.845988
杨戴/离婚__chunk003,杨戴/铸剑__chunk006,same,0.790647
杨戴/离婚__chunk003,杨戴/铸剑__chunk007,same,0.814051
杨戴/离婚__chunk003,杨戴/阿Q正传__chunk001,same,0.788209
杨戴/离婚__chunk003,杨戴/阿Q正传__chunk002,same,0.777165
杨戴/离婚__chunk003,杨戴/阿Q正传__chunk003,same,0.766934
杨戴/离婚__chunk003,杨戴/阿Q正传__chunk004,same,0.801832
杨戴/离婚__chunk003,杨戴/阿Q正传__chunk005,same,0.811615
杨戴/离婚__chunk003,杨戴/阿Q正传__chunk006,same,0.823328
杨戴/离婚__chunk003,杨戴/阿Q正传__chunk007,same,0.833751
杨戴/离婚__chunk003,杨戴/阿Q正传__chunk008,same,0.793397
杨戴/离婚__chunk003,杨戴/阿Q正传__chunk009,same,0.776001
杨戴/离婚__chunk003,杨戴/阿Q正传__chunk010,same,0.815670
杨戴/离婚__chunk003,杨戴/阿Q正传__chunk011,same,0.794225
杨戴/离婚__chunk003,杨戴/阿Q正传__chunk012,same,0.818425
杨戴/离婚__chunk003,杨戴/阿Q正传__chunk013,same,0.836992
杨戴/离婚__chunk003,杨戴/阿Q正传__chunk014,same,0.761184
杨戴/离婚__chunk003,杨戴/阿Q正传__chunk015,same,0.816954
杨戴/离婚__chunk003,杨戴/阿Q正传__chunk016,same,0.807312
杨戴/离婚__chunk003,杨戴/阿Q正传__chunk017,same,0.806021
杨戴/离婚__chunk003,杨戴/风波__chunk001,same,0.882450
杨戴/离婚__chunk003,杨戴/风波__chunk002,same,0.872231
杨戴/离婚__chunk003,杨戴/风波__chunk003,same,0.891372
杨戴/离婚__chunk003,蓝/伤逝__chunk001,cross,0.786516
杨戴/离婚__chunk003,蓝/伤逝__chunk002,cross,0.833515
杨戴/离婚__chunk003,蓝/伤逝__chunk003,cross,0.846603
杨戴/离婚__chunk003,蓝/伤逝__chunk004,cross,0.870215
杨戴/离婚__chunk003,蓝/伤逝__chunk005,cross,0.836345
杨戴/离婚__chunk003,蓝/伤逝__chunk006,cross,0.804793
杨戴/离婚__chunk003,蓝/伤逝__chunk007,cross,0.827820
杨戴/离婚__chunk003,蓝/在酒楼上__chunk001,cross,0.809988
杨戴/离婚__chunk003,蓝/在酒楼上__chunk002,cross,0.850363
杨戴/离婚__chunk003,蓝/在酒楼上__chunk003,cross,0.843937
杨戴/离婚__chunk003,蓝/在酒楼上__chunk004,cross,0.886104
杨戴/离婚__chunk003,蓝/奔月__chunk001,cross,0.853775
杨戴/离婚__chunk003,蓝/奔月__chunk002,cross,0.859981
杨戴/离婚__chunk003,蓝/奔月__chunk003,cross,0.847195
杨戴/离婚__chunk003,蓝/奔月__chunk004,cross,0.824600
杨戴/离婚__chunk003,蓝/孤独者__chunk001,cross,0.864045
杨戴/离婚__chunk003,蓝/孤独者__chunk002,cross,0.813262
杨戴/离婚__chunk003,蓝/孤独者__chunk003,cross,0.851625
杨戴/离婚__chunk003,蓝/孤独者__chunk004,cross,0.865448
杨戴/离婚__chunk003,蓝/孤独者__chunk005,cross,0.832907
杨戴/离婚__chunk003,蓝/孤独者__chunk006,cross,0.833634
杨戴/离婚__chunk003,蓝/孤独者__chunk007,cross,0.818739
杨戴/离婚__chunk003,蓝/孤独者__chunk008,cross,0.842420
杨戴/离婚__chunk003,蓝/幸福的家庭__chunk001,cross,0.829345
杨戴/离婚__chunk003,蓝/幸福的家庭__chunk002,cross,0.829849
杨戴/离婚__chunk003,蓝/幸福的家庭__chunk003,cross,0.787768
杨戴/离婚__chunk003,蓝/故乡__chunk001,cross,0.842439
杨戴/离婚__chunk003,蓝/故乡__chunk002,cross,0.870933
杨戴/离婚__chunk003,蓝/故乡__chunk003,cross,0.846760
杨戴/离婚__chunk003,蓝/明天__chunk001,cross,0.841881
杨戴/离婚__chunk003,蓝/明天__chunk002,cross,0.820077
杨戴/离婚__chunk003,蓝/狂人日记__chunk001,cross,0.816264
杨戴/离婚__chunk003,蓝/狂人日记__chunk002,cross,0.788712
杨戴/离婚__chunk003,蓝/狂人日记__chunk003,cross,0.859166
杨戴/离婚__chunk003,蓝/社戏__chunk001,cross,0.801042
杨戴/离婚__chunk003,蓝/社戏__chunk002,cross,0.811864
杨戴/离婚__chunk003,蓝/社戏__chunk003,cross,0.798252
杨戴/离婚__chunk003,蓝/社戏__chunk004,cross,0.831318
杨戴/离婚__chunk003,蓝/祝福__chunk001,cross,0.807689
杨戴/离婚__chunk003,蓝/祝福__chunk002,cross,0.838299
杨戴/离婚__chunk003,蓝/祝福__chunk003,cross,0.846096
杨戴/离婚__chunk003,蓝/祝福__chunk004,cross,0.857394
杨戴/离婚__chunk003,蓝/祝福__chunk005,cross,0.828437
杨戴/离婚__chunk003,蓝/祝福__chunk006,cross,0.838427
杨戴/离婚__chunk003,蓝/祝福__chunk007,cross,0.788797
杨戴/离婚__chunk003,蓝/离婚__chunk001,cross,0.840392
杨戴/离婚__chunk003,蓝/离婚__chunk002,cross,0.824022
杨戴/离婚__chunk003,蓝/离婚__chunk003,cross,0.897989
杨戴/离婚__chunk003,蓝/肥皂__chunk001,cross,0.864512
杨戴/离婚__chunk003,蓝/肥皂__chunk002,cross,0.868797
杨戴/离婚__chunk003,蓝/肥皂__chunk003,cross,0.843198
杨戴/离婚__chunk003,蓝/肥皂__chunk004,cross,0.833455
杨戴/离婚__chunk003,蓝/药__chunk001,cross,0.786268
杨戴/离婚__chunk003,蓝/药__chunk002,cross,0.826727
杨戴/离婚__chunk003,蓝/药__chunk003,cross,0.806848
杨戴/离婚__chunk003,蓝/铸剑__chunk001,cross,0.845223
杨戴/离婚__chunk003,蓝/铸剑__chunk002,cross,0.848672
杨戴/离婚__chunk003,蓝/铸剑__chunk003,cross,0.778244
杨戴/离婚__chunk003,蓝/铸剑__chunk004,cross,0.833939
杨戴/离婚__chunk003,蓝/铸剑__chunk005,cross,0.779773
杨戴/离婚__chunk003,蓝/铸剑__chunk006,cross,0.742166
杨戴/离婚__chunk003,蓝/铸剑__chunk007,cross,0.760065
杨戴/离婚__chunk003,蓝/阿Q正传__chunk001,cross,0.762666
杨戴/离婚__chunk003,蓝/阿Q正传__chunk002,cross,0.766384
杨戴/离婚__chunk003,蓝/阿Q正传__chunk003,cross,0.729659
杨戴/离婚__chunk003,蓝/阿Q正传__chunk004,cross,0.794618
杨戴/离婚__chunk003,蓝/阿Q正传__chunk005,cross,0.770183
杨戴/离婚__chunk003,蓝/阿Q正传__chunk006,cross,0.790812
杨戴/离婚__chunk003,蓝/阿Q正传__chunk007,cross,0.776426
杨戴/离婚__chunk003,蓝/阿Q正传__chunk008,cross,0.791446
杨戴/离婚__chunk003,蓝/阿Q正传__chunk009,cross,0.770748
杨戴/离婚__chunk003,蓝/阿Q正传__chunk010,cross,0.765880
杨戴/离婚__chunk003,蓝/阿Q正传__chunk011,cross,0.777014
杨戴/离婚__chunk003,蓝/阿Q正传__chunk012,cross,0.779754
杨戴/离婚__chunk003,蓝/阿Q正传__chunk013,cross,0.798673
杨戴/离婚__chunk003,蓝/阿Q正传__chunk014,cross,0.792557
杨戴/离婚__chunk003,蓝/阿Q正传__chunk015,cross,0.807219
杨戴/离婚__chunk003,蓝/阿Q正传__chunk016,cross,0.816373
杨戴/离婚__chunk003,蓝/阿Q正传__chunk017,cross,0.766016
杨戴/离婚__chunk003,蓝/风波__chunk001,cross,0.832176
杨戴/离婚__chunk003,蓝/风波__chunk002,cross,0.867388
杨戴/离婚__chunk003,蓝/风波__chunk003,cross,0.831941
杨戴/肥皂__chunk001,杨戴/肥皂__chunk002,same,0.860343
杨戴/肥皂__chunk001,杨戴/肥皂__chunk003,same,0.878408
杨戴/肥皂__chunk001,杨戴/肥皂__chunk004,same,0.876664
杨戴/肥皂__chunk001,杨戴/药__chunk001,same,0.844354
杨戴/肥皂__chunk001,杨戴/药__chunk002,same,0.835836
杨戴/肥皂__chunk001,杨戴/药__chunk003,same,0.864147
杨戴/肥皂__chunk001,杨戴/铸剑__chunk001,same,0.861733
杨戴/肥皂__chunk001,杨戴/铸剑__chunk002,same,0.838075
杨戴/肥皂__chunk001,杨戴/铸剑__chunk003,same,0.799005
杨戴/肥皂__chunk001,杨戴/铸剑__chunk004,same,0.821906
杨戴/肥皂__chunk001,杨戴/铸剑__chunk005,same,0.806787
杨戴/肥皂__chunk001,杨戴/铸剑__chunk006,same,0.773593
杨戴/肥皂__chunk001,杨戴/铸剑__chunk007,same,0.791001
杨戴/肥皂__chunk001,杨戴/阿Q正传__chunk001,same,0.804465
杨戴/肥皂__chunk001,杨戴/阿Q正传__chunk002,same,0.770042
杨戴/肥皂__chunk001,杨戴/阿Q正传__chunk003,same,0.777439
杨戴/肥皂__chunk001,杨戴/阿Q正传__chunk004,same,0.799469
杨戴/肥皂__chunk001,杨戴/阿Q正传__chunk005,same,0.798867
杨戴/肥皂__chunk001,杨戴/阿Q正传__chunk006,same,0.815764
杨戴/肥皂__chunk001,杨戴/阿Q正传__chunk007,same,0.812119
杨戴/肥皂__chunk001,杨戴/阿Q正传__chunk008,same,0.784165
杨戴/肥皂__chunk001,杨戴/阿Q正传__chunk009,same,0.783526
杨戴/肥皂__chunk001,杨戴/阿Q正传__chunk010,same,0.804323
杨戴/肥皂__chunk001,杨戴/阿Q正传__chunk011,same,0.776632
杨戴/肥皂__chunk001,杨戴/阿Q正传__chunk012,same,0.804207
杨戴/肥皂__chunk001,杨戴/阿Q正传__chunk013,same,0.823996
杨戴/肥皂__chunk001,杨戴/阿Q正传__chunk014,same,0.765148
杨戴/肥皂__chunk001,杨戴/阿Q正传__chunk015,same,0.790381
杨戴/肥皂__chunk001,杨戴/阿Q正传__chunk016,same,0.802905
杨戴/肥皂__chunk001,杨戴/阿Q正传__chunk017,same,0.807090
杨戴/肥皂__chunk001,杨戴/风波__chunk001,same,0.874293
杨戴/肥皂__chunk001,杨戴/风波__chunk002,same,0.829224
杨戴/肥皂__chunk001,杨戴/风波__chunk003,same,0.850055
杨戴/肥皂__chunk001,蓝/伤逝__chunk001,cross,0.791972
杨戴/肥皂__chunk001,蓝/伤逝__chunk002,cross,0.827348
杨戴/肥皂__chunk001,蓝/伤逝__chunk003,cross,0.813389
杨戴/肥皂__chunk001,蓝/伤逝__chunk004,cross,0.825726
杨戴/肥皂__chunk001,蓝/伤逝__chunk005,cross,0.822566
杨戴/肥皂__chunk001,蓝/伤逝__chunk006,cross,0.819857
杨戴/肥皂__chunk001,蓝/伤逝__chunk007,cross,0.800869
杨戴/肥皂__chunk001,蓝/在酒楼上__chunk001,cross,0.818939
杨戴/肥皂__chunk001,蓝/在酒楼上__chunk002,cross,0.848562
杨戴/肥皂__chunk001,蓝/在酒楼上__chunk003,cross,0.844089
杨戴/肥皂__chunk001,蓝/在酒楼上__chunk004,cross,0.868821
杨戴/肥皂__chunk001,蓝/奔月__chunk001,cross,0.852675
杨戴/肥皂__chunk001,蓝/奔月__chunk002,cross,0.840816
杨戴/肥皂__chunk001,蓝/奔月__chunk003,cross,0.836308
杨戴/肥皂__chunk001,蓝/奔月__chunk004,cross,0.820001
杨戴/肥皂__chunk001,蓝/孤独者__chunk001,cross,0.845161
杨戴/肥皂__chunk001,蓝/孤独者__chunk002,cross,0.820601
杨戴/肥皂__chunk001,蓝/孤独者__chunk003,cross,0.841452
杨戴/肥皂__chunk001,蓝/孤独者__chunk004,cross,0.856936
杨戴/肥皂__chunk001,蓝/孤独者__chunk005,cross,0.822490
杨戴/肥皂__chunk001,蓝/孤独者__chunk006,cross,0.830862
杨戴/肥皂__chunk001,蓝/孤独者__chunk007,cross,0.820170
杨戴/肥皂__chunk001,蓝/孤独者__chunk008,cross,0.819937
杨戴/肥皂__chunk001,蓝/幸福的家庭__chunk001,cross,0.821644
杨戴/肥皂__chunk001,蓝/幸福的家庭__chunk002,cross,0.856706
杨戴/肥皂__chunk001,蓝/幸福的家庭__chunk003,cross,0.817672
杨戴/肥皂__chunk001,蓝/故乡__chunk001,cross,0.828374
杨戴/肥皂__chunk001,蓝/故乡__chunk002,cross,0.873493
杨戴/肥皂__chunk001,蓝/故乡__chunk003,cross,0.838859
杨戴/肥皂__chunk001,蓝/明天__chunk001,cross,0.839234
杨戴/肥皂__chunk001,蓝/明天__chunk002,cross,0.834603
杨戴/肥皂__chunk001,蓝/狂人日记__chunk001,cross,0.808958
杨戴/肥皂__chunk001,蓝/狂人日记__chunk002,cross,0.809163
杨戴/肥皂__chunk001,蓝/狂人日记__chunk003,cross,0.828848
杨戴/肥皂__chunk001,蓝/社戏__chunk001,cross,0.779069
杨戴/肥皂__chunk001,蓝/社戏__chunk002,cross,0.806107
杨戴/肥皂__chunk001,蓝/社戏__chunk003,cross,0.808012
杨戴/肥皂__chunk001,蓝/社戏__chunk004,cross,0.814505
杨戴/肥皂__chunk001,蓝/祝福__chunk001,cross,0.798191
杨戴/肥皂__chunk001,蓝/祝福__chunk002,cross,0.859797
杨戴/肥皂__chunk001,蓝/祝福__chunk003,cross,0.835852
杨戴/肥皂__chunk001,蓝/祝福__chunk004,cross,0.861414
杨戴/肥皂__chunk001,蓝/祝福__chunk005,cross,0.817273
杨戴/肥皂__chunk001,蓝/祝福__chunk006,cross,0.864840
杨戴/肥皂__chunk001,蓝/祝福__chunk007,cross,0.809822
杨戴/肥皂__chunk001,蓝/离婚__chunk001,cross,0.853831
杨戴/肥皂__chunk001,蓝/离婚__chunk002,cross,0.830157
杨戴/肥皂__chunk001,蓝/离婚__chunk003,cross,0.868283
杨戴/肥皂__chunk001,蓝/肥皂__chunk001,cross,0.917431
杨戴/肥皂__chunk001,蓝/肥皂__chunk002,cross,0.868676
杨戴/肥皂__chunk001,蓝/肥皂__chunk003,cross,0.852812
杨戴/肥皂__chunk001,蓝/肥皂__chunk004,cross,0.849190
杨戴/肥皂__chunk001,蓝/药__chunk001,cross,0.814140
杨戴/肥皂__chunk001,蓝/药__chunk002,cross,0.832403
杨戴/肥皂__chunk001,蓝/药__chunk003,cross,0.837992
杨戴/肥皂__chunk001,蓝/铸剑__chunk001,cross,0.853937
杨戴/肥皂__chunk001,蓝/铸剑__chunk002,cross,0.854138
杨戴/肥皂__chunk001,蓝/铸剑__chunk003,cross,0.799621
杨戴/肥皂__chunk001,蓝/铸剑__chunk004,cross,0.822664
杨戴/肥皂__chunk001,蓝/铸剑__chunk005,cross,0.783150
杨戴/肥皂__chunk001,蓝/铸剑__chunk006,cross,0.753259
杨戴/肥皂__chunk001,蓝/铸剑__chunk007,cross,0.749955
杨戴/肥皂__chunk001,蓝/阿Q正传__chunk001,cross,0.793637
杨戴/肥皂__chunk001,蓝/阿Q正传__chunk002,cross,0.783548
杨戴/肥皂__chunk001,蓝/阿Q正传__chunk003,cross,0.765137
杨戴/肥皂__chunk001,蓝/阿Q正传__chunk004,cross,0.808134
杨戴/肥皂__chunk001,蓝/阿Q正传__chunk005,cross,0.788741
杨戴/肥皂__chunk001,蓝/阿Q正传__chunk006,cross,0.802891
杨戴/肥皂__chunk001,蓝/阿Q正传__chunk007,cross,0.812358
杨戴/肥皂__chunk001,蓝/阿Q正传__chunk008,cross,0.818886
杨戴/肥皂__chunk001,蓝/阿Q正传__chunk009,cross,0.782071
杨戴/肥皂__chunk001,蓝/阿Q正传__chunk010,cross,0.782210
杨戴/肥皂__chunk001,蓝/阿Q正传__chunk011,cross,0.792038
杨戴/肥皂__chunk001,蓝/阿Q正传__chunk012,cross,0.812180
杨戴/肥皂__chunk001,蓝/阿Q正传__chunk013,cross,0.820361
杨戴/肥皂__chunk001,蓝/阿Q正传__chunk014,cross,0.817415
杨戴/肥皂__chunk001,蓝/阿Q正传__chunk015,cross,0.810952
杨戴/肥皂__chunk001,蓝/阿Q正传__chunk016,cross,0.824968
杨戴/肥皂__chunk001,蓝/阿Q正传__chunk017,cross,0.783634
杨戴/肥皂__chunk001,蓝/风波__chunk001,cross,0.850025
杨戴/肥皂__chunk001,蓝/风波__chunk002,cross,0.860134
杨戴/肥皂__chunk001,蓝/风波__chunk003,cross,0.827050
杨戴/肥皂__chunk002,杨戴/肥皂__chunk003,same,0.853593
杨戴/肥皂__chunk002,杨戴/肥皂__chunk004,same,0.854762
杨戴/肥皂__chunk002,杨戴/药__chunk001,same,0.851151
杨戴/肥皂__chunk002,杨戴/药__chunk002,same,0.838659
杨戴/肥皂__chunk002,杨戴/药__chunk003,same,0.843277
杨戴/肥皂__chunk002,杨戴/铸剑__chunk001,same,0.863667
杨戴/肥皂__chunk002,杨戴/铸剑__chunk002,same,0.829613
杨戴/肥皂__chunk002,杨戴/铸剑__chunk003,same,0.793152
杨戴/肥皂__chunk002,杨戴/铸剑__chunk004,same,0.822151
杨戴/肥皂__chunk002,杨戴/铸剑__chunk005,same,0.828189
杨戴/肥皂__chunk002,杨戴/铸剑__chunk006,same,0.772802
杨戴/肥皂__chunk002,杨戴/铸剑__chunk007,same,0.812998
杨戴/肥皂__chunk002,杨戴/阿Q正传__chunk001,same,0.771647
杨戴/肥皂__chunk002,杨戴/阿Q正传__chunk002,same,0.769587
杨戴/肥皂__chunk002,杨戴/阿Q正传__chunk003,same,0.760127
杨戴/肥皂__chunk002,杨戴/阿Q正传__chunk004,same,0.808990
杨戴/肥皂__chunk002,杨戴/阿Q正传__chunk005,same,0.788775
杨戴/肥皂__chunk002,杨戴/阿Q正传__chunk006,same,0.799447
杨戴/肥皂__chunk002,杨戴/阿Q正传__chunk007,same,0.816015
杨戴/肥皂__chunk002,杨戴/阿Q正传__chunk008,same,0.777530
杨戴/肥皂__chunk002,杨戴/阿Q正传__chunk009,same,0.777666
杨戴/肥皂__chunk002,杨戴/阿Q正传__chunk010,same,0.799749
杨戴/肥皂__chunk002,杨戴/阿Q正传__chunk011,same,0.780035
杨戴/肥皂__chunk002,杨戴/阿Q正传__chunk012,same,0.797210
杨戴/肥皂__chunk002,杨戴/阿Q正传__chunk013,same,0.807800
杨戴/肥皂__chunk002,杨戴/阿Q正传__chunk014,same,0.738945
杨戴/肥皂__chunk002,杨戴/阿Q正传__chunk015,same,0.768300
杨戴/肥皂__chunk002,杨戴/阿Q正传__chunk016,same,0.794497
杨戴/肥皂__chunk002,杨戴/阿Q正传__chunk017,same,0.814949
杨戴/肥皂__chunk002,杨戴/风波__chunk001,same,0.846543
杨戴/肥皂__chunk002,杨戴/风波__chunk002,same,0.843291
杨戴/肥皂__chunk002,杨戴/风波__chunk003,same,0.842661
杨戴/肥皂__chunk002,蓝/伤逝__chunk001,cross,0.760701
杨戴/肥皂__chunk002,蓝/伤逝__chunk002,cross,0.795666
杨戴/肥皂__chunk002,蓝/伤逝__chunk003,cross,0.803985
杨戴/肥皂__chunk002,蓝/伤逝__chunk004,cross,0.830784
杨戴/肥皂__chunk002,蓝/伤逝__chunk005,cross,0.813856
杨戴/肥皂__chunk002,蓝/伤逝__chunk006,cross,0.751704
杨戴/肥皂__chunk002,蓝/伤逝__chunk007,cross,0.785274
杨戴/肥皂__chunk002,蓝/在酒楼上__chunk001,cross,0.802674
杨戴/肥皂__chunk002,蓝/在酒楼上__chunk002,cross,0.841495
杨戴/肥皂__chunk002,蓝/在酒楼上__chunk003,cross,0.833146
杨戴/肥皂__chunk002,蓝/在酒楼上__chunk004,cross,0.831141
杨戴/肥皂__chunk002,蓝/奔月__chunk001,cross,0.845473
杨戴/肥皂__chunk002,蓝/奔月__chunk002,cross,0.853205
杨戴/肥皂__chunk002,蓝/奔月__chunk003,cross,0.845748
杨戴/肥皂__chunk002,蓝/奔月__chunk004,cross,0.813825
杨戴/肥皂__chunk002,蓝/孤独者__chunk001,cross,0.846569
杨戴/肥皂__chunk002,蓝/孤独者__chunk002,cross,0.809093
杨戴/肥皂__chunk002,蓝/孤独者__chunk003,cross,0.810357
杨戴/肥皂__chunk002,蓝/孤独者__chunk004,cross,0.843313
杨戴/肥皂__chunk002,蓝/孤独者__chunk005,cross,0.827934
杨戴/肥皂__chunk002,蓝/孤独者__chunk006,cross,0.814613
杨戴/肥皂__chunk002,蓝/孤独者__chunk007,cross,0.800934
杨戴/肥皂__chunk002,蓝/孤独者__chunk008,cross,0.809356
杨戴/肥皂__chunk002,蓝/幸福的家庭__chunk001,cross,0.808736
杨戴/肥皂__chunk002,蓝/幸福的家庭__chunk002,cross,0.811597
杨戴/肥皂__chunk002,蓝/幸福的家庭__chunk003,cross,0.784945
杨戴/肥皂__chunk002,蓝/故乡__chunk001,cross,0.825749
杨戴/肥皂__chunk002,蓝/故乡__chunk002,cross,0.842628
杨戴/肥皂__chunk002,蓝/故乡__chunk003,cross,0.816318
杨戴/肥皂__chunk002,蓝/明天__chunk001,cross,0.819848
杨戴/肥皂__chunk002,蓝/明天__chunk002,cross,0.826386
杨戴/肥皂__chunk002,蓝/狂人日记__chunk001,cross,0.793218
杨戴/肥皂__chunk002,蓝/狂人日记__chunk002,cross,0.788326
杨戴/肥皂__chunk002,蓝/狂人日记__chunk003,cross,0.890181
杨戴/肥皂__chunk002,蓝/社戏__chunk001,cross,0.779694
杨戴/肥皂__chunk002,蓝/社戏__chunk002,cross,0.809620
杨戴/肥皂__chunk002,蓝/社戏__chunk003,cross,0.784892
杨戴/肥皂__chunk002,蓝/社戏__chunk004,cross,0.832068
杨戴/肥皂__chunk002,蓝/祝福__chunk001,cross,0.803435
杨戴/肥皂__chunk002,蓝/祝福__chunk002,cross,0.790292
杨戴/肥皂__chunk002,蓝/祝福__chunk003,cross,0.821955
杨戴/肥皂__chunk002,蓝/祝福__chunk004,cross,0.827467
杨戴/肥皂__chunk002,蓝/祝福__chunk005,cross,0.789486
杨戴/肥皂__chunk002,蓝/祝福__chunk006,cross,0.802951
杨戴/肥皂__chunk002,蓝/祝福__chunk007,cross,0.753728
杨戴/肥皂__chunk002,蓝/离婚__chunk001,cross,0.813417
杨戴/肥皂__chunk002,蓝/离婚__chunk002,cross,0.791609
杨戴/肥皂__chunk002,蓝/离婚__chunk003,cross,0.836800
杨戴/肥皂__chunk002,蓝/肥皂__chunk001,cross,0.861071
杨戴/肥皂__chunk002,蓝/肥皂__chunk002,cross,0.916151
杨戴/肥皂__chunk002,蓝/肥皂__chunk003,cross,0.837975
杨戴/肥皂__chunk002,蓝/肥皂__chunk004,cross,0.808862
杨戴/肥皂__chunk002,蓝/药__chunk001,cross,0.785718
杨戴/肥皂__chunk002,蓝/药__chunk002,cross,0.834913
杨戴/肥皂__chunk002,蓝/药__chunk003,cross,0.797287
杨戴/肥皂__chunk002,蓝/铸剑__chunk001,cross,0.847578
杨戴/肥皂__chunk002,蓝/铸剑__chunk002,cross,0.824261
杨戴/肥皂__chunk002,蓝/铸剑__chunk003,cross,0.764519
杨戴/肥皂__chunk002,蓝/铸剑__chunk004,cross,0.799895
杨戴/肥皂__chunk002,蓝/铸剑__chunk005,cross,0.754754
杨戴/肥皂__chunk002,蓝/铸剑__chunk006,cross,0.743145
杨戴/肥皂__chunk002,蓝/铸剑__chunk007,cross,0.750113
杨戴/肥皂__chunk002,蓝/阿Q正传__chunk001,cross,0.758150
杨戴/肥皂__chunk002,蓝/阿Q正传__chunk002,cross,0.782854
杨戴/肥皂__chunk002,蓝/阿Q正传__chunk003,cross,0.736742
杨戴/肥皂__chunk002,蓝/阿Q正传__chunk004,cross,0.811464
杨戴/肥皂__chunk002,蓝/阿Q正传__chunk005,cross,0.764310
杨戴/肥皂__chunk002,蓝/阿Q正传__chunk006,cross,0.772382
杨戴/肥皂__chunk002,蓝/阿Q正传__chunk007,cross,0.773579
杨戴/肥皂__chunk002,蓝/阿Q正传__chunk008,cross,0.793573
杨戴/肥皂__chunk002,蓝/阿Q正传__chunk009,cross,0.762190
杨戴/肥皂__chunk002,蓝/阿Q正传__chunk010,cross,0.763856
杨戴/肥皂__chunk002,蓝/阿Q正传__chunk011,cross,0.768971
杨戴/肥皂__chunk002,蓝/阿Q正传__chunk012,cross,0.796131
杨戴/肥皂__chunk002,蓝/阿Q正传__chunk013,cross,0.797638
杨戴/肥皂__chunk002,蓝/阿Q正传__chunk014,cross,0.789049
杨戴/肥皂__chunk002,蓝/阿Q正传__chunk015,cross,0.786936
杨戴/肥皂__chunk002,蓝/阿Q正传__chunk016,cross,0.816203
杨戴/肥皂__chunk002,蓝/阿Q正传__chunk017,cross,0.762543
杨戴/肥皂__chunk002,蓝/风波__chunk001,cross,0.807278
杨戴/肥皂__chunk002,蓝/风波__chunk002,cross,0.823234
杨戴/肥皂__chunk002,蓝/风波__chunk003,cross,0.839006
杨戴/肥皂__chunk003,杨戴/肥皂__chunk004,same,0.895787
杨戴/肥皂__chunk003,杨戴/药__chunk001,same,0.871403
杨戴/肥皂__chunk003,杨戴/药__chunk002,same,0.858231
杨戴/肥皂__chunk003,杨戴/药__chunk003,same,0.860454
杨戴/肥皂__chunk003,杨戴/铸剑__chunk001,same,0.885789
杨戴/肥皂__chunk003,杨戴/铸剑__chunk002,same,0.873491
杨戴/肥皂__chunk003,杨戴/铸剑__chunk003,same,0.813907
杨戴/肥皂__chunk003,杨戴/铸剑__chunk004,same,0.871006
杨戴/肥皂__chunk003,杨戴/铸剑__chunk005,same,0.817957
杨戴/肥皂__chunk003,杨戴/铸剑__chunk006,same,0.785823
杨戴/肥皂__chunk003,杨戴/铸剑__chunk007,same,0.802928
杨戴/肥皂__chunk003,杨戴/阿Q正传__chunk001,same,0.779895
杨戴/肥皂__chunk003,杨戴/阿Q正传__chunk002,same,0.736996
杨戴/肥皂__chunk003,杨戴/阿Q正传__chunk003,same,0.753830
杨戴/肥皂__chunk003,杨戴/阿Q正传__chunk004,same,0.781169
杨戴/肥皂__chunk003,杨戴/阿Q正传__chunk005,same,0.782593
杨戴/肥皂__chunk003,杨戴/阿Q正传__chunk006,same,0.782090
杨戴/肥皂__chunk003,杨戴/阿Q正传__chunk007,same,0.795607
杨戴/肥皂__chunk003,杨戴/阿Q正传__chunk008,same,0.756499
杨戴/肥皂__chunk003,杨戴/阿Q正传__chunk009,same,0.774594
杨戴/肥皂__chunk003,杨戴/阿Q正传__chunk010,same,0.780101
杨戴/肥皂__chunk003,杨戴/阿Q正传__chunk011,same,0.756271
杨戴/肥皂__chunk003,杨戴/阿Q正传__chunk012,same,0.786079
杨戴/肥皂__chunk003,杨戴/阿Q正传__chunk013,same,0.836324
杨戴/肥皂__chunk003,杨戴/阿Q正传__chunk014,same,0.746656
杨戴/肥皂__chunk003,杨戴/阿Q正传__chunk015,same,0.780759
杨戴/肥皂__chunk003,杨戴/阿Q正传__chunk016,same,0.792322
杨戴/肥皂__chunk003,杨戴/阿Q正传__chunk017,same,0.800793
杨戴/肥皂__chunk003,杨戴/风波__chunk001,same,0.872345
杨戴/肥皂__chunk003,杨戴/风波__chunk002,same,0.862733
杨戴/肥皂__chunk003,杨戴/风波__chunk003,same,0.856858
杨戴/肥皂__chunk003,蓝/伤逝__chunk001,cross,0.748447
杨戴/肥皂__chunk003,蓝/伤逝__chunk002,cross,0.754416
杨戴/肥皂__chunk003,蓝/伤逝__chunk003,cross,0.787460
杨戴/肥皂__chunk003,蓝/伤逝__chunk004,cross,0.793458
杨戴/肥皂__chunk003,蓝/伤逝__chunk005,cross,0.767744
杨戴/肥皂__chunk003,蓝/伤逝__chunk006,cross,0.748198
杨戴/肥皂__chunk003,蓝/伤逝__chunk007,cross,0.797408
杨戴/肥皂__chunk003,蓝/在酒楼上__chunk001,cross,0.767003
杨戴/肥皂__chunk003,蓝/在酒楼上__chunk002,cross,0.811765
杨戴/肥皂__chunk003,蓝/在酒楼上__chunk003,cross,0.782880
杨戴/肥皂__chunk003,蓝/在酒楼上__chunk004,cross,0.809345
杨戴/肥皂__chunk003,蓝/奔月__chunk001,cross,0.858416
杨戴/肥皂__chunk003,蓝/奔月__chunk002,cross,0.865701
杨戴/肥皂__chunk003,蓝/奔月__chunk003,cross,0.842491
杨戴/肥皂__chunk003,蓝/奔月__chunk004,cross,0.856010
杨戴/肥皂__chunk003,蓝/孤独者__chunk001,cross,0.810176
杨戴/肥皂__chunk003,蓝/孤独者__chunk002,cross,0.784061
杨戴/肥皂__chunk003,蓝/孤独者__chunk003,cross,0.805060
杨戴/肥皂__chunk003,蓝/孤独者__chunk004,cross,0.854389
杨戴/肥皂__chunk003,蓝/孤独者__chunk005,cross,0.753792
杨戴/肥皂__chunk003,蓝/孤独者__chunk006,cross,0.790923
杨戴/肥皂__chunk003,蓝/孤独者__chunk007,cross,0.784736
杨戴/肥皂__chunk003,蓝/孤独者__chunk008,cross,0.795373
杨戴/肥皂__chunk003,蓝/幸福的家庭__chunk001,cross,0.825556
杨戴/肥皂__chunk003,蓝/幸福的家庭__chunk002,cross,0.850375
杨戴/肥皂__chunk003,蓝/幸福的家庭__chunk003,cross,0.780496
杨戴/肥皂__chunk003,蓝/故乡__chunk001,cross,0.796015
杨戴/肥皂__chunk003,蓝/故乡__chunk002,cross,0.843633
杨戴/肥皂__chunk003,蓝/故乡__chunk003,cross,0.839258
杨戴/肥皂__chunk003,蓝/明天__chunk001,cross,0.790136
杨戴/肥皂__chunk003,蓝/明天__chunk002,cross,0.808169
杨戴/肥皂__chunk003,蓝/狂人日记__chunk001,cross,0.784388
杨戴/肥皂__chunk003,蓝/狂人日记__chunk002,cross,0.745381
杨戴/肥皂__chunk003,蓝/狂人日记__chunk003,cross,0.822608
杨戴/肥皂__chunk003,蓝/社戏__chunk001,cross,0.767894
杨戴/肥皂__chunk003,蓝/社戏__chunk002,cross,0.765230
杨戴/肥皂__chunk003,蓝/社戏__chunk003,cross,0.788471
杨戴/肥皂__chunk003,蓝/社戏__chunk004,cross,0.826951
杨戴/肥皂__chunk003,蓝/祝福__chunk001,cross,0.790966
杨戴/肥皂__chunk003,蓝/祝福__chunk002,cross,0.780479
杨戴/肥皂__chunk003,蓝/祝福__chunk003,cross,0.791694
杨戴/肥皂__chunk003,蓝/祝福__chunk004,cross,0.819023
杨戴/肥皂__chunk003,蓝/祝福__chunk005,cross,0.775651
杨戴/肥皂__chunk003,蓝/祝福__chunk006,cross,0.803515
杨戴/肥皂__chunk003,蓝/祝福__chunk007,cross,0.732613
杨戴/肥皂__chunk003,蓝/离婚__chunk001,cross,0.845856
杨戴/肥皂__chunk003,蓝/离婚__chunk002,cross,0.824422
杨戴/肥皂__chunk003,蓝/离婚__chunk003,cross,0.834269
杨戴/肥皂__chunk003,蓝/肥皂__chunk001,cross,0.866331
杨戴/肥皂__chunk003,蓝/肥皂__chunk002,cross,0.849882
杨戴/肥皂__chunk003,蓝/肥皂__chunk003,cross,0.862939
杨戴/肥皂__chunk003,蓝/肥皂__chunk004,cross,0.847538
杨戴/肥皂__chunk003,蓝/药__chunk001,cross,0.807879
杨戴/肥皂__chunk003,蓝/药__chunk002,cross,0.845340
杨戴/肥皂__chunk003,蓝/药__chunk003,cross,0.797225
杨戴/肥皂__chunk003,蓝/铸剑__chunk001,cross,0.846826
杨戴/肥皂__chunk003,蓝/铸剑__chunk002,cross,0.854982
杨戴/肥皂__chunk003,蓝/铸剑__chunk003,cross,0.797871
杨戴/肥皂__chunk003,蓝/铸剑__chunk004,cross,0.830531
杨戴/肥皂__chunk003,蓝/铸剑__chunk005,cross,0.768761
杨戴/肥皂__chunk003,蓝/铸剑__chunk006,cross,0.743909
杨戴/肥皂__chunk003,蓝/铸剑__chunk007,cross,0.744611
杨戴/肥皂__chunk003,蓝/阿Q正传__chunk001,cross,0.760574
杨戴/肥皂__chunk003,蓝/阿Q正传__chunk002,cross,0.766652
杨戴/肥皂__chunk003,蓝/阿Q正传__chunk003,cross,0.737454
杨戴/肥皂__chunk003,蓝/阿Q正传__chunk004,cross,0.766430
杨戴/肥皂__chunk003,蓝/阿Q正传__chunk005,cross,0.761100
杨戴/肥皂__chunk003,蓝/阿Q正传__chunk006,cross,0.773307
杨戴/肥皂__chunk003,蓝/阿Q正传__chunk007,cross,0.780278
杨戴/肥皂__chunk003,蓝/阿Q正传__chunk008,cross,0.787203
杨戴/肥皂__chunk003,蓝/阿Q正传__chunk009,cross,0.771962
杨戴/肥皂__chunk003,蓝/阿Q正传__chunk010,cross,0.774367
杨戴/肥皂__chunk003,蓝/阿Q正传__chunk011,cross,0.764242
杨戴/肥皂__chunk003,蓝/阿Q正传__chunk012,cross,0.794668
杨戴/肥皂__chunk003,蓝/阿Q正传__chunk013,cross,0.805421
杨戴/肥皂__chunk003,蓝/阿Q正传__chunk014,cross,0.782992
杨戴/肥皂__chunk003,蓝/阿Q正传__chunk015,cross,0.787381
杨戴/肥皂__chunk003,蓝/阿Q正传__chunk016,cross,0.818959
杨戴/肥皂__chunk003,蓝/阿Q正传__chunk017,cross,0.785155
杨戴/肥皂__chunk003,蓝/风波__chunk001,cross,0.825747
杨戴/肥皂__chunk003,蓝/风波__chunk002,cross,0.860408
杨戴/肥皂__chunk003,蓝/风波__chunk003,cross,0.821258
杨戴/肥皂__chunk004,杨戴/药__chunk001,same,0.865959
杨戴/肥皂__chunk004,杨戴/药__chunk002,same,0.858984
杨戴/肥皂__chunk004,杨戴/药__chunk003,same,0.897335
杨戴/肥皂__chunk004,杨戴/铸剑__chunk001,same,0.908513
杨戴/肥皂__chunk004,杨戴/铸剑__chunk002,same,0.888498
杨戴/肥皂__chunk004,杨戴/铸剑__chunk003,same,0.859546
杨戴/肥皂__chunk004,杨戴/铸剑__chunk004,same,0.882143
杨戴/肥皂__chunk004,杨戴/铸剑__chunk005,same,0.876031
杨戴/肥皂__chunk004,杨戴/铸剑__chunk006,same,0.847419
杨戴/肥皂__chunk004,杨戴/铸剑__chunk007,same,0.848157
杨戴/肥皂__chunk004,杨戴/阿Q正传__chunk001,same,0.819510
杨戴/肥皂__chunk004,杨戴/阿Q正传__chunk002,same,0.778554
杨戴/肥皂__chunk004,杨戴/阿Q正传__chunk003,same,0.793417
杨戴/肥皂__chunk004,杨戴/阿Q正传__chunk004,same,0.805667
杨戴/肥皂__chunk004,杨戴/阿Q正传__chunk005,same,0.792699
杨戴/肥皂__chunk004,杨戴/阿Q正传__chunk006,same,0.842268
杨戴/肥皂__chunk004,杨戴/阿Q正传__chunk007,same,0.824427
杨戴/肥皂__chunk004,杨戴/阿Q正传__chunk008,same,0.777405
杨戴/肥皂__chunk004,杨戴/阿Q正传__chunk009,same,0.792970
杨戴/肥皂__chunk004,杨戴/阿Q正传__chunk010,same,0.829588
杨戴/肥皂__chunk004,杨戴/阿Q正传__chunk011,same,0.790497
杨戴/肥皂__chunk004,杨戴/阿Q正传__chunk012,same,0.815737
杨戴/肥皂__chunk004,杨戴/阿Q正传__chunk013,same,0.846602
杨戴/肥皂__chunk004,杨戴/阿Q正传__chunk014,same,0.765397
杨戴/肥皂__chunk004,杨戴/阿Q正传__chunk015,same,0.810411
杨戴/肥皂__chunk004,杨戴/阿Q正传__chunk016,same,0.810954
杨戴/肥皂__chunk004,杨戴/阿Q正传__chunk017,same,0.811856
杨戴/肥皂__chunk004,杨戴/风波__chunk001,same,0.896412
杨戴/肥皂__chunk004,杨戴/风波__chunk002,same,0.848338
杨戴/肥皂__chunk004,杨戴/风波__chunk003,same,0.889756
杨戴/肥皂__chunk004,蓝/伤逝__chunk001,cross,0.826088
杨戴/肥皂__chunk004,蓝/伤逝__chunk002,cross,0.801798
杨戴/肥皂__chunk004,蓝/伤逝__chunk003,cross,0.833190
杨戴/肥皂__chunk004,蓝/伤逝__chunk004,cross,0.843965
杨戴/肥皂__chunk004,蓝/伤逝__chunk005,cross,0.792328
杨戴/肥皂__chunk004,蓝/伤逝__chunk006,cross,0.812712
杨戴/肥皂__chunk004,蓝/伤逝__chunk007,cross,0.825641
杨戴/肥皂__chunk004,蓝/在酒楼上__chunk001,cross,0.832221
杨戴/肥皂__chunk004,蓝/在酒楼上__chunk002,cross,0.841759
杨戴/肥皂__chunk004,蓝/在酒楼上__chunk003,cross,0.809697
杨戴/肥皂__chunk004,蓝/在酒楼上__chunk004,cross,0.792167
杨戴/肥皂__chunk004,蓝/奔月__chunk001,cross,0.926245
杨戴/肥皂__chunk004,蓝/奔月__chunk002,cross,0.877342
杨戴/肥皂__chunk004,蓝/奔月__chunk003,cross,0.883119
杨戴/肥皂__chunk004,蓝/奔月__chunk004,cross,0.885421
杨戴/肥皂__chunk004,蓝/孤独者__chunk001,cross,0.847467
杨戴/肥皂__chunk004,蓝/孤独者__chunk002,cross,0.836208
杨戴/肥皂__chunk004,蓝/孤独者__chunk003,cross,0.824499
杨戴/肥皂__chunk004,蓝/孤独者__chunk004,cross,0.876498
杨戴/肥皂__chunk004,蓝/孤独者__chunk005,cross,0.792978
杨戴/肥皂__chunk004,蓝/孤独者__chunk006,cross,0.787087
杨戴/肥皂__chunk004,蓝/孤独者__chunk007,cross,0.850431
杨戴/肥皂__chunk004,蓝/孤独者__chunk008,cross,0.825411
杨戴/肥皂__chunk004,蓝/幸福的家庭__chunk001,cross,0.860758
杨戴/肥皂__chunk004,蓝/幸福的家庭__chunk002,cross,0.879632
杨戴/肥皂__chunk004,蓝/幸福的家庭__chunk003,cross,0.792495
杨戴/肥皂__chunk004,蓝/故乡__chunk001,cross,0.841361
杨戴/肥皂__chunk004,蓝/故乡__chunk002,cross,0.857957
杨戴/肥皂__chunk004,蓝/故乡__chunk003,cross,0.833747
杨戴/肥皂__chunk004,蓝/明天__chunk001,cross,0.847268
杨戴/肥皂__chunk004,蓝/明天__chunk002,cross,0.880955
杨戴/肥皂__chunk004,蓝/狂人日记__chunk001,cross,0.826798
杨戴/肥皂__chunk004,蓝/狂人日记__chunk002,cross,0.779636
杨戴/肥皂__chunk004,蓝/狂人日记__chunk003,cross,0.846091
杨戴/肥皂__chunk004,蓝/社戏__chunk001,cross,0.831492
杨戴/肥皂__chunk004,蓝/社戏__chunk002,cross,0.859112
杨戴/肥皂__chunk004,蓝/社戏__chunk003,cross,0.854755
杨戴/肥皂__chunk004,蓝/社戏__chunk004,cross,0.868876
杨戴/肥皂__chunk004,蓝/祝福__chunk001,cross,0.845494
杨戴/肥皂__chunk004,蓝/祝福__chunk002,cross,0.799550
杨戴/肥皂__chunk004,蓝/祝福__chunk003,cross,0.832923
杨戴/肥皂__chunk004,蓝/祝福__chunk004,cross,0.857892
杨戴/肥皂__chunk004,蓝/祝福__chunk005,cross,0.805805
杨戴/肥皂__chunk004,蓝/祝福__chunk006,cross,0.839996
杨戴/肥皂__chunk004,蓝/祝福__chunk007,cross,0.820559
杨戴/肥皂__chunk004,蓝/离婚__chunk001,cross,0.887513
杨戴/肥皂__chunk004,蓝/离婚__chunk002,cross,0.883210
杨戴/肥皂__chunk004,蓝/离婚__chunk003,cross,0.824362
杨戴/肥皂__chunk004,蓝/肥皂__chunk001,cross,0.890225
杨戴/肥皂__chunk004,蓝/肥皂__chunk002,cross,0.864217
杨戴/肥皂__chunk004,蓝/肥皂__chunk003,cross,0.886192
杨戴/肥皂__chunk004,蓝/肥皂__chunk004,cross,0.897209
杨戴/肥皂__chunk004,蓝/药__chunk001,cross,0.866426
杨戴/肥皂__chunk004,蓝/药__chunk002,cross,0.845777
杨戴/肥皂__chunk004,蓝/药__chunk003,cross,0.863086
杨戴/肥皂__chunk004,蓝/铸剑__chunk001,cross,0.886248
杨戴/肥皂__chunk004,蓝/铸剑__chunk002,cross,0.903101
杨戴/肥皂__chunk004,蓝/铸剑__chunk003,cross,0.840685
杨戴/肥皂__chunk004,蓝/铸剑__chunk004,cross,0.877485
杨戴/肥皂__chunk004,蓝/铸剑__chunk005,cross,0.855546
杨戴/肥皂__chunk004,蓝/铸剑__chunk006,cross,0.827554
杨戴/肥皂__chunk004,蓝/铸剑__chunk007,cross,0.814326
杨戴/肥皂__chunk004,蓝/阿Q正传__chunk001,cross,0.835756
杨戴/肥皂__chunk004,蓝/阿Q正传__chunk002,cross,0.808944
杨戴/肥皂__chunk004,蓝/阿Q正传__chunk003,cross,0.769841
杨戴/肥皂__chunk004,蓝/阿Q正传__chunk004,cross,0.790915
杨戴/肥皂__chunk004,蓝/阿Q正传__chunk005,cross,0.787357
杨戴/肥皂__chunk004,蓝/阿Q正传__chunk006,cross,0.811534
杨戴/肥皂__chunk004,蓝/阿Q正传__chunk007,cross,0.847863
杨戴/肥皂__chunk004,蓝/阿Q正传__chunk008,cross,0.828254
杨戴/肥皂__chunk004,蓝/阿Q正传__chunk009,cross,0.815999
杨戴/肥皂__chunk004,蓝/阿Q正传__chunk010,cross,0.804937
杨戴/肥皂__chunk004,蓝/阿Q正传__chunk011,cross,0.853219
杨戴/肥皂__chunk004,蓝/阿Q正传__chunk012,cross,0.800542
杨戴/肥皂__chunk004,蓝/阿Q正传__chunk013,cross,0.841864
杨戴/肥皂__chunk004,蓝/阿Q正传__chunk014,cross,0.862953
杨戴/肥皂__chunk004,蓝/阿Q正传__chunk015,cross,0.837408
杨戴/肥皂__chunk004,蓝/阿Q正传__chunk016,cross,0.854325
杨戴/肥皂__chunk004,蓝/阿Q正传__chunk017,cross,0.796550
杨戴/肥皂__chunk004,蓝/风波__chunk001,cross,0.875369
杨戴/肥皂__chunk004,蓝/风波__chunk002,cross,0.897804
杨戴/肥皂__chunk004,蓝/风波__chunk003,cross,0.837725
杨戴/药__chunk001,杨戴/药__chunk002,same,0.909713
杨戴/药__chunk001,杨戴/药__chunk003,same,0.891567
杨戴/药__chunk001,杨戴/铸剑__chunk001,same,0.911902
杨戴/药__chunk001,杨戴/铸剑__chunk002,same,0.882532
杨戴/药__chunk001,杨戴/铸剑__chunk003,same,0.893394
杨戴/药__chunk001,杨戴/铸剑__chunk004,same,0.902379
杨戴/药__chunk001,杨戴/铸剑__chunk005,same,0.874950
杨戴/药__chunk001,杨戴/铸剑__chunk006,same,0.860290
杨戴/药__chunk001,杨戴/铸剑__chunk007,same,0.874176
杨戴/药__chunk001,杨戴/阿Q正传__chunk001,same,0.800711
杨戴/药__chunk001,杨戴/阿Q正传__chunk002,same,0.783727
杨戴/药__chunk001,杨戴/阿Q正传__chunk003,same,0.808492
杨戴/药__chunk001,杨戴/阿Q正传__chunk004,same,0.832028
杨戴/药__chunk001,杨戴/阿Q正传__chunk005,same,0.841385
杨戴/药__chunk001,杨戴/阿Q正传__chunk006,same,0.834608
杨戴/药__chunk001,杨戴/阿Q正传__chunk007,same,0.855001
杨戴/药__chunk001,杨戴/阿Q正传__chunk008,same,0.805978
杨戴/药__chunk001,杨戴/阿Q正传__chunk009,same,0.840094
杨戴/药__chunk001,杨戴/阿Q正传__chunk010,same,0.831363
杨戴/药__chunk001,杨戴/阿Q正传__chunk011,same,0.788898
杨戴/药__chunk001,杨戴/阿Q正传__chunk012,same,0.836251
杨戴/药__chunk001,杨戴/阿Q正传__chunk013,same,0.876877
杨戴/药__chunk001,杨戴/阿Q正传__chunk014,same,0.807934
杨戴/药__chunk001,杨戴/阿Q正传__chunk015,same,0.825706
杨戴/药__chunk001,杨戴/阿Q正传__chunk016,same,0.832052
杨戴/药__chunk001,杨戴/阿Q正传__chunk017,same,0.836508
杨戴/药__chunk001,杨戴/风波__chunk001,same,0.898157
杨戴/药__chunk001,杨戴/风波__chunk002,same,0.870358
杨戴/药__chunk001,杨戴/风波__chunk003,same,0.894627
杨戴/药__chunk001,蓝/伤逝__chunk001,cross,0.789111
杨戴/药__chunk001,蓝/伤逝__chunk002,cross,0.778257
杨戴/药__chunk001,蓝/伤逝__chunk003,cross,0.823361
杨戴/药__chunk001,蓝/伤逝__chunk004,cross,0.831071
杨戴/药__chunk001,蓝/伤逝__chunk005,cross,0.782588
杨戴/药__chunk001,蓝/伤逝__chunk006,cross,0.793061
杨戴/药__chunk001,蓝/伤逝__chunk007,cross,0.823348
杨戴/药__chunk001,蓝/在酒楼上__chunk001,cross,0.845421
杨戴/药__chunk001,蓝/在酒楼上__chunk002,cross,0.842443
杨戴/药__chunk001,蓝/在酒楼上__chunk003,cross,0.765266
杨戴/药__chunk001,蓝/在酒楼上__chunk004,cross,0.811463
杨戴/药__chunk001,蓝/奔月__chunk001,cross,0.901793
杨戴/药__chunk001,蓝/奔月__chunk002,cross,0.887256
杨戴/药__chunk001,蓝/奔月__chunk003,cross,0.908145
杨戴/药__chunk001,蓝/奔月__chunk004,cross,0.890847
杨戴/药__chunk001,蓝/孤独者__chunk001,cross,0.870864
杨戴/药__chunk001,蓝/孤独者__chunk002,cross,0.865863
杨戴/药__chunk001,蓝/孤独者__chunk003,cross,0.825725
杨戴/药__chunk001,蓝/孤独者__chunk004,cross,0.857381
杨戴/药__chunk001,蓝/孤独者__chunk005,cross,0.776124
杨戴/药__chunk001,蓝/孤独者__chunk006,cross,0.775820
杨戴/药__chunk001,蓝/孤独者__chunk007,cross,0.843634
杨戴/药__chunk001,蓝/孤独者__chunk008,cross,0.880456
杨戴/药__chunk001,蓝/幸福的家庭__chunk001,cross,0.874983
杨戴/药__chunk001,蓝/幸福的家庭__chunk002,cross,0.884683
杨戴/药__chunk001,蓝/幸福的家庭__chunk003,cross,0.835524
杨戴/药__chunk001,蓝/故乡__chunk001,cross,0.838458
杨戴/药__chunk001,蓝/故乡__chunk002,cross,0.842869
杨戴/药__chunk001,蓝/故乡__chunk003,cross,0.873805
杨戴/药__chunk001,蓝/明天__chunk001,cross,0.842463
杨戴/药__chunk001,蓝/明天__chunk002,cross,0.864860
杨戴/药__chunk001,蓝/狂人日记__chunk001,cross,0.797640
杨戴/药__chunk001,蓝/狂人日记__chunk002,cross,0.783319
杨戴/药__chunk001,蓝/狂人日记__chunk003,cross,0.864519
杨戴/药__chunk001,蓝/社戏__chunk001,cross,0.820049
杨戴/药__chunk001,蓝/社戏__chunk002,cross,0.803310
杨戴/药__chunk001,蓝/社戏__chunk003,cross,0.851260
杨戴/药__chunk001,蓝/社戏__chunk004,cross,0.912855
杨戴/药__chunk001,蓝/祝福__chunk001,cross,0.830823
杨戴/药__chunk001,蓝/祝福__chunk002,cross,0.775041
杨戴/药__chunk001,蓝/祝福__chunk003,cross,0.806672
杨戴/药__chunk001,蓝/祝福__chunk004,cross,0.817677
杨戴/药__chunk001,蓝/祝福__chunk005,cross,0.786910
杨戴/药__chunk001,蓝/祝福__chunk006,cross,0.811332
杨戴/药__chunk001,蓝/祝福__chunk007,cross,0.780873
杨戴/药__chunk001,蓝/离婚__chunk001,cross,0.848909
杨戴/药__chunk001,蓝/离婚__chunk002,cross,0.872165
杨戴/药__chunk001,蓝/离婚__chunk003,cross,0.844129
杨戴/药__chunk001,蓝/肥皂__chunk001,cross,0.871250
杨戴/药__chunk001,蓝/肥皂__chunk002,cross,0.874709
杨戴/药__chunk001,蓝/肥皂__chunk003,cross,0.843764
杨戴/药__chunk001,蓝/肥皂__chunk004,cross,0.853316
杨戴/药__chunk001,蓝/药__chunk001,cross,0.906945
杨戴/药__chunk001,蓝/药__chunk002,cross,0.884221
杨戴/药__chunk001,蓝/药__chunk003,cross,0.855421
杨戴/药__chunk001,蓝/铸剑__chunk001,cross,0.899600
杨戴/药__chunk001,蓝/铸剑__chunk002,cross,0.897182
杨戴/药__chunk001,蓝/铸剑__chunk003,cross,0.883350
杨戴/药__chunk001,蓝/铸剑__chunk004,cross,0.894628
杨戴/药__chunk001,蓝/铸剑__chunk005,cross,0.862654
杨戴/药__chunk001,蓝/铸剑__chunk006,cross,0.846784
杨戴/药__chunk001,蓝/铸剑__chunk007,cross,0.833305
杨戴/药__chunk001,蓝/阿Q正传__chunk001,cross,0.799080
杨戴/药__chunk001,蓝/阿Q正传__chunk002,cross,0.806775
杨戴/药__chunk001,蓝/阿Q正传__chunk003,cross,0.799135
杨戴/药__chunk001,蓝/阿Q正传__chunk004,cross,0.835604
杨戴/药__chunk001,蓝/阿Q正传__chunk005,cross,0.826959
杨戴/药__chunk001,蓝/阿Q正传__chunk006,cross,0.834374
杨戴/药__chunk001,蓝/阿Q正传__chunk007,cross,0.842545
杨戴/药__chunk001,蓝/阿Q正传__chunk008,cross,0.829198
杨戴/药__chunk001,蓝/阿Q正传__chunk009,cross,0.840327
杨戴/药__chunk001,蓝/阿Q正传__chunk010,cross,0.819025
杨戴/药__chunk001,蓝/阿Q正传__chunk011,cross,0.824703
杨戴/药__chunk001,蓝/阿Q正传__chunk012,cross,0.841157
杨戴/药__chunk001,蓝/阿Q正传__chunk013,cross,0.868995
杨戴/药__chunk001,蓝/阿Q正传__chunk014,cross,0.846095
杨戴/药__chunk001,蓝/阿Q正传__chunk015,cross,0.858078
杨戴/药__chunk001,蓝/阿Q正传__chunk016,cross,0.859736
杨戴/药__chunk001,蓝/阿Q正传__chunk017,cross,0.842440
杨戴/药__chunk001,蓝/风波__chunk001,cross,0.870175
杨戴/药__chunk001,蓝/风波__chunk002,cross,0.879228
杨戴/药__chunk001,蓝/风波__chunk003,cross,0.896527
杨戴/药__chunk002,杨戴/药__chunk003,same,0.851234
杨戴/药__chunk002,杨戴/铸剑__chunk001,same,0.900985
杨戴/药__chunk002,杨戴/铸剑__chunk002,same,0.881772
杨戴/药__chunk002,杨戴/铸剑__chunk003,same,0.874788
杨戴/药__chunk002,杨戴/铸剑__chunk004,same,0.863430
杨戴/药__chunk002,杨戴/铸剑__chunk005,same,0.869306
杨戴/药__chunk002,杨戴/铸剑__chunk006,same,0.822557
杨戴/药__chunk002,杨戴/铸剑__chunk007,same,0.810324
杨戴/药__chunk002,杨戴/阿Q正传__chunk001,same,0.785243
杨戴/药__chunk002,杨戴/阿Q正传__chunk002,same,0.798441
杨戴/药__chunk002,杨戴/阿Q正传__chunk003,same,0.804619
杨戴/药__chunk002,杨戴/阿Q正传__chunk004,same,0.834821
杨戴/药__chunk002,杨戴/阿Q正传__chunk005,same,0.837022
杨戴/药__chunk002,杨戴/阿Q正传__chunk006,same,0.822581
杨戴/药__chunk002,杨戴/阿Q正传__chunk007,same,0.849250
杨戴/药__chunk002,杨戴/阿Q正传__chunk008,same,0.813731
杨戴/药__chunk002,杨戴/阿Q正传__chunk009,same,0.846023
杨戴/药__chunk002,杨戴/阿Q正传__chunk010,same,0.815207
杨戴/药__chunk002,杨戴/阿Q正传__chunk011,same,0.789019
杨戴/药__chunk002,杨戴/阿Q正传__chunk012,same,0.831187
杨戴/药__chunk002,杨戴/阿Q正传__chunk013,same,0.848560
杨戴/药__chunk002,杨戴/阿Q正传__chunk014,same,0.820429
杨戴/药__chunk002,杨戴/阿Q正传__chunk015,same,0.825511
杨戴/药__chunk002,杨戴/阿Q正传__chunk016,same,0.842984
杨戴/药__chunk002,杨戴/阿Q正传__chunk017,same,0.858511
杨戴/药__chunk002,杨戴/风波__chunk001,same,0.856772
杨戴/药__chunk002,杨戴/风波__chunk002,same,0.860002
杨戴/药__chunk002,杨戴/风波__chunk003,same,0.874792
杨戴/药__chunk002,蓝/伤逝__chunk001,cross,0.746061
杨戴/药__chunk002,蓝/伤逝__chunk002,cross,0.754302
杨戴/药__chunk002,蓝/伤逝__chunk003,cross,0.784516
杨戴/药__chunk002,蓝/伤逝__chunk004,cross,0.815940
杨戴/药__chunk002,蓝/伤逝__chunk005,cross,0.756133
杨戴/药__chunk002,蓝/伤逝__chunk006,cross,0.752797
杨戴/药__chunk002,蓝/伤逝__chunk007,cross,0.783416
杨戴/药__chunk002,蓝/在酒楼上__chunk001,cross,0.807914
杨戴/药__chunk002,蓝/在酒楼上__chunk002,cross,0.832784
杨戴/药__chunk002,蓝/在酒楼上__chunk003,cross,0.763791
杨戴/药__chunk002,蓝/在酒楼上__chunk004,cross,0.807222
杨戴/药__chunk002,蓝/奔月__chunk001,cross,0.867534
杨戴/药__chunk002,蓝/奔月__chunk002,cross,0.875793
杨戴/药__chunk002,蓝/奔月__chunk003,cross,0.892683
杨戴/药__chunk002,蓝/奔月__chunk004,cross,0.863235
杨戴/药__chunk002,蓝/孤独者__chunk001,cross,0.856585
杨戴/药__chunk002,蓝/孤独者__chunk002,cross,0.849496
杨戴/药__chunk002,蓝/孤独者__chunk003,cross,0.831067
杨戴/药__chunk002,蓝/孤独者__chunk004,cross,0.848651
杨戴/药__chunk002,蓝/孤独者__chunk005,cross,0.749525
杨戴/药__chunk002,蓝/孤独者__chunk006,cross,0.773404
杨戴/药__chunk002,蓝/孤独者__chunk007,cross,0.812962
杨戴/药__chunk002,蓝/孤独者__chunk008,cross,0.880244
杨戴/药__chunk002,蓝/幸福的家庭__chunk001,cross,0.844463
杨戴/药__chunk002,蓝/幸福的家庭__chunk002,cross,0.829984
杨戴/药__chunk002,蓝/幸福的家庭__chunk003,cross,0.792911
杨戴/药__chunk002,蓝/故乡__chunk001,cross,0.815451
杨戴/药__chunk002,蓝/故乡__chunk002,cross,0.832397
杨戴/药__chunk002,蓝/故乡__chunk003,cross,0.856669
杨戴/药__chunk002,蓝/明天__chunk001,cross,0.808610
杨戴/药__chunk002,蓝/明天__chunk002,cross,0.807313
杨戴/药__chunk002,蓝/狂人日记__chunk001,cross,0.753655
杨戴/药__chunk002,蓝/狂人日记__chunk002,cross,0.783457
杨戴/药__chunk002,蓝/狂人日记__chunk003,cross,0.855579
杨戴/药__chunk002,蓝/社戏__chunk001,cross,0.760940
杨戴/药__chunk002,蓝/社戏__chunk002,cross,0.768152
杨戴/药__chunk002,蓝/社戏__chunk003,cross,0.801908
杨戴/药__chunk002,蓝/社戏__chunk004,cross,0.852029
杨戴/药__chunk002,蓝/祝福__chunk001,cross,0.793048
杨戴/药__chunk002,蓝/祝福__chunk002,cross,0.752508
杨戴/药__chunk002,蓝/祝福__chunk003,cross,0.770592
杨戴/药__chunk002,蓝/祝福__chunk004,cross,0.801679
杨戴/药__chunk002,蓝/祝福__chunk005,cross,0.789517
杨戴/药__chunk002,蓝/祝福__chunk006,cross,0.805742
杨戴/药__chunk002,蓝/祝福__chunk007,cross,0.749856
杨戴/药__chunk002,蓝/离婚__chunk001,cross,0.853896
杨戴/药__chunk002,蓝/离婚__chunk002,cross,0.837800
杨戴/药__chunk002,蓝/离婚__chunk003,cross,0.838288
杨戴/药__chunk002,蓝/肥皂__chunk001,cross,0.829454
杨戴/药__chunk002,蓝/肥皂__chunk002,cross,0.853293
杨戴/药__chunk002,蓝/肥皂__chunk003,cross,0.821153
杨戴/药__chunk002,蓝/肥皂__chunk004,cross,0.811370
杨戴/药__chunk002,蓝/药__chunk001,cross,0.854174
杨戴/药__chunk002,蓝/药__chunk002,cross,0.922139
杨戴/药__chunk002,蓝/药__chunk003,cross,0.781451
杨戴/药__chunk002,蓝/铸剑__chunk001,cross,0.867915
杨戴/药__chunk002,蓝/铸剑__chunk002,cross,0.881593
杨戴/药__chunk002,蓝/铸剑__chunk003,cross,0.858089
杨戴/药__chunk002,蓝/铸剑__chunk004,cross,0.862445
杨戴/药__chunk002,蓝/铸剑__chunk005,cross,0.812877
杨戴/药__chunk002,蓝/铸剑__chunk006,cross,0.782294
杨戴/药__chunk002,蓝/铸剑__chunk007,cross,0.770934
杨戴/药__chunk002,蓝/阿Q正传__chunk001,cross,0.770812
杨戴/药__chunk002,蓝/阿Q正传__chunk002,cross,0.782457
杨戴/药__chunk002,蓝/阿Q正传__chunk003,cross,0.775099
杨戴/药__chunk002,蓝/阿Q正传__chunk004,cross,0.819147
杨戴/药__chunk002,蓝/阿Q正传__chunk005,cross,0.821513
杨戴/药__chunk002,蓝/阿Q正传__chunk006,cross,0.815525
杨戴/药__chunk002,蓝/阿Q正传__chunk007,cross,0.818854
杨戴/药__chunk002,蓝/阿Q正传__chunk008,cross,0.819947
杨戴/药__chunk002,蓝/阿Q正传__chunk009,cross,0.826225
杨戴/药__chunk002,蓝/阿Q正传__chunk010,cross,0.799263
杨戴/药__chunk002,蓝/阿Q正传__chunk011,cross,0.803532
杨戴/药__chunk002,蓝/阿Q正传__chunk012,cross,0.807780
杨戴/药__chunk002,蓝/阿Q正传__chunk013,cross,0.827680
杨戴/药__chunk002,蓝/阿Q正传__chunk014,cross,0.834718
杨戴/药__chunk002,蓝/阿Q正传__chunk015,cross,0.840843
杨戴/药__chunk002,蓝/阿Q正传__chunk016,cross,0.869643
杨戴/药__chunk002,蓝/阿Q正传__chunk017,cross,0.824726
杨戴/药__chunk002,蓝/风波__chunk001,cross,0.821328
杨戴/药__chunk002,蓝/风波__chunk002,cross,0.851357
杨戴/药__chunk002,蓝/风波__chunk003,cross,0.846261
杨戴/药__chunk003,杨戴/铸剑__chunk001,same,0.885714
杨戴/药__chunk003,杨戴/铸剑__chunk002,same,0.863096
杨戴/药__chunk003,杨戴/铸剑__chunk003,same,0.860542
杨戴/药__chunk003,杨戴/铸剑__chunk004,same,0.869055
杨戴/药__chunk003,杨戴/铸剑__chunk005,same,0.864725
杨戴/药__chunk003,杨戴/铸剑__chunk006,same,0.843853
杨戴/药__chunk003,杨戴/铸剑__chunk007,same,0.858336
杨戴/药__chunk003,杨戴/阿Q正传__chunk001,same,0.781553
杨戴/药__chunk003,杨戴/阿Q正传__chunk002,same,0.765247
杨戴/药__chunk003,杨戴/阿Q正传__chunk003,same,0.786304
杨戴/药__chunk003,杨戴/阿Q正传__chunk004,same,0.793965
杨戴/药__chunk003,杨戴/阿Q正传__chunk005,same,0.808868
杨戴/药__chunk003,杨戴/阿Q正传__chunk006,same,0.840633
杨戴/药__chunk003,杨戴/阿Q正传__chunk007,same,0.816853
杨戴/药__chunk003,杨戴/阿Q正传__chunk008,same,0.779938
杨戴/药__chunk003,杨戴/阿Q正传__chunk009,same,0.792217
杨戴/药__chunk003,杨戴/阿Q正传__chunk010,same,0.826269
杨戴/药__chunk003,杨戴/阿Q正传__chunk011,same,0.783504
杨戴/药__chunk003,杨戴/阿Q正传__chunk012,same,0.813375
杨戴/药__chunk003,杨戴/阿Q正传__chunk013,same,0.863998
杨戴/药__chunk003,杨戴/阿Q正传__chunk014,same,0.764702
杨戴/药__chunk003,杨戴/阿Q正传__chunk015,same,0.808060
杨戴/药__chunk003,杨戴/阿Q正传__chunk016,same,0.817048
杨戴/药__chunk003,杨戴/阿Q正传__chunk017,same,0.813688
杨戴/药__chunk003,杨戴/风波__chunk001,same,0.915277
杨戴/药__chunk003,杨戴/风波__chunk002,same,0.870634
杨戴/药__chunk003,杨戴/风波__chunk003,same,0.903748
杨戴/药__chunk003,蓝/伤逝__chunk001,cross,0.815288
杨戴/药__chunk003,蓝/伤逝__chunk002,cross,0.821860
杨戴/药__chunk003,蓝/伤逝__chunk003,cross,0.823154
杨戴/药__chunk003,蓝/伤逝__chunk004,cross,0.846300
杨戴/药__chunk003,蓝/伤逝__chunk005,cross,0.807648
杨戴/药__chunk003,蓝/伤逝__chunk006,cross,0.827928
杨戴/药__chunk003,蓝/伤逝__chunk007,cross,0.822102
杨戴/药__chunk003,蓝/在酒楼上__chunk001,cross,0.821809
杨戴/药__chunk003,蓝/在酒楼上__chunk002,cross,0.831234
杨戴/药__chunk003,蓝/在酒楼上__chunk003,cross,0.786186
杨戴/药__chunk003,蓝/在酒楼上__chunk004,cross,0.814469
杨戴/药__chunk003,蓝/奔月__chunk001,cross,0.904578
杨戴/药__chunk003,蓝/奔月__chunk002,cross,0.864928
杨戴/药__chunk003,蓝/奔月__chunk003,cross,0.866643
杨戴/药__chunk003,蓝/奔月__chunk004,cross,0.867485
杨戴/药__chunk003,蓝/孤独者__chunk001,cross,0.861478
杨戴/药__chunk003,蓝/孤独者__chunk002,cross,0.829085
杨戴/药__chunk003,蓝/孤独者__chunk003,cross,0.819269
杨戴/药__chunk003,蓝/孤独者__chunk004,cross,0.878448
杨戴/药__chunk003,蓝/孤独者__chunk005,cross,0.802682
杨戴/药__chunk003,蓝/孤独者__chunk006,cross,0.784147
杨戴/药__chunk003,蓝/孤独者__chunk007,cross,0.843660
杨戴/药__chunk003,蓝/孤独者__chunk008,cross,0.849068
杨戴/药__chunk003,蓝/幸福的家庭__chunk001,cross,0.864304
杨戴/药__chunk003,蓝/幸福的家庭__chunk002,cross,0.875929
杨戴/药__chunk003,蓝/幸福的家庭__chunk003,cross,0.786912
杨戴/药__chunk003,蓝/故乡__chunk001,cross,0.844152
杨戴/药__chunk003,蓝/故乡__chunk002,cross,0.856298
杨戴/药__chunk003,蓝/故乡__chunk003,cross,0.845182
杨戴/药__chunk003,蓝/明天__chunk001,cross,0.868934
杨戴/药__chunk003,蓝/明天__chunk002,cross,0.880739
杨戴/药__chunk003,蓝/狂人日记__chunk001,cross,0.818666
杨戴/药__chunk003,蓝/狂人日记__chunk002,cross,0.792790
杨戴/药__chunk003,蓝/狂人日记__chunk003,cross,0.833243
杨戴/药__chunk003,蓝/社戏__chunk001,cross,0.824520
杨戴/药__chunk003,蓝/社戏__chunk002,cross,0.837686
杨戴/药__chunk003,蓝/社戏__chunk003,cross,0.841637
杨戴/药__chunk003,蓝/社戏__chunk004,cross,0.859489
杨戴/药__chunk003,蓝/祝福__chunk001,cross,0.852898
杨戴/药__chunk003,蓝/祝福__chunk002,cross,0.804142
杨戴/药__chunk003,蓝/祝福__chunk003,cross,0.870097
杨戴/药__chunk003,蓝/祝福__chunk004,cross,0.903922
杨戴/药__chunk003,蓝/祝福__chunk005,cross,0.837171
杨戴/药__chunk003,蓝/祝福__chunk006,cross,0.880497
杨戴/药__chunk003,蓝/祝福__chunk007,cross,0.852081
杨戴/药__chunk003,蓝/离婚__chunk001,cross,0.844103
杨戴/药__chunk003,蓝/离婚__chunk002,cross,0.882661
杨戴/药__chunk003,蓝/离婚__chunk003,cross,0.853168
杨戴/药__chunk003,蓝/肥皂__chunk001,cross,0.885963
杨戴/药__chunk003,蓝/肥皂__chunk002,cross,0.847856
杨戴/药__chunk003,蓝/肥皂__chunk003,cross,0.853279
杨戴/药__chunk003,蓝/肥皂__chunk004,cross,0.869251
杨戴/药__chunk003,蓝/药__chunk001,cross,0.865992
杨戴/药__chunk003,蓝/药__chunk002,cross,0.829173
杨戴/药__chunk003,蓝/药__chunk003,cross,0.888530
杨戴/药__chunk003,蓝/铸剑__chunk001,cross,0.866107
杨戴/药__chunk003,蓝/铸剑__chunk002,cross,0.881562
杨戴/药__chunk003,蓝/铸剑__chunk003,cross,0.831671
杨戴/药__chunk003,蓝/铸剑__chunk004,cross,0.857090
杨戴/药__chunk003,蓝/铸剑__chunk005,cross,0.847535
杨戴/药__chunk003,蓝/铸剑__chunk006,cross,0.816859
杨戴/药__chunk003,蓝/铸剑__chunk007,cross,0.816968
杨戴/药__chunk003,蓝/阿Q正传__chunk001,cross,0.796681
杨戴/药__chunk003,蓝/阿Q正传__chunk002,cross,0.792369
杨戴/药__chunk003,蓝/阿Q正传__chunk003,cross,0.756814
杨戴/药__chunk003,蓝/阿Q正传__chunk004,cross,0.777538
杨戴/药__chunk003,蓝/阿Q正传__chunk005,cross,0.771280
杨戴/药__chunk003,蓝/阿Q正传__chunk006,cross,0.803755
杨戴/药__chunk003,蓝/阿Q正传__chunk007,cross,0.819448
杨戴/药__chunk003,蓝/阿Q正传__chunk008,cross,0.808027
杨戴/药__chunk003,蓝/阿Q正传__chunk009,cross,0.804178
杨戴/药__chunk003,蓝/阿Q正传__chunk010,cross,0.801678
杨戴/药__chunk003,蓝/阿Q正传__chunk011,cross,0.824956
杨戴/药__chunk003,蓝/阿Q正传__chunk012,cross,0.804224
杨戴/药__chunk003,蓝/阿Q正传__chunk013,cross,0.858561
杨戴/药__chunk003,蓝/阿Q正传__chunk014,cross,0.831416
杨戴/药__chunk003,蓝/阿Q正传__chunk015,cross,0.824381
杨戴/药__chunk003,蓝/阿Q正传__chunk016,cross,0.837117
杨戴/药__chunk003,蓝/阿Q正传__chunk017,cross,0.792431
杨戴/药__chunk003,蓝/风波__chunk001,cross,0.885538
杨戴/药__chunk003,蓝/风波__chunk002,cross,0.887119
杨戴/药__chunk003,蓝/风波__chunk003,cross,0.830655
杨戴/铸剑__chunk001,杨戴/铸剑__chunk002,same,0.920852
杨戴/铸剑__chunk001,杨戴/铸剑__chunk003,same,0.917250
杨戴/铸剑__chunk001,杨戴/铸剑__chunk004,same,0.902283
杨戴/铸剑__chunk001,杨戴/铸剑__chunk005,same,0.893935
杨戴/铸剑__chunk001,杨戴/铸剑__chunk006,same,0.875241
杨戴/铸剑__chunk001,杨戴/铸剑__chunk007,same,0.876842
杨戴/铸剑__chunk001,杨戴/阿Q正传__chunk001,same,0.808377
杨戴/铸剑__chunk001,杨戴/阿Q正传__chunk002,same,0.793587
杨戴/铸剑__chunk001,杨戴/阿Q正传__chunk003,same,0.803221
杨戴/铸剑__chunk001,杨戴/阿Q正传__chunk004,same,0.849487
杨戴/铸剑__chunk001,杨戴/阿Q正传__chunk005,same,0.831299
杨戴/铸剑__chunk001,杨戴/阿Q正传__chunk006,same,0.857121
杨戴/铸剑__chunk001,杨戴/阿Q正传__chunk007,same,0.869751
杨戴/铸剑__chunk001,杨戴/阿Q正传__chunk008,same,0.800924
杨戴/铸剑__chunk001,杨戴/阿Q正传__chunk009,same,0.829806
杨戴/铸剑__chunk001,杨戴/阿Q正传__chunk010,same,0.843463
杨戴/铸剑__chunk001,杨戴/阿Q正传__chunk011,same,0.809408
杨戴/铸剑__chunk001,杨戴/阿Q正传__chunk012,same,0.819022
杨戴/铸剑__chunk001,杨戴/阿Q正传__chunk013,same,0.855305
杨戴/铸剑__chunk001,杨戴/阿Q正传__chunk014,same,0.796797
杨戴/铸剑__chunk001,杨戴/阿Q正传__chunk015,same,0.838053
杨戴/铸剑__chunk001,杨戴/阿Q正传__chunk016,same,0.831082
杨戴/铸剑__chunk001,杨戴/阿Q正传__chunk017,same,0.857926
杨戴/铸剑__chunk001,杨戴/风波__chunk001,same,0.890604
杨戴/铸剑__chunk001,杨戴/风波__chunk002,same,0.890359
杨戴/铸剑__chunk001,杨戴/风波__chunk003,same,0.896326
杨戴/铸剑__chunk001,蓝/伤逝__chunk001,cross,0.796160
杨戴/铸剑__chunk001,蓝/伤逝__chunk002,cross,0.799131
杨戴/铸剑__chunk001,蓝/伤逝__chunk003,cross,0.832094
杨戴/铸剑__chunk001,蓝/伤逝__chunk004,cross,0.838722
杨戴/铸剑__chunk001,蓝/伤逝__chunk005,cross,0.794856
杨戴/铸剑__chunk001,蓝/伤逝__chunk006,cross,0.809974
杨戴/铸剑__chunk001,蓝/伤逝__chunk007,cross,0.837079
杨戴/铸剑__chunk001,蓝/在酒楼上__chunk001,cross,0.848905
杨戴/铸剑__chunk001,蓝/在酒楼上__chunk002,cross,0.867018
杨戴/铸剑__chunk001,蓝/在酒楼上__chunk003,cross,0.806781
杨戴/铸剑__chunk001,蓝/在酒楼上__chunk004,cross,0.808852
杨戴/铸剑__chunk001,蓝/奔月__chunk001,cross,0.925771
杨戴/铸剑__chunk001,蓝/奔月__chunk002,cross,0.920140
杨戴/铸剑__chunk001,蓝/奔月__chunk003,cross,0.915318
杨戴/铸剑__chunk001,蓝/奔月__chunk004,cross,0.897762
杨戴/铸剑__chunk001,蓝/孤独者__chunk001,cross,0.882931
杨戴/铸剑__chunk001,蓝/孤独者__chunk002,cross,0.851090
杨戴/铸剑__chunk001,蓝/孤独者__chunk003,cross,0.845328
杨戴/铸剑__chunk001,蓝/孤独者__chunk004,cross,0.908889
杨戴/铸剑__chunk001,蓝/孤独者__chunk005,cross,0.802834
杨戴/铸剑__chunk001,蓝/孤独者__chunk006,cross,0.834642
杨戴/铸剑__chunk001,蓝/孤独者__chunk007,cross,0.844309
杨戴/铸剑__chunk001,蓝/孤独者__chunk008,cross,0.887412
杨戴/铸剑__chunk001,蓝/幸福的家庭__chunk001,cross,0.873670
杨戴/铸剑__chunk001,蓝/幸福的家庭__chunk002,cross,0.863680
杨戴/铸剑__chunk001,蓝/幸福的家庭__chunk003,cross,0.803487
杨戴/铸剑__chunk001,蓝/故乡__chunk001,cross,0.863039
杨戴/铸剑__chunk001,蓝/故乡__chunk002,cross,0.856841
杨戴/铸剑__chunk001,蓝/故乡__chunk003,cross,0.860131
杨戴/铸剑__chunk001,蓝/明天__chunk001,cross,0.843113
杨戴/铸剑__chunk001,蓝/明天__chunk002,cross,0.867373
杨戴/铸剑__chunk001,蓝/狂人日记__chunk001,cross,0.828098
杨戴/铸剑__chunk001,蓝/狂人日记__chunk002,cross,0.790640
杨戴/铸剑__chunk001,蓝/狂人日记__chunk003,cross,0.876538
杨戴/铸剑__chunk001,蓝/社戏__chunk001,cross,0.815842
杨戴/铸剑__chunk001,蓝/社戏__chunk002,cross,0.838607
杨戴/铸剑__chunk001,蓝/社戏__chunk003,cross,0.852053
杨戴/铸剑__chunk001,蓝/社戏__chunk004,cross,0.884255
杨戴/铸剑__chunk001,蓝/祝福__chunk001,cross,0.838297
杨戴/铸剑__chunk001,蓝/祝福__chunk002,cross,0.794395
杨戴/铸剑__chunk001,蓝/祝福__chunk003,cross,0.811587
杨戴/铸剑__chunk001,蓝/祝福__chunk004,cross,0.842727
杨戴/铸剑__chunk001,蓝/祝福__chunk005,cross,0.803714
杨戴/铸剑__chunk001,蓝/祝福__chunk006,cross,0.845400
杨戴/铸剑__chunk001,蓝/祝福__chunk007,cross,0.806272
杨戴/铸剑__chunk001,蓝/离婚__chunk001,cross,0.869892
杨戴/铸剑__chunk001,蓝/离婚__chunk002,cross,0.886619
杨戴/铸剑__chunk001,蓝/离婚__chunk003,cross,0.849956
杨戴/铸剑__chunk001,蓝/肥皂__chunk001,cross,0.865225
杨戴/铸剑__chunk001,蓝/肥皂__chunk002,cross,0.877123
杨戴/铸剑__chunk001,蓝/肥皂__chunk003,cross,0.894006
杨戴/铸剑__chunk001,蓝/肥皂__chunk004,cross,0.864029
杨戴/铸剑__chunk001,蓝/药__chunk001,cross,0.886265
杨戴/铸剑__chunk001,蓝/药__chunk002,cross,0.905319
杨戴/铸剑__chunk001,蓝/药__chunk003,cross,0.844723
杨戴/铸剑__chunk001,蓝/铸剑__chunk001,cross,0.932084
杨戴/铸剑__chunk001,蓝/铸剑__chunk002,cross,0.947810
杨戴/铸剑__chunk001,蓝/铸剑__chunk003,cross,0.880515
杨戴/铸剑__chunk001,蓝/铸剑__chunk004,cross,0.902848
杨戴/铸剑__chunk001,蓝/铸剑__chunk005,cross,0.867803
杨戴/铸剑__chunk001,蓝/铸剑__chunk006,cross,0.842504
杨戴/铸剑__chunk001,蓝/铸剑__chunk007,cross,0.837003
杨戴/铸剑__chunk001,蓝/阿Q正传__chunk001,cross,0.813011
杨戴/铸剑__chunk001,蓝/阿Q正传__chunk002,cross,0.807412
杨戴/铸剑__chunk001,蓝/阿Q正传__chunk003,cross,0.756707
杨戴/铸剑__chunk001,蓝/阿Q正传__chunk004,cross,0.838427
杨戴/铸剑__chunk001,蓝/阿Q正传__chunk005,cross,0.808046
杨戴/铸剑__chunk001,蓝/阿Q正传__chunk006,cross,0.827365
杨戴/铸剑__chunk001,蓝/阿Q正传__chunk007,cross,0.849137
杨戴/铸剑__chunk001,蓝/阿Q正传__chunk008,cross,0.834803
杨戴/铸剑__chunk001,蓝/阿Q正传__chunk009,cross,0.830602
杨戴/铸剑__chunk001,蓝/阿Q正传__chunk010,cross,0.805676
杨戴/铸剑__chunk001,蓝/阿Q正传__chunk011,cross,0.844411
杨戴/铸剑__chunk001,蓝/阿Q正传__chunk012,cross,0.807084
杨戴/铸剑__chunk001,蓝/阿Q正传__chunk013,cross,0.851010
杨戴/铸剑__chunk001,蓝/阿Q正传__chunk014,cross,0.881349
杨戴/铸剑__chunk001,蓝/阿Q正传__chunk015,cross,0.856333
杨戴/铸剑__chunk001,蓝/阿Q正传__chunk016,cross,0.858436
杨戴/铸剑__chunk001,蓝/阿Q正传__chunk017,cross,0.829463
杨戴/铸剑__chunk001,蓝/风波__chunk001,cross,0.862000
杨戴/铸剑__chunk001,蓝/风波__chunk002,cross,0.887932
杨戴/铸剑__chunk001,蓝/风波__chunk003,cross,0.836292
杨戴/铸剑__chunk002,杨戴/铸剑__chunk003,same,0.907103
杨戴/铸剑__chunk002,杨戴/铸剑__chunk004,same,0.929142
杨戴/铸剑__chunk002,杨戴/铸剑__chunk005,same,0.891689
杨戴/铸剑__chunk002,杨戴/铸剑__chunk006,same,0.889157
杨戴/铸剑__chunk002,杨戴/铸剑__chunk007,same,0.876698
杨戴/铸剑__chunk002,杨戴/阿Q正传__chunk001,same,0.805722
杨戴/铸剑__chunk002,杨戴/阿Q正传__chunk002,same,0.784160
杨戴/铸剑__chunk002,杨戴/阿Q正传__chunk003,same,0.787589
杨戴/铸剑__chunk002,杨戴/阿Q正传__chunk004,same,0.818391
杨戴/铸剑__chunk002,杨戴/阿Q正传__chunk005,same,0.810588
杨戴/铸剑__chunk002,杨戴/阿Q正传__chunk006,same,0.810452
杨戴/铸剑__chunk002,杨戴/阿Q正传__chunk007,same,0.844207
杨戴/铸剑__chunk002,杨戴/阿Q正传__chunk008,same,0.788931
杨戴/铸剑__chunk002,杨戴/阿Q正传__chunk009,same,0.819502
杨戴/铸剑__chunk002,杨戴/阿Q正传__chunk010,same,0.805386
杨戴/铸剑__chunk002,杨戴/阿Q正传__chunk011,same,0.782808
杨戴/铸剑__chunk002,杨戴/阿Q正传__chunk012,same,0.813638
杨戴/铸剑__chunk002,杨戴/阿Q正传__chunk013,same,0.851129
杨戴/铸剑__chunk002,杨戴/阿Q正传__chunk014,same,0.794627
杨戴/铸剑__chunk002,杨戴/阿Q正传__chunk015,same,0.818102
杨戴/铸剑__chunk002,杨戴/阿Q正传__chunk016,same,0.816673
杨戴/铸剑__chunk002,杨戴/阿Q正传__chunk017,same,0.840918
杨戴/铸剑__chunk002,杨戴/风波__chunk001,same,0.856238
杨戴/铸剑__chunk002,杨戴/风波__chunk002,same,0.870169
杨戴/铸剑__chunk002,杨戴/风波__chunk003,same,0.881753
杨戴/铸剑__chunk002,蓝/伤逝__chunk001,cross,0.776622
杨戴/铸剑__chunk002,蓝/伤逝__chunk002,cross,0.750502
杨戴/铸剑__chunk002,蓝/伤逝__chunk003,cross,0.820359
杨戴/铸剑__chunk002,蓝/伤逝__chunk004,cross,0.815436
杨戴/铸剑__chunk002,蓝/伤逝__chunk005,cross,0.759430
杨戴/铸剑__chunk002,蓝/伤逝__chunk006,cross,0.774132
杨戴/铸剑__chunk002,蓝/伤逝__chunk007,cross,0.812558
杨戴/铸剑__chunk002,蓝/在酒楼上__chunk001,cross,0.809417
杨戴/铸剑__chunk002,蓝/在酒楼上__chunk002,cross,0.854869
杨戴/铸剑__chunk002,蓝/在酒楼上__chunk003,cross,0.780850
杨戴/铸剑__chunk002,蓝/在酒楼上__chunk004,cross,0.795141
杨戴/铸剑__chunk002,蓝/奔月__chunk001,cross,0.896726
杨戴/铸剑__chunk002,蓝/奔月__chunk002,cross,0.868471
杨戴/铸剑__chunk002,蓝/奔月__chunk003,cross,0.891990
杨戴/铸剑__chunk002,蓝/奔月__chunk004,cross,0.898163
杨戴/铸剑__chunk002,蓝/孤独者__chunk001,cross,0.833782
杨戴/铸剑__chunk002,蓝/孤独者__chunk002,cross,0.839693
杨戴/铸剑__chunk002,蓝/孤独者__chunk003,cross,0.842616
杨戴/铸剑__chunk002,蓝/孤独者__chunk004,cross,0.871537
杨戴/铸剑__chunk002,蓝/孤独者__chunk005,cross,0.772972
杨戴/铸剑__chunk002,蓝/孤独者__chunk006,cross,0.798392
杨戴/铸剑__chunk002,蓝/孤独者__chunk007,cross,0.818798
杨戴/铸剑__chunk002,蓝/孤独者__chunk008,cross,0.844952
杨戴/铸剑__chunk002,蓝/幸福的家庭__chunk001,cross,0.861731
杨戴/铸剑__chunk002,蓝/幸福的家庭__chunk002,cross,0.857362
杨戴/铸剑__chunk002,蓝/幸福的家庭__chunk003,cross,0.817349
杨戴/铸剑__chunk002,蓝/故乡__chunk001,cross,0.821602
杨戴/铸剑__chunk002,蓝/故乡__chunk002,cross,0.832720
杨戴/铸剑__chunk002,蓝/故乡__chunk003,cross,0.864607
杨戴/铸剑__chunk002,蓝/明天__chunk001,cross,0.797155
杨戴/铸剑__chunk002,蓝/明天__chunk002,cross,0.832258
杨戴/铸剑__chunk002,蓝/狂人日记__chunk001,cross,0.813986
杨戴/铸剑__chunk002,蓝/狂人日记__chunk002,cross,0.771307
杨戴/铸剑__chunk002,蓝/狂人日记__chunk003,cross,0.857239
杨戴/铸剑__chunk002,蓝/社戏__chunk001,cross,0.775650
杨戴/铸剑__chunk002,蓝/社戏__chunk002,cross,0.807182
杨戴/铸剑__chunk002,蓝/社戏__chunk003,cross,0.830123
杨戴/铸剑__chunk002,蓝/社戏__chunk004,cross,0.863277
杨戴/铸剑__chunk002,蓝/祝福__chunk001,cross,0.802536
杨戴/铸剑__chunk002,蓝/祝福__chunk002,cross,0.784519
杨戴/铸剑__chunk002,蓝/祝福__chunk003,cross,0.761415
杨戴/铸剑__chunk002,蓝/祝福__chunk004,cross,0.804794
杨戴/铸剑__chunk002,蓝/祝福__chunk005,cross,0.782790
杨戴/铸剑__chunk002,蓝/祝福__chunk006,cross,0.812296
杨戴/铸剑__chunk002,蓝/祝福__chunk007,cross,0.772786
杨戴/铸剑__chunk002,蓝/离婚__chunk001,cross,0.895514
杨戴/铸剑__chunk002,蓝/离婚__chunk002,cross,0.857425
杨戴/铸剑__chunk002,蓝/离婚__chunk003,cross,0.820511
杨戴/铸剑__chunk002,蓝/肥皂__chunk001,cross,0.851759
杨戴/铸剑__chunk002,蓝/肥皂__chunk002,cross,0.830554
杨戴/铸剑__chunk002,蓝/肥皂__chunk003,cross,0.855600
杨戴/铸剑__chunk002,蓝/肥皂__chunk004,cross,0.856683
杨戴/铸剑__chunk002,蓝/药__chunk001,cross,0.859143
杨戴/铸剑__chunk002,蓝/药__chunk002,cross,0.886638
杨戴/铸剑__chunk002,蓝/药__chunk003,cross,0.818256
杨戴/铸剑__chunk002,蓝/铸剑__chunk001,cross,0.896741
杨戴/铸剑__chunk002,蓝/铸剑__chunk002,cross,0.934432
杨戴/铸剑__chunk002,蓝/铸剑__chunk003,cross,0.889690
杨戴/铸剑__chunk002,蓝/铸剑__chunk004,cross,0.914359
杨戴/铸剑__chunk002,蓝/铸剑__chunk005,cross,0.861938
杨戴/铸剑__chunk002,蓝/铸剑__chunk006,cross,0.839770
杨戴/铸剑__chunk002,蓝/铸剑__chunk007,cross,0.828678
杨戴/铸剑__chunk002,蓝/阿Q正传__chunk001,cross,0.802300
杨戴/铸剑__chunk002,蓝/阿Q正传__chunk002,cross,0.792143
杨戴/铸剑__chunk002,蓝/阿Q正传__chunk003,cross,0.767042
杨戴/铸剑__chunk002,蓝/阿Q正传__chunk004,cross,0.798563
杨戴/铸剑__chunk002,蓝/阿Q正传__chunk005,cross,0.793308
杨戴/铸剑__chunk002,蓝/阿Q正传__chunk006,cross,0.795386
杨戴/铸剑__chunk002,蓝/阿Q正传__chunk007,cross,0.830879
杨戴/铸剑__chunk002,蓝/阿Q正传__chunk008,cross,0.808329
杨戴/铸剑__chunk002,蓝/阿Q正传__chunk009,cross,0.815988
杨戴/铸剑__chunk002,蓝/阿Q正传__chunk010,cross,0.790990
杨戴/铸剑__chunk002,蓝/阿Q正传__chunk011,cross,0.816468
杨戴/铸剑__chunk002,蓝/阿Q正传__chunk012,cross,0.786558
杨戴/铸剑__chunk002,蓝/阿Q正传__chunk013,cross,0.826990
杨戴/铸剑__chunk002,蓝/阿Q正传__chunk014,cross,0.855431
杨戴/铸剑__chunk002,蓝/阿Q正传__chunk015,cross,0.824856
杨戴/铸剑__chunk002,蓝/阿Q正传__chunk016,cross,0.844524
杨戴/铸剑__chunk002,蓝/阿Q正传__chunk017,cross,0.829289
杨戴/铸剑__chunk002,蓝/风波__chunk001,cross,0.820860
杨戴/铸剑__chunk002,蓝/风波__chunk002,cross,0.870141
杨戴/铸剑__chunk002,蓝/风波__chunk003,cross,0.849879
杨戴/铸剑__chunk003,杨戴/铸剑__chunk004,same,0.897510
杨戴/铸剑__chunk003,杨戴/铸剑__chunk005,same,0.897691
杨戴/铸剑__chunk003,杨戴/铸剑__chunk006,same,0.905373
杨戴/铸剑__chunk003,杨戴/铸剑__chunk007,same,0.908982
杨戴/铸剑__chunk003,杨戴/阿Q正传__chunk001,same,0.788225
杨戴/铸剑__chunk003,杨戴/阿Q正传__chunk002,same,0.785311
杨戴/铸剑__chunk003,杨戴/阿Q正传__chunk003,same,0.805307
杨戴/铸剑__chunk003,杨戴/阿Q正传__chunk004,same,0.828186
杨戴/铸剑__chunk003,杨戴/阿Q正传__chunk005,same,0.816354
杨戴/铸剑__chunk003,杨戴/阿Q正传__chunk006,same,0.851591
杨戴/铸剑__chunk003,杨戴/阿Q正传__chunk007,same,0.849556
杨戴/铸剑__chunk003,杨戴/阿Q正传__chunk008,same,0.802803
杨戴/铸剑__chunk003,杨戴/阿Q正传__chunk009,same,0.835280
杨戴/铸剑__chunk003,杨戴/阿Q正传__chunk010,same,0.837065
杨戴/铸剑__chunk003,杨戴/阿Q正传__chunk011,same,0.801130
杨戴/铸剑__chunk003,杨戴/阿Q正传__chunk012,same,0.820475
杨戴/铸剑__chunk003,杨戴/阿Q正传__chunk013,same,0.840380
杨戴/铸剑__chunk003,杨戴/阿Q正传__chunk014,same,0.815360
杨戴/铸剑__chunk003,杨戴/阿Q正传__chunk015,same,0.827195
杨戴/铸剑__chunk003,杨戴/阿Q正传__chunk016,same,0.828396
杨戴/铸剑__chunk003,杨戴/阿Q正传__chunk017,same,0.851137
杨戴/铸剑__chunk003,杨戴/风波__chunk001,same,0.871492
杨戴/铸剑__chunk003,杨戴/风波__chunk002,same,0.883146
杨戴/铸剑__chunk003,杨戴/风波__chunk003,same,0.879663
杨戴/铸剑__chunk003,蓝/伤逝__chunk001,cross,0.800637
杨戴/铸剑__chunk003,蓝/伤逝__chunk002,cross,0.765151
杨戴/铸剑__chunk003,蓝/伤逝__chunk003,cross,0.809775
杨戴/铸剑__chunk003,蓝/伤逝__chunk004,cross,0.807433
杨戴/铸剑__chunk003,蓝/伤逝__chunk005,cross,0.767411
杨戴/铸剑__chunk003,蓝/伤逝__chunk006,cross,0.809514
杨戴/铸剑__chunk003,蓝/伤逝__chunk007,cross,0.829530
杨戴/铸剑__chunk003,蓝/在酒楼上__chunk001,cross,0.842110
杨戴/铸剑__chunk003,蓝/在酒楼上__chunk002,cross,0.828549
杨戴/铸剑__chunk003,蓝/在酒楼上__chunk003,cross,0.749883
杨戴/铸剑__chunk003,蓝/在酒楼上__chunk004,cross,0.766269
杨戴/铸剑__chunk003,蓝/奔月__chunk001,cross,0.904006
杨戴/铸剑__chunk003,蓝/奔月__chunk002,cross,0.891329
杨戴/铸剑__chunk003,蓝/奔月__chunk003,cross,0.897135
杨戴/铸剑__chunk003,蓝/奔月__chunk004,cross,0.866456
杨戴/铸剑__chunk003,蓝/孤独者__chunk001,cross,0.870136
杨戴/铸剑__chunk003,蓝/孤独者__chunk002,cross,0.879669
杨戴/铸剑__chunk003,蓝/孤独者__chunk003,cross,0.827779
杨戴/铸剑__chunk003,蓝/孤独者__chunk004,cross,0.874700
杨戴/铸剑__chunk003,蓝/孤独者__chunk005,cross,0.776564
杨戴/铸剑__chunk003,蓝/孤独者__chunk006,cross,0.777619
杨戴/铸剑__chunk003,蓝/孤独者__chunk007,cross,0.838642
杨戴/铸剑__chunk003,蓝/孤独者__chunk008,cross,0.898157
杨戴/铸剑__chunk003,蓝/幸福的家庭__chunk001,cross,0.863964
杨戴/铸剑__chunk003,蓝/幸福的家庭__chunk002,cross,0.865031
杨戴/铸剑__chunk003,蓝/幸福的家庭__chunk003,cross,0.798896
杨戴/铸剑__chunk003,蓝/故乡__chunk001,cross,0.849338
杨戴/铸剑__chunk003,蓝/故乡__chunk002,cross,0.816494
杨戴/铸剑__chunk003,蓝/故乡__chunk003,cross,0.866411
杨戴/铸剑__chunk003,蓝/明天__chunk001,cross,0.837644
杨戴/铸剑__chunk003,蓝/明天__chunk002,cross,0.862124
杨戴/铸剑__chunk003,蓝/狂人日记__chunk001,cross,0.824151
杨戴/铸剑__chunk003,蓝/狂人日记__chunk002,cross,0.780787
杨戴/铸剑__chunk003,蓝/狂人日记__chunk003,cross,0.844317
杨戴/铸剑__chunk003,蓝/社戏__chunk001,cross,0.815962
杨戴/铸剑__chunk003,蓝/社戏__chunk002,cross,0.846928
杨戴/铸剑__chunk003,蓝/社戏__chunk003,cross,0.870452
杨戴/铸剑__chunk003,蓝/社戏__chunk004,cross,0.875615
杨戴/铸剑__chunk003,蓝/祝福__chunk001,cross,0.830094
杨戴/铸剑__chunk003,蓝/祝福__chunk002,cross,0.781541
杨戴/铸剑__chunk003,蓝/祝福__chunk003,cross,0.776589
杨戴/铸剑__chunk003,蓝/祝福__chunk004,cross,0.803795
杨戴/铸剑__chunk003,蓝/祝福__chunk005,cross,0.761592
杨戴/铸剑__chunk003,蓝/祝福__chunk006,cross,0.806421
杨戴/铸剑__chunk003,蓝/祝福__chunk007,cross,0.797758
杨戴/铸剑__chunk003,蓝/离婚__chunk001,cross,0.865696
杨戴/铸剑__chunk003,蓝/离婚__chunk002,cross,0.921572
杨戴/铸剑__chunk003,蓝/离婚__chunk003,cross,0.802072
杨戴/铸剑__chunk003,蓝/肥皂__chunk001,cross,0.839560
杨戴/铸剑__chunk003,蓝/肥皂__chunk002,cross,0.833585
杨戴/铸剑__chunk003,蓝/肥皂__chunk003,cross,0.864156
杨戴/铸剑__chunk003,蓝/肥皂__chunk004,cross,0.846720
杨戴/铸剑__chunk003,蓝/药__chunk001,cross,0.904831
杨戴/铸剑__chunk003,蓝/药__chunk002,cross,0.880459
杨戴/铸剑__chunk003,蓝/药__chunk003,cross,0.841547
杨戴/铸剑__chunk003,蓝/铸剑__chunk001,cross,0.886912
杨戴/铸剑__chunk003,蓝/铸剑__chunk002,cross,0.922403
杨戴/铸剑__chunk003,蓝/铸剑__chunk003,cross,0.917665
杨戴/铸剑__chunk003,蓝/铸剑__chunk004,cross,0.904990
杨戴/铸剑__chunk003,蓝/铸剑__chunk005,cross,0.907650
杨戴/铸剑__chunk003,蓝/铸剑__chunk006,cross,0.888633
杨戴/铸剑__chunk003,蓝/铸剑__chunk007,cross,0.875937
杨戴/铸剑__chunk003,蓝/阿Q正传__chunk001,cross,0.832234
杨戴/铸剑__chunk003,蓝/阿Q正传__chunk002,cross,0.821490
杨戴/铸剑__chunk003,蓝/阿Q正传__chunk003,cross,0.799620
杨戴/铸剑__chunk003,蓝/阿Q正传__chunk004,cross,0.827096
杨戴/铸剑__chunk003,蓝/阿Q正传__chunk005,cross,0.822725
杨戴/铸剑__chunk003,蓝/阿Q正传__chunk006,cross,0.848014
杨戴/铸剑__chunk003,蓝/阿Q正传__chunk007,cross,0.870716
杨戴/铸剑__chunk003,蓝/阿Q正传__chunk008,cross,0.848423
杨戴/铸剑__chunk003,蓝/阿Q正传__chunk009,cross,0.849546
杨戴/铸剑__chunk003,蓝/阿Q正传__chunk010,cross,0.824669
杨戴/铸剑__chunk003,蓝/阿Q正传__chunk011,cross,0.863276
杨戴/铸剑__chunk003,蓝/阿Q正传__chunk012,cross,0.820516
杨戴/铸剑__chunk003,蓝/阿Q正传__chunk013,cross,0.864261
杨戴/铸剑__chunk003,蓝/阿Q正传__chunk014,cross,0.900373
杨戴/铸剑__chunk003,蓝/阿Q正传__chunk015,cross,0.864966
杨戴/铸剑__chunk003,蓝/阿Q正传__chunk016,cross,0.845711
杨戴/铸剑__chunk003,蓝/阿Q正传__chunk017,cross,0.846025
杨戴/铸剑__chunk003,蓝/风波__chunk001,cross,0.846405
杨戴/铸剑__chunk003,蓝/风波__chunk002,cross,0.894110
杨戴/铸剑__chunk003,蓝/风波__chunk003,cross,0.835915
杨戴/铸剑__chunk004,杨戴/铸剑__chunk005,same,0.894653
杨戴/铸剑__chunk004,杨戴/铸剑__chunk006,same,0.893231
杨戴/铸剑__chunk004,杨戴/铸剑__chunk007,same,0.882833
杨戴/铸剑__chunk004,杨戴/阿Q正传__chunk001,same,0.809830
杨戴/铸剑__chunk004,杨戴/阿Q正传__chunk002,same,0.785438
杨戴/铸剑__chunk004,杨戴/阿Q正传__chunk003,same,0.793606
杨戴/铸剑__chunk004,杨戴/阿Q正传__chunk004,same,0.816878
杨戴/铸剑__chunk004,杨戴/阿Q正传__chunk005,same,0.818235
杨戴/铸剑__chunk004,杨戴/阿Q正传__chunk006,same,0.814954
杨戴/铸剑__chunk004,杨戴/阿Q正传__chunk007,same,0.845653
杨戴/铸剑__chunk004,杨戴/阿Q正传__chunk008,same,0.778373
杨戴/铸剑__chunk004,杨戴/阿Q正传__chunk009,same,0.816164
杨戴/铸剑__chunk004,杨戴/阿Q正传__chunk010,same,0.818389
杨戴/铸剑__chunk004,杨戴/阿Q正传__chunk011,same,0.769295
杨戴/铸剑__chunk004,杨戴/阿Q正传__chunk012,same,0.805974
杨戴/铸剑__chunk004,杨戴/阿Q正传__chunk013,same,0.865329
杨戴/铸剑__chunk004,杨戴/阿Q正传__chunk014,same,0.790302
杨戴/铸剑__chunk004,杨戴/阿Q正传__chunk015,same,0.803982
杨戴/铸剑__chunk004,杨戴/阿Q正传__chunk016,same,0.822853
杨戴/铸剑__chunk004,杨戴/阿Q正传__chunk017,same,0.825454
杨戴/铸剑__chunk004,杨戴/风波__chunk001,same,0.882236
杨戴/铸剑__chunk004,杨戴/风波__chunk002,same,0.852008
杨戴/铸剑__chunk004,杨戴/风波__chunk003,same,0.882089
杨戴/铸剑__chunk004,蓝/伤逝__chunk001,cross,0.783418
杨戴/铸剑__chunk004,蓝/伤逝__chunk002,cross,0.747127
杨戴/铸剑__chunk004,蓝/伤逝__chunk003,cross,0.827282
杨戴/铸剑__chunk004,蓝/伤逝__chunk004,cross,0.808168
杨戴/铸剑__chunk004,蓝/伤逝__chunk005,cross,0.775458
杨戴/铸剑__chunk004,蓝/伤逝__chunk006,cross,0.779248
杨戴/铸剑__chunk004,蓝/伤逝__chunk007,cross,0.825935
杨戴/铸剑__chunk004,蓝/在酒楼上__chunk001,cross,0.821117
杨戴/铸剑__chunk004,蓝/在酒楼上__chunk002,cross,0.836711
杨戴/铸剑__chunk004,蓝/在酒楼上__chunk003,cross,0.767534
杨戴/铸剑__chunk004,蓝/在酒楼上__chunk004,cross,0.788343
杨戴/铸剑__chunk004,蓝/奔月__chunk001,cross,0.903925
杨戴/铸剑__chunk004,蓝/奔月__chunk002,cross,0.865009
杨戴/铸剑__chunk004,蓝/奔月__chunk003,cross,0.888765
杨戴/铸剑__chunk004,蓝/奔月__chunk004,cross,0.895206
杨戴/铸剑__chunk004,蓝/孤独者__chunk001,cross,0.852010
杨戴/铸剑__chunk004,蓝/孤独者__chunk002,cross,0.853054
杨戴/铸剑__chunk004,蓝/孤独者__chunk003,cross,0.839411
杨戴/铸剑__chunk004,蓝/孤独者__chunk004,cross,0.858280
杨戴/铸剑__chunk004,蓝/孤独者__chunk005,cross,0.765837
杨戴/铸剑__chunk004,蓝/孤独者__chunk006,cross,0.786931
杨戴/铸剑__chunk004,蓝/孤独者__chunk007,cross,0.845448
杨戴/铸剑__chunk004,蓝/孤独者__chunk008,cross,0.847773
杨戴/铸剑__chunk004,蓝/幸福的家庭__chunk001,cross,0.849993
杨戴/铸剑__chunk004,蓝/幸福的家庭__chunk002,cross,0.869061
杨戴/铸剑__chunk004,蓝/幸福的家庭__chunk003,cross,0.815147
杨戴/铸剑__chunk004,蓝/故乡__chunk001,cross,0.823812
杨戴/铸剑__chunk004,蓝/故乡__chunk002,cross,0.835266
杨戴/铸剑__chunk004,蓝/故乡__chunk003,cross,0.856892
杨戴/铸剑__chunk004,蓝/明天__chunk001,cross,0.815151
杨戴/铸剑__chunk004,蓝/明天__chunk002,cross,0.844016
杨戴/铸剑__chunk004,蓝/狂人日记__chunk001,cross,0.796115
杨戴/铸剑__chunk004,蓝/狂人日记__chunk002,cross,0.778363
杨戴/铸剑__chunk004,蓝/狂人日记__chunk003,cross,0.841259
杨戴/铸剑__chunk004,蓝/社戏__chunk001,cross,0.801365
杨戴/铸剑__chunk004,蓝/社戏__chunk002,cross,0.800897
杨戴/铸剑__chunk004,蓝/社戏__chunk003,cross,0.848363
杨戴/铸剑__chunk004,蓝/社戏__chunk004,cross,0.875234
杨戴/铸剑__chunk004,蓝/祝福__chunk001,cross,0.826294
杨戴/铸剑__chunk004,蓝/祝福__chunk002,cross,0.793152
杨戴/铸剑__chunk004,蓝/祝福__chunk003,cross,0.800254
杨戴/铸剑__chunk004,蓝/祝福__chunk004,cross,0.792941
杨戴/铸剑__chunk004,蓝/祝福__chunk005,cross,0.769620
杨戴/铸剑__chunk004,蓝/祝福__chunk006,cross,0.802588
杨戴/铸剑__chunk004,蓝/祝福__chunk007,cross,0.779516
杨戴/铸剑__chunk004,蓝/离婚__chunk001,cross,0.875988
杨戴/铸剑__chunk004,蓝/离婚__chunk002,cross,0.862240
杨戴/铸剑__chunk004,蓝/离婚__chunk003,cross,0.827829
杨戴/铸剑__chunk004,蓝/肥皂__chunk001,cross,0.863940
杨戴/铸剑__chunk004,蓝/肥皂__chunk002,cross,0.837873
杨戴/铸剑__chunk004,蓝/肥皂__chunk003,cross,0.855089
杨戴/铸剑__chunk004,蓝/肥皂__chunk004,cross,0.881921
杨戴/铸剑__chunk004,蓝/药__chunk001,cross,0.865361
杨戴/铸剑__chunk004,蓝/药__chunk002,cross,0.862071
杨戴/铸剑__chunk004,蓝/药__chunk003,cross,0.843850
杨戴/铸剑__chunk004,蓝/铸剑__chunk001,cross,0.907913
杨戴/铸剑__chunk004,蓝/铸剑__chunk002,cross,0.915262
杨戴/铸剑__chunk004,蓝/铸剑__chunk003,cross,0.880714
杨戴/铸剑__chunk004,蓝/铸剑__chunk004,cross,0.953719
杨戴/铸剑__chunk004,蓝/铸剑__chunk005,cross,0.879386
杨戴/铸剑__chunk004,蓝/铸剑__chunk006,cross,0.878168
杨戴/铸剑__chunk004,蓝/铸剑__chunk007,cross,0.847045
杨戴/铸剑__chunk004,蓝/阿Q正传__chunk001,cross,0.825944
杨戴/铸剑__chunk004,蓝/阿Q正传__chunk002,cross,0.812047
杨戴/铸剑__chunk004,蓝/阿Q正传__chunk003,cross,0.789448
杨戴/铸剑__chunk004,蓝/阿Q正传__chunk004,cross,0.806490
杨戴/铸剑__chunk004,蓝/阿Q正传__chunk005,cross,0.816657
杨戴/铸剑__chunk004,蓝/阿Q正传__chunk006,cross,0.808349
杨戴/铸剑__chunk004,蓝/阿Q正传__chunk007,cross,0.840363
杨戴/铸剑__chunk004,蓝/阿Q正传__chunk008,cross,0.821021
杨戴/铸剑__chunk004,蓝/阿Q正传__chunk009,cross,0.833234
杨戴/铸剑__chunk004,蓝/阿Q正传__chunk010,cross,0.798460
杨戴/铸剑__chunk004,蓝/阿Q正传__chunk011,cross,0.819740
杨戴/铸剑__chunk004,蓝/阿Q正传__chunk012,cross,0.811065
杨戴/铸剑__chunk004,蓝/阿Q正传__chunk013,cross,0.841699
杨戴/铸剑__chunk004,蓝/阿Q正传__chunk014,cross,0.851037
杨戴/铸剑__chunk004,蓝/阿Q正传__chunk015,cross,0.833449
杨戴/铸剑__chunk004,蓝/阿Q正传__chunk016,cross,0.854137
杨戴/铸剑__chunk004,蓝/阿Q正传__chunk017,cross,0.828289
杨戴/铸剑__chunk004,蓝/风波__chunk001,cross,0.841630
杨戴/铸剑__chunk004,蓝/风波__chunk002,cross,0.880847
杨戴/铸剑__chunk004,蓝/风波__chunk003,cross,0.870904
杨戴/铸剑__chunk005,杨戴/铸剑__chunk006,same,0.916871
杨戴/铸剑__chunk005,杨戴/铸剑__chunk007,same,0.873970
杨戴/铸剑__chunk005,杨戴/阿Q正传__chunk001,same,0.802606
杨戴/铸剑__chunk005,杨戴/阿Q正传__chunk002,same,0.783535
杨戴/铸剑__chunk005,杨戴/阿Q正传__chunk003,same,0.805240
杨戴/铸剑__chunk005,杨戴/阿Q正传__chunk004,same,0.813276
杨戴/铸剑__chunk005,杨戴/阿Q正传__chunk005,same,0.799000
杨戴/铸剑__chunk005,杨戴/阿Q正传__chunk006,same,0.831102
杨戴/铸剑__chunk005,杨戴/阿Q正传__chunk007,same,0.832611
杨戴/铸剑__chunk005,杨戴/阿Q正传__chunk008,same,0.787477
杨戴/铸剑__chunk005,杨戴/阿Q正传__chunk009,same,0.808136
杨戴/铸剑__chunk005,杨戴/阿Q正传__chunk010,same,0.840394
杨戴/铸剑__chunk005,杨戴/阿Q正传__chunk011,same,0.797481
杨戴/铸剑__chunk005,杨戴/阿Q正传__chunk012,same,0.826007
杨戴/铸剑__chunk005,杨戴/阿Q正传__chunk013,same,0.841882
杨戴/铸剑__chunk005,杨戴/阿Q正传__chunk014,same,0.779439
杨戴/铸剑__chunk005,杨戴/阿Q正传__chunk015,same,0.812265
杨戴/铸剑__chunk005,杨戴/阿Q正传__chunk016,same,0.826187
杨戴/铸剑__chunk005,杨戴/阿Q正传__chunk017,same,0.812824
杨戴/铸剑__chunk005,杨戴/风波__chunk001,same,0.865016
杨戴/铸剑__chunk005,杨戴/风波__chunk002,same,0.838308
杨戴/铸剑__chunk005,杨戴/风波__chunk003,same,0.880500
杨戴/铸剑__chunk005,蓝/伤逝__chunk001,cross,0.785118
杨戴/铸剑__chunk005,蓝/伤逝__chunk002,cross,0.761647
杨戴/铸剑__chunk005,蓝/伤逝__chunk003,cross,0.809137
杨戴/铸剑__chunk005,蓝/伤逝__chunk004,cross,0.807522
杨戴/铸剑__chunk005,蓝/伤逝__chunk005,cross,0.761530
杨戴/铸剑__chunk005,蓝/伤逝__chunk006,cross,0.790424
杨戴/铸剑__chunk005,蓝/伤逝__chunk007,cross,0.813434
杨戴/铸剑__chunk005,蓝/在酒楼上__chunk001,cross,0.835976
杨戴/铸剑__chunk005,蓝/在酒楼上__chunk002,cross,0.845003
杨戴/铸剑__chunk005,蓝/在酒楼上__chunk003,cross,0.785457
杨戴/铸剑__chunk005,蓝/在酒楼上__chunk004,cross,0.784801
杨戴/铸剑__chunk005,蓝/奔月__chunk001,cross,0.884852
杨戴/铸剑__chunk005,蓝/奔月__chunk002,cross,0.848026
杨戴/铸剑__chunk005,蓝/奔月__chunk003,cross,0.863038
杨戴/铸剑__chunk005,蓝/奔月__chunk004,cross,0.864996
杨戴/铸剑__chunk005,蓝/孤独者__chunk001,cross,0.841890
杨戴/铸剑__chunk005,蓝/孤独者__chunk002,cross,0.822667
杨戴/铸剑__chunk005,蓝/孤独者__chunk003,cross,0.812737
杨戴/铸剑__chunk005,蓝/孤独者__chunk004,cross,0.840711
杨戴/铸剑__chunk005,蓝/孤独者__chunk005,cross,0.761574
杨戴/铸剑__chunk005,蓝/孤独者__chunk006,cross,0.787122
杨戴/铸剑__chunk005,蓝/孤独者__chunk007,cross,0.819610
杨戴/铸剑__chunk005,蓝/孤独者__chunk008,cross,0.840788
杨戴/铸剑__chunk005,蓝/幸福的家庭__chunk001,cross,0.847201
杨戴/铸剑__chunk005,蓝/幸福的家庭__chunk002,cross,0.831546
杨戴/铸剑__chunk005,蓝/幸福的家庭__chunk003,cross,0.759632
杨戴/铸剑__chunk005,蓝/故乡__chunk001,cross,0.820001
杨戴/铸剑__chunk005,蓝/故乡__chunk002,cross,0.836483
杨戴/铸剑__chunk005,蓝/故乡__chunk003,cross,0.808369
杨戴/铸剑__chunk005,蓝/明天__chunk001,cross,0.808542
杨戴/铸剑__chunk005,蓝/明天__chunk002,cross,0.836043
杨戴/铸剑__chunk005,蓝/狂人日记__chunk001,cross,0.790120
杨戴/铸剑__chunk005,蓝/狂人日记__chunk002,cross,0.784273
杨戴/铸剑__chunk005,蓝/狂人日记__chunk003,cross,0.853787
杨戴/铸剑__chunk005,蓝/社戏__chunk001,cross,0.796533
杨戴/铸剑__chunk005,蓝/社戏__chunk002,cross,0.811502
杨戴/铸剑__chunk005,蓝/社戏__chunk003,cross,0.841808
杨戴/铸剑__chunk005,蓝/社戏__chunk004,cross,0.857725
杨戴/铸剑__chunk005,蓝/祝福__chunk001,cross,0.816308
杨戴/铸剑__chunk005,蓝/祝福__chunk002,cross,0.763013
杨戴/铸剑__chunk005,蓝/祝福__chunk003,cross,0.780176
杨戴/铸剑__chunk005,蓝/祝福__chunk004,cross,0.808069
杨戴/铸剑__chunk005,蓝/祝福__chunk005,cross,0.781729
杨戴/铸剑__chunk005,蓝/祝福__chunk006,cross,0.812934
杨戴/铸剑__chunk005,蓝/祝福__chunk007,cross,0.775531
杨戴/铸剑__chunk005,蓝/离婚__chunk001,cross,0.863803
杨戴/铸剑__chunk005,蓝/离婚__chunk002,cross,0.837581
杨戴/铸剑__chunk005,蓝/离婚__chunk003,cross,0.833909
杨戴/铸剑__chunk005,蓝/肥皂__chunk001,cross,0.822330
杨戴/铸剑__chunk005,蓝/肥皂__chunk002,cross,0.832526
杨戴/铸剑__chunk005,蓝/肥皂__chunk003,cross,0.837986
杨戴/铸剑__chunk005,蓝/肥皂__chunk004,cross,0.835967
杨戴/铸剑__chunk005,蓝/药__chunk001,cross,0.847803
杨戴/铸剑__chunk005,蓝/药__chunk002,cross,0.842664
杨戴/铸剑__chunk005,蓝/药__chunk003,cross,0.815581
杨戴/铸剑__chunk005,蓝/铸剑__chunk001,cross,0.876674
杨戴/铸剑__chunk005,蓝/铸剑__chunk002,cross,0.908799
杨戴/铸剑__chunk005,蓝/铸剑__chunk003,cross,0.857596
杨戴/铸剑__chunk005,蓝/铸剑__chunk004,cross,0.904621
杨戴/铸剑__chunk005,蓝/铸剑__chunk005,cross,0.905451
杨戴/铸剑__chunk005,蓝/铸剑__chunk006,cross,0.875392
杨戴/铸剑__chunk005,蓝/铸剑__chunk007,cross,0.849180
杨戴/铸剑__chunk005,蓝/阿Q正传__chunk001,cross,0.798765
杨戴/铸剑__chunk005,蓝/阿Q正传__chunk002,cross,0.767321
杨戴/铸剑__chunk005,蓝/阿Q正传__chunk003,cross,0.746253
杨戴/铸剑__chunk005,蓝/阿Q正传__chunk004,cross,0.788980
杨戴/铸剑__chunk005,蓝/阿Q正传__chunk005,cross,0.770221
杨戴/铸剑__chunk005,蓝/阿Q正传__chunk006,cross,0.792540
杨戴/铸剑__chunk005,蓝/阿Q正传__chunk007,cross,0.815008
杨戴/铸剑__chunk005,蓝/阿Q正传__chunk008,cross,0.798502
杨戴/铸剑__chunk005,蓝/阿Q正传__chunk009,cross,0.801623
杨戴/铸剑__chunk005,蓝/阿Q正传__chunk010,cross,0.789148
杨戴/铸剑__chunk005,蓝/阿Q正传__chunk011,cross,0.816410
杨戴/铸剑__chunk005,蓝/阿Q正传__chunk012,cross,0.789787
杨戴/铸剑__chunk005,蓝/阿Q正传__chunk013,cross,0.814740
杨戴/铸剑__chunk005,蓝/阿Q正传__chunk014,cross,0.830154
杨戴/铸剑__chunk005,蓝/阿Q正传__chunk015,cross,0.822567
杨戴/铸剑__chunk005,蓝/阿Q正传__chunk016,cross,0.837391
杨戴/铸剑__chunk005,蓝/阿Q正传__chunk017,cross,0.769702
杨戴/铸剑__chunk005,蓝/风波__chunk001,cross,0.838153
杨戴/铸剑__chunk005,蓝/风波__chunk002,cross,0.838143
杨戴/铸剑__chunk005,蓝/风波__chunk003,cross,0.820572
杨戴/铸剑__chunk006,杨戴/铸剑__chunk007,same,0.908271
杨戴/铸剑__chunk006,杨戴/阿Q正传__chunk001,same,0.781610
杨戴/铸剑__chunk006,杨戴/阿Q正传__chunk002,same,0.758876
杨戴/铸剑__chunk006,杨戴/阿Q正传__chunk003,same,0.782366
杨戴/铸剑__chunk006,杨戴/阿Q正传__chunk004,same,0.786919
杨戴/铸剑__chunk006,杨戴/阿Q正传__chunk005,same,0.780800
杨戴/铸剑__chunk006,杨戴/阿Q正传__chunk006,same,0.803488
杨戴/铸剑__chunk006,杨戴/阿Q正传__chunk007,same,0.801423
杨戴/铸剑__chunk006,杨戴/阿Q正传__chunk008,same,0.760412
杨戴/铸剑__chunk006,杨戴/阿Q正传__chunk009,same,0.790061
杨戴/铸剑__chunk006,杨戴/阿Q正传__chunk010,same,0.816436
杨戴/铸剑__chunk006,杨戴/阿Q正传__chunk011,same,0.770241
杨戴/铸剑__chunk006,杨戴/阿Q正传__chunk012,same,0.798359
杨戴/铸剑__chunk006,杨戴/阿Q正传__chunk013,same,0.829897
杨戴/铸剑__chunk006,杨戴/阿Q正传__chunk014,same,0.752945
杨戴/铸剑__chunk006,杨戴/阿Q正传__chunk015,same,0.770853
杨戴/铸剑__chunk006,杨戴/阿Q正传__chunk016,same,0.799254
杨戴/铸剑__chunk006,杨戴/阿Q正传__chunk017,same,0.798097
杨戴/铸剑__chunk006,杨戴/风波__chunk001,same,0.846162
杨戴/铸剑__chunk006,杨戴/风波__chunk002,same,0.842240
杨戴/铸剑__chunk006,杨戴/风波__chunk003,same,0.851715
杨戴/铸剑__chunk006,蓝/伤逝__chunk001,cross,0.772176
杨戴/铸剑__chunk006,蓝/伤逝__chunk002,cross,0.728145
杨戴/铸剑__chunk006,蓝/伤逝__chunk003,cross,0.795489
杨戴/铸剑__chunk006,蓝/伤逝__chunk004,cross,0.776510
杨戴/铸剑__chunk006,蓝/伤逝__chunk005,cross,0.732816
杨戴/铸剑__chunk006,蓝/伤逝__chunk006,cross,0.769067
杨戴/铸剑__chunk006,蓝/伤逝__chunk007,cross,0.790954
杨戴/铸剑__chunk006,蓝/在酒楼上__chunk001,cross,0.812803
杨戴/铸剑__chunk006,蓝/在酒楼上__chunk002,cross,0.806855
杨戴/铸剑__chunk006,蓝/在酒楼上__chunk003,cross,0.730318
杨戴/铸剑__chunk006,蓝/在酒楼上__chunk004,cross,0.720712
杨戴/铸剑__chunk006,蓝/奔月__chunk001,cross,0.866817
杨戴/铸剑__chunk006,蓝/奔月__chunk002,cross,0.810907
杨戴/铸剑__chunk006,蓝/奔月__chunk003,cross,0.845539
杨戴/铸剑__chunk006,蓝/奔月__chunk004,cross,0.848820
杨戴/铸剑__chunk006,蓝/孤独者__chunk001,cross,0.809858
杨戴/铸剑__chunk006,蓝/孤独者__chunk002,cross,0.793076
杨戴/铸剑__chunk006,蓝/孤独者__chunk003,cross,0.772087
杨戴/铸剑__chunk006,蓝/孤独者__chunk004,cross,0.803188
杨戴/铸剑__chunk006,蓝/孤独者__chunk005,cross,0.730254
杨戴/铸剑__chunk006,蓝/孤独者__chunk006,cross,0.737537
杨戴/铸剑__chunk006,蓝/孤独者__chunk007,cross,0.791962
杨戴/铸剑__chunk006,蓝/孤独者__chunk008,cross,0.816246
杨戴/铸剑__chunk006,蓝/幸福的家庭__chunk001,cross,0.812446
杨戴/铸剑__chunk006,蓝/幸福的家庭__chunk002,cross,0.825904
杨戴/铸剑__chunk006,蓝/幸福的家庭__chunk003,cross,0.758337
杨戴/铸剑__chunk006,蓝/故乡__chunk001,cross,0.792049
杨戴/铸剑__chunk006,蓝/故乡__chunk002,cross,0.778236
杨戴/铸剑__chunk006,蓝/故乡__chunk003,cross,0.799037
杨戴/铸剑__chunk006,蓝/明天__chunk001,cross,0.794730
杨戴/铸剑__chunk006,蓝/明天__chunk002,cross,0.837962
杨戴/铸剑__chunk006,蓝/狂人日记__chunk001,cross,0.802512
杨戴/铸剑__chunk006,蓝/狂人日记__chunk002,cross,0.748030
杨戴/铸剑__chunk006,蓝/狂人日记__chunk003,cross,0.797590
杨戴/铸剑__chunk006,蓝/社戏__chunk001,cross,0.780517
杨戴/铸剑__chunk006,蓝/社戏__chunk002,cross,0.804631
杨戴/铸剑__chunk006,蓝/社戏__chunk003,cross,0.836271
杨戴/铸剑__chunk006,蓝/社戏__chunk004,cross,0.861540
杨戴/铸剑__chunk006,蓝/祝福__chunk001,cross,0.806046
杨戴/铸剑__chunk006,蓝/祝福__chunk002,cross,0.736537
杨戴/铸剑__chunk006,蓝/祝福__chunk003,cross,0.775358
杨戴/铸剑__chunk006,蓝/祝福__chunk004,cross,0.798373
杨戴/铸剑__chunk006,蓝/祝福__chunk005,cross,0.727940
杨戴/铸剑__chunk006,蓝/祝福__chunk006,cross,0.793790
杨戴/铸剑__chunk006,蓝/祝福__chunk007,cross,0.784782
杨戴/铸剑__chunk006,蓝/离婚__chunk001,cross,0.842674
杨戴/铸剑__chunk006,蓝/离婚__chunk002,cross,0.859221
杨戴/铸剑__chunk006,蓝/离婚__chunk003,cross,0.789181
杨戴/铸剑__chunk006,蓝/肥皂__chunk001,cross,0.811688
杨戴/铸剑__chunk006,蓝/肥皂__chunk002,cross,0.798866
杨戴/铸剑__chunk006,蓝/肥皂__chunk003,cross,0.816079
杨戴/铸剑__chunk006,蓝/肥皂__chunk004,cross,0.819438
杨戴/铸剑__chunk006,蓝/药__chunk001,cross,0.863641
杨戴/铸剑__chunk006,蓝/药__chunk002,cross,0.813986
杨戴/铸剑__chunk006,蓝/药__chunk003,cross,0.845150
杨戴/铸剑__chunk006,蓝/铸剑__chunk001,cross,0.863939
杨戴/铸剑__chunk006,蓝/铸剑__chunk002,cross,0.899489
杨戴/铸剑__chunk006,蓝/铸剑__chunk003,cross,0.879520
杨戴/铸剑__chunk006,蓝/铸剑__chunk004,cross,0.896156
杨戴/铸剑__chunk006,蓝/铸剑__chunk005,cross,0.924800
杨戴/铸剑__chunk006,蓝/铸剑__chunk006,cross,0.944892
杨戴/铸剑__chunk006,蓝/铸剑__chunk007,cross,0.890462
杨戴/铸剑__chunk006,蓝/阿Q正传__chunk001,cross,0.804093
杨戴/铸剑__chunk006,蓝/阿Q正传__chunk002,cross,0.768823
杨戴/铸剑__chunk006,蓝/阿Q正传__chunk003,cross,0.756520
杨戴/铸剑__chunk006,蓝/阿Q正传__chunk004,cross,0.768968
杨戴/铸剑__chunk006,蓝/阿Q正传__chunk005,cross,0.765980
杨戴/铸剑__chunk006,蓝/阿Q正传__chunk006,cross,0.783877
杨戴/铸剑__chunk006,蓝/阿Q正传__chunk007,cross,0.819100
杨戴/铸剑__chunk006,蓝/阿Q正传__chunk008,cross,0.792116
杨戴/铸剑__chunk006,蓝/阿Q正传__chunk009,cross,0.807563
杨戴/铸剑__chunk006,蓝/阿Q正传__chunk010,cross,0.780346
杨戴/铸剑__chunk006,蓝/阿Q正传__chunk011,cross,0.824934
杨戴/铸剑__chunk006,蓝/阿Q正传__chunk012,cross,0.774558
杨戴/铸剑__chunk006,蓝/阿Q正传__chunk013,cross,0.828372
杨戴/铸剑__chunk006,蓝/阿Q正传__chunk014,cross,0.829491
杨戴/铸剑__chunk006,蓝/阿Q正传__chunk015,cross,0.814557
杨戴/铸剑__chunk006,蓝/阿Q正传__chunk016,cross,0.828083
杨戴/铸剑__chunk006,蓝/阿Q正传__chunk017,cross,0.796324
杨戴/铸剑__chunk006,蓝/风波__chunk001,cross,0.815502
杨戴/铸剑__chunk006,蓝/风波__chunk002,cross,0.836292
杨戴/铸剑__chunk006,蓝/风波__chunk003,cross,0.815116
杨戴/铸剑__chunk007,杨戴/阿Q正传__chunk001,same,0.796712
杨戴/铸剑__chunk007,杨戴/阿Q正传__chunk002,same,0.779548
杨戴/铸剑__chunk007,杨戴/阿Q正传__chunk003,same,0.781580
杨戴/铸剑__chunk007,杨戴/阿Q正传__chunk004,same,0.793234
杨戴/铸剑__chunk007,杨戴/阿Q正传__chunk005,same,0.789586
杨戴/铸剑__chunk007,杨戴/阿Q正传__chunk006,same,0.821544
杨戴/铸剑__chunk007,杨戴/阿Q正传__chunk007,same,0.811909
杨戴/铸剑__chunk007,杨戴/阿Q正传__chunk008,same,0.774351
杨戴/铸剑__chunk007,杨戴/阿Q正传__chunk009,same,0.811151
杨戴/铸剑__chunk007,杨戴/阿Q正传__chunk010,same,0.826484
杨戴/铸剑__chunk007,杨戴/阿Q正传__chunk011,same,0.782873
杨戴/铸剑__chunk007,杨戴/阿Q正传__chunk012,same,0.808159
杨戴/铸剑__chunk007,杨戴/阿Q正传__chunk013,same,0.859442
杨戴/铸剑__chunk007,杨戴/阿Q正传__chunk014,same,0.782755
杨戴/铸剑__chunk007,杨戴/阿Q正传__chunk015,same,0.783389
杨戴/铸剑__chunk007,杨戴/阿Q正传__chunk016,same,0.810269
杨戴/铸剑__chunk007,杨戴/阿Q正传__chunk017,same,0.820761
杨戴/铸剑__chunk007,杨戴/风波__chunk001,same,0.880375
杨戴/铸剑__chunk007,杨戴/风波__chunk002,same,0.858057
杨戴/铸剑__chunk007,杨戴/风波__chunk003,same,0.892779
杨戴/铸剑__chunk007,蓝/伤逝__chunk001,cross,0.791350
杨戴/铸剑__chunk007,蓝/伤逝__chunk002,cross,0.777853
杨戴/铸剑__chunk007,蓝/伤逝__chunk003,cross,0.836351
杨戴/铸剑__chunk007,蓝/伤逝__chunk004,cross,0.839532
杨戴/铸剑__chunk007,蓝/伤逝__chunk005,cross,0.778527
杨戴/铸剑__chunk007,蓝/伤逝__chunk006,cross,0.799171
杨戴/铸剑__chunk007,蓝/伤逝__chunk007,cross,0.815667
杨戴/铸剑__chunk007,蓝/在酒楼上__chunk001,cross,0.833210
杨戴/铸剑__chunk007,蓝/在酒楼上__chunk002,cross,0.848656
杨戴/铸剑__chunk007,蓝/在酒楼上__chunk003,cross,0.773537
杨戴/铸剑__chunk007,蓝/在酒楼上__chunk004,cross,0.753889
杨戴/铸剑__chunk007,蓝/奔月__chunk001,cross,0.889993
杨戴/铸剑__chunk007,蓝/奔月__chunk002,cross,0.844053
杨戴/铸剑__chunk007,蓝/奔月__chunk003,cross,0.855463
杨戴/铸剑__chunk007,蓝/奔月__chunk004,cross,0.838860
杨戴/铸剑__chunk007,蓝/孤独者__chunk001,cross,0.858882
杨戴/铸剑__chunk007,蓝/孤独者__chunk002,cross,0.832702
杨戴/铸剑__chunk007,蓝/孤独者__chunk003,cross,0.810971
杨戴/铸剑__chunk007,蓝/孤独者__chunk004,cross,0.834695
杨戴/铸剑__chunk007,蓝/孤独者__chunk005,cross,0.767695
杨戴/铸剑__chunk007,蓝/孤独者__chunk006,cross,0.766705
杨戴/铸剑__chunk007,蓝/孤独者__chunk007,cross,0.835434
杨戴/铸剑__chunk007,蓝/孤独者__chunk008,cross,0.827972
杨戴/铸剑__chunk007,蓝/幸福的家庭__chunk001,cross,0.841352
杨戴/铸剑__chunk007,蓝/幸福的家庭__chunk002,cross,0.846197
杨戴/铸剑__chunk007,蓝/幸福的家庭__chunk003,cross,0.771121
杨戴/铸剑__chunk007,蓝/故乡__chunk001,cross,0.826196
杨戴/铸剑__chunk007,蓝/故乡__chunk002,cross,0.798661
杨戴/铸剑__chunk007,蓝/故乡__chunk003,cross,0.837155
杨戴/铸剑__chunk007,蓝/明天__chunk001,cross,0.856642
杨戴/铸剑__chunk007,蓝/明天__chunk002,cross,0.875264
杨戴/铸剑__chunk007,蓝/狂人日记__chunk001,cross,0.810182
杨戴/铸剑__chunk007,蓝/狂人日记__chunk002,cross,0.774110
杨戴/铸剑__chunk007,蓝/狂人日记__chunk003,cross,0.809791
杨戴/铸剑__chunk007,蓝/社戏__chunk001,cross,0.820420
杨戴/铸剑__chunk007,蓝/社戏__chunk002,cross,0.841822
杨戴/铸剑__chunk007,蓝/社戏__chunk003,cross,0.873077
杨戴/铸剑__chunk007,蓝/社戏__chunk004,cross,0.892335
杨戴/铸剑__chunk007,蓝/祝福__chunk001,cross,0.847491
杨戴/铸剑__chunk007,蓝/祝福__chunk002,cross,0.776124
杨戴/铸剑__chunk007,蓝/祝福__chunk003,cross,0.811830
杨戴/铸剑__chunk007,蓝/祝福__chunk004,cross,0.813182
杨戴/铸剑__chunk007,蓝/祝福__chunk005,cross,0.782833
杨戴/铸剑__chunk007,蓝/祝福__chunk006,cross,0.805453
杨戴/铸剑__chunk007,蓝/祝福__chunk007,cross,0.793262
杨戴/铸剑__chunk007,蓝/离婚__chunk001,cross,0.854979
杨戴/铸剑__chunk007,蓝/离婚__chunk002,cross,0.871542
杨戴/铸剑__chunk007,蓝/离婚__chunk003,cross,0.792436
杨戴/铸剑__chunk007,蓝/肥皂__chunk001,cross,0.829816
杨戴/铸剑__chunk007,蓝/肥皂__chunk002,cross,0.843674
杨戴/铸剑__chunk007,蓝/肥皂__chunk003,cross,0.833164
杨戴/铸剑__chunk007,蓝/肥皂__chunk004,cross,0.825295
杨戴/铸剑__chunk007,蓝/药__chunk001,cross,0.870224
杨戴/铸剑__chunk007,蓝/药__chunk002,cross,0.818988
杨戴/铸剑__chunk007,蓝/药__chunk003,cross,0.874196
杨戴/铸剑__chunk007,蓝/铸剑__chunk001,cross,0.888878
杨戴/铸剑__chunk007,蓝/铸剑__chunk002,cross,0.873239
杨戴/铸剑__chunk007,蓝/铸剑__chunk003,cross,0.874279
杨戴/铸剑__chunk007,蓝/铸剑__chunk004,cross,0.890467
杨戴/铸剑__chunk007,蓝/铸剑__chunk005,cross,0.911897
杨戴/铸剑__chunk007,蓝/铸剑__chunk006,cross,0.905759
杨戴/铸剑__chunk007,蓝/铸剑__chunk007,cross,0.928780
杨戴/铸剑__chunk007,蓝/阿Q正传__chunk001,cross,0.807884
杨戴/铸剑__chunk007,蓝/阿Q正传__chunk002,cross,0.813733
杨戴/铸剑__chunk007,蓝/阿Q正传__chunk003,cross,0.790245
杨戴/铸剑__chunk007,蓝/阿Q正传__chunk004,cross,0.808075
杨戴/铸剑__chunk007,蓝/阿Q正传__chunk005,cross,0.781284
杨戴/铸剑__chunk007,蓝/阿Q正传__chunk006,cross,0.822353
杨戴/铸剑__chunk007,蓝/阿Q正传__chunk007,cross,0.823771
杨戴/铸剑__chunk007,蓝/阿Q正传__chunk008,cross,0.827448
杨戴/铸剑__chunk007,蓝/阿Q正传__chunk009,cross,0.825871
杨戴/铸剑__chunk007,蓝/阿Q正传__chunk010,cross,0.818143
杨戴/铸剑__chunk007,蓝/阿Q正传__chunk011,cross,0.844583
杨戴/铸剑__chunk007,蓝/阿Q正传__chunk012,cross,0.802594
杨戴/铸剑__chunk007,蓝/阿Q正传__chunk013,cross,0.878681
杨戴/铸剑__chunk007,蓝/阿Q正传__chunk014,cross,0.849978
杨戴/铸剑__chunk007,蓝/阿Q正传__chunk015,cross,0.822132
杨戴/铸剑__chunk007,蓝/阿Q正传__chunk016,cross,0.818041
杨戴/铸剑__chunk007,蓝/阿Q正传__chunk017,cross,0.816526
杨戴/铸剑__chunk007,蓝/风波__chunk001,cross,0.863555
杨戴/铸剑__chunk007,蓝/风波__chunk002,cross,0.868393
杨戴/铸剑__chunk007,蓝/风波__chunk003,cross,0.852686
杨戴/阿Q正传__chunk001,杨戴/阿Q正传__chunk002,same,0.916514
杨戴/阿Q正传__chunk001,杨戴/阿Q正传__chunk003,same,0.913832
杨戴/阿Q正传__chunk001,杨戴/阿Q正传__chunk004,same,0.895309
杨戴/阿Q正传__chunk001,杨戴/阿Q正传__chunk005,same,0.855822
杨戴/阿Q正传__chunk001,杨戴/阿Q正传__chunk006,same,0.905508
杨戴/阿Q正传__chunk001,杨戴/阿Q正传__chunk007,same,0.876118
杨戴/阿Q正传__chunk001,杨戴/阿Q正传__chunk008,same,0.892516
杨戴/阿Q正传__chunk001,杨戴/阿Q正传__chunk009,same,0.900908
杨戴/阿Q正传__chunk001,杨戴/阿Q正传__chunk010,same,0.919603
杨戴/阿Q正传__chunk001,杨戴/阿Q正传__chunk011,same,0.906793
杨戴/阿Q正传__chunk001,杨戴/阿Q正传__chunk012,same,0.901519
杨戴/阿Q正传__chunk001,杨戴/阿Q正传__chunk013,same,0.895871
杨戴/阿Q正传__chunk001,杨戴/阿Q正传__chunk014,same,0.870621
杨戴/阿Q正传__chunk001,杨戴/阿Q正传__chunk015,same,0.889532
杨戴/阿Q正传__chunk001,杨戴/阿Q正传__chunk016,same,0.895629
杨戴/阿Q正传__chunk001,杨戴/阿Q正传__chunk017,same,0.884196
杨戴/阿Q正传__chunk001,杨戴/风波__chunk001,same,0.814329
杨戴/阿Q正传__chunk001,杨戴/风波__chunk002,same,0.805490
杨戴/阿Q正传__chunk001,杨戴/风波__chunk003,same,0.807967
杨戴/阿Q正传__chunk001,蓝/伤逝__chunk001,cross,0.821678
杨戴/阿Q正传__chunk001,蓝/伤逝__chunk002,cross,0.761058
杨戴/阿Q正传__chunk001,蓝/伤逝__chunk003,cross,0.793262
杨戴/阿Q正传__chunk001,蓝/伤逝__chunk004,cross,0.789336
杨戴/阿Q正传__chunk001,蓝/伤逝__chunk005,cross,0.773740
杨戴/阿Q正传__chunk001,蓝/伤逝__chunk006,cross,0.795740
杨戴/阿Q正传__chunk001,蓝/伤逝__chunk007,cross,0.800705
杨戴/阿Q正传__chunk001,蓝/在酒楼上__chunk001,cross,0.841120
杨戴/阿Q正传__chunk001,蓝/在酒楼上__chunk002,cross,0.833781
杨戴/阿Q正传__chunk001,蓝/在酒楼上__chunk003,cross,0.812449
杨戴/阿Q正传__chunk001,蓝/在酒楼上__chunk004,cross,0.787773
杨戴/阿Q正传__chunk001,蓝/奔月__chunk001,cross,0.828696
杨戴/阿Q正传__chunk001,蓝/奔月__chunk002,cross,0.798531
杨戴/阿Q正传__chunk001,蓝/奔月__chunk003,cross,0.807070
杨戴/阿Q正传__chunk001,蓝/奔月__chunk004,cross,0.792653
杨戴/阿Q正传__chunk001,蓝/孤独者__chunk001,cross,0.822665
杨戴/阿Q正传__chunk001,蓝/孤独者__chunk002,cross,0.821333
杨戴/阿Q正传__chunk001,蓝/孤独者__chunk003,cross,0.793587
杨戴/阿Q正传__chunk001,蓝/孤独者__chunk004,cross,0.802919
杨戴/阿Q正传__chunk001,蓝/孤独者__chunk005,cross,0.767516
杨戴/阿Q正传__chunk001,蓝/孤独者__chunk006,cross,0.782398
杨戴/阿Q正传__chunk001,蓝/孤独者__chunk007,cross,0.807065
杨戴/阿Q正传__chunk001,蓝/孤独者__chunk008,cross,0.776040
杨戴/阿Q正传__chunk001,蓝/幸福的家庭__chunk001,cross,0.808020
杨戴/阿Q正传__chunk001,蓝/幸福的家庭__chunk002,cross,0.820010
杨戴/阿Q正传__chunk001,蓝/幸福的家庭__chunk003,cross,0.759230
杨戴/阿Q正传__chunk001,蓝/故乡__chunk001,cross,0.843528
杨戴/阿Q正传__chunk001,蓝/故乡__chunk002,cross,0.793540
杨戴/阿Q正传__chunk001,蓝/故乡__chunk003,cross,0.795223
杨戴/阿Q正传__chunk001,蓝/明天__chunk001,cross,0.798010
杨戴/阿Q正传__chunk001,蓝/明天__chunk002,cross,0.823954
杨戴/阿Q正传__chunk001,蓝/狂人日记__chunk001,cross,0.788554
杨戴/阿Q正传__chunk001,蓝/狂人日记__chunk002,cross,0.766579
杨戴/阿Q正传__chunk001,蓝/狂人日记__chunk003,cross,0.789189
杨戴/阿Q正传__chunk001,蓝/社戏__chunk001,cross,0.809828
杨戴/阿Q正传__chunk001,蓝/社戏__chunk002,cross,0.829409
杨戴/阿Q正传__chunk001,蓝/社戏__chunk003,cross,0.824039
杨戴/阿Q正传__chunk001,蓝/社戏__chunk004,cross,0.808930
杨戴/阿Q正传__chunk001,蓝/祝福__chunk001,cross,0.824446
杨戴/阿Q正传__chunk001,蓝/祝福__chunk002,cross,0.793083
杨戴/阿Q正传__chunk001,蓝/祝福__chunk003,cross,0.793235
杨戴/阿Q正传__chunk001,蓝/祝福__chunk004,cross,0.763814
杨戴/阿Q正传__chunk001,蓝/祝福__chunk005,cross,0.759984
杨戴/阿Q正传__chunk001,蓝/祝福__chunk006,cross,0.780266
杨戴/阿Q正传__chunk001,蓝/祝福__chunk007,cross,0.745060
杨戴/阿Q正传__chunk001,蓝/离婚__chunk001,cross,0.825656
杨戴/阿Q正传__chunk001,蓝/离婚__chunk002,cross,0.795739
杨戴/阿Q正传__chunk001,蓝/离婚__chunk003,cross,0.791619
杨戴/阿Q正传__chunk001,蓝/肥皂__chunk001,cross,0.809509
杨戴/阿Q正传__chunk001,蓝/肥皂__chunk002,cross,0.784562
杨戴/阿Q正传__chunk001,蓝/肥皂__chunk003,cross,0.818126
杨戴/阿Q正传__chunk001,蓝/肥皂__chunk004,cross,0.788614
杨戴/阿Q正传__chunk001,蓝/药__chunk001,cross,0.787981
杨戴/阿Q正传__chunk001,蓝/药__chunk002,cross,0.753194
杨戴/阿Q正传__chunk001,蓝/药__chunk003,cross,0.796800
杨戴/阿Q正传__chunk001,蓝/铸剑__chunk001,cross,0.817303
杨戴/阿Q正传__chunk001,蓝/铸剑__chunk002,cross,0.820504
杨戴/阿Q正传__chunk001,蓝/铸剑__chunk003,cross,0.811756
杨戴/阿Q正传__chunk001,蓝/铸剑__chunk004,cross,0.833778
杨戴/阿Q正传__chunk001,蓝/铸剑__chunk005,cross,0.809688
杨戴/阿Q正传__chunk001,蓝/铸剑__chunk006,cross,0.778928
杨戴/阿Q正传__chunk001,蓝/铸剑__chunk007,cross,0.805612
杨戴/阿Q正传__chunk001,蓝/阿Q正传__chunk001,cross,0.918716
杨戴/阿Q正传__chunk001,蓝/阿Q正传__chunk002,cross,0.885602
杨戴/阿Q正传__chunk001,蓝/阿Q正传__chunk003,cross,0.860177
杨戴/阿Q正传__chunk001,蓝/阿Q正传__chunk004,cross,0.867330
杨戴/阿Q正传__chunk001,蓝/阿Q正传__chunk005,cross,0.853252
杨戴/阿Q正传__chunk001,蓝/阿Q正传__chunk006,cross,0.884529
杨戴/阿Q正传__chunk001,蓝/阿Q正传__chunk007,cross,0.874893
杨戴/阿Q正传__chunk001,蓝/阿Q正传__chunk008,cross,0.894866
杨戴/阿Q正传__chunk001,蓝/阿Q正传__chunk009,cross,0.890638
杨戴/阿Q正传__chunk001,蓝/阿Q正传__chunk010,cross,0.906436
杨戴/阿Q正传__chunk001,蓝/阿Q正传__chunk011,cross,0.909511
杨戴/阿Q正传__chunk001,蓝/阿Q正传__chunk012,cross,0.856969
杨戴/阿Q正传__chunk001,蓝/阿Q正传__chunk013,cross,0.874848
杨戴/阿Q正传__chunk001,蓝/阿Q正传__chunk014,cross,0.869964
杨戴/阿Q正传__chunk001,蓝/阿Q正传__chunk015,cross,0.890307
杨戴/阿Q正传__chunk001,蓝/阿Q正传__chunk016,cross,0.884308
杨戴/阿Q正传__chunk001,蓝/阿Q正传__chunk017,cross,0.839396
杨戴/阿Q正传__chunk001,蓝/风波__chunk001,cross,0.802597
杨戴/阿Q正传__chunk001,蓝/风波__chunk002,cross,0.814013
杨戴/阿Q正传__chunk001,蓝/风波__chunk003,cross,0.795211
杨戴/阿Q正传__chunk002,杨戴/阿Q正传__chunk003,same,0.935699
杨戴/阿Q正传__chunk002,杨戴/阿Q正传__chunk004,same,0.924726
杨戴/阿Q正传__chunk002,杨戴/阿Q正传__chunk005,same,0.892106
杨戴/阿Q正传__chunk002,杨戴/阿Q正传__chunk006,same,0.927851
杨戴/阿Q正传__chunk002,杨戴/阿Q正传__chunk007,same,0.903159
杨戴/阿Q正传__chunk002,杨戴/阿Q正传__chunk008,same,0.925498
杨戴/阿Q正传__chunk002,杨戴/阿Q正传__chunk009,same,0.923435
杨戴/阿Q正传__chunk002,杨戴/阿Q正传__chunk010,same,0.915251
杨戴/阿Q正传__chunk002,杨戴/阿Q正传__chunk011,same,0.919184
杨戴/阿Q正传__chunk002,杨戴/阿Q正传__chunk012,same,0.918404
杨戴/阿Q正传__chunk002,杨戴/阿Q正传__chunk013,same,0.888362
杨戴/阿Q正传__chunk002,杨戴/阿Q正传__chunk014,same,0.904541
杨戴/阿Q正传__chunk002,杨戴/阿Q正传__chunk015,same,0.892154
杨戴/阿Q正传__chunk002,杨戴/阿Q正传__chunk016,same,0.911512
杨戴/阿Q正传__chunk002,杨戴/阿Q正传__chunk017,same,0.885652
杨戴/阿Q正传__chunk002,杨戴/风波__chunk001,same,0.790581
杨戴/阿Q正传__chunk002,杨戴/风波__chunk002,same,0.798805
杨戴/阿Q正传__chunk002,杨戴/风波__chunk003,same,0.809412
杨戴/阿Q正传__chunk002,蓝/伤逝__chunk001,cross,0.783571
杨戴/阿Q正传__chunk002,蓝/伤逝__chunk002,cross,0.754377
杨戴/阿Q正传__chunk002,蓝/伤逝__chunk003,cross,0.768735
杨戴/阿Q正传__chunk002,蓝/伤逝__chunk004,cross,0.778728
杨戴/阿Q正传__chunk002,蓝/伤逝__chunk005,cross,0.762931
杨戴/阿Q正传__chunk002,蓝/伤逝__chunk006,cross,0.757898
杨戴/阿Q正传__chunk002,蓝/伤逝__chunk007,cross,0.760624
杨戴/阿Q正传__chunk002,蓝/在酒楼上__chunk001,cross,0.801046
杨戴/阿Q正传__chunk002,蓝/在酒楼上__chunk002,cross,0.801060
杨戴/阿Q正传__chunk002,蓝/在酒楼上__chunk003,cross,0.791142
杨戴/阿Q正传__chunk002,蓝/在酒楼上__chunk004,cross,0.743311
杨戴/阿Q正传__chunk002,蓝/奔月__chunk001,cross,0.803545
杨戴/阿Q正传__chunk002,蓝/奔月__chunk002,cross,0.778363
杨戴/阿Q正传__chunk002,蓝/奔月__chunk003,cross,0.801610
杨戴/阿Q正传__chunk002,蓝/奔月__chunk004,cross,0.759709
杨戴/阿Q正传__chunk002,蓝/孤独者__chunk001,cross,0.835431
杨戴/阿Q正传__chunk002,蓝/孤独者__chunk002,cross,0.822191
杨戴/阿Q正传__chunk002,蓝/孤独者__chunk003,cross,0.795368
杨戴/阿Q正传__chunk002,蓝/孤独者__chunk004,cross,0.786254
杨戴/阿Q正传__chunk002,蓝/孤独者__chunk005,cross,0.743323
杨戴/阿Q正传__chunk002,蓝/孤独者__chunk006,cross,0.738535
杨戴/阿Q正传__chunk002,蓝/孤独者__chunk007,cross,0.787235
杨戴/阿Q正传__chunk002,蓝/孤独者__chunk008,cross,0.798036
杨戴/阿Q正传__chunk002,蓝/幸福的家庭__chunk001,cross,0.792017
杨戴/阿Q正传__chunk002,蓝/幸福的家庭__chunk002,cross,0.802006
杨戴/阿Q正传__chunk002,蓝/幸福的家庭__chunk003,cross,0.752837
杨戴/阿Q正传__chunk002,蓝/故乡__chunk001,cross,0.824928
杨戴/阿Q正传__chunk002,蓝/故乡__chunk002,cross,0.781674
杨戴/阿Q正传__chunk002,蓝/故乡__chunk003,cross,0.803330
杨戴/阿Q正传__chunk002,蓝/明天__chunk001,cross,0.784732
杨戴/阿Q正传__chunk002,蓝/明天__chunk002,cross,0.804249
杨戴/阿Q正传__chunk002,蓝/狂人日记__chunk001,cross,0.754443
杨戴/阿Q正传__chunk002,蓝/狂人日记__chunk002,cross,0.772556
杨戴/阿Q正传__chunk002,蓝/狂人日记__chunk003,cross,0.789395
杨戴/阿Q正传__chunk002,蓝/社戏__chunk001,cross,0.792609
杨戴/阿Q正传__chunk002,蓝/社戏__chunk002,cross,0.809970
杨戴/阿Q正传__chunk002,蓝/社戏__chunk003,cross,0.788187
杨戴/阿Q正传__chunk002,蓝/社戏__chunk004,cross,0.782029
杨戴/阿Q正传__chunk002,蓝/祝福__chunk001,cross,0.800707
杨戴/阿Q正传__chunk002,蓝/祝福__chunk002,cross,0.759392
杨戴/阿Q正传__chunk002,蓝/祝福__chunk003,cross,0.782592
杨戴/阿Q正传__chunk002,蓝/祝福__chunk004,cross,0.742967
杨戴/阿Q正传__chunk002,蓝/祝福__chunk005,cross,0.746860
杨戴/阿Q正传__chunk002,蓝/祝福__chunk006,cross,0.779973
杨戴/阿Q正传__chunk002,蓝/祝福__chunk007,cross,0.720372
杨戴/阿Q正传__chunk002,蓝/离婚__chunk001,cross,0.810232
杨戴/阿Q正传__chunk002,蓝/离婚__chunk002,cross,0.783209
杨戴/阿Q正传__chunk002,蓝/离婚__chunk003,cross,0.778198
杨戴/阿Q正传__chunk002,蓝/肥皂__chunk001,cross,0.776309
杨戴/阿Q正传__chunk002,蓝/肥皂__chunk002,cross,0.784577
杨戴/阿Q正传__chunk002,蓝/肥皂__chunk003,cross,0.777681
杨戴/阿Q正传__chunk002,蓝/肥皂__chunk004,cross,0.754166
杨戴/阿Q正传__chunk002,蓝/药__chunk001,cross,0.770270
杨戴/阿Q正传__chunk002,蓝/药__chunk002,cross,0.778724
杨戴/阿Q正传__chunk002,蓝/药__chunk003,cross,0.766202
杨戴/阿Q正传__chunk002,蓝/铸剑__chunk001,cross,0.814781
杨戴/阿Q正传__chunk002,蓝/铸剑__chunk002,cross,0.787944
杨戴/阿Q正传__chunk002,蓝/铸剑__chunk003,cross,0.805680
杨戴/阿Q正传__chunk002,蓝/铸剑__chunk004,cross,0.810840
杨戴/阿Q正传__chunk002,蓝/铸剑__chunk005,cross,0.787497
杨戴/阿Q正传__chunk002,蓝/铸剑__chunk006,cross,0.759068
杨戴/阿Q正传__chunk002,蓝/铸剑__chunk007,cross,0.784463
杨戴/阿Q正传__chunk002,蓝/阿Q正传__chunk001,cross,0.886358
杨戴/阿Q正传__chunk002,蓝/阿Q正传__chunk002,cross,0.926573
杨戴/阿Q正传__chunk002,蓝/阿Q正传__chunk003,cross,0.890682
杨戴/阿Q正传__chunk002,蓝/阿Q正传__chunk004,cross,0.886952
杨戴/阿Q正传__chunk002,蓝/阿Q正传__chunk005,cross,0.883596
杨戴/阿Q正传__chunk002,蓝/阿Q正传__chunk006,cross,0.905130
杨戴/阿Q正传__chunk002,蓝/阿Q正传__chunk007,cross,0.874790
杨戴/阿Q正传__chunk002,蓝/阿Q正传__chunk008,cross,0.916440
杨戴/阿Q正传__chunk002,蓝/阿Q正传__chunk009,cross,0.912678
杨戴/阿Q正传__chunk002,蓝/阿Q正传__chunk010,cross,0.923866
杨戴/阿Q正传__chunk002,蓝/阿Q正传__chunk011,cross,0.897399
杨戴/阿Q正传__chunk002,蓝/阿Q正传__chunk012,cross,0.883260
杨戴/阿Q正传__chunk002,蓝/阿Q正传__chunk013,cross,0.884654
杨戴/阿Q正传__chunk002,蓝/阿Q正传__chunk014,cross,0.858295
杨戴/阿Q正传__chunk002,蓝/阿Q正传__chunk015,cross,0.907964
杨戴/阿Q正传__chunk002,蓝/阿Q正传__chunk016,cross,0.894663
杨戴/阿Q正传__chunk002,蓝/阿Q正传__chunk017,cross,0.842939
杨戴/阿Q正传__chunk002,蓝/风波__chunk001,cross,0.775650
杨戴/阿Q正传__chunk002,蓝/风波__chunk002,cross,0.803257
杨戴/阿Q正传__chunk002,蓝/风波__chunk003,cross,0.799150
杨戴/阿Q正传__chunk003,杨戴/阿Q正传__chunk004,same,0.926864
杨戴/阿Q正传__chunk003,杨戴/阿Q正传__chunk005,same,0.900523
杨戴/阿Q正传__chunk003,杨戴/阿Q正传__chunk006,same,0.935866
杨戴/阿Q正传__chunk003,杨戴/阿Q正传__chunk007,same,0.907261
杨戴/阿Q正传__chunk003,杨戴/阿Q正传__chunk008,same,0.933270
杨戴/阿Q正传__chunk003,杨戴/阿Q正传__chunk009,same,0.915577
杨戴/阿Q正传__chunk003,杨戴/阿Q正传__chunk010,same,0.926857
杨戴/阿Q正传__chunk003,杨戴/阿Q正传__chunk011,same,0.915097
杨戴/阿Q正传__chunk003,杨戴/阿Q正传__chunk012,same,0.929023
杨戴/阿Q正传__chunk003,杨戴/阿Q正传__chunk013,same,0.906671
杨戴/阿Q正传__chunk003,杨戴/阿Q正传__chunk014,same,0.899474
杨戴/阿Q正传__chunk003,杨戴/阿Q正传__chunk015,same,0.908480
杨戴/阿Q正传__chunk003,杨戴/阿Q正传__chunk016,same,0.917293
杨戴/阿Q正传__chunk003,杨戴/阿Q正传__chunk017,same,0.892581
杨戴/阿Q正传__chunk003,杨戴/风波__chunk001,same,0.817616
杨戴/阿Q正传__chunk003,杨戴/风波__chunk002,same,0.813835
杨戴/阿Q正传__chunk003,杨戴/风波__chunk003,same,0.806831
杨戴/阿Q正传__chunk003,蓝/伤逝__chunk001,cross,0.803355
杨戴/阿Q正传__chunk003,蓝/伤逝__chunk002,cross,0.750302
杨戴/阿Q正传__chunk003,蓝/伤逝__chunk003,cross,0.752241
杨戴/阿Q正传__chunk003,蓝/伤逝__chunk004,cross,0.755066
杨戴/阿Q正传__chunk003,蓝/伤逝__chunk005,cross,0.727621
杨戴/阿Q正传__chunk003,蓝/伤逝__chunk006,cross,0.748998
杨戴/阿Q正传__chunk003,蓝/伤逝__chunk007,cross,0.743134
杨戴/阿Q正传__chunk003,蓝/在酒楼上__chunk001,cross,0.792278
杨戴/阿Q正传__chunk003,蓝/在酒楼上__chunk002,cross,0.800664
杨戴/阿Q正传__chunk003,蓝/在酒楼上__chunk003,cross,0.772848
杨戴/阿Q正传__chunk003,蓝/在酒楼上__chunk004,cross,0.735968
杨戴/阿Q正传__chunk003,蓝/奔月__chunk001,cross,0.822822
杨戴/阿Q正传__chunk003,蓝/奔月__chunk002,cross,0.779268
杨戴/阿Q正传__chunk003,蓝/奔月__chunk003,cross,0.803111
杨戴/阿Q正传__chunk003,蓝/奔月__chunk004,cross,0.773166
杨戴/阿Q正传__chunk003,蓝/孤独者__chunk001,cross,0.822753
杨戴/阿Q正传__chunk003,蓝/孤独者__chunk002,cross,0.814846
杨戴/阿Q正传__chunk003,蓝/孤独者__chunk003,cross,0.762394
杨戴/阿Q正传__chunk003,蓝/孤独者__chunk004,cross,0.779631
杨戴/阿Q正传__chunk003,蓝/孤独者__chunk005,cross,0.719494
杨戴/阿Q正传__chunk003,蓝/孤独者__chunk006,cross,0.707650
杨戴/阿Q正传__chunk003,蓝/孤独者__chunk007,cross,0.795673
杨戴/阿Q正传__chunk003,蓝/孤独者__chunk008,cross,0.805188
杨戴/阿Q正传__chunk003,蓝/幸福的家庭__chunk001,cross,0.787906
杨戴/阿Q正传__chunk003,蓝/幸福的家庭__chunk002,cross,0.815308
杨戴/阿Q正传__chunk003,蓝/幸福的家庭__chunk003,cross,0.761539
杨戴/阿Q正传__chunk003,蓝/故乡__chunk001,cross,0.829988
杨戴/阿Q正传__chunk003,蓝/故乡__chunk002,cross,0.769116
杨戴/阿Q正传__chunk003,蓝/故乡__chunk003,cross,0.788704
杨戴/阿Q正传__chunk003,蓝/明天__chunk001,cross,0.798091
杨戴/阿Q正传__chunk003,蓝/明天__chunk002,cross,0.824853
杨戴/阿Q正传__chunk003,蓝/狂人日记__chunk001,cross,0.748061
杨戴/阿Q正传__chunk003,蓝/狂人日记__chunk002,cross,0.739991
杨戴/阿Q正传__chunk003,蓝/狂人日记__chunk003,cross,0.770510
杨戴/阿Q正传__chunk003,蓝/社戏__chunk001,cross,0.787894
杨戴/阿Q正传__chunk003,蓝/社戏__chunk002,cross,0.810299
杨戴/阿Q正传__chunk003,蓝/社戏__chunk003,cross,0.800103
杨戴/阿Q正传__chunk003,蓝/社戏__chunk004,cross,0.794153
杨戴/阿Q正传__chunk003,蓝/祝福__chunk001,cross,0.788357
杨戴/阿Q正传__chunk003,蓝/祝福__chunk002,cross,0.738838
杨戴/阿Q正传__chunk003,蓝/祝福__chunk003,cross,0.786885
杨戴/阿Q正传__chunk003,蓝/祝福__chunk004,cross,0.740766
杨戴/阿Q正传__chunk003,蓝/祝福__chunk005,cross,0.744586
杨戴/阿Q正传__chunk003,蓝/祝福__chunk006,cross,0.795226
杨戴/阿Q正传__chunk003,蓝/祝福__chunk007,cross,0.723563
杨戴/阿Q正传__chunk003,蓝/离婚__chunk001,cross,0.799999
杨戴/阿Q正传__chunk003,蓝/离婚__chunk002,cross,0.804107
杨戴/阿Q正传__chunk003,蓝/离婚__chunk003,cross,0.760956
杨戴/阿Q正传__chunk003,蓝/肥皂__chunk001,cross,0.785264
杨戴/阿Q正传__chunk003,蓝/肥皂__chunk002,cross,0.771004
杨戴/阿Q正传__chunk003,蓝/肥皂__chunk003,cross,0.786414
杨戴/阿Q正传__chunk003,蓝/肥皂__chunk004,cross,0.765506
杨戴/阿Q正传__chunk003,蓝/药__chunk001,cross,0.790688
杨戴/阿Q正传__chunk003,蓝/药__chunk002,cross,0.782298
杨戴/阿Q正传__chunk003,蓝/药__chunk003,cross,0.774376
杨戴/阿Q正传__chunk003,蓝/铸剑__chunk001,cross,0.807507
杨戴/阿Q正传__chunk003,蓝/铸剑__chunk002,cross,0.809250
杨戴/阿Q正传__chunk003,蓝/铸剑__chunk003,cross,0.819593
杨戴/阿Q正传__chunk003,蓝/铸剑__chunk004,cross,0.811222
杨戴/阿Q正传__chunk003,蓝/铸剑__chunk005,cross,0.812229
杨戴/阿Q正传__chunk003,蓝/铸剑__chunk006,cross,0.788809
杨戴/阿Q正传__chunk003,蓝/铸剑__chunk007,cross,0.794285
杨戴/阿Q正传__chunk003,蓝/阿Q正传__chunk001,cross,0.881455
杨戴/阿Q正传__chunk003,蓝/阿Q正传__chunk002,cross,0.896075
杨戴/阿Q正传__chunk003,蓝/阿Q正传__chunk003,cross,0.917064
杨戴/阿Q正传__chunk003,蓝/阿Q正传__chunk004,cross,0.881635
杨戴/阿Q正传__chunk003,蓝/阿Q正传__chunk005,cross,0.894040
杨戴/阿Q正传__chunk003,蓝/阿Q正传__chunk006,cross,0.909451
杨戴/阿Q正传__chunk003,蓝/阿Q正传__chunk007,cross,0.889315
杨戴/阿Q正传__chunk003,蓝/阿Q正传__chunk008,cross,0.917104
杨戴/阿Q正传__chunk003,蓝/阿Q正传__chunk009,cross,0.905197
杨戴/阿Q正传__chunk003,蓝/阿Q正传__chunk010,cross,0.923657
杨戴/阿Q正传__chunk003,蓝/阿Q正传__chunk011,cross,0.905029
杨戴/阿Q正传__chunk003,蓝/阿Q正传__chunk012,cross,0.867687
杨戴/阿Q正传__chunk003,蓝/阿Q正传__chunk013,cross,0.894264
杨戴/阿Q正传__chunk003,蓝/阿Q正传__chunk014,cross,0.875938
杨戴/阿Q正传__chunk003,蓝/阿Q正传__chunk015,cross,0.907051
杨戴/阿Q正传__chunk003,蓝/阿Q正传__chunk016,cross,0.910362
杨戴/阿Q正传__chunk003,蓝/阿Q正传__chunk017,cross,0.849731
杨戴/阿Q正传__chunk003,蓝/风波__chunk001,cross,0.785332
杨戴/阿Q正传__chunk003,蓝/风波__chunk002,cross,0.821644
杨戴/阿Q正传__chunk003,蓝/风波__chunk003,cross,0.804145
杨戴/阿Q正传__chunk004,杨戴/阿Q正传__chunk005,same,0.885807
杨戴/阿Q正传__chunk004,杨戴/阿Q正传__chunk006,same,0.940783
杨戴/阿Q正传__chunk004,杨戴/阿Q正传__chunk007,same,0.935291
杨戴/阿Q正传__chunk004,杨戴/阿Q正传__chunk008,same,0.928266
杨戴/阿Q正传__chunk004,杨戴/阿Q正传__chunk009,same,0.932893
杨戴/阿Q正传__chunk004,杨戴/阿Q正传__chunk010,same,0.927848
杨戴/阿Q正传__chunk004,杨戴/阿Q正传__chunk011,same,0.910702
杨戴/阿Q正传__chunk004,杨戴/阿Q正传__chunk012,same,0.916697
杨戴/阿Q正传__chunk004,杨戴/阿Q正传__chunk013,same,0.894671
杨戴/阿Q正传__chunk004,杨戴/阿Q正传__chunk014,same,0.905489
杨戴/阿Q正传__chunk004,杨戴/阿Q正传__chunk015,same,0.911837
杨戴/阿Q正传__chunk004,杨戴/阿Q正传__chunk016,same,0.911041
杨戴/阿Q正传__chunk004,杨戴/阿Q正传__chunk017,same,0.927666
杨戴/阿Q正传__chunk004,杨戴/风波__chunk001,same,0.821002
杨戴/阿Q正传__chunk004,杨戴/风波__chunk002,same,0.845989
杨戴/阿Q正传__chunk004,杨戴/风波__chunk003,same,0.837011
杨戴/阿Q正传__chunk004,蓝/伤逝__chunk001,cross,0.778383
杨戴/阿Q正传__chunk004,蓝/伤逝__chunk002,cross,0.745689
杨戴/阿Q正传__chunk004,蓝/伤逝__chunk003,cross,0.750272
杨戴/阿Q正传__chunk004,蓝/伤逝__chunk004,cross,0.763236
杨戴/阿Q正传__chunk004,蓝/伤逝__chunk005,cross,0.746953
杨戴/阿Q正传__chunk004,蓝/伤逝__chunk006,cross,0.746937
杨戴/阿Q正传__chunk004,蓝/伤逝__chunk007,cross,0.752802
杨戴/阿Q正传__chunk004,蓝/在酒楼上__chunk001,cross,0.804387
杨戴/阿Q正传__chunk004,蓝/在酒楼上__chunk002,cross,0.802937
杨戴/阿Q正传__chunk004,蓝/在酒楼上__chunk003,cross,0.787461
杨戴/阿Q正传__chunk004,蓝/在酒楼上__chunk004,cross,0.768693
杨戴/阿Q正传__chunk004,蓝/奔月__chunk001,cross,0.837255
杨戴/阿Q正传__chunk004,蓝/奔月__chunk002,cross,0.807597
杨戴/阿Q正传__chunk004,蓝/奔月__chunk003,cross,0.836329
杨戴/阿Q正传__chunk004,蓝/奔月__chunk004,cross,0.784539
杨戴/阿Q正传__chunk004,蓝/孤独者__chunk001,cross,0.864162
杨戴/阿Q正传__chunk004,蓝/孤独者__chunk002,cross,0.834997
杨戴/阿Q正传__chunk004,蓝/孤独者__chunk003,cross,0.784569
杨戴/阿Q正传__chunk004,蓝/孤独者__chunk004,cross,0.811424
杨戴/阿Q正传__chunk004,蓝/孤独者__chunk005,cross,0.732431
杨戴/阿Q正传__chunk004,蓝/孤独者__chunk006,cross,0.719138
杨戴/阿Q正传__chunk004,蓝/孤独者__chunk007,cross,0.793211
杨戴/阿Q正传__chunk004,蓝/孤独者__chunk008,cross,0.833599
杨戴/阿Q正传__chunk004,蓝/幸福的家庭__chunk001,cross,0.794800
杨戴/阿Q正传__chunk004,蓝/幸福的家庭__chunk002,cross,0.817519
杨戴/阿Q正传__chunk004,蓝/幸福的家庭__chunk003,cross,0.798108
杨戴/阿Q正传__chunk004,蓝/故乡__chunk001,cross,0.848951
杨戴/阿Q正传__chunk004,蓝/故乡__chunk002,cross,0.785031
杨戴/阿Q正传__chunk004,蓝/故乡__chunk003,cross,0.818927
杨戴/阿Q正传__chunk004,蓝/明天__chunk001,cross,0.804815
杨戴/阿Q正传__chunk004,蓝/明天__chunk002,cross,0.824908
杨戴/阿Q正传__chunk004,蓝/狂人日记__chunk001,cross,0.760702
杨戴/阿Q正传__chunk004,蓝/狂人日记__chunk002,cross,0.735192
杨戴/阿Q正传__chunk004,蓝/狂人日记__chunk003,cross,0.801336
杨戴/阿Q正传__chunk004,蓝/社戏__chunk001,cross,0.785866
杨戴/阿Q正传__chunk004,蓝/社戏__chunk002,cross,0.806684
杨戴/阿Q正传__chunk004,蓝/社戏__chunk003,cross,0.799942
杨戴/阿Q正传__chunk004,蓝/社戏__chunk004,cross,0.807701
杨戴/阿Q正传__chunk004,蓝/祝福__chunk001,cross,0.809920
杨戴/阿Q正传__chunk004,蓝/祝福__chunk002,cross,0.756150
杨戴/阿Q正传__chunk004,蓝/祝福__chunk003,cross,0.811018
杨戴/阿Q正传__chunk004,蓝/祝福__chunk004,cross,0.749842
杨戴/阿Q正传__chunk004,蓝/祝福__chunk005,cross,0.757716
杨戴/阿Q正传__chunk004,蓝/祝福__chunk006,cross,0.781200
杨戴/阿Q正传__chunk004,蓝/祝福__chunk007,cross,0.721312
杨戴/阿Q正传__chunk004,蓝/离婚__chunk001,cross,0.808534
杨戴/阿Q正传__chunk004,蓝/离婚__chunk002,cross,0.815002
杨戴/阿Q正传__chunk004,蓝/离婚__chunk003,cross,0.783061
杨戴/阿Q正传__chunk004,蓝/肥皂__chunk001,cross,0.802351
杨戴/阿Q正传__chunk004,蓝/肥皂__chunk002,cross,0.814474
杨戴/阿Q正传__chunk004,蓝/肥皂__chunk003,cross,0.806463
杨戴/阿Q正传__chunk004,蓝/肥皂__chunk004,cross,0.770098
杨戴/阿Q正传__chunk004,蓝/药__chunk001,cross,0.814223
杨戴/阿Q正传__chunk004,蓝/药__chunk002,cross,0.811487
杨戴/阿Q正传__chunk004,蓝/药__chunk003,cross,0.788987
杨戴/阿Q正传__chunk004,蓝/铸剑__chunk001,cross,0.845508
杨戴/阿Q正传__chunk004,蓝/铸剑__chunk002,cross,0.821390
杨戴/阿Q正传__chunk004,蓝/铸剑__chunk003,cross,0.836421
杨戴/阿Q正传__chunk004,蓝/铸剑__chunk004,cross,0.825810
杨戴/阿Q正传__chunk004,蓝/铸剑__chunk005,cross,0.804277
杨戴/阿Q正传__chunk004,蓝/铸剑__chunk006,cross,0.785835
杨戴/阿Q正传__chunk004,蓝/铸剑__chunk007,cross,0.795101
杨戴/阿Q正传__chunk004,蓝/阿Q正传__chunk001,cross,0.873783
杨戴/阿Q正传__chunk004,蓝/阿Q正传__chunk002,cross,0.899799
杨戴/阿Q正传__chunk004,蓝/阿Q正传__chunk003,cross,0.859235
杨戴/阿Q正传__chunk004,蓝/阿Q正传__chunk004,cross,0.920351
杨戴/阿Q正传__chunk004,蓝/阿Q正传__chunk005,cross,0.893085
杨戴/阿Q正传__chunk004,蓝/阿Q正传__chunk006,cross,0.907086
杨戴/阿Q正传__chunk004,蓝/阿Q正传__chunk007,cross,0.882583
杨戴/阿Q正传__chunk004,蓝/阿Q正传__chunk008,cross,0.897035
杨戴/阿Q正传__chunk004,蓝/阿Q正传__chunk009,cross,0.900420
杨戴/阿Q正传__chunk004,蓝/阿Q正传__chunk010,cross,0.902954
杨戴/阿Q正传__chunk004,蓝/阿Q正传__chunk011,cross,0.905953
杨戴/阿Q正传__chunk004,蓝/阿Q正传__chunk012,cross,0.858900
杨戴/阿Q正传__chunk004,蓝/阿Q正传__chunk013,cross,0.889212
杨戴/阿Q正传__chunk004,蓝/阿Q正传__chunk014,cross,0.882253
杨戴/阿Q正传__chunk004,蓝/阿Q正传__chunk015,cross,0.918014
杨戴/阿Q正传__chunk004,蓝/阿Q正传__chunk016,cross,0.895799
杨戴/阿Q正传__chunk004,蓝/阿Q正传__chunk017,cross,0.867568
杨戴/阿Q正传__chunk004,蓝/风波__chunk001,cross,0.786133
杨戴/阿Q正传__chunk004,蓝/风波__chunk002,cross,0.828500
杨戴/阿Q正传__chunk004,蓝/风波__chunk003,cross,0.826553
杨戴/阿Q正传__chunk005,杨戴/阿Q正传__chunk006,same,0.889128
杨戴/阿Q正传__chunk005,杨戴/阿Q正传__chunk007,same,0.934522
杨戴/阿Q正传__chunk005,杨戴/阿Q正传__chunk008,same,0.928645
杨戴/阿Q正传__chunk005,杨戴/阿Q正传__chunk009,same,0.887022
杨戴/阿Q正传__chunk005,杨戴/阿Q正传__chunk010,same,0.889155
杨戴/阿Q正传__chunk005,杨戴/阿Q正传__chunk011,same,0.897368
杨戴/阿Q正传__chunk005,杨戴/阿Q正传__chunk012,same,0.908639
杨戴/阿Q正传__chunk005,杨戴/阿Q正传__chunk013,same,0.883328
杨戴/阿Q正传__chunk005,杨戴/阿Q正传__chunk014,same,0.877629
杨戴/阿Q正传__chunk005,杨戴/阿Q正传__chunk015,same,0.915858
杨戴/阿Q正传__chunk005,杨戴/阿Q正传__chunk016,same,0.914894
杨戴/阿Q正传__chunk005,杨戴/阿Q正传__chunk017,same,0.888497
杨戴/阿Q正传__chunk005,杨戴/风波__chunk001,same,0.824216
杨戴/阿Q正传__chunk005,杨戴/风波__chunk002,same,0.822955
杨戴/阿Q正传__chunk005,杨戴/风波__chunk003,same,0.832469
杨戴/阿Q正传__chunk005,蓝/伤逝__chunk001,cross,0.728809
杨戴/阿Q正传__chunk005,蓝/伤逝__chunk002,cross,0.753377
杨戴/阿Q正传__chunk005,蓝/伤逝__chunk003,cross,0.760511
杨戴/阿Q正传__chunk005,蓝/伤逝__chunk004,cross,0.784596
杨戴/阿Q正传__chunk005,蓝/伤逝__chunk005,cross,0.755823
杨戴/阿Q正传__chunk005,蓝/伤逝__chunk006,cross,0.740210
杨戴/阿Q正传__chunk005,蓝/伤逝__chunk007,cross,0.764958
杨戴/阿Q正传__chunk005,蓝/在酒楼上__chunk001,cross,0.763795
杨戴/阿Q正传__chunk005,蓝/在酒楼上__chunk002,cross,0.795990
杨戴/阿Q正传__chunk005,蓝/在酒楼上__chunk003,cross,0.732857
杨戴/阿Q正传__chunk005,蓝/在酒楼上__chunk004,cross,0.757088
杨戴/阿Q正传__chunk005,蓝/奔月__chunk001,cross,0.819800
杨戴/阿Q正传__chunk005,蓝/奔月__chunk002,cross,0.803117
杨戴/阿Q正传__chunk005,蓝/奔月__chunk003,cross,0.829615
杨戴/阿Q正传__chunk005,蓝/奔月__chunk004,cross,0.803043
杨戴/阿Q正传__chunk005,蓝/孤独者__chunk001,cross,0.826871
杨戴/阿Q正传__chunk005,蓝/孤独者__chunk002,cross,0.814547
杨戴/阿Q正传__chunk005,蓝/孤独者__chunk003,cross,0.808760
杨戴/阿Q正传__chunk005,蓝/孤独者__chunk004,cross,0.803209
杨戴/阿Q正传__chunk005,蓝/孤独者__chunk005,cross,0.745054
杨戴/阿Q正传__chunk005,蓝/孤独者__chunk006,cross,0.731130
杨戴/阿Q正传__chunk005,蓝/孤独者__chunk007,cross,0.793142
杨戴/阿Q正传__chunk005,蓝/孤独者__chunk008,cross,0.822789
杨戴/阿Q正传__chunk005,蓝/幸福的家庭__chunk001,cross,0.795959
杨戴/阿Q正传__chunk005,蓝/幸福的家庭__chunk002,cross,0.805618
杨戴/阿Q正传__chunk005,蓝/幸福的家庭__chunk003,cross,0.781532
杨戴/阿Q正传__chunk005,蓝/故乡__chunk001,cross,0.781841
杨戴/阿Q正传__chunk005,蓝/故乡__chunk002,cross,0.795151
杨戴/阿Q正传__chunk005,蓝/故乡__chunk003,cross,0.819706
杨戴/阿Q正传__chunk005,蓝/明天__chunk001,cross,0.802707
杨戴/阿Q正传__chunk005,蓝/明天__chunk002,cross,0.790927
杨戴/阿Q正传__chunk005,蓝/狂人日记__chunk001,cross,0.752514
杨戴/阿Q正传__chunk005,蓝/狂人日记__chunk002,cross,0.749798
杨戴/阿Q正传__chunk005,蓝/狂人日记__chunk003,cross,0.782067
杨戴/阿Q正传__chunk005,蓝/社戏__chunk001,cross,0.732117
杨戴/阿Q正传__chunk005,蓝/社戏__chunk002,cross,0.752519
杨戴/阿Q正传__chunk005,蓝/社戏__chunk003,cross,0.764905
杨戴/阿Q正传__chunk005,蓝/社戏__chunk004,cross,0.796848
杨戴/阿Q正传__chunk005,蓝/祝福__chunk001,cross,0.759375
杨戴/阿Q正传__chunk005,蓝/祝福__chunk002,cross,0.748212
杨戴/阿Q正传__chunk005,蓝/祝福__chunk003,cross,0.753480
杨戴/阿Q正传__chunk005,蓝/祝福__chunk004,cross,0.760378
杨戴/阿Q正传__chunk005,蓝/祝福__chunk005,cross,0.770427
杨戴/阿Q正传__chunk005,蓝/祝福__chunk006,cross,0.783715
杨戴/阿Q正传__chunk005,蓝/祝福__chunk007,cross,0.725759
杨戴/阿Q正传__chunk005,蓝/离婚__chunk001,cross,0.789609
杨戴/阿Q正传__chunk005,蓝/离婚__chunk002,cross,0.801570
杨戴/阿Q正传__chunk005,蓝/离婚__chunk003,cross,0.794742
杨戴/阿Q正传__chunk005,蓝/肥皂__chunk001,cross,0.793129
杨戴/阿Q正传__chunk005,蓝/肥皂__chunk002,cross,0.801774
杨戴/阿Q正传__chunk005,蓝/肥皂__chunk003,cross,0.773124
杨戴/阿Q正传__chunk005,蓝/肥皂__chunk004,cross,0.780077
杨戴/阿Q正传__chunk005,蓝/药__chunk001,cross,0.799355
杨戴/阿Q正传__chunk005,蓝/药__chunk002,cross,0.822005
杨戴/阿Q正传__chunk005,蓝/药__chunk003,cross,0.763448
杨戴/阿Q正传__chunk005,蓝/铸剑__chunk001,cross,0.824348
杨戴/阿Q正传__chunk005,蓝/铸剑__chunk002,cross,0.831885
杨戴/阿Q正传__chunk005,蓝/铸剑__chunk003,cross,0.812230
杨戴/阿Q正传__chunk005,蓝/铸剑__chunk004,cross,0.819102
杨戴/阿Q正传__chunk005,蓝/铸剑__chunk005,cross,0.778141
杨戴/阿Q正传__chunk005,蓝/铸剑__chunk006,cross,0.768349
杨戴/阿Q正传__chunk005,蓝/铸剑__chunk007,cross,0.750964
杨戴/阿Q正传__chunk005,蓝/阿Q正传__chunk001,cross,0.844719
杨戴/阿Q正传__chunk005,蓝/阿Q正传__chunk002,cross,0.858891
杨戴/阿Q正传__chunk005,蓝/阿Q正传__chunk003,cross,0.880165
杨戴/阿Q正传__chunk005,蓝/阿Q正传__chunk004,cross,0.892047
杨戴/阿Q正传__chunk005,蓝/阿Q正传__chunk005,cross,0.931728
杨戴/阿Q正传__chunk005,蓝/阿Q正传__chunk006,cross,0.876699
杨戴/阿Q正传__chunk005,蓝/阿Q正传__chunk007,cross,0.891348
杨戴/阿Q正传__chunk005,蓝/阿Q正传__chunk008,cross,0.915809
杨戴/阿Q正传__chunk005,蓝/阿Q正传__chunk009,cross,0.903777
杨戴/阿Q正传__chunk005,蓝/阿Q正传__chunk010,cross,0.893054
杨戴/阿Q正传__chunk005,蓝/阿Q正传__chunk011,cross,0.854002
杨戴/阿Q正传__chunk005,蓝/阿Q正传__chunk012,cross,0.884414
杨戴/阿Q正传__chunk005,蓝/阿Q正传__chunk013,cross,0.877407
杨戴/阿Q正传__chunk005,蓝/阿Q正传__chunk014,cross,0.857695
杨戴/阿Q正传__chunk005,蓝/阿Q正传__chunk015,cross,0.899344
杨戴/阿Q正传__chunk005,蓝/阿Q正传__chunk016,cross,0.923540
杨戴/阿Q正传__chunk005,蓝/阿Q正传__chunk017,cross,0.873335
杨戴/阿Q正传__chunk005,蓝/风波__chunk001,cross,0.789088
杨戴/阿Q正传__chunk005,蓝/风波__chunk002,cross,0.830808
杨戴/阿Q正传__chunk005,蓝/风波__chunk003,cross,0.807370
杨戴/阿Q正传__chunk006,杨戴/阿Q正传__chunk007,same,0.920443
杨戴/阿Q正传__chunk006,杨戴/阿Q正传__chunk008,same,0.933275
杨戴/阿Q正传__chunk006,杨戴/阿Q正传__chunk009,same,0.918593
杨戴/阿Q正传__chunk006,杨戴/阿Q正传__chunk010,same,0.953167
杨戴/阿Q正传__chunk006,杨戴/阿Q正传__chunk011,same,0.930542
杨戴/阿Q正传__chunk006,杨戴/阿Q正传__chunk012,same,0.912019
杨戴/阿Q正传__chunk006,杨戴/阿Q正传__chunk013,same,0.907168
杨戴/阿Q正传__chunk006,杨戴/阿Q正传__chunk014,same,0.904756
杨戴/阿Q正传__chunk006,杨戴/阿Q正传__chunk015,same,0.916021
杨戴/阿Q正传__chunk006,杨戴/阿Q正传__chunk016,same,0.916633
杨戴/阿Q正传__chunk006,杨戴/阿Q正传__chunk017,same,0.902284
杨戴/阿Q正传__chunk006,杨戴/风波__chunk001,same,0.850256
杨戴/阿Q正传__chunk006,杨戴/风波__chunk002,same,0.843600
杨戴/阿Q正传__chunk006,杨戴/风波__chunk003,same,0.861191
杨戴/阿Q正传__chunk006,蓝/伤逝__chunk001,cross,0.838600
杨戴/阿Q正传__chunk006,蓝/伤逝__chunk002,cross,0.790282
杨戴/阿Q正传__chunk006,蓝/伤逝__chunk003,cross,0.787089
杨戴/阿Q正传__chunk006,蓝/伤逝__chunk004,cross,0.798534
杨戴/阿Q正传__chunk006,蓝/伤逝__chunk005,cross,0.775764
杨戴/阿Q正传__chunk006,蓝/伤逝__chunk006,cross,0.798889
杨戴/阿Q正传__chunk006,蓝/伤逝__chunk007,cross,0.791453
杨戴/阿Q正传__chunk006,蓝/在酒楼上__chunk001,cross,0.834757
杨戴/阿Q正传__chunk006,蓝/在酒楼上__chunk002,cross,0.823069
杨戴/阿Q正传__chunk006,蓝/在酒楼上__chunk003,cross,0.796780
杨戴/阿Q正传__chunk006,蓝/在酒楼上__chunk004,cross,0.766980
杨戴/阿Q正传__chunk006,蓝/奔月__chunk001,cross,0.869827
杨戴/阿Q正传__chunk006,蓝/奔月__chunk002,cross,0.827157
杨戴/阿Q正传__chunk006,蓝/奔月__chunk003,cross,0.844951
杨戴/阿Q正传__chunk006,蓝/奔月__chunk004,cross,0.791105
杨戴/阿Q正传__chunk006,蓝/孤独者__chunk001,cross,0.878661
杨戴/阿Q正传__chunk006,蓝/孤独者__chunk002,cross,0.859399
杨戴/阿Q正传__chunk006,蓝/孤独者__chunk003,cross,0.806895
杨戴/阿Q正传__chunk006,蓝/孤独者__chunk004,cross,0.843094
杨戴/阿Q正传__chunk006,蓝/孤独者__chunk005,cross,0.775002
杨戴/阿Q正传__chunk006,蓝/孤独者__chunk006,cross,0.751034
杨戴/阿Q正传__chunk006,蓝/孤独者__chunk007,cross,0.836906
杨戴/阿Q正传__chunk006,蓝/孤独者__chunk008,cross,0.859261
杨戴/阿Q正传__chunk006,蓝/幸福的家庭__chunk001,cross,0.826058
杨戴/阿Q正传__chunk006,蓝/幸福的家庭__chunk002,cross,0.855346
杨戴/阿Q正传__chunk006,蓝/幸福的家庭__chunk003,cross,0.778716
杨戴/阿Q正传__chunk006,蓝/故乡__chunk001,cross,0.880618
杨戴/阿Q正传__chunk006,蓝/故乡__chunk002,cross,0.814585
杨戴/阿Q正传__chunk006,蓝/故乡__chunk003,cross,0.835314
杨戴/阿Q正传__chunk006,蓝/明天__chunk001,cross,0.837265
杨戴/阿Q正传__chunk006,蓝/明天__chunk002,cross,0.866322
杨戴/阿Q正传__chunk006,蓝/狂人日记__chunk001,cross,0.811127
杨戴/阿Q正传__chunk006,蓝/狂人日记__chunk002,cross,0.777721
杨戴/阿Q正传__chunk006,蓝/狂人日记__chunk003,cross,0.813803
杨戴/阿Q正传__chunk006,蓝/社戏__chunk001,cross,0.842743
杨戴/阿Q正传__chunk006,蓝/社戏__chunk002,cross,0.862120
杨戴/阿Q正传__chunk006,蓝/社戏__chunk003,cross,0.844091
杨戴/阿Q正传__chunk006,蓝/社戏__chunk004,cross,0.830204
杨戴/阿Q正传__chunk006,蓝/祝福__chunk001,cross,0.842686
杨戴/阿Q正传__chunk006,蓝/祝福__chunk002,cross,0.784742
杨戴/阿Q正传__chunk006,蓝/祝福__chunk003,cross,0.832998
杨戴/阿Q正传__chunk006,蓝/祝福__chunk004,cross,0.781120
杨戴/阿Q正传__chunk006,蓝/祝福__chunk005,cross,0.776246
杨戴/阿Q正传__chunk006,蓝/祝福__chunk006,cross,0.829878
杨戴/阿Q正传__chunk006,蓝/祝福__chunk007,cross,0.761357
杨戴/阿Q正传__chunk006,蓝/离婚__chunk001,cross,0.828890
杨戴/阿Q正传__chunk006,蓝/离婚__chunk002,cross,0.857955
杨戴/阿Q正传__chunk006,蓝/离婚__chunk003,cross,0.801297
杨戴/阿Q正传__chunk006,蓝/肥皂__chunk001,cross,0.830312
杨戴/阿Q正传__chunk006,蓝/肥皂__chunk002,cross,0.814036
杨戴/阿Q正传__chunk006,蓝/肥皂__chunk003,cross,0.832394
杨戴/阿Q正传__chunk006,蓝/肥皂__chunk004,cross,0.804448
杨戴/阿Q正传__chunk006,蓝/药__chunk001,cross,0.834542
杨戴/阿Q正传__chunk006,蓝/药__chunk002,cross,0.799541
杨戴/阿Q正传__chunk006,蓝/药__chunk003,cross,0.827547
杨戴/阿Q正传__chunk006,蓝/铸剑__chunk001,cross,0.839078
杨戴/阿Q正传__chunk006,蓝/铸剑__chunk002,cross,0.845023
杨戴/阿Q正传__chunk006,蓝/铸剑__chunk003,cross,0.846844
杨戴/阿Q正传__chunk006,蓝/铸剑__chunk004,cross,0.833202
杨戴/阿Q正传__chunk006,蓝/铸剑__chunk005,cross,0.838499
杨戴/阿Q正传__chunk006,蓝/铸剑__chunk006,cross,0.805971
杨戴/阿Q正传__chunk006,蓝/铸剑__chunk007,cross,0.830332
杨戴/阿Q正传__chunk006,蓝/阿Q正传__chunk001,cross,0.907501
杨戴/阿Q正传__chunk006,蓝/阿Q正传__chunk002,cross,0.919368
杨戴/阿Q正传__chunk006,蓝/阿Q正传__chunk003,cross,0.880592
杨戴/阿Q正传__chunk006,蓝/阿Q正传__chunk004,cross,0.897698
杨戴/阿Q正传__chunk006,蓝/阿Q正传__chunk005,cross,0.883027
杨戴/阿Q正传__chunk006,蓝/阿Q正传__chunk006,cross,0.935025
杨戴/阿Q正传__chunk006,蓝/阿Q正传__chunk007,cross,0.905595
杨戴/阿Q正传__chunk006,蓝/阿Q正传__chunk008,cross,0.923907
杨戴/阿Q正传__chunk006,蓝/阿Q正传__chunk009,cross,0.906845
杨戴/阿Q正传__chunk006,蓝/阿Q正传__chunk010,cross,0.920303
杨戴/阿Q正传__chunk006,蓝/阿Q正传__chunk011,cross,0.930805
杨戴/阿Q正传__chunk006,蓝/阿Q正传__chunk012,cross,0.868544
杨戴/阿Q正传__chunk006,蓝/阿Q正传__chunk013,cross,0.916795
杨戴/阿Q正传__chunk006,蓝/阿Q正传__chunk014,cross,0.910392
杨戴/阿Q正传__chunk006,蓝/阿Q正传__chunk015,cross,0.937711
杨戴/阿Q正传__chunk006,蓝/阿Q正传__chunk016,cross,0.898982
杨戴/阿Q正传__chunk006,蓝/阿Q正传__chunk017,cross,0.848849
杨戴/阿Q正传__chunk006,蓝/风波__chunk001,cross,0.831665
杨戴/阿Q正传__chunk006,蓝/风波__chunk002,cross,0.867375
杨戴/阿Q正传__chunk006,蓝/风波__chunk003,cross,0.818302
杨戴/阿Q正传__chunk007,杨戴/阿Q正传__chunk008,same,0.932874
杨戴/阿Q正传__chunk007,杨戴/阿Q正传__chunk009,same,0.913956
杨戴/阿Q正传__chunk007,杨戴/阿Q正传__chunk010,same,0.912148
杨戴/阿Q正传__chunk007,杨戴/阿Q正传__chunk011,same,0.909033
杨戴/阿Q正传__chunk007,杨戴/阿Q正传__chunk012,same,0.923742
杨戴/阿Q正传__chunk007,杨戴/阿Q正传__chunk013,same,0.901176
杨戴/阿Q正传__chunk007,杨戴/阿Q正传__chunk014,same,0.876448
杨戴/阿Q正传__chunk007,杨戴/阿Q正传__chunk015,same,0.937324
杨戴/阿Q正传__chunk007,杨戴/阿Q正传__chunk016,same,0.924513
杨戴/阿Q正传__chunk007,杨戴/阿Q正传__chunk017,same,0.903093
杨戴/阿Q正传__chunk007,杨戴/风波__chunk001,same,0.846149
杨戴/阿Q正传__chunk007,杨戴/风波__chunk002,same,0.837671
杨戴/阿Q正传__chunk007,杨戴/风波__chunk003,same,0.852570
杨戴/阿Q正传__chunk007,蓝/伤逝__chunk001,cross,0.754849
杨戴/阿Q正传__chunk007,蓝/伤逝__chunk002,cross,0.749836
杨戴/阿Q正传__chunk007,蓝/伤逝__chunk003,cross,0.776608
杨戴/阿Q正传__chunk007,蓝/伤逝__chunk004,cross,0.793999
杨戴/阿Q正传__chunk007,蓝/伤逝__chunk005,cross,0.773587
杨戴/阿Q正传__chunk007,蓝/伤逝__chunk006,cross,0.762623
杨戴/阿Q正传__chunk007,蓝/伤逝__chunk007,cross,0.775410
杨戴/阿Q正传__chunk007,蓝/在酒楼上__chunk001,cross,0.801514
杨戴/阿Q正传__chunk007,蓝/在酒楼上__chunk002,cross,0.832164
杨戴/阿Q正传__chunk007,蓝/在酒楼上__chunk003,cross,0.775905
杨戴/阿Q正传__chunk007,蓝/在酒楼上__chunk004,cross,0.775095
杨戴/阿Q正传__chunk007,蓝/奔月__chunk001,cross,0.856485
杨戴/阿Q正传__chunk007,蓝/奔月__chunk002,cross,0.835383
杨戴/阿Q正传__chunk007,蓝/奔月__chunk003,cross,0.860541
杨戴/阿Q正传__chunk007,蓝/奔月__chunk004,cross,0.805166
杨戴/阿Q正传__chunk007,蓝/孤独者__chunk001,cross,0.861388
杨戴/阿Q正传__chunk007,蓝/孤独者__chunk002,cross,0.847939
杨戴/阿Q正传__chunk007,蓝/孤独者__chunk003,cross,0.815148
杨戴/阿Q正传__chunk007,蓝/孤独者__chunk004,cross,0.838405
杨戴/阿Q正传__chunk007,蓝/孤独者__chunk005,cross,0.760444
杨戴/阿Q正传__chunk007,蓝/孤独者__chunk006,cross,0.749240
杨戴/阿Q正传__chunk007,蓝/孤独者__chunk007,cross,0.813297
杨戴/阿Q正传__chunk007,蓝/孤独者__chunk008,cross,0.842961
杨戴/阿Q正传__chunk007,蓝/幸福的家庭__chunk001,cross,0.830774
杨戴/阿Q正传__chunk007,蓝/幸福的家庭__chunk002,cross,0.825904
杨戴/阿Q正传__chunk007,蓝/幸福的家庭__chunk003,cross,0.807496
杨戴/阿Q正传__chunk007,蓝/故乡__chunk001,cross,0.837256
杨戴/阿Q正传__chunk007,蓝/故乡__chunk002,cross,0.807732
杨戴/阿Q正传__chunk007,蓝/故乡__chunk003,cross,0.834785
杨戴/阿Q正传__chunk007,蓝/明天__chunk001,cross,0.817366
杨戴/阿Q正传__chunk007,蓝/明天__chunk002,cross,0.827481
杨戴/阿Q正传__chunk007,蓝/狂人日记__chunk001,cross,0.764286
杨戴/阿Q正传__chunk007,蓝/狂人日记__chunk002,cross,0.757921
杨戴/阿Q正传__chunk007,蓝/狂人日记__chunk003,cross,0.813564
杨戴/阿Q正传__chunk007,蓝/社戏__chunk001,cross,0.771154
杨戴/阿Q正传__chunk007,蓝/社戏__chunk002,cross,0.803346
杨戴/阿Q正传__chunk007,蓝/社戏__chunk003,cross,0.807301
杨戴/阿Q正传__chunk007,蓝/社戏__chunk004,cross,0.832488
杨戴/阿Q正传__chunk007,蓝/祝福__chunk001,cross,0.807825
杨戴/阿Q正传__chunk007,蓝/祝福__chunk002,cross,0.777711
杨戴/阿Q正传__chunk007,蓝/祝福__chunk003,cross,0.789322
杨戴/阿Q正传__chunk007,蓝/祝福__chunk004,cross,0.771111
杨戴/阿Q正传__chunk007,蓝/祝福__chunk005,cross,0.774485
杨戴/阿Q正传__chunk007,蓝/祝福__chunk006,cross,0.795709
杨戴/阿Q正传__chunk007,蓝/祝福__chunk007,cross,0.740762
杨戴/阿Q正传__chunk007,蓝/离婚__chunk001,cross,0.819099
杨戴/阿Q正传__chunk007,蓝/离婚__chunk002,cross,0.826798
杨戴/阿Q正传__chunk007,蓝/离婚__chunk003,cross,0.809083
杨戴/阿Q正传__chunk007,蓝/肥皂__chunk001,cross,0.814543
杨戴/阿Q正传__chunk007,蓝/肥皂__chunk002,cross,0.834381
杨戴/阿Q正传__chunk007,蓝/肥皂__chunk003,cross,0.824871
杨戴/阿Q正传__chunk007,蓝/肥皂__chunk004,cross,0.793044
杨戴/阿Q正传__chunk007,蓝/药__chunk001,cross,0.828229
杨戴/阿Q正传__chunk007,蓝/药__chunk002,cross,0.825266
杨戴/阿Q正传__chunk007,蓝/药__chunk003,cross,0.804906
杨戴/阿Q正传__chunk007,蓝/铸剑__chunk001,cross,0.864627
杨戴/阿Q正传__chunk007,蓝/铸剑__chunk002,cross,0.853259
杨戴/阿Q正传__chunk007,蓝/铸剑__chunk003,cross,0.844782
杨戴/阿Q正传__chunk007,蓝/铸剑__chunk004,cross,0.858032
杨戴/阿Q正传__chunk007,蓝/铸剑__chunk005,cross,0.824071
杨戴/阿Q正传__chunk007,蓝/铸剑__chunk006,cross,0.789800
杨戴/阿Q正传__chunk007,蓝/铸剑__chunk007,cross,0.789743
杨戴/阿Q正传__chunk007,蓝/阿Q正传__chunk001,cross,0.872304
杨戴/阿Q正传__chunk007,蓝/阿Q正传__chunk002,cross,0.866914
杨戴/阿Q正传__chunk007,蓝/阿Q正传__chunk003,cross,0.872522
杨戴/阿Q正传__chunk007,蓝/阿Q正传__chunk004,cross,0.925840
杨戴/阿Q正传__chunk007,蓝/阿Q正传__chunk005,cross,0.923064
杨戴/阿Q正传__chunk007,蓝/阿Q正传__chunk006,cross,0.899128
杨戴/阿Q正传__chunk007,蓝/阿Q正传__chunk007,cross,0.917839
杨戴/阿Q正传__chunk007,蓝/阿Q正传__chunk008,cross,0.919045
杨戴/阿Q正传__chunk007,蓝/阿Q正传__chunk009,cross,0.921730
杨戴/阿Q正传__chunk007,蓝/阿Q正传__chunk010,cross,0.897805
杨戴/阿Q正传__chunk007,蓝/阿Q正传__chunk011,cross,0.888994
杨戴/阿Q正传__chunk007,蓝/阿Q正传__chunk012,cross,0.883567
杨戴/阿Q正传__chunk007,蓝/阿Q正传__chunk013,cross,0.893320
杨戴/阿Q正传__chunk007,蓝/阿Q正传__chunk014,cross,0.898981
杨戴/阿Q正传__chunk007,蓝/阿Q正传__chunk015,cross,0.927772
杨戴/阿Q正传__chunk007,蓝/阿Q正传__chunk016,cross,0.914240
杨戴/阿Q正传__chunk007,蓝/阿Q正传__chunk017,cross,0.877934
杨戴/阿Q正传__chunk007,蓝/风波__chunk001,cross,0.824094
杨戴/阿Q正传__chunk007,蓝/风波__chunk002,cross,0.855470
杨戴/阿Q正传__chunk007,蓝/风波__chunk003,cross,0.848032
杨戴/阿Q正传__chunk008,杨戴/阿Q正传__chunk009,same,0.911285
杨戴/阿Q正传__chunk008,杨戴/阿Q正传__chunk010,same,0.917344
杨戴/阿Q正传__chunk008,杨戴/阿Q正传__chunk011,same,0.939758
杨戴/阿Q正传__chunk008,杨戴/阿Q正传__chunk012,same,0.931220
杨戴/阿Q正传__chunk008,杨戴/阿Q正传__chunk013,same,0.904932
杨戴/阿Q正传__chunk008,杨戴/阿Q正传__chunk014,same,0.898278
杨戴/阿Q正传__chunk008,杨戴/阿Q正传__chunk015,same,0.924429
杨戴/阿Q正传__chunk008,杨戴/阿Q正传__chunk016,same,0.929320
杨戴/阿Q正传__chunk008,杨戴/阿Q正传__chunk017,same,0.897489
杨戴/阿Q正传__chunk008,杨戴/风波__chunk001,same,0.800874
杨戴/阿Q正传__chunk008,杨戴/风波__chunk002,same,0.817367
杨戴/阿Q正传__chunk008,杨戴/风波__chunk003,same,0.819970
杨戴/阿Q正传__chunk008,蓝/伤逝__chunk001,cross,0.757759
杨戴/阿Q正传__chunk008,蓝/伤逝__chunk002,cross,0.729930
杨戴/阿Q正传__chunk008,蓝/伤逝__chunk003,cross,0.749645
杨戴/阿Q正传__chunk008,蓝/伤逝__chunk004,cross,0.768106
杨戴/阿Q正传__chunk008,蓝/伤逝__chunk005,cross,0.736745
杨戴/阿Q正传__chunk008,蓝/伤逝__chunk006,cross,0.735446
杨戴/阿Q正传__chunk008,蓝/伤逝__chunk007,cross,0.735654
杨戴/阿Q正传__chunk008,蓝/在酒楼上__chunk001,cross,0.770291
杨戴/阿Q正传__chunk008,蓝/在酒楼上__chunk002,cross,0.787901
杨戴/阿Q正传__chunk008,蓝/在酒楼上__chunk003,cross,0.751258
杨戴/阿Q正传__chunk008,蓝/在酒楼上__chunk004,cross,0.749362
杨戴/阿Q正传__chunk008,蓝/奔月__chunk001,cross,0.797370
杨戴/阿Q正传__chunk008,蓝/奔月__chunk002,cross,0.777315
杨戴/阿Q正传__chunk008,蓝/奔月__chunk003,cross,0.803468
杨戴/阿Q正传__chunk008,蓝/奔月__chunk004,cross,0.758245
杨戴/阿Q正传__chunk008,蓝/孤独者__chunk001,cross,0.825181
杨戴/阿Q正传__chunk008,蓝/孤独者__chunk002,cross,0.810579
杨戴/阿Q正传__chunk008,蓝/孤独者__chunk003,cross,0.792925
杨戴/阿Q正传__chunk008,蓝/孤独者__chunk004,cross,0.786176
杨戴/阿Q正传__chunk008,蓝/孤独者__chunk005,cross,0.736133
杨戴/阿Q正传__chunk008,蓝/孤独者__chunk006,cross,0.716309
杨戴/阿Q正传__chunk008,蓝/孤独者__chunk007,cross,0.773599
杨戴/阿Q正传__chunk008,蓝/孤独者__chunk008,cross,0.816586
杨戴/阿Q正传__chunk008,蓝/幸福的家庭__chunk001,cross,0.779394
杨戴/阿Q正传__chunk008,蓝/幸福的家庭__chunk002,cross,0.801914
杨戴/阿Q正传__chunk008,蓝/幸福的家庭__chunk003,cross,0.756483
杨戴/阿Q正传__chunk008,蓝/故乡__chunk001,cross,0.804859
杨戴/阿Q正传__chunk008,蓝/故乡__chunk002,cross,0.778549
杨戴/阿Q正传__chunk008,蓝/故乡__chunk003,cross,0.800360
杨戴/阿Q正传__chunk008,蓝/明天__chunk001,cross,0.784357
杨戴/阿Q正传__chunk008,蓝/明天__chunk002,cross,0.791460
杨戴/阿Q正传__chunk008,蓝/狂人日记__chunk001,cross,0.754598
杨戴/阿Q正传__chunk008,蓝/狂人日记__chunk002,cross,0.754903
杨戴/阿Q正传__chunk008,蓝/狂人日记__chunk003,cross,0.783348
杨戴/阿Q正传__chunk008,蓝/社戏__chunk001,cross,0.750466
杨戴/阿Q正传__chunk008,蓝/社戏__chunk002,cross,0.783402
杨戴/阿Q正传__chunk008,蓝/社戏__chunk003,cross,0.770005
杨戴/阿Q正传__chunk008,蓝/社戏__chunk004,cross,0.777845
杨戴/阿Q正传__chunk008,蓝/祝福__chunk001,cross,0.757209
杨戴/阿Q正传__chunk008,蓝/祝福__chunk002,cross,0.741550
杨戴/阿Q正传__chunk008,蓝/祝福__chunk003,cross,0.763316
杨戴/阿Q正传__chunk008,蓝/祝福__chunk004,cross,0.745439
杨戴/阿Q正传__chunk008,蓝/祝福__chunk005,cross,0.750264
杨戴/阿Q正传__chunk008,蓝/祝福__chunk006,cross,0.785585
杨戴/阿Q正传__chunk008,蓝/祝福__chunk007,cross,0.706428
杨戴/阿Q正传__chunk008,蓝/离婚__chunk001,cross,0.799172
杨戴/阿Q正传__chunk008,蓝/离婚__chunk002,cross,0.791294
杨戴/阿Q正传__chunk008,蓝/离婚__chunk003,cross,0.783358
杨戴/阿Q正传__chunk008,蓝/肥皂__chunk001,cross,0.779158
杨戴/阿Q正传__chunk008,蓝/肥皂__chunk002,cross,0.782419
杨戴/阿Q正传__chunk008,蓝/肥皂__chunk003,cross,0.769592
杨戴/阿Q正传__chunk008,蓝/肥皂__chunk004,cross,0.738096
杨戴/阿Q正传__chunk008,蓝/药__chunk001,cross,0.764994
杨戴/阿Q正传__chunk008,蓝/药__chunk002,cross,0.788488
杨戴/阿Q正传__chunk008,蓝/药__chunk003,cross,0.744490
杨戴/阿Q正传__chunk008,蓝/铸剑__chunk001,cross,0.787084
杨戴/阿Q正传__chunk008,蓝/铸剑__chunk002,cross,0.798575
杨戴/阿Q正传__chunk008,蓝/铸剑__chunk003,cross,0.802863
杨戴/阿Q正传__chunk008,蓝/铸剑__chunk004,cross,0.786910
杨戴/阿Q正传__chunk008,蓝/铸剑__chunk005,cross,0.774623
杨戴/阿Q正传__chunk008,蓝/铸剑__chunk006,cross,0.748069
杨戴/阿Q正传__chunk008,蓝/铸剑__chunk007,cross,0.752540
杨戴/阿Q正传__chunk008,蓝/阿Q正传__chunk001,cross,0.860617
杨戴/阿Q正传__chunk008,蓝/阿Q正传__chunk002,cross,0.879339
杨戴/阿Q正传__chunk008,蓝/阿Q正传__chunk003,cross,0.889991
杨戴/阿Q正传__chunk008,蓝/阿Q正传__chunk004,cross,0.894925
杨戴/阿Q正传__chunk008,蓝/阿Q正传__chunk005,cross,0.899172
杨戴/阿Q正传__chunk008,蓝/阿Q正传__chunk006,cross,0.899757
杨戴/阿Q正传__chunk008,蓝/阿Q正传__chunk007,cross,0.883973
杨戴/阿Q正传__chunk008,蓝/阿Q正传__chunk008,cross,0.927634
杨戴/阿Q正传__chunk008,蓝/阿Q正传__chunk009,cross,0.908429
杨戴/阿Q正传__chunk008,蓝/阿Q正传__chunk010,cross,0.904751
杨戴/阿Q正传__chunk008,蓝/阿Q正传__chunk011,cross,0.885296
杨戴/阿Q正传__chunk008,蓝/阿Q正传__chunk012,cross,0.868165
杨戴/阿Q正传__chunk008,蓝/阿Q正传__chunk013,cross,0.874726
杨戴/阿Q正传__chunk008,蓝/阿Q正传__chunk014,cross,0.861724
杨戴/阿Q正传__chunk008,蓝/阿Q正传__chunk015,cross,0.914187
杨戴/阿Q正传__chunk008,蓝/阿Q正传__chunk016,cross,0.907833
杨戴/阿Q正传__chunk008,蓝/阿Q正传__chunk017,cross,0.856105
杨戴/阿Q正传__chunk008,蓝/风波__chunk001,cross,0.757520
杨戴/阿Q正传__chunk008,蓝/风波__chunk002,cross,0.798327
杨戴/阿Q正传__chunk008,蓝/风波__chunk003,cross,0.799774
杨戴/阿Q正传__chunk009,杨戴/阿Q正传__chunk010,same,0.905694
杨戴/阿Q正传__chunk009,杨戴/阿Q正传__chunk011,same,0.914091
杨戴/阿Q正传__chunk009,杨戴/阿Q正传__chunk012,same,0.918355
杨戴/阿Q正传__chunk009,杨戴/阿Q正传__chunk013,same,0.915378
杨戴/阿Q正传__chunk009,杨戴/阿Q正传__chunk014,same,0.913105
杨戴/阿Q正传__chunk009,杨戴/阿Q正传__chunk015,same,0.913255
杨戴/阿Q正传__chunk009,杨戴/阿Q正传__chunk016,same,0.922094
杨戴/阿Q正传__chunk009,杨戴/阿Q正传__chunk017,same,0.935443
杨戴/阿Q正传__chunk009,杨戴/风波__chunk001,same,0.824105
杨戴/阿Q正传__chunk009,杨戴/风波__chunk002,same,0.850325
杨戴/阿Q正传__chunk009,杨戴/风波__chunk003,same,0.844580
杨戴/阿Q正传__chunk009,蓝/伤逝__chunk001,cross,0.766424
杨戴/阿Q正传__chunk009,蓝/伤逝__chunk002,cross,0.749444
杨戴/阿Q正传__chunk009,蓝/伤逝__chunk003,cross,0.767808
杨戴/阿Q正传__chunk009,蓝/伤逝__chunk004,cross,0.780970
杨戴/阿Q正传__chunk009,蓝/伤逝__chunk005,cross,0.750895
杨戴/阿Q正传__chunk009,蓝/伤逝__chunk006,cross,0.762794
杨戴/阿Q正传__chunk009,蓝/伤逝__chunk007,cross,0.766642
杨戴/阿Q正传__chunk009,蓝/在酒楼上__chunk001,cross,0.815098
杨戴/阿Q正传__chunk009,蓝/在酒楼上__chunk002,cross,0.813752
杨戴/阿Q正传__chunk009,蓝/在酒楼上__chunk003,cross,0.779898
杨戴/阿Q正传__chunk009,蓝/在酒楼上__chunk004,cross,0.765952
杨戴/阿Q正传__chunk009,蓝/奔月__chunk001,cross,0.836197
杨戴/阿Q正传__chunk009,蓝/奔月__chunk002,cross,0.822577
杨戴/阿Q正传__chunk009,蓝/奔月__chunk003,cross,0.837278
杨戴/阿Q正传__chunk009,蓝/奔月__chunk004,cross,0.787271
杨戴/阿Q正传__chunk009,蓝/孤独者__chunk001,cross,0.845196
杨戴/阿Q正传__chunk009,蓝/孤独者__chunk002,cross,0.845087
杨戴/阿Q正传__chunk009,蓝/孤独者__chunk003,cross,0.774514
杨戴/阿Q正传__chunk009,蓝/孤独者__chunk004,cross,0.797240
杨戴/阿Q正传__chunk009,蓝/孤独者__chunk005,cross,0.737947
杨戴/阿Q正传__chunk009,蓝/孤独者__chunk006,cross,0.734832
杨戴/阿Q正传__chunk009,蓝/孤独者__chunk007,cross,0.788978
杨戴/阿Q正传__chunk009,蓝/孤独者__chunk008,cross,0.833275
杨戴/阿Q正传__chunk009,蓝/幸福的家庭__chunk001,cross,0.792953
杨戴/阿Q正传__chunk009,蓝/幸福的家庭__chunk002,cross,0.813495
杨戴/阿Q正传__chunk009,蓝/幸福的家庭__chunk003,cross,0.771484
杨戴/阿Q正传__chunk009,蓝/故乡__chunk001,cross,0.837186
杨戴/阿Q正传__chunk009,蓝/故乡__chunk002,cross,0.778619
杨戴/阿Q正传__chunk009,蓝/故乡__chunk003,cross,0.820139
杨戴/阿Q正传__chunk009,蓝/明天__chunk001,cross,0.808066
杨戴/阿Q正传__chunk009,蓝/明天__chunk002,cross,0.829561
杨戴/阿Q正传__chunk009,蓝/狂人日记__chunk001,cross,0.756974
杨戴/阿Q正传__chunk009,蓝/狂人日记__chunk002,cross,0.748367
杨戴/阿Q正传__chunk009,蓝/狂人日记__chunk003,cross,0.779090
杨戴/阿Q正传__chunk009,蓝/社戏__chunk001,cross,0.785135
杨戴/阿Q正传__chunk009,蓝/社戏__chunk002,cross,0.798752
杨戴/阿Q正传__chunk009,蓝/社戏__chunk003,cross,0.814955
杨戴/阿Q正传__chunk009,蓝/社戏__chunk004,cross,0.829214
杨戴/阿Q正传__chunk009,蓝/祝福__chunk001,cross,0.824567
杨戴/阿Q正传__chunk009,蓝/祝福__chunk002,cross,0.762894
杨戴/阿Q正传__chunk009,蓝/祝福__chunk003,cross,0.798087
杨戴/阿Q正传__chunk009,蓝/祝福__chunk004,cross,0.754292
杨戴/阿Q正传__chunk009,蓝/祝福__chunk005,cross,0.772709
杨戴/阿Q正传__chunk009,蓝/祝福__chunk006,cross,0.781552
杨戴/阿Q正传__chunk009,蓝/祝福__chunk007,cross,0.726015
杨戴/阿Q正传__chunk009,蓝/离婚__chunk001,cross,0.815972
杨戴/阿Q正传__chunk009,蓝/离婚__chunk002,cross,0.830126
杨戴/阿Q正传__chunk009,蓝/离婚__chunk003,cross,0.756921
杨戴/阿Q正传__chunk009,蓝/肥皂__chunk001,cross,0.791654
杨戴/阿Q正传__chunk009,蓝/肥皂__chunk002,cross,0.789167
杨戴/阿Q正传__chunk009,蓝/肥皂__chunk003,cross,0.790622
杨戴/阿Q正传__chunk009,蓝/肥皂__chunk004,cross,0.774110
杨戴/阿Q正传__chunk009,蓝/药__chunk001,cross,0.827348
杨戴/阿Q正传__chunk009,蓝/药__chunk002,cross,0.801880
杨戴/阿Q正传__chunk009,蓝/药__chunk003,cross,0.790460
杨戴/阿Q正传__chunk009,蓝/铸剑__chunk001,cross,0.828091
杨戴/阿Q正传__chunk009,蓝/铸剑__chunk002,cross,0.820434
杨戴/阿Q正传__chunk009,蓝/铸剑__chunk003,cross,0.843484
杨戴/阿Q正传__chunk009,蓝/铸剑__chunk004,cross,0.824647
杨戴/阿Q正传__chunk009,蓝/铸剑__chunk005,cross,0.823157
杨戴/阿Q正传__chunk009,蓝/铸剑__chunk006,cross,0.799480
杨戴/阿Q正传__chunk009,蓝/铸剑__chunk007,cross,0.826556
杨戴/阿Q正传__chunk009,蓝/阿Q正传__chunk001,cross,0.874552
杨戴/阿Q正传__chunk009,蓝/阿Q正传__chunk002,cross,0.882744
杨戴/阿Q正传__chunk009,蓝/阿Q正传__chunk003,cross,0.861435
杨戴/阿Q正传__chunk009,蓝/阿Q正传__chunk004,cross,0.897972
杨戴/阿Q正传__chunk009,蓝/阿Q正传__chunk005,cross,0.891698
杨戴/阿Q正传__chunk009,蓝/阿Q正传__chunk006,cross,0.906373
杨戴/阿Q正传__chunk009,蓝/阿Q正传__chunk007,cross,0.892252
杨戴/阿Q正传__chunk009,蓝/阿Q正传__chunk008,cross,0.902504
杨戴/阿Q正传__chunk009,蓝/阿Q正传__chunk009,cross,0.923770
杨戴/阿Q正传__chunk009,蓝/阿Q正传__chunk010,cross,0.900191
杨戴/阿Q正传__chunk009,蓝/阿Q正传__chunk011,cross,0.890118
杨戴/阿Q正传__chunk009,蓝/阿Q正传__chunk012,cross,0.883690
杨戴/阿Q正传__chunk009,蓝/阿Q正传__chunk013,cross,0.908153
杨戴/阿Q正传__chunk009,蓝/阿Q正传__chunk014,cross,0.883770
杨戴/阿Q正传__chunk009,蓝/阿Q正传__chunk015,cross,0.915445
杨戴/阿Q正传__chunk009,蓝/阿Q正传__chunk016,cross,0.907236
杨戴/阿Q正传__chunk009,蓝/阿Q正传__chunk017,cross,0.875816
杨戴/阿Q正传__chunk009,蓝/风波__chunk001,cross,0.796417
杨戴/阿Q正传__chunk009,蓝/风波__chunk002,cross,0.826610
杨戴/阿Q正传__chunk009,蓝/风波__chunk003,cross,0.817506
杨戴/阿Q正传__chunk010,杨戴/阿Q正传__chunk011,same,0.926985
杨戴/阿Q正传__chunk010,杨戴/阿Q正传__chunk012,same,0.905463
杨戴/阿Q正传__chunk010,杨戴/阿Q正传__chunk013,same,0.905927
杨戴/阿Q正传__chunk010,杨戴/阿Q正传__chunk014,same,0.892459
杨戴/阿Q正传__chunk010,杨戴/阿Q正传__chunk015,same,0.896866
杨戴/阿Q正传__chunk010,杨戴/阿Q正传__chunk016,same,0.926308
杨戴/阿Q正传__chunk010,杨戴/阿Q正传__chunk017,same,0.894367
杨戴/阿Q正传__chunk010,杨戴/风波__chunk001,same,0.853602
杨戴/阿Q正传__chunk010,杨戴/风波__chunk002,same,0.850565
杨戴/阿Q正传__chunk010,杨戴/风波__chunk003,same,0.850772
杨戴/阿Q正传__chunk010,蓝/伤逝__chunk001,cross,0.824388
杨戴/阿Q正传__chunk010,蓝/伤逝__chunk002,cross,0.764838
杨戴/阿Q正传__chunk010,蓝/伤逝__chunk003,cross,0.772936
杨戴/阿Q正传__chunk010,蓝/伤逝__chunk004,cross,0.796320
杨戴/阿Q正传__chunk010,蓝/伤逝__chunk005,cross,0.777441
杨戴/阿Q正传__chunk010,蓝/伤逝__chunk006,cross,0.787221
杨戴/阿Q正传__chunk010,蓝/伤逝__chunk007,cross,0.775324
杨戴/阿Q正传__chunk010,蓝/在酒楼上__chunk001,cross,0.839590
杨戴/阿Q正传__chunk010,蓝/在酒楼上__chunk002,cross,0.820327
杨戴/阿Q正传__chunk010,蓝/在酒楼上__chunk003,cross,0.793611
杨戴/阿Q正传__chunk010,蓝/在酒楼上__chunk004,cross,0.763178
杨戴/阿Q正传__chunk010,蓝/奔月__chunk001,cross,0.849013
杨戴/阿Q正传__chunk010,蓝/奔月__chunk002,cross,0.816926
杨戴/阿Q正传__chunk010,蓝/奔月__chunk003,cross,0.829949
杨戴/阿Q正传__chunk010,蓝/奔月__chunk004,cross,0.794476
杨戴/阿Q正传__chunk010,蓝/孤独者__chunk001,cross,0.865615
杨戴/阿Q正传__chunk010,蓝/孤独者__chunk002,cross,0.830222
杨戴/阿Q正传__chunk010,蓝/孤独者__chunk003,cross,0.798951
杨戴/阿Q正传__chunk010,蓝/孤独者__chunk004,cross,0.830263
杨戴/阿Q正传__chunk010,蓝/孤独者__chunk005,cross,0.759238
杨戴/阿Q正传__chunk010,蓝/孤独者__chunk006,cross,0.748054
杨戴/阿Q正传__chunk010,蓝/孤独者__chunk007,cross,0.821357
杨戴/阿Q正传__chunk010,蓝/孤独者__chunk008,cross,0.838767
杨戴/阿Q正传__chunk010,蓝/幸福的家庭__chunk001,cross,0.815785
杨戴/阿Q正传__chunk010,蓝/幸福的家庭__chunk002,cross,0.853587
杨戴/阿Q正传__chunk010,蓝/幸福的家庭__chunk003,cross,0.766284
杨戴/阿Q正传__chunk010,蓝/故乡__chunk001,cross,0.863944
杨戴/阿Q正传__chunk010,蓝/故乡__chunk002,cross,0.816919
杨戴/阿Q正传__chunk010,蓝/故乡__chunk003,cross,0.803954
杨戴/阿Q正传__chunk010,蓝/明天__chunk001,cross,0.835318
杨戴/阿Q正传__chunk010,蓝/明天__chunk002,cross,0.859416
杨戴/阿Q正传__chunk010,蓝/狂人日记__chunk001,cross,0.790855
杨戴/阿Q正传__chunk010,蓝/狂人日记__chunk002,cross,0.760780
杨戴/阿Q正传__chunk010,蓝/狂人日记__chunk003,cross,0.804321
杨戴/阿Q正传__chunk010,蓝/社戏__chunk001,cross,0.829353
杨戴/阿Q正传__chunk010,蓝/社戏__chunk002,cross,0.851339
杨戴/阿Q正传__chunk010,蓝/社戏__chunk003,cross,0.851234
杨戴/阿Q正传__chunk010,蓝/社戏__chunk004,cross,0.828990
杨戴/阿Q正传__chunk010,蓝/祝福__chunk001,cross,0.838505
杨戴/阿Q正传__chunk010,蓝/祝福__chunk002,cross,0.772675
杨戴/阿Q正传__chunk010,蓝/祝福__chunk003,cross,0.830363
杨戴/阿Q正传__chunk010,蓝/祝福__chunk004,cross,0.789684
杨戴/阿Q正传__chunk010,蓝/祝福__chunk005,cross,0.763232
杨戴/阿Q正传__chunk010,蓝/祝福__chunk006,cross,0.816711
杨戴/阿Q正传__chunk010,蓝/祝福__chunk007,cross,0.757750
杨戴/阿Q正传__chunk010,蓝/离婚__chunk001,cross,0.824226
杨戴/阿Q正传__chunk010,蓝/离婚__chunk002,cross,0.833795
杨戴/阿Q正传__chunk010,蓝/离婚__chunk003,cross,0.808683
杨戴/阿Q正传__chunk010,蓝/肥皂__chunk001,cross,0.821898
杨戴/阿Q正传__chunk010,蓝/肥皂__chunk002,cross,0.820838
杨戴/阿Q正传__chunk010,蓝/肥皂__chunk003,cross,0.828966
杨戴/阿Q正传__chunk010,蓝/肥皂__chunk004,cross,0.799243
杨戴/阿Q正传__chunk010,蓝/药__chunk001,cross,0.828372
杨戴/阿Q正传__chunk010,蓝/药__chunk002,cross,0.795113
杨戴/阿Q正传__chunk010,蓝/药__chunk003,cross,0.819496
杨戴/阿Q正传__chunk010,蓝/铸剑__chunk001,cross,0.826966
杨戴/阿Q正传__chunk010,蓝/铸剑__chunk002,cross,0.835275
杨戴/阿Q正传__chunk010,蓝/铸剑__chunk003,cross,0.834951
杨戴/阿Q正传__chunk010,蓝/铸剑__chunk004,cross,0.831290
杨戴/阿Q正传__chunk010,蓝/铸剑__chunk005,cross,0.836674
杨戴/阿Q正传__chunk010,蓝/铸剑__chunk006,cross,0.813274
杨戴/阿Q正传__chunk010,蓝/铸剑__chunk007,cross,0.832760
杨戴/阿Q正传__chunk010,蓝/阿Q正传__chunk001,cross,0.908532
杨戴/阿Q正传__chunk010,蓝/阿Q正传__chunk002,cross,0.902563
杨戴/阿Q正传__chunk010,蓝/阿Q正传__chunk003,cross,0.879958
杨戴/阿Q正传__chunk010,蓝/阿Q正传__chunk004,cross,0.894726
杨戴/阿Q正传__chunk010,蓝/阿Q正传__chunk005,cross,0.879351
杨戴/阿Q正传__chunk010,蓝/阿Q正传__chunk006,cross,0.921927
杨戴/阿Q正传__chunk010,蓝/阿Q正传__chunk007,cross,0.901322
杨戴/阿Q正传__chunk010,蓝/阿Q正传__chunk008,cross,0.920478
杨戴/阿Q正传__chunk010,蓝/阿Q正传__chunk009,cross,0.902321
杨戴/阿Q正传__chunk010,蓝/阿Q正传__chunk010,cross,0.933614
杨戴/阿Q正传__chunk010,蓝/阿Q正传__chunk011,cross,0.931340
杨戴/阿Q正传__chunk010,蓝/阿Q正传__chunk012,cross,0.860635
杨戴/阿Q正传__chunk010,蓝/阿Q正传__chunk013,cross,0.904734
杨戴/阿Q正传__chunk010,蓝/阿Q正传__chunk014,cross,0.898007
杨戴/阿Q正传__chunk010,蓝/阿Q正传__chunk015,cross,0.925182
杨戴/阿Q正传__chunk010,蓝/阿Q正传__chunk016,cross,0.908377
杨戴/阿Q正传__chunk010,蓝/阿Q正传__chunk017,cross,0.852560
杨戴/阿Q正传__chunk010,蓝/风波__chunk001,cross,0.825431
杨戴/阿Q正传__chunk010,蓝/风波__chunk002,cross,0.854941
杨戴/阿Q正传__chunk010,蓝/风波__chunk003,cross,0.812939
杨戴/阿Q正传__chunk011,杨戴/阿Q正传__chunk012,same,0.923486
杨戴/阿Q正传__chunk011,杨戴/阿Q正传__chunk013,same,0.896232
杨戴/阿Q正传__chunk011,杨戴/阿Q正传__chunk014,same,0.878117
杨戴/阿Q正传__chunk011,杨戴/阿Q正传__chunk015,same,0.923465
杨戴/阿Q正传__chunk011,杨戴/阿Q正传__chunk016,same,0.941676
杨戴/阿Q正传__chunk011,杨戴/阿Q正传__chunk017,same,0.908977
杨戴/阿Q正传__chunk011,杨戴/风波__chunk001,same,0.807520
杨戴/阿Q正传__chunk011,杨戴/风波__chunk002,same,0.834665
杨戴/阿Q正传__chunk011,杨戴/风波__chunk003,same,0.830667
杨戴/阿Q正传__chunk011,蓝/伤逝__chunk001,cross,0.766087
杨戴/阿Q正传__chunk011,蓝/伤逝__chunk002,cross,0.744470
杨戴/阿Q正传__chunk011,蓝/伤逝__chunk003,cross,0.760248
杨戴/阿Q正传__chunk011,蓝/伤逝__chunk004,cross,0.775578
杨戴/阿Q正传__chunk011,蓝/伤逝__chunk005,cross,0.752131
杨戴/阿Q正传__chunk011,蓝/伤逝__chunk006,cross,0.755980
杨戴/阿Q正传__chunk011,蓝/伤逝__chunk007,cross,0.754411
杨戴/阿Q正传__chunk011,蓝/在酒楼上__chunk001,cross,0.790480
杨戴/阿Q正传__chunk011,蓝/在酒楼上__chunk002,cross,0.806888
杨戴/阿Q正传__chunk011,蓝/在酒楼上__chunk003,cross,0.780075
杨戴/阿Q正传__chunk011,蓝/在酒楼上__chunk004,cross,0.772939
杨戴/阿Q正传__chunk011,蓝/奔月__chunk001,cross,0.810000
杨戴/阿Q正传__chunk011,蓝/奔月__chunk002,cross,0.788517
杨戴/阿Q正传__chunk011,蓝/奔月__chunk003,cross,0.806926
杨戴/阿Q正传__chunk011,蓝/奔月__chunk004,cross,0.753593
杨戴/阿Q正传__chunk011,蓝/孤独者__chunk001,cross,0.823648
杨戴/阿Q正传__chunk011,蓝/孤独者__chunk002,cross,0.809300
杨戴/阿Q正传__chunk011,蓝/孤独者__chunk003,cross,0.802067
杨戴/阿Q正传__chunk011,蓝/孤独者__chunk004,cross,0.801631
杨戴/阿Q正传__chunk011,蓝/孤独者__chunk005,cross,0.753550
杨戴/阿Q正传__chunk011,蓝/孤独者__chunk006,cross,0.743828
杨戴/阿Q正传__chunk011,蓝/孤独者__chunk007,cross,0.776711
杨戴/阿Q正传__chunk011,蓝/孤独者__chunk008,cross,0.806661
杨戴/阿Q正传__chunk011,蓝/幸福的家庭__chunk001,cross,0.793376
杨戴/阿Q正传__chunk011,蓝/幸福的家庭__chunk002,cross,0.802375
杨戴/阿Q正传__chunk011,蓝/幸福的家庭__chunk003,cross,0.744031
杨戴/阿Q正传__chunk011,蓝/故乡__chunk001,cross,0.819174
杨戴/阿Q正传__chunk011,蓝/故乡__chunk002,cross,0.787320
杨戴/阿Q正传__chunk011,蓝/故乡__chunk003,cross,0.792002
杨戴/阿Q正传__chunk011,蓝/明天__chunk001,cross,0.788127
杨戴/阿Q正传__chunk011,蓝/明天__chunk002,cross,0.811749
杨戴/阿Q正传__chunk011,蓝/狂人日记__chunk001,cross,0.772524
杨戴/阿Q正传__chunk011,蓝/狂人日记__chunk002,cross,0.760515
杨戴/阿Q正传__chunk011,蓝/狂人日记__chunk003,cross,0.784521
杨戴/阿Q正传__chunk011,蓝/社戏__chunk001,cross,0.779776
杨戴/阿Q正传__chunk011,蓝/社戏__chunk002,cross,0.804070
杨戴/阿Q正传__chunk011,蓝/社戏__chunk003,cross,0.785461
杨戴/阿Q正传__chunk011,蓝/社戏__chunk004,cross,0.785555
杨戴/阿Q正传__chunk011,蓝/祝福__chunk001,cross,0.779797
杨戴/阿Q正传__chunk011,蓝/祝福__chunk002,cross,0.759553
杨戴/阿Q正传__chunk011,蓝/祝福__chunk003,cross,0.771966
杨戴/阿Q正传__chunk011,蓝/祝福__chunk004,cross,0.761802
杨戴/阿Q正传__chunk011,蓝/祝福__chunk005,cross,0.756685
杨戴/阿Q正传__chunk011,蓝/祝福__chunk006,cross,0.787507
杨戴/阿Q正传__chunk011,蓝/祝福__chunk007,cross,0.718430
杨戴/阿Q正传__chunk011,蓝/离婚__chunk001,cross,0.805669
杨戴/阿Q正传__chunk011,蓝/离婚__chunk002,cross,0.801124
杨戴/阿Q正传__chunk011,蓝/离婚__chunk003,cross,0.786075
杨戴/阿Q正传__chunk011,蓝/肥皂__chunk001,cross,0.792903
杨戴/阿Q正传__chunk011,蓝/肥皂__chunk002,cross,0.793772
杨戴/阿Q正传__chunk011,蓝/肥皂__chunk003,cross,0.802098
杨戴/阿Q正传__chunk011,蓝/肥皂__chunk004,cross,0.754848
杨戴/阿Q正传__chunk011,蓝/药__chunk001,cross,0.770028
杨戴/阿Q正传__chunk011,蓝/药__chunk002,cross,0.773569
杨戴/阿Q正传__chunk011,蓝/药__chunk003,cross,0.766594
杨戴/阿Q正传__chunk011,蓝/铸剑__chunk001,cross,0.793381
杨戴/阿Q正传__chunk011,蓝/铸剑__chunk002,cross,0.801507
杨戴/阿Q正传__chunk011,蓝/铸剑__chunk003,cross,0.796097
杨戴/阿Q正传__chunk011,蓝/铸剑__chunk004,cross,0.784800
杨戴/阿Q正传__chunk011,蓝/铸剑__chunk005,cross,0.776412
杨戴/阿Q正传__chunk011,蓝/铸剑__chunk006,cross,0.752020
杨戴/阿Q正传__chunk011,蓝/铸剑__chunk007,cross,0.762317
杨戴/阿Q正传__chunk011,蓝/阿Q正传__chunk001,cross,0.878662
杨戴/阿Q正传__chunk011,蓝/阿Q正传__chunk002,cross,0.870905
杨戴/阿Q正传__chunk011,蓝/阿Q正传__chunk003,cross,0.865956
杨戴/阿Q正传__chunk011,蓝/阿Q正传__chunk004,cross,0.876462
杨戴/阿Q正传__chunk011,蓝/阿Q正传__chunk005,cross,0.875036
杨戴/阿Q正传__chunk011,蓝/阿Q正传__chunk006,cross,0.896127
杨戴/阿Q正传__chunk011,蓝/阿Q正传__chunk007,cross,0.888531
杨戴/阿Q正传__chunk011,蓝/阿Q正传__chunk008,cross,0.910364
杨戴/阿Q正传__chunk011,蓝/阿Q正传__chunk009,cross,0.894487
杨戴/阿Q正传__chunk011,蓝/阿Q正传__chunk010,cross,0.897569
杨戴/阿Q正传__chunk011,蓝/阿Q正传__chunk011,cross,0.900454
杨戴/阿Q正传__chunk011,蓝/阿Q正传__chunk012,cross,0.859118
杨戴/阿Q正传__chunk011,蓝/阿Q正传__chunk013,cross,0.881463
杨戴/阿Q正传__chunk011,蓝/阿Q正传__chunk014,cross,0.869686
杨戴/阿Q正传__chunk011,蓝/阿Q正传__chunk015,cross,0.910895
杨戴/阿Q正传__chunk011,蓝/阿Q正传__chunk016,cross,0.904920
杨戴/阿Q正传__chunk011,蓝/阿Q正传__chunk017,cross,0.840956
杨戴/阿Q正传__chunk011,蓝/风波__chunk001,cross,0.764842
杨戴/阿Q正传__chunk011,蓝/风波__chunk002,cross,0.808482
杨戴/阿Q正传__chunk011,蓝/风波__chunk003,cross,0.781949
杨戴/阿Q正传__chunk012,杨戴/阿Q正传__chunk013,same,0.912487
杨戴/阿Q正传__chunk012,杨戴/阿Q正传__chunk014,same,0.891257
杨戴/阿Q正传__chunk012,杨戴/阿Q正传__chunk015,same,0.925167
杨戴/阿Q正传__chunk012,杨戴/阿Q正传__chunk016,same,0.923857
杨戴/阿Q正传__chunk012,杨戴/阿Q正传__chunk017,same,0.896353
杨戴/阿Q正传__chunk012,杨戴/风波__chunk001,same,0.843927
杨戴/阿Q正传__chunk012,杨戴/风波__chunk002,same,0.841941
杨戴/阿Q正传__chunk012,杨戴/风波__chunk003,same,0.851312
杨戴/阿Q正传__chunk012,蓝/伤逝__chunk001,cross,0.791596
杨戴/阿Q正传__chunk012,蓝/伤逝__chunk002,cross,0.759952
杨戴/阿Q正传__chunk012,蓝/伤逝__chunk003,cross,0.795780
杨戴/阿Q正传__chunk012,蓝/伤逝__chunk004,cross,0.799822
杨戴/阿Q正传__chunk012,蓝/伤逝__chunk005,cross,0.771510
杨戴/阿Q正传__chunk012,蓝/伤逝__chunk006,cross,0.770841
杨戴/阿Q正传__chunk012,蓝/伤逝__chunk007,cross,0.783930
杨戴/阿Q正传__chunk012,蓝/在酒楼上__chunk001,cross,0.811450
杨戴/阿Q正传__chunk012,蓝/在酒楼上__chunk002,cross,0.819928
杨戴/阿Q正传__chunk012,蓝/在酒楼上__chunk003,cross,0.786850
杨戴/阿Q正传__chunk012,蓝/在酒楼上__chunk004,cross,0.782914
杨戴/阿Q正传__chunk012,蓝/奔月__chunk001,cross,0.840067
杨戴/阿Q正传__chunk012,蓝/奔月__chunk002,cross,0.813622
杨戴/阿Q正传__chunk012,蓝/奔月__chunk003,cross,0.834600
杨戴/阿Q正传__chunk012,蓝/奔月__chunk004,cross,0.792543
杨戴/阿Q正传__chunk012,蓝/孤独者__chunk001,cross,0.825284
杨戴/阿Q正传__chunk012,蓝/孤独者__chunk002,cross,0.832144
杨戴/阿Q正传__chunk012,蓝/孤独者__chunk003,cross,0.798524
杨戴/阿Q正传__chunk012,蓝/孤独者__chunk004,cross,0.804464
杨戴/阿Q正传__chunk012,蓝/孤独者__chunk005,cross,0.753326
杨戴/阿Q正传__chunk012,蓝/孤独者__chunk006,cross,0.749885
杨戴/阿Q正传__chunk012,蓝/孤独者__chunk007,cross,0.799811
杨戴/阿Q正传__chunk012,蓝/孤独者__chunk008,cross,0.794816
杨戴/阿Q正传__chunk012,蓝/幸福的家庭__chunk001,cross,0.814724
杨戴/阿Q正传__chunk012,蓝/幸福的家庭__chunk002,cross,0.813609
杨戴/阿Q正传__chunk012,蓝/幸福的家庭__chunk003,cross,0.775212
杨戴/阿Q正传__chunk012,蓝/故乡__chunk001,cross,0.822946
杨戴/阿Q正传__chunk012,蓝/故乡__chunk002,cross,0.802563
杨戴/阿Q正传__chunk012,蓝/故乡__chunk003,cross,0.825785
杨戴/阿Q正传__chunk012,蓝/明天__chunk001,cross,0.796576
杨戴/阿Q正传__chunk012,蓝/明天__chunk002,cross,0.818300
杨戴/阿Q正传__chunk012,蓝/狂人日记__chunk001,cross,0.791851
杨戴/阿Q正传__chunk012,蓝/狂人日记__chunk002,cross,0.771202
杨戴/阿Q正传__chunk012,蓝/狂人日记__chunk003,cross,0.810406
杨戴/阿Q正传__chunk012,蓝/社戏__chunk001,cross,0.791011
杨戴/阿Q正传__chunk012,蓝/社戏__chunk002,cross,0.806701
杨戴/阿Q正传__chunk012,蓝/社戏__chunk003,cross,0.789384
杨戴/阿Q正传__chunk012,蓝/社戏__chunk004,cross,0.825080
杨戴/阿Q正传__chunk012,蓝/祝福__chunk001,cross,0.804968
杨戴/阿Q正传__chunk012,蓝/祝福__chunk002,cross,0.773277
杨戴/阿Q正传__chunk012,蓝/祝福__chunk003,cross,0.782095
杨戴/阿Q正传__chunk012,蓝/祝福__chunk004,cross,0.769514
杨戴/阿Q正传__chunk012,蓝/祝福__chunk005,cross,0.770571
杨戴/阿Q正传__chunk012,蓝/祝福__chunk006,cross,0.777985
杨戴/阿Q正传__chunk012,蓝/祝福__chunk007,cross,0.747229
杨戴/阿Q正传__chunk012,蓝/离婚__chunk001,cross,0.836523
杨戴/阿Q正传__chunk012,蓝/离婚__chunk002,cross,0.813498
杨戴/阿Q正传__chunk012,蓝/离婚__chunk003,cross,0.821260
杨戴/阿Q正传__chunk012,蓝/肥皂__chunk001,cross,0.810541
杨戴/阿Q正传__chunk012,蓝/肥皂__chunk002,cross,0.808428
杨戴/阿Q正传__chunk012,蓝/肥皂__chunk003,cross,0.807153
杨戴/阿Q正传__chunk012,蓝/肥皂__chunk004,cross,0.770832
杨戴/阿Q正传__chunk012,蓝/药__chunk001,cross,0.810276
杨戴/阿Q正传__chunk012,蓝/药__chunk002,cross,0.792267
杨戴/阿Q正传__chunk012,蓝/药__chunk003,cross,0.808203
杨戴/阿Q正传__chunk012,蓝/铸剑__chunk001,cross,0.823119
杨戴/阿Q正传__chunk012,蓝/铸剑__chunk002,cross,0.827182
杨戴/阿Q正传__chunk012,蓝/铸剑__chunk003,cross,0.813186
杨戴/阿Q正传__chunk012,蓝/铸剑__chunk004,cross,0.829656
杨戴/阿Q正传__chunk012,蓝/铸剑__chunk005,cross,0.817635
杨戴/阿Q正传__chunk012,蓝/铸剑__chunk006,cross,0.783080
杨戴/阿Q正传__chunk012,蓝/铸剑__chunk007,cross,0.785937
杨戴/阿Q正传__chunk012,蓝/阿Q正传__chunk001,cross,0.872695
杨戴/阿Q正传__chunk012,蓝/阿Q正传__chunk002,cross,0.864938
杨戴/阿Q正传__chunk012,蓝/阿Q正传__chunk003,cross,0.876835
杨戴/阿Q正传__chunk012,蓝/阿Q正传__chunk004,cross,0.878864
杨戴/阿Q正传__chunk012,蓝/阿Q正传__chunk005,cross,0.889449
杨戴/阿Q正传__chunk012,蓝/阿Q正传__chunk006,cross,0.892158
杨戴/阿Q正传__chunk012,蓝/阿Q正传__chunk007,cross,0.885817
杨戴/阿Q正传__chunk012,蓝/阿Q正传__chunk008,cross,0.903842
杨戴/阿Q正传__chunk012,蓝/阿Q正传__chunk009,cross,0.908785
杨戴/阿Q正传__chunk012,蓝/阿Q正传__chunk010,cross,0.896889
杨戴/阿Q正传__chunk012,蓝/阿Q正传__chunk011,cross,0.894536
杨戴/阿Q正传__chunk012,蓝/阿Q正传__chunk012,cross,0.907609
杨戴/阿Q正传__chunk012,蓝/阿Q正传__chunk013,cross,0.886037
杨戴/阿Q正传__chunk012,蓝/阿Q正传__chunk014,cross,0.865776
杨戴/阿Q正传__chunk012,蓝/阿Q正传__chunk015,cross,0.905949
杨戴/阿Q正传__chunk012,蓝/阿Q正传__chunk016,cross,0.913627
杨戴/阿Q正传__chunk012,蓝/阿Q正传__chunk017,cross,0.860156
杨戴/阿Q正传__chunk012,蓝/风波__chunk001,cross,0.799409
杨戴/阿Q正传__chunk012,蓝/风波__chunk002,cross,0.833015
杨戴/阿Q正传__chunk012,蓝/风波__chunk003,cross,0.834367
杨戴/阿Q正传__chunk013,杨戴/阿Q正传__chunk014,same,0.877271
杨戴/阿Q正传__chunk013,杨戴/阿Q正传__chunk015,same,0.901990
杨戴/阿Q正传__chunk013,杨戴/阿Q正传__chunk016,same,0.927256
杨戴/阿Q正传__chunk013,杨戴/阿Q正传__chunk017,same,0.888085
杨戴/阿Q正传__chunk013,杨戴/风波__chunk001,same,0.894680
杨戴/阿Q正传__chunk013,杨戴/风波__chunk002,same,0.864478
杨戴/阿Q正传__chunk013,杨戴/风波__chunk003,same,0.888111
杨戴/阿Q正传__chunk013,蓝/伤逝__chunk001,cross,0.801452
杨戴/阿Q正传__chunk013,蓝/伤逝__chunk002,cross,0.772874
杨戴/阿Q正传__chunk013,蓝/伤逝__chunk003,cross,0.806441
杨戴/阿Q正传__chunk013,蓝/伤逝__chunk004,cross,0.834384
杨戴/阿Q正传__chunk013,蓝/伤逝__chunk005,cross,0.773475
杨戴/阿Q正传__chunk013,蓝/伤逝__chunk006,cross,0.788131
杨戴/阿Q正传__chunk013,蓝/伤逝__chunk007,cross,0.798664
杨戴/阿Q正传__chunk013,蓝/在酒楼上__chunk001,cross,0.828728
杨戴/阿Q正传__chunk013,蓝/在酒楼上__chunk002,cross,0.851936
杨戴/阿Q正传__chunk013,蓝/在酒楼上__chunk003,cross,0.789867
杨戴/阿Q正传__chunk013,蓝/在酒楼上__chunk004,cross,0.784766
杨戴/阿Q正传__chunk013,蓝/奔月__chunk001,cross,0.860147
杨戴/阿Q正传__chunk013,蓝/奔月__chunk002,cross,0.822949
杨戴/阿Q正传__chunk013,蓝/奔月__chunk003,cross,0.834488
杨戴/阿Q正传__chunk013,蓝/奔月__chunk004,cross,0.829025
杨戴/阿Q正传__chunk013,蓝/孤独者__chunk001,cross,0.854818
杨戴/阿Q正传__chunk013,蓝/孤独者__chunk002,cross,0.833510
杨戴/阿Q正传__chunk013,蓝/孤独者__chunk003,cross,0.801015
杨戴/阿Q正传__chunk013,蓝/孤独者__chunk004,cross,0.818438
杨戴/阿Q正传__chunk013,蓝/孤独者__chunk005,cross,0.751332
杨戴/阿Q正传__chunk013,蓝/孤独者__chunk006,cross,0.755663
杨戴/阿Q正传__chunk013,蓝/孤独者__chunk007,cross,0.840608
杨戴/阿Q正传__chunk013,蓝/孤独者__chunk008,cross,0.837992
杨戴/阿Q正传__chunk013,蓝/幸福的家庭__chunk001,cross,0.817440
杨戴/阿Q正传__chunk013,蓝/幸福的家庭__chunk002,cross,0.874044
杨戴/阿Q正传__chunk013,蓝/幸福的家庭__chunk003,cross,0.784165
杨戴/阿Q正传__chunk013,蓝/故乡__chunk001,cross,0.847152
杨戴/阿Q正传__chunk013,蓝/故乡__chunk002,cross,0.806565
杨戴/阿Q正传__chunk013,蓝/故乡__chunk003,cross,0.823227
杨戴/阿Q正传__chunk013,蓝/明天__chunk001,cross,0.836252
杨戴/阿Q正传__chunk013,蓝/明天__chunk002,cross,0.861259
杨戴/阿Q正传__chunk013,蓝/狂人日记__chunk001,cross,0.796239
杨戴/阿Q正传__chunk013,蓝/狂人日记__chunk002,cross,0.782314
杨戴/阿Q正传__chunk013,蓝/狂人日记__chunk003,cross,0.810529
杨戴/阿Q正传__chunk013,蓝/社戏__chunk001,cross,0.823701
杨戴/阿Q正传__chunk013,蓝/社戏__chunk002,cross,0.820558
杨戴/阿Q正传__chunk013,蓝/社戏__chunk003,cross,0.855947
杨戴/阿Q正传__chunk013,蓝/社戏__chunk004,cross,0.866661
杨戴/阿Q正传__chunk013,蓝/祝福__chunk001,cross,0.850192
杨戴/阿Q正传__chunk013,蓝/祝福__chunk002,cross,0.788208
杨戴/阿Q正传__chunk013,蓝/祝福__chunk003,cross,0.844206
杨戴/阿Q正传__chunk013,蓝/祝福__chunk004,cross,0.811900
杨戴/阿Q正传__chunk013,蓝/祝福__chunk005,cross,0.815975
杨戴/阿Q正传__chunk013,蓝/祝福__chunk006,cross,0.825095
杨戴/阿Q正传__chunk013,蓝/祝福__chunk007,cross,0.767744
杨戴/阿Q正传__chunk013,蓝/离婚__chunk001,cross,0.834272
杨戴/阿Q正传__chunk013,蓝/离婚__chunk002,cross,0.832913
杨戴/阿Q正传__chunk013,蓝/离婚__chunk003,cross,0.810751
杨戴/阿Q正传__chunk013,蓝/肥皂__chunk001,cross,0.826119
杨戴/阿Q正传__chunk013,蓝/肥皂__chunk002,cross,0.824757
杨戴/阿Q正传__chunk013,蓝/肥皂__chunk003,cross,0.807488
杨戴/阿Q正传__chunk013,蓝/肥皂__chunk004,cross,0.822284
杨戴/阿Q正传__chunk013,蓝/药__chunk001,cross,0.836685
杨戴/阿Q正传__chunk013,蓝/药__chunk002,cross,0.823358
杨戴/阿Q正传__chunk013,蓝/药__chunk003,cross,0.828364
杨戴/阿Q正传__chunk013,蓝/铸剑__chunk001,cross,0.853853
杨戴/阿Q正传__chunk013,蓝/铸剑__chunk002,cross,0.847183
杨戴/阿Q正传__chunk013,蓝/铸剑__chunk003,cross,0.847554
杨戴/阿Q正传__chunk013,蓝/铸剑__chunk004,cross,0.850980
杨戴/阿Q正传__chunk013,蓝/铸剑__chunk005,cross,0.844228
杨戴/阿Q正传__chunk013,蓝/铸剑__chunk006,cross,0.829159
杨戴/阿Q正传__chunk013,蓝/铸剑__chunk007,cross,0.840408
杨戴/阿Q正传__chunk013,蓝/阿Q正传__chunk001,cross,0.869566
杨戴/阿Q正传__chunk013,蓝/阿Q正传__chunk002,cross,0.874436
杨戴/阿Q正传__chunk013,蓝/阿Q正传__chunk003,cross,0.873217
杨戴/阿Q正传__chunk013,蓝/阿Q正传__chunk004,cross,0.858721
杨戴/阿Q正传__chunk013,蓝/阿Q正传__chunk005,cross,0.862907
杨戴/阿Q正传__chunk013,蓝/阿Q正传__chunk006,cross,0.896425
杨戴/阿Q正传__chunk013,蓝/阿Q正传__chunk007,cross,0.877789
杨戴/阿Q正传__chunk013,蓝/阿Q正传__chunk008,cross,0.899966
杨戴/阿Q正传__chunk013,蓝/阿Q正传__chunk009,cross,0.911710
杨戴/阿Q正传__chunk013,蓝/阿Q正传__chunk010,cross,0.899420
杨戴/阿Q正传__chunk013,蓝/阿Q正传__chunk011,cross,0.883360
杨戴/阿Q正传__chunk013,蓝/阿Q正传__chunk012,cross,0.879748
杨戴/阿Q正传__chunk013,蓝/阿Q正传__chunk013,cross,0.929446
杨戴/阿Q正传__chunk013,蓝/阿Q正传__chunk014,cross,0.873574
杨戴/阿Q正传__chunk013,蓝/阿Q正传__chunk015,cross,0.900293
杨戴/阿Q正传__chunk013,蓝/阿Q正传__chunk016,cross,0.902594
杨戴/阿Q正传__chunk013,蓝/阿Q正传__chunk017,cross,0.863449
杨戴/阿Q正传__chunk013,蓝/风波__chunk001,cross,0.845542
杨戴/阿Q正传__chunk013,蓝/风波__chunk002,cross,0.864728
杨戴/阿Q正传__chunk013,蓝/风波__chunk003,cross,0.855797
杨戴/阿Q正传__chunk014,杨戴/阿Q正传__chunk015,same,0.898940
杨戴/阿Q正传__chunk014,杨戴/阿Q正传__chunk016,same,0.884105
杨戴/阿Q正传__chunk014,杨戴/阿Q正传__chunk017,same,0.896178
杨戴/阿Q正传__chunk014,杨戴/风波__chunk001,same,0.792016
杨戴/阿Q正传__chunk014,杨戴/风波__chunk002,same,0.822403
杨戴/阿Q正传__chunk014,杨戴/风波__chunk003,same,0.808787
杨戴/阿Q正传__chunk014,蓝/伤逝__chunk001,cross,0.753854
杨戴/阿Q正传__chunk014,蓝/伤逝__chunk002,cross,0.709776
杨戴/阿Q正传__chunk014,蓝/伤逝__chunk003,cross,0.732274
杨戴/阿Q正传__chunk014,蓝/伤逝__chunk004,cross,0.743977
杨戴/阿Q正传__chunk014,蓝/伤逝__chunk005,cross,0.709629
杨戴/阿Q正传__chunk014,蓝/伤逝__chunk006,cross,0.717087
杨戴/阿Q正传__chunk014,蓝/伤逝__chunk007,cross,0.729623
杨戴/阿Q正传__chunk014,蓝/在酒楼上__chunk001,cross,0.757228
杨戴/阿Q正传__chunk014,蓝/在酒楼上__chunk002,cross,0.764852
杨戴/阿Q正传__chunk014,蓝/在酒楼上__chunk003,cross,0.750087
杨戴/阿Q正传__chunk014,蓝/在酒楼上__chunk004,cross,0.740191
杨戴/阿Q正传__chunk014,蓝/奔月__chunk001,cross,0.804514
杨戴/阿Q正传__chunk014,蓝/奔月__chunk002,cross,0.780015
杨戴/阿Q正传__chunk014,蓝/奔月__chunk003,cross,0.811230
杨戴/阿Q正传__chunk014,蓝/奔月__chunk004,cross,0.753320
杨戴/阿Q正传__chunk014,蓝/孤独者__chunk001,cross,0.818699
杨戴/阿Q正传__chunk014,蓝/孤独者__chunk002,cross,0.823364
杨戴/阿Q正传__chunk014,蓝/孤独者__chunk003,cross,0.754123
杨戴/阿Q正传__chunk014,蓝/孤独者__chunk004,cross,0.761910
杨戴/阿Q正传__chunk014,蓝/孤独者__chunk005,cross,0.694528
杨戴/阿Q正传__chunk014,蓝/孤独者__chunk006,cross,0.687587
杨戴/阿Q正传__chunk014,蓝/孤独者__chunk007,cross,0.773336
杨戴/阿Q正传__chunk014,蓝/孤独者__chunk008,cross,0.811212
杨戴/阿Q正传__chunk014,蓝/幸福的家庭__chunk001,cross,0.761295
杨戴/阿Q正传__chunk014,蓝/幸福的家庭__chunk002,cross,0.797781
杨戴/阿Q正传__chunk014,蓝/幸福的家庭__chunk003,cross,0.747974
杨戴/阿Q正传__chunk014,蓝/故乡__chunk001,cross,0.799864
杨戴/阿Q正传__chunk014,蓝/故乡__chunk002,cross,0.749675
杨戴/阿Q正传__chunk014,蓝/故乡__chunk003,cross,0.809371
杨戴/阿Q正传__chunk014,蓝/明天__chunk001,cross,0.788631
杨戴/阿Q正传__chunk014,蓝/明天__chunk002,cross,0.796556
杨戴/阿Q正传__chunk014,蓝/狂人日记__chunk001,cross,0.732395
杨戴/阿Q正传__chunk014,蓝/狂人日记__chunk002,cross,0.719127
杨戴/阿Q正传__chunk014,蓝/狂人日记__chunk003,cross,0.758130
杨戴/阿Q正传__chunk014,蓝/社戏__chunk001,cross,0.755724
杨戴/阿Q正传__chunk014,蓝/社戏__chunk002,cross,0.770161
杨戴/阿Q正传__chunk014,蓝/社戏__chunk003,cross,0.776036
杨戴/阿Q正传__chunk014,蓝/社戏__chunk004,cross,0.770876
杨戴/阿Q正传__chunk014,蓝/祝福__chunk001,cross,0.760827
杨戴/阿Q正传__chunk014,蓝/祝福__chunk002,cross,0.717256
杨戴/阿Q正传__chunk014,蓝/祝福__chunk003,cross,0.761088
杨戴/阿Q正传__chunk014,蓝/祝福__chunk004,cross,0.714849
杨戴/阿Q正传__chunk014,蓝/祝福__chunk005,cross,0.761850
杨戴/阿Q正传__chunk014,蓝/祝福__chunk006,cross,0.751434
杨戴/阿Q正传__chunk014,蓝/祝福__chunk007,cross,0.701063
杨戴/阿Q正传__chunk014,蓝/离婚__chunk001,cross,0.797362
杨戴/阿Q正传__chunk014,蓝/离婚__chunk002,cross,0.791528
杨戴/阿Q正传__chunk014,蓝/离婚__chunk003,cross,0.748424
杨戴/阿Q正传__chunk014,蓝/肥皂__chunk001,cross,0.752856
杨戴/阿Q正传__chunk014,蓝/肥皂__chunk002,cross,0.749103
杨戴/阿Q正传__chunk014,蓝/肥皂__chunk003,cross,0.746227
杨戴/阿Q正传__chunk014,蓝/肥皂__chunk004,cross,0.738406
杨戴/阿Q正传__chunk014,蓝/药__chunk001,cross,0.777965
杨戴/阿Q正传__chunk014,蓝/药__chunk002,cross,0.793769
杨戴/阿Q正传__chunk014,蓝/药__chunk003,cross,0.743546
杨戴/阿Q正传__chunk014,蓝/铸剑__chunk001,cross,0.788956
杨戴/阿Q正传__chunk014,蓝/铸剑__chunk002,cross,0.801953
杨戴/阿Q正传__chunk014,蓝/铸剑__chunk003,cross,0.806011
杨戴/阿Q正传__chunk014,蓝/铸剑__chunk004,cross,0.801917
杨戴/阿Q正传__chunk014,蓝/铸剑__chunk005,cross,0.786417
杨戴/阿Q正传__chunk014,蓝/铸剑__chunk006,cross,0.757311
杨戴/阿Q正传__chunk014,蓝/铸剑__chunk007,cross,0.778909
杨戴/阿Q正传__chunk014,蓝/阿Q正传__chunk001,cross,0.834141
杨戴/阿Q正传__chunk014,蓝/阿Q正传__chunk002,cross,0.879358
杨戴/阿Q正传__chunk014,蓝/阿Q正传__chunk003,cross,0.860636
杨戴/阿Q正传__chunk014,蓝/阿Q正传__chunk004,cross,0.854333
杨戴/阿Q正传__chunk014,蓝/阿Q正传__chunk005,cross,0.871126
杨戴/阿Q正传__chunk014,蓝/阿Q正传__chunk006,cross,0.881946
杨戴/阿Q正传__chunk014,蓝/阿Q正传__chunk007,cross,0.850505
杨戴/阿Q正传__chunk014,蓝/阿Q正传__chunk008,cross,0.875580
杨戴/阿Q正传__chunk014,蓝/阿Q正传__chunk009,cross,0.871974
杨戴/阿Q正传__chunk014,蓝/阿Q正传__chunk010,cross,0.877749
杨戴/阿Q正传__chunk014,蓝/阿Q正传__chunk011,cross,0.868634
杨戴/阿Q正传__chunk014,蓝/阿Q正传__chunk012,cross,0.833421
杨戴/阿Q正传__chunk014,蓝/阿Q正传__chunk013,cross,0.864756
杨戴/阿Q正传__chunk014,蓝/阿Q正传__chunk014,cross,0.858461
杨戴/阿Q正传__chunk014,蓝/阿Q正传__chunk015,cross,0.875300
杨戴/阿Q正传__chunk014,蓝/阿Q正传__chunk016,cross,0.869044
杨戴/阿Q正传__chunk014,蓝/阿Q正传__chunk017,cross,0.838646
杨戴/阿Q正传__chunk014,蓝/风波__chunk001,cross,0.759982
杨戴/阿Q正传__chunk014,蓝/风波__chunk002,cross,0.811065
杨戴/阿Q正传__chunk014,蓝/风波__chunk003,cross,0.798382
杨戴/阿Q正传__chunk015,杨戴/阿Q正传__chunk016,same,0.929017
杨戴/阿Q正传__chunk015,杨戴/阿Q正传__chunk017,same,0.911037
杨戴/阿Q正传__chunk015,杨戴/风波__chunk001,same,0.825820
杨戴/阿Q正传__chunk015,杨戴/风波__chunk002,same,0.837680
杨戴/阿Q正传__chunk015,杨戴/风波__chunk003,same,0.834790
杨戴/阿Q正传__chunk015,蓝/伤逝__chunk001,cross,0.753957
杨戴/阿Q正传__chunk015,蓝/伤逝__chunk002,cross,0.736462
杨戴/阿Q正传__chunk015,蓝/伤逝__chunk003,cross,0.758990
杨戴/阿Q正传__chunk015,蓝/伤逝__chunk004,cross,0.790438
杨戴/阿Q正传__chunk015,蓝/伤逝__chunk005,cross,0.736482
杨戴/阿Q正传__chunk015,蓝/伤逝__chunk006,cross,0.754695
杨戴/阿Q正传__chunk015,蓝/伤逝__chunk007,cross,0.766832
杨戴/阿Q正传__chunk015,蓝/在酒楼上__chunk001,cross,0.766955
杨戴/阿Q正传__chunk015,蓝/在酒楼上__chunk002,cross,0.807341
杨戴/阿Q正传__chunk015,蓝/在酒楼上__chunk003,cross,0.766768
杨戴/阿Q正传__chunk015,蓝/在酒楼上__chunk004,cross,0.778794
杨戴/阿Q正传__chunk015,蓝/奔月__chunk001,cross,0.828192
杨戴/阿Q正传__chunk015,蓝/奔月__chunk002,cross,0.813873
杨戴/阿Q正传__chunk015,蓝/奔月__chunk003,cross,0.827438
杨戴/阿Q正传__chunk015,蓝/奔月__chunk004,cross,0.789292
杨戴/阿Q正传__chunk015,蓝/孤独者__chunk001,cross,0.825164
杨戴/阿Q正传__chunk015,蓝/孤独者__chunk002,cross,0.817382
杨戴/阿Q正传__chunk015,蓝/孤独者__chunk003,cross,0.789114
杨戴/阿Q正传__chunk015,蓝/孤独者__chunk004,cross,0.822687
杨戴/阿Q正传__chunk015,蓝/孤独者__chunk005,cross,0.746921
杨戴/阿Q正传__chunk015,蓝/孤独者__chunk006,cross,0.736472
杨戴/阿Q正传__chunk015,蓝/孤独者__chunk007,cross,0.784981
杨戴/阿Q正传__chunk015,蓝/孤独者__chunk008,cross,0.826643
杨戴/阿Q正传__chunk015,蓝/幸福的家庭__chunk001,cross,0.804713
杨戴/阿Q正传__chunk015,蓝/幸福的家庭__chunk002,cross,0.812508
杨戴/阿Q正传__chunk015,蓝/幸福的家庭__chunk003,cross,0.766038
杨戴/阿Q正传__chunk015,蓝/故乡__chunk001,cross,0.818416
杨戴/阿Q正传__chunk015,蓝/故乡__chunk002,cross,0.795462
杨戴/阿Q正传__chunk015,蓝/故乡__chunk003,cross,0.820672
杨戴/阿Q正传__chunk015,蓝/明天__chunk001,cross,0.786530
杨戴/阿Q正传__chunk015,蓝/明天__chunk002,cross,0.794098
杨戴/阿Q正传__chunk015,蓝/狂人日记__chunk001,cross,0.761047
杨戴/阿Q正传__chunk015,蓝/狂人日记__chunk002,cross,0.740610
杨戴/阿Q正传__chunk015,蓝/狂人日记__chunk003,cross,0.783605
杨戴/阿Q正传__chunk015,蓝/社戏__chunk001,cross,0.760828
杨戴/阿Q正传__chunk015,蓝/社戏__chunk002,cross,0.787417
杨戴/阿Q正传__chunk015,蓝/社戏__chunk003,cross,0.776281
杨戴/阿Q正传__chunk015,蓝/社戏__chunk004,cross,0.798276
杨戴/阿Q正传__chunk015,蓝/祝福__chunk001,cross,0.777100
杨戴/阿Q正传__chunk015,蓝/祝福__chunk002,cross,0.761399
杨戴/阿Q正传__chunk015,蓝/祝福__chunk003,cross,0.766837
杨戴/阿Q正传__chunk015,蓝/祝福__chunk004,cross,0.764561
杨戴/阿Q正传__chunk015,蓝/祝福__chunk005,cross,0.796860
杨戴/阿Q正传__chunk015,蓝/祝福__chunk006,cross,0.789813
杨戴/阿Q正传__chunk015,蓝/祝福__chunk007,cross,0.716733
杨戴/阿Q正传__chunk015,蓝/离婚__chunk001,cross,0.799536
杨戴/阿Q正传__chunk015,蓝/离婚__chunk002,cross,0.807912
杨戴/阿Q正传__chunk015,蓝/离婚__chunk003,cross,0.776865
杨戴/阿Q正传__chunk015,蓝/肥皂__chunk001,cross,0.781323
杨戴/阿Q正传__chunk015,蓝/肥皂__chunk002,cross,0.785755
杨戴/阿Q正传__chunk015,蓝/肥皂__chunk003,cross,0.796102
杨戴/阿Q正传__chunk015,蓝/肥皂__chunk004,cross,0.773966
杨戴/阿Q正传__chunk015,蓝/药__chunk001,cross,0.798577
杨戴/阿Q正传__chunk015,蓝/药__chunk002,cross,0.788809
杨戴/阿Q正传__chunk015,蓝/药__chunk003,cross,0.756086
杨戴/阿Q正传__chunk015,蓝/铸剑__chunk001,cross,0.824593
杨戴/阿Q正传__chunk015,蓝/铸剑__chunk002,cross,0.827916
杨戴/阿Q正传__chunk015,蓝/铸剑__chunk003,cross,0.817272
杨戴/阿Q正传__chunk015,蓝/铸剑__chunk004,cross,0.812275
杨戴/阿Q正传__chunk015,蓝/铸剑__chunk005,cross,0.796044
杨戴/阿Q正传__chunk015,蓝/铸剑__chunk006,cross,0.750974
杨戴/阿Q正传__chunk015,蓝/铸剑__chunk007,cross,0.766843
杨戴/阿Q正传__chunk015,蓝/阿Q正传__chunk001,cross,0.854872
杨戴/阿Q正传__chunk015,蓝/阿Q正传__chunk002,cross,0.858521
杨戴/阿Q正传__chunk015,蓝/阿Q正传__chunk003,cross,0.849804
杨戴/阿Q正传__chunk015,蓝/阿Q正传__chunk004,cross,0.874289
杨戴/阿Q正传__chunk015,蓝/阿Q正传__chunk005,cross,0.888649
杨戴/阿Q正传__chunk015,蓝/阿Q正传__chunk006,cross,0.887017
杨戴/阿Q正传__chunk015,蓝/阿Q正传__chunk007,cross,0.876327
杨戴/阿Q正传__chunk015,蓝/阿Q正传__chunk008,cross,0.903380
杨戴/阿Q正传__chunk015,蓝/阿Q正传__chunk009,cross,0.898346
杨戴/阿Q正传__chunk015,蓝/阿Q正传__chunk010,cross,0.879200
杨戴/阿Q正传__chunk015,蓝/阿Q正传__chunk011,cross,0.866490
杨戴/阿Q正传__chunk015,蓝/阿Q正传__chunk012,cross,0.852735
杨戴/阿Q正传__chunk015,蓝/阿Q正传__chunk013,cross,0.875026
杨戴/阿Q正传__chunk015,蓝/阿Q正传__chunk014,cross,0.882512
杨戴/阿Q正传__chunk015,蓝/阿Q正传__chunk015,cross,0.917750
杨戴/阿Q正传__chunk015,蓝/阿Q正传__chunk016,cross,0.903302
杨戴/阿Q正传__chunk015,蓝/阿Q正传__chunk017,cross,0.845452
杨戴/阿Q正传__chunk015,蓝/风波__chunk001,cross,0.789798
杨戴/阿Q正传__chunk015,蓝/风波__chunk002,cross,0.836779
杨戴/阿Q正传__chunk015,蓝/风波__chunk003,cross,0.801021
杨戴/阿Q正传__chunk016,杨戴/阿Q正传__chunk017,same,0.912664
杨戴/阿Q正传__chunk016,杨戴/风波__chunk001,same,0.844901
杨戴/阿Q正传__chunk016,杨戴/风波__chunk002,same,0.852080
杨戴/阿Q正传__chunk016,杨戴/风波__chunk003,same,0.858500
杨戴/阿Q正传__chunk016,蓝/伤逝__chunk001,cross,0.765506
杨戴/阿Q正传__chunk016,蓝/伤逝__chunk002,cross,0.750944
杨戴/阿Q正传__chunk016,蓝/伤逝__chunk003,cross,0.769578
杨戴/阿Q正传__chunk016,蓝/伤逝__chunk004,cross,0.798650
杨戴/阿Q正传__chunk016,蓝/伤逝__chunk005,cross,0.762882
杨戴/阿Q正传__chunk016,蓝/伤逝__chunk006,cross,0.763161
杨戴/阿Q正传__chunk016,蓝/伤逝__chunk007,cross,0.765383
杨戴/阿Q正传__chunk016,蓝/在酒楼上__chunk001,cross,0.799844
杨戴/阿Q正传__chunk016,蓝/在酒楼上__chunk002,cross,0.826984
杨戴/阿Q正传__chunk016,蓝/在酒楼上__chunk003,cross,0.779089
杨戴/阿Q正传__chunk016,蓝/在酒楼上__chunk004,cross,0.790072
杨戴/阿Q正传__chunk016,蓝/奔月__chunk001,cross,0.828071
杨戴/阿Q正传__chunk016,蓝/奔月__chunk002,cross,0.805558
杨戴/阿Q正传__chunk016,蓝/奔月__chunk003,cross,0.819800
杨戴/阿Q正传__chunk016,蓝/奔月__chunk004,cross,0.788069
杨戴/阿Q正传__chunk016,蓝/孤独者__chunk001,cross,0.835720
杨戴/阿Q正传__chunk016,蓝/孤独者__chunk002,cross,0.818354
杨戴/阿Q正传__chunk016,蓝/孤独者__chunk003,cross,0.817910
杨戴/阿Q正传__chunk016,蓝/孤独者__chunk004,cross,0.823085
杨戴/阿Q正传__chunk016,蓝/孤独者__chunk005,cross,0.754832
杨戴/阿Q正传__chunk016,蓝/孤独者__chunk006,cross,0.747386
杨戴/阿Q正传__chunk016,蓝/孤独者__chunk007,cross,0.808363
杨戴/阿Q正传__chunk016,蓝/孤独者__chunk008,cross,0.851787
杨戴/阿Q正传__chunk016,蓝/幸福的家庭__chunk001,cross,0.803748
杨戴/阿Q正传__chunk016,蓝/幸福的家庭__chunk002,cross,0.837023
杨戴/阿Q正传__chunk016,蓝/幸福的家庭__chunk003,cross,0.768645
杨戴/阿Q正传__chunk016,蓝/故乡__chunk001,cross,0.833178
杨戴/阿Q正传__chunk016,蓝/故乡__chunk002,cross,0.816835
杨戴/阿Q正传__chunk016,蓝/故乡__chunk003,cross,0.813396
杨戴/阿Q正传__chunk016,蓝/明天__chunk001,cross,0.810336
杨戴/阿Q正传__chunk016,蓝/明天__chunk002,cross,0.821787
杨戴/阿Q正传__chunk016,蓝/狂人日记__chunk001,cross,0.778274
杨戴/阿Q正传__chunk016,蓝/狂人日记__chunk002,cross,0.784543
杨戴/阿Q正传__chunk016,蓝/狂人日记__chunk003,cross,0.802365
杨戴/阿Q正传__chunk016,蓝/社戏__chunk001,cross,0.796740
杨戴/阿Q正传__chunk016,蓝/社戏__chunk002,cross,0.800382
杨戴/阿Q正传__chunk016,蓝/社戏__chunk003,cross,0.821185
杨戴/阿Q正传__chunk016,蓝/社戏__chunk004,cross,0.820576
杨戴/阿Q正传__chunk016,蓝/祝福__chunk001,cross,0.811962
杨戴/阿Q正传__chunk016,蓝/祝福__chunk002,cross,0.777646
杨戴/阿Q正传__chunk016,蓝/祝福__chunk003,cross,0.797915
杨戴/阿Q正传__chunk016,蓝/祝福__chunk004,cross,0.778713
杨戴/阿Q正传__chunk016,蓝/祝福__chunk005,cross,0.783314
杨戴/阿Q正传__chunk016,蓝/祝福__chunk006,cross,0.788382
杨戴/阿Q正传__chunk016,蓝/祝福__chunk007,cross,0.731548
杨戴/阿Q正传__chunk016,蓝/离婚__chunk001,cross,0.830306
杨戴/阿Q正传__chunk016,蓝/离婚__chunk002,cross,0.814196
杨戴/阿Q正传__chunk016,蓝/离婚__chunk003,cross,0.803338
杨戴/阿Q正传__chunk016,蓝/肥皂__chunk001,cross,0.805913
杨戴/阿Q正传__chunk016,蓝/肥皂__chunk002,cross,0.818409
杨戴/阿Q正传__chunk016,蓝/肥皂__chunk003,cross,0.801362
杨戴/阿Q正传__chunk016,蓝/肥皂__chunk004,cross,0.798631
杨戴/阿Q正传__chunk016,蓝/药__chunk001,cross,0.819576
杨戴/阿Q正传__chunk016,蓝/药__chunk002,cross,0.811904
杨戴/阿Q正传__chunk016,蓝/药__chunk003,cross,0.784378
杨戴/阿Q正传__chunk016,蓝/铸剑__chunk001,cross,0.825435
杨戴/阿Q正传__chunk016,蓝/铸剑__chunk002,cross,0.818826
杨戴/阿Q正传__chunk016,蓝/铸剑__chunk003,cross,0.823044
杨戴/阿Q正传__chunk016,蓝/铸剑__chunk004,cross,0.820744
杨戴/阿Q正传__chunk016,蓝/铸剑__chunk005,cross,0.812296
杨戴/阿Q正传__chunk016,蓝/铸剑__chunk006,cross,0.786361
杨戴/阿Q正传__chunk016,蓝/铸剑__chunk007,cross,0.784744
杨戴/阿Q正传__chunk016,蓝/阿Q正传__chunk001,cross,0.881621
杨戴/阿Q正传__chunk016,蓝/阿Q正传__chunk002,cross,0.877259
杨戴/阿Q正传__chunk016,蓝/阿Q正传__chunk003,cross,0.882964
杨戴/阿Q正传__chunk016,蓝/阿Q正传__chunk004,cross,0.879338
杨戴/阿Q正传__chunk016,蓝/阿Q正传__chunk005,cross,0.896432
杨戴/阿Q正传__chunk016,蓝/阿Q正传__chunk006,cross,0.898151
杨戴/阿Q正传__chunk016,蓝/阿Q正传__chunk007,cross,0.895010
杨戴/阿Q正传__chunk016,蓝/阿Q正传__chunk008,cross,0.932142
杨戴/阿Q正传__chunk016,蓝/阿Q正传__chunk009,cross,0.924512
杨戴/阿Q正传__chunk016,蓝/阿Q正传__chunk010,cross,0.910341
杨戴/阿Q正传__chunk016,蓝/阿Q正传__chunk011,cross,0.887078
杨戴/阿Q正传__chunk016,蓝/阿Q正传__chunk012,cross,0.889889
杨戴/阿Q正传__chunk016,蓝/阿Q正传__chunk013,cross,0.901775
杨戴/阿Q正传__chunk016,蓝/阿Q正传__chunk014,cross,0.873193
杨戴/阿Q正传__chunk016,蓝/阿Q正传__chunk015,cross,0.930869
杨戴/阿Q正传__chunk016,蓝/阿Q正传__chunk016,cross,0.947946
杨戴/阿Q正传__chunk016,蓝/阿Q正传__chunk017,cross,0.860269
杨戴/阿Q正传__chunk016,蓝/风波__chunk001,cross,0.814024
杨戴/阿Q正传__chunk016,蓝/风波__chunk002,cross,0.832657
杨戴/阿Q正传__chunk016,蓝/风波__chunk003,cross,0.823140
杨戴/阿Q正传__chunk017,杨戴/风波__chunk001,same,0.846647
杨戴/阿Q正传__chunk017,杨戴/风波__chunk002,same,0.891577
杨戴/阿Q正传__chunk017,杨戴/风波__chunk003,same,0.851626
杨戴/阿Q正传__chunk017,蓝/伤逝__chunk001,cross,0.772753
杨戴/阿Q正传__chunk017,蓝/伤逝__chunk002,cross,0.760373
杨戴/阿Q正传__chunk017,蓝/伤逝__chunk003,cross,0.780816
杨戴/阿Q正传__chunk017,蓝/伤逝__chunk004,cross,0.793623
杨戴/阿Q正传__chunk017,蓝/伤逝__chunk005,cross,0.771191
杨戴/阿Q正传__chunk017,蓝/伤逝__chunk006,cross,0.772721
杨戴/阿Q正传__chunk017,蓝/伤逝__chunk007,cross,0.793236
杨戴/阿Q正传__chunk017,蓝/在酒楼上__chunk001,cross,0.817368
杨戴/阿Q正传__chunk017,蓝/在酒楼上__chunk002,cross,0.828695
杨戴/阿Q正传__chunk017,蓝/在酒楼上__chunk003,cross,0.806453
杨戴/阿Q正传__chunk017,蓝/在酒楼上__chunk004,cross,0.794338
杨戴/阿Q正传__chunk017,蓝/奔月__chunk001,cross,0.852960
杨戴/阿Q正传__chunk017,蓝/奔月__chunk002,cross,0.848560
杨戴/阿Q正传__chunk017,蓝/奔月__chunk003,cross,0.843806
杨戴/阿Q正传__chunk017,蓝/奔月__chunk004,cross,0.804202
杨戴/阿Q正传__chunk017,蓝/孤独者__chunk001,cross,0.865647
杨戴/阿Q正传__chunk017,蓝/孤独者__chunk002,cross,0.853586
杨戴/阿Q正传__chunk017,蓝/孤独者__chunk003,cross,0.800861
杨戴/阿Q正传__chunk017,蓝/孤独者__chunk004,cross,0.830788
杨戴/阿Q正传__chunk017,蓝/孤独者__chunk005,cross,0.776493
杨戴/阿Q正传__chunk017,蓝/孤独者__chunk006,cross,0.767156
杨戴/阿Q正传__chunk017,蓝/孤独者__chunk007,cross,0.806764
杨戴/阿Q正传__chunk017,蓝/孤独者__chunk008,cross,0.861583
杨戴/阿Q正传__chunk017,蓝/幸福的家庭__chunk001,cross,0.812374
杨戴/阿Q正传__chunk017,蓝/幸福的家庭__chunk002,cross,0.827700
杨戴/阿Q正传__chunk017,蓝/幸福的家庭__chunk003,cross,0.789456
杨戴/阿Q正传__chunk017,蓝/故乡__chunk001,cross,0.836451
杨戴/阿Q正传__chunk017,蓝/故乡__chunk002,cross,0.802926
杨戴/阿Q正传__chunk017,蓝/故乡__chunk003,cross,0.844756
杨戴/阿Q正传__chunk017,蓝/明天__chunk001,cross,0.815684
杨戴/阿Q正传__chunk017,蓝/明天__chunk002,cross,0.824964
杨戴/阿Q正传__chunk017,蓝/狂人日记__chunk001,cross,0.796010
杨戴/阿Q正传__chunk017,蓝/狂人日记__chunk002,cross,0.769408
杨戴/阿Q正传__chunk017,蓝/狂人日记__chunk003,cross,0.809855
杨戴/阿Q正传__chunk017,蓝/社戏__chunk001,cross,0.777995
杨戴/阿Q正传__chunk017,蓝/社戏__chunk002,cross,0.809742
杨戴/阿Q正传__chunk017,蓝/社戏__chunk003,cross,0.805879
杨戴/阿Q正传__chunk017,蓝/社戏__chunk004,cross,0.822120
杨戴/阿Q正传__chunk017,蓝/祝福__chunk001,cross,0.809947
杨戴/阿Q正传__chunk017,蓝/祝福__chunk002,cross,0.774972
杨戴/阿Q正传__chunk017,蓝/祝福__chunk003,cross,0.791619
杨戴/阿Q正传__chunk017,蓝/祝福__chunk004,cross,0.775640
杨戴/阿Q正传__chunk017,蓝/祝福__chunk005,cross,0.792575
杨戴/阿Q正传__chunk017,蓝/祝福__chunk006,cross,0.804712
杨戴/阿Q正传__chunk017,蓝/祝福__chunk007,cross,0.741352
杨戴/阿Q正传__chunk017,蓝/离婚__chunk001,cross,0.832083
杨戴/阿Q正传__chunk017,蓝/离婚__chunk002,cross,0.838286
杨戴/阿Q正传__chunk017,蓝/离婚__chunk003,cross,0.786198
杨戴/阿Q正传__chunk017,蓝/肥皂__chunk001,cross,0.821777
杨戴/阿Q正传__chunk017,蓝/肥皂__chunk002,cross,0.821705
杨戴/阿Q正传__chunk017,蓝/肥皂__chunk003,cross,0.817337
杨戴/阿Q正传__chunk017,蓝/肥皂__chunk004,cross,0.792285
杨戴/阿Q正传__chunk017,蓝/药__chunk001,cross,0.827116
杨戴/阿Q正传__chunk017,蓝/药__chunk002,cross,0.829561
杨戴/阿Q正传__chunk017,蓝/药__chunk003,cross,0.789072
杨戴/阿Q正传__chunk017,蓝/铸剑__chunk001,cross,0.832081
杨戴/阿Q正传__chunk017,蓝/铸剑__chunk002,cross,0.843244
杨戴/阿Q正传__chunk017,蓝/铸剑__chunk003,cross,0.845320
杨戴/阿Q正传__chunk017,蓝/铸剑__chunk004,cross,0.832508
杨戴/阿Q正传__chunk017,蓝/铸剑__chunk005,cross,0.810719
杨戴/阿Q正传__chunk017,蓝/铸剑__chunk006,cross,0.792567
杨戴/阿Q正传__chunk017,蓝/铸剑__chunk007,cross,0.805855
杨戴/阿Q正传__chunk017,蓝/阿Q正传__chunk001,cross,0.861687
杨戴/阿Q正传__chunk017,蓝/阿Q正传__chunk002,cross,0.858663
杨戴/阿Q正传__chunk017,蓝/阿Q正传__chunk003,cross,0.836058
杨戴/阿Q正传__chunk017,蓝/阿Q正传__chunk004,cross,0.898208
杨戴/阿Q正传__chunk017,蓝/阿Q正传__chunk005,cross,0.880592
杨戴/阿Q正传__chunk017,蓝/阿Q正传__chunk006,cross,0.893355
杨戴/阿Q正传__chunk017,蓝/阿Q正传__chunk007,cross,0.880072
杨戴/阿Q正传__chunk017,蓝/阿Q正传__chunk008,cross,0.886843
杨戴/阿Q正传__chunk017,蓝/阿Q正传__chunk009,cross,0.886493
杨戴/阿Q正传__chunk017,蓝/阿Q正传__chunk010,cross,0.882258
杨戴/阿Q正传__chunk017,蓝/阿Q正传__chunk011,cross,0.883165
杨戴/阿Q正传__chunk017,蓝/阿Q正传__chunk012,cross,0.854218
杨戴/阿Q正传__chunk017,蓝/阿Q正传__chunk013,cross,0.881228
杨戴/阿Q正传__chunk017,蓝/阿Q正传__chunk014,cross,0.897375
杨戴/阿Q正传__chunk017,蓝/阿Q正传__chunk015,cross,0.894483
杨戴/阿Q正传__chunk017,蓝/阿Q正传__chunk016,cross,0.909864
杨戴/阿Q正传__chunk017,蓝/阿Q正传__chunk017,cross,0.892259
杨戴/阿Q正传__chunk017,蓝/风波__chunk001,cross,0.789658
杨戴/阿Q正传__chunk017,蓝/风波__chunk002,cross,0.843154
杨戴/阿Q正传__chunk017,蓝/风波__chunk003,cross,0.819649
杨戴/风波__chunk001,杨戴/风波__chunk002,same,0.902131
杨戴/风波__chunk001,杨戴/风波__chunk003,same,0.925540
杨戴/风波__chunk001,蓝/伤逝__chunk001,cross,0.817543
杨戴/风波__chunk001,蓝/伤逝__chunk002,cross,0.817368
杨戴/风波__chunk001,蓝/伤逝__chunk003,cross,0.835101
杨戴/风波__chunk001,蓝/伤逝__chunk004,cross,0.863688
杨戴/风波__chunk001,蓝/伤逝__chunk005,cross,0.824381
杨戴/风波__chunk001,蓝/伤逝__chunk006,cross,0.824675
杨戴/风波__chunk001,蓝/伤逝__chunk007,cross,0.829039
杨戴/风波__chunk001,蓝/在酒楼上__chunk001,cross,0.861371
杨戴/风波__chunk001,蓝/在酒楼上__chunk002,cross,0.863658
杨戴/风波__chunk001,蓝/在酒楼上__chunk003,cross,0.830991
杨戴/风波__chunk001,蓝/在酒楼上__chunk004,cross,0.821372
杨戴/风波__chunk001,蓝/奔月__chunk001,cross,0.917215
杨戴/风波__chunk001,蓝/奔月__chunk002,cross,0.882434
杨戴/风波__chunk001,蓝/奔月__chunk003,cross,0.860974
杨戴/风波__chunk001,蓝/奔月__chunk004,cross,0.860213
杨戴/风波__chunk001,蓝/孤独者__chunk001,cross,0.872451
杨戴/风波__chunk001,蓝/孤独者__chunk002,cross,0.848798
杨戴/风波__chunk001,蓝/孤独者__chunk003,cross,0.821627
杨戴/风波__chunk001,蓝/孤独者__chunk004,cross,0.867114
杨戴/风波__chunk001,蓝/孤独者__chunk005,cross,0.803544
杨戴/风波__chunk001,蓝/孤独者__chunk006,cross,0.791320
杨戴/风波__chunk001,蓝/孤独者__chunk007,cross,0.865825
杨戴/风波__chunk001,蓝/孤独者__chunk008,cross,0.852829
杨戴/风波__chunk001,蓝/幸福的家庭__chunk001,cross,0.863716
杨戴/风波__chunk001,蓝/幸福的家庭__chunk002,cross,0.898980
杨戴/风波__chunk001,蓝/幸福的家庭__chunk003,cross,0.817263
杨戴/风波__chunk001,蓝/故乡__chunk001,cross,0.865333
杨戴/风波__chunk001,蓝/故乡__chunk002,cross,0.856922
杨戴/风波__chunk001,蓝/故乡__chunk003,cross,0.849755
杨戴/风波__chunk001,蓝/明天__chunk001,cross,0.874630
杨戴/风波__chunk001,蓝/明天__chunk002,cross,0.893634
杨戴/风波__chunk001,蓝/狂人日记__chunk001,cross,0.810182
杨戴/风波__chunk001,蓝/狂人日记__chunk002,cross,0.790537
杨戴/风波__chunk001,蓝/狂人日记__chunk003,cross,0.822119
杨戴/风波__chunk001,蓝/社戏__chunk001,cross,0.849740
杨戴/风波__chunk001,蓝/社戏__chunk002,cross,0.848831
杨戴/风波__chunk001,蓝/社戏__chunk003,cross,0.881275
杨戴/风波__chunk001,蓝/社戏__chunk004,cross,0.888925
杨戴/风波__chunk001,蓝/祝福__chunk001,cross,0.862600
杨戴/风波__chunk001,蓝/祝福__chunk002,cross,0.812833
杨戴/风波__chunk001,蓝/祝福__chunk003,cross,0.875721
杨戴/风波__chunk001,蓝/祝福__chunk004,cross,0.857399
杨戴/风波__chunk001,蓝/祝福__chunk005,cross,0.824808
杨戴/风波__chunk001,蓝/祝福__chunk006,cross,0.858392
杨戴/风波__chunk001,蓝/祝福__chunk007,cross,0.834599
杨戴/风波__chunk001,蓝/离婚__chunk001,cross,0.859341
杨戴/风波__chunk001,蓝/离婚__chunk002,cross,0.886393
杨戴/风波__chunk001,蓝/离婚__chunk003,cross,0.871905
杨戴/风波__chunk001,蓝/肥皂__chunk001,cross,0.904238
杨戴/风波__chunk001,蓝/肥皂__chunk002,cross,0.874836
杨戴/风波__chunk001,蓝/肥皂__chunk003,cross,0.861870
杨戴/风波__chunk001,蓝/肥皂__chunk004,cross,0.886822
杨戴/风波__chunk001,蓝/药__chunk001,cross,0.876741
杨戴/风波__chunk001,蓝/药__chunk002,cross,0.856771
杨戴/风波__chunk001,蓝/药__chunk003,cross,0.888848
杨戴/风波__chunk001,蓝/铸剑__chunk001,cross,0.888126
杨戴/风波__chunk001,蓝/铸剑__chunk002,cross,0.871837
杨戴/风波__chunk001,蓝/铸剑__chunk003,cross,0.845660
杨戴/风波__chunk001,蓝/铸剑__chunk004,cross,0.875563
杨戴/风波__chunk001,蓝/铸剑__chunk005,cross,0.862738
杨戴/风波__chunk001,蓝/铸剑__chunk006,cross,0.845596
杨戴/风波__chunk001,蓝/铸剑__chunk007,cross,0.840529
杨戴/风波__chunk001,蓝/阿Q正传__chunk001,cross,0.811531
杨戴/风波__chunk001,蓝/阿Q正传__chunk002,cross,0.811286
杨戴/风波__chunk001,蓝/阿Q正传__chunk003,cross,0.782065
杨戴/风波__chunk001,蓝/阿Q正传__chunk004,cross,0.807381
杨戴/风波__chunk001,蓝/阿Q正传__chunk005,cross,0.809251
杨戴/风波__chunk001,蓝/阿Q正传__chunk006,cross,0.834072
杨戴/风波__chunk001,蓝/阿Q正传__chunk007,cross,0.846551
杨戴/风波__chunk001,蓝/阿Q正传__chunk008,cross,0.830692
杨戴/风波__chunk001,蓝/阿Q正传__chunk009,cross,0.835078
杨戴/风波__chunk001,蓝/阿Q正传__chunk010,cross,0.823953
杨戴/风波__chunk001,蓝/阿Q正传__chunk011,cross,0.847039
杨戴/风波__chunk001,蓝/阿Q正传__chunk012,cross,0.827032
杨戴/风波__chunk001,蓝/阿Q正传__chunk013,cross,0.872165
杨戴/风波__chunk001,蓝/阿Q正传__chunk014,cross,0.862314
杨戴/风波__chunk001,蓝/阿Q正传__chunk015,cross,0.836702
杨戴/风波__chunk001,蓝/阿Q正传__chunk016,cross,0.842525
杨戴/风波__chunk001,蓝/阿Q正传__chunk017,cross,0.814400
杨戴/风波__chunk001,蓝/风波__chunk001,cross,0.904296
杨戴/风波__chunk001,蓝/风波__chunk002,cross,0.922777
杨戴/风波__chunk001,蓝/风波__chunk003,cross,0.867292
杨戴/风波__chunk002,杨戴/风波__chunk003,same,0.920412
杨戴/风波__chunk002,蓝/伤逝__chunk001,cross,0.782364
杨戴/风波__chunk002,蓝/伤逝__chunk002,cross,0.766811
杨戴/风波__chunk002,蓝/伤逝__chunk003,cross,0.801423
杨戴/风波__chunk002,蓝/伤逝__chunk004,cross,0.820707
杨戴/风波__chunk002,蓝/伤逝__chunk005,cross,0.782660
杨戴/风波__chunk002,蓝/伤逝__chunk006,cross,0.782186
杨戴/风波__chunk002,蓝/伤逝__chunk007,cross,0.804071
杨戴/风波__chunk002,蓝/在酒楼上__chunk001,cross,0.808385
杨戴/风波__chunk002,蓝/在酒楼上__chunk002,cross,0.835629
杨戴/风波__chunk002,蓝/在酒楼上__chunk003,cross,0.798704
杨戴/风波__chunk002,蓝/在酒楼上__chunk004,cross,0.804888
杨戴/风波__chunk002,蓝/奔月__chunk001,cross,0.872254
杨戴/风波__chunk002,蓝/奔月__chunk002,cross,0.867367
杨戴/风波__chunk002,蓝/奔月__chunk003,cross,0.862105
杨戴/风波__chunk002,蓝/奔月__chunk004,cross,0.843631
杨戴/风波__chunk002,蓝/孤独者__chunk001,cross,0.866160
杨戴/风波__chunk002,蓝/孤独者__chunk002,cross,0.822059
杨戴/风波__chunk002,蓝/孤独者__chunk003,cross,0.816493
杨戴/风波__chunk002,蓝/孤独者__chunk004,cross,0.864024
杨戴/风波__chunk002,蓝/孤独者__chunk005,cross,0.792793
杨戴/风波__chunk002,蓝/孤独者__chunk006,cross,0.777155
杨戴/风波__chunk002,蓝/孤独者__chunk007,cross,0.806138
杨戴/风波__chunk002,蓝/孤独者__chunk008,cross,0.873158
杨戴/风波__chunk002,蓝/幸福的家庭__chunk001,cross,0.848944
杨戴/风波__chunk002,蓝/幸福的家庭__chunk002,cross,0.870934
杨戴/风波__chunk002,蓝/幸福的家庭__chunk003,cross,0.800621
杨戴/风波__chunk002,蓝/故乡__chunk001,cross,0.839361
杨戴/风波__chunk002,蓝/故乡__chunk002,cross,0.828315
杨戴/风波__chunk002,蓝/故乡__chunk003,cross,0.847101
杨戴/风波__chunk002,蓝/明天__chunk001,cross,0.849129
杨戴/风波__chunk002,蓝/明天__chunk002,cross,0.860336
杨戴/风波__chunk002,蓝/狂人日记__chunk001,cross,0.825818
杨戴/风波__chunk002,蓝/狂人日记__chunk002,cross,0.774593
杨戴/风波__chunk002,蓝/狂人日记__chunk003,cross,0.815838
杨戴/风波__chunk002,蓝/社戏__chunk001,cross,0.796929
杨戴/风波__chunk002,蓝/社戏__chunk002,cross,0.826298
杨戴/风波__chunk002,蓝/社戏__chunk003,cross,0.825536
杨戴/风波__chunk002,蓝/社戏__chunk004,cross,0.848879
杨戴/风波__chunk002,蓝/祝福__chunk001,cross,0.816332
杨戴/风波__chunk002,蓝/祝福__chunk002,cross,0.774788
杨戴/风波__chunk002,蓝/祝福__chunk003,cross,0.816589
杨戴/风波__chunk002,蓝/祝福__chunk004,cross,0.837806
杨戴/风波__chunk002,蓝/祝福__chunk005,cross,0.803886
杨戴/风波__chunk002,蓝/祝福__chunk006,cross,0.826851
杨戴/风波__chunk002,蓝/祝福__chunk007,cross,0.781569
杨戴/风波__chunk002,蓝/离婚__chunk001,cross,0.858452
杨戴/风波__chunk002,蓝/离婚__chunk002,cross,0.877860
杨戴/风波__chunk002,蓝/离婚__chunk003,cross,0.835405
杨戴/风波__chunk002,蓝/肥皂__chunk001,cross,0.845643
杨戴/风波__chunk002,蓝/肥皂__chunk002,cross,0.844151
杨戴/风波__chunk002,蓝/肥皂__chunk003,cross,0.841002
杨戴/风波__chunk002,蓝/肥皂__chunk004,cross,0.818285
杨戴/风波__chunk002,蓝/药__chunk001,cross,0.848364
杨戴/风波__chunk002,蓝/药__chunk002,cross,0.854936
杨戴/风波__chunk002,蓝/药__chunk003,cross,0.820565
杨戴/风波__chunk002,蓝/铸剑__chunk001,cross,0.850172
杨戴/风波__chunk002,蓝/铸剑__chunk002,cross,0.868136
杨戴/风波__chunk002,蓝/铸剑__chunk003,cross,0.843209
杨戴/风波__chunk002,蓝/铸剑__chunk004,cross,0.839096
杨戴/风波__chunk002,蓝/铸剑__chunk005,cross,0.825946
杨戴/风波__chunk002,蓝/铸剑__chunk006,cross,0.803762
杨戴/风波__chunk002,蓝/铸剑__chunk007,cross,0.803956
杨戴/风波__chunk002,蓝/阿Q正传__chunk001,cross,0.798218
杨戴/风波__chunk002,蓝/阿Q正传__chunk002,cross,0.814284
杨戴/风波__chunk002,蓝/阿Q正传__chunk003,cross,0.776803
杨戴/风波__chunk002,蓝/阿Q正传__chunk004,cross,0.810908
杨戴/风波__chunk002,蓝/阿Q正传__chunk005,cross,0.802874
杨戴/风波__chunk002,蓝/阿Q正传__chunk006,cross,0.822092
杨戴/风波__chunk002,蓝/阿Q正传__chunk007,cross,0.824123
杨戴/风波__chunk002,蓝/阿Q正传__chunk008,cross,0.836063
杨戴/风波__chunk002,蓝/阿Q正传__chunk009,cross,0.815630
杨戴/风波__chunk002,蓝/阿Q正传__chunk010,cross,0.812227
杨戴/风波__chunk002,蓝/阿Q正传__chunk011,cross,0.829180
杨戴/风波__chunk002,蓝/阿Q正传__chunk012,cross,0.796664
杨戴/风波__chunk002,蓝/阿Q正传__chunk013,cross,0.844888
杨戴/风波__chunk002,蓝/阿Q正传__chunk014,cross,0.854923
杨戴/风波__chunk002,蓝/阿Q正传__chunk015,cross,0.829840
杨戴/风波__chunk002,蓝/阿Q正传__chunk016,cross,0.858504
杨戴/风波__chunk002,蓝/阿Q正传__chunk017,cross,0.846706
杨戴/风波__chunk002,蓝/风波__chunk001,cross,0.828718
杨戴/风波__chunk002,蓝/风波__chunk002,cross,0.898420
杨戴/风波__chunk002,蓝/风波__chunk003,cross,0.847330
杨戴/风波__chunk003,蓝/伤逝__chunk001,cross,0.796915
杨戴/风波__chunk003,蓝/伤逝__chunk002,cross,0.808956
杨戴/风波__chunk003,蓝/伤逝__chunk003,cross,0.850242
杨戴/风波__chunk003,蓝/伤逝__chunk004,cross,0.868912
杨戴/风波__chunk003,蓝/伤逝__chunk005,cross,0.802166
杨戴/风波__chunk003,蓝/伤逝__chunk006,cross,0.815536
杨戴/风波__chunk003,蓝/伤逝__chunk007,cross,0.820688
杨戴/风波__chunk003,蓝/在酒楼上__chunk001,cross,0.846524
杨戴/风波__chunk003,蓝/在酒楼上__chunk002,cross,0.865216
杨戴/风波__chunk003,蓝/在酒楼上__chunk003,cross,0.810522
杨戴/风波__chunk003,蓝/在酒楼上__chunk004,cross,0.833155
杨戴/风波__chunk003,蓝/奔月__chunk001,cross,0.904541
杨戴/风波__chunk003,蓝/奔月__chunk002,cross,0.873497
杨戴/风波__chunk003,蓝/奔月__chunk003,cross,0.893623
杨戴/风波__chunk003,蓝/奔月__chunk004,cross,0.863066
杨戴/风波__chunk003,蓝/孤独者__chunk001,cross,0.890739
杨戴/风波__chunk003,蓝/孤独者__chunk002,cross,0.855877
杨戴/风波__chunk003,蓝/孤独者__chunk003,cross,0.862193
杨戴/风波__chunk003,蓝/孤独者__chunk004,cross,0.883050
杨戴/风波__chunk003,蓝/孤独者__chunk005,cross,0.795678
杨戴/风波__chunk003,蓝/孤独者__chunk006,cross,0.792348
杨戴/风波__chunk003,蓝/孤独者__chunk007,cross,0.859505
杨戴/风波__chunk003,蓝/孤独者__chunk008,cross,0.882666
杨戴/风波__chunk003,蓝/幸福的家庭__chunk001,cross,0.875413
杨戴/风波__chunk003,蓝/幸福的家庭__chunk002,cross,0.880241
杨戴/风波__chunk003,蓝/幸福的家庭__chunk003,cross,0.802459
杨戴/风波__chunk003,蓝/故乡__chunk001,cross,0.855518
杨戴/风波__chunk003,蓝/故乡__chunk002,cross,0.863080
杨戴/风波__chunk003,蓝/故乡__chunk003,cross,0.867964
杨戴/风波__chunk003,蓝/明天__chunk001,cross,0.867944
杨戴/风波__chunk003,蓝/明天__chunk002,cross,0.888636
杨戴/风波__chunk003,蓝/狂人日记__chunk001,cross,0.833151
杨戴/风波__chunk003,蓝/狂人日记__chunk002,cross,0.813509
杨戴/风波__chunk003,蓝/狂人日记__chunk003,cross,0.838478
杨戴/风波__chunk003,蓝/社戏__chunk001,cross,0.834647
杨戴/风波__chunk003,蓝/社戏__chunk002,cross,0.834549
杨戴/风波__chunk003,蓝/社戏__chunk003,cross,0.859732
杨戴/风波__chunk003,蓝/社戏__chunk004,cross,0.884560
杨戴/风波__chunk003,蓝/祝福__chunk001,cross,0.848160
杨戴/风波__chunk003,蓝/祝福__chunk002,cross,0.800149
杨戴/风波__chunk003,蓝/祝福__chunk003,cross,0.838003
杨戴/风波__chunk003,蓝/祝福__chunk004,cross,0.854248
杨戴/风波__chunk003,蓝/祝福__chunk005,cross,0.832758
杨戴/风波__chunk003,蓝/祝福__chunk006,cross,0.853569
杨戴/风波__chunk003,蓝/祝福__chunk007,cross,0.804958
杨戴/风波__chunk003,蓝/离婚__chunk001,cross,0.885943
杨戴/风波__chunk003,蓝/离婚__chunk002,cross,0.886533
杨戴/风波__chunk003,蓝/离婚__chunk003,cross,0.867053
杨戴/风波__chunk003,蓝/肥皂__chunk001,cross,0.863114
杨戴/风波__chunk003,蓝/肥皂__chunk002,cross,0.860407
杨戴/风波__chunk003,蓝/肥皂__chunk003,cross,0.847379
杨戴/风波__chunk003,蓝/肥皂__chunk004,cross,0.846879
杨戴/风波__chunk003,蓝/药__chunk001,cross,0.863379
杨戴/风波__chunk003,蓝/药__chunk002,cross,0.869679
杨戴/风波__chunk003,蓝/药__chunk003,cross,0.863092
杨戴/风波__chunk003,蓝/铸剑__chunk001,cross,0.892149
杨戴/风波__chunk003,蓝/铸剑__chunk002,cross,0.882185
杨戴/风波__chunk003,蓝/铸剑__chunk003,cross,0.856838
杨戴/风波__chunk003,蓝/铸剑__chunk004,cross,0.882201
杨戴/风波__chunk003,蓝/铸剑__chunk005,cross,0.850588
杨戴/风波__chunk003,蓝/铸剑__chunk006,cross,0.817733
杨戴/风波__chunk003,蓝/铸剑__chunk007,cross,0.830453
杨戴/风波__chunk003,蓝/阿Q正传__chunk001,cross,0.809504
杨戴/风波__chunk003,蓝/阿Q正传__chunk002,cross,0.820395
杨戴/风波__chunk003,蓝/阿Q正传__chunk003,cross,0.781011
杨戴/风波__chunk003,蓝/阿Q正传__chunk004,cross,0.814661
杨戴/风波__chunk003,蓝/阿Q正传__chunk005,cross,0.800673
杨戴/风波__chunk003,蓝/阿Q正传__chunk006,cross,0.824148
杨戴/风波__chunk003,蓝/阿Q正传__chunk007,cross,0.844187
杨戴/风波__chunk003,蓝/阿Q正传__chunk008,cross,0.841173
杨戴/风波__chunk003,蓝/阿Q正传__chunk009,cross,0.831059
杨戴/风波__chunk003,蓝/阿Q正传__chunk010,cross,0.808080
杨戴/风波__chunk003,蓝/阿Q正传__chunk011,cross,0.834253
杨戴/风波__chunk003,蓝/阿Q正传__chunk012,cross,0.820135
杨戴/风波__chunk003,蓝/阿Q正传__chunk013,cross,0.867595
杨戴/风波__chunk003,蓝/阿Q正传__chunk014,cross,0.855945
杨戴/风波__chunk003,蓝/阿Q正传__chunk015,cross,0.847303
杨戴/风波__chunk003,蓝/阿Q正传__chunk016,cross,0.861137
杨戴/风波__chunk003,蓝/阿Q正传__chunk017,cross,0.821218
杨戴/风波__chunk003,蓝/风波__chunk001,cross,0.881699
杨戴/风波__chunk003,蓝/风波__chunk002,cross,0.900526
杨戴/风波__chunk003,蓝/风波__chunk003,cross,0.861875
蓝/伤逝__chunk001,蓝/伤逝__chunk002,same,0.874781
蓝/伤逝__chunk001,蓝/伤逝__chunk003,same,0.877957
蓝/伤逝__chunk001,蓝/伤逝__chunk004,same,0.834076
蓝/伤逝__chunk001,蓝/伤逝__chunk005,same,0.880406
蓝/伤逝__chunk001,蓝/伤逝__chunk006,same,0.910735
蓝/伤逝__chunk001,蓝/伤逝__chunk007,same,0.897545
蓝/伤逝__chunk001,蓝/在酒楼上__chunk001,same,0.894839
蓝/伤逝__chunk001,蓝/在酒楼上__chunk002,same,0.860413
蓝/伤逝__chunk001,蓝/在酒楼上__chunk003,same,0.833246
蓝/伤逝__chunk001,蓝/在酒楼上__chunk004,same,0.774845
蓝/伤逝__chunk001,蓝/奔月__chunk001,same,0.858164
蓝/伤逝__chunk001,蓝/奔月__chunk002,same,0.831734
蓝/伤逝__chunk001,蓝/奔月__chunk003,same,0.799090
蓝/伤逝__chunk001,蓝/奔月__chunk004,same,0.817101
蓝/伤逝__chunk001,蓝/孤独者__chunk001,same,0.824750
蓝/伤逝__chunk001,蓝/孤独者__chunk002,same,0.839810
蓝/伤逝__chunk001,蓝/孤独者__chunk003,same,0.809219
蓝/伤逝__chunk001,蓝/孤独者__chunk004,same,0.846006
蓝/伤逝__chunk001,蓝/孤独者__chunk005,same,0.854705
蓝/伤逝__chunk001,蓝/孤独者__chunk006,same,0.820846
蓝/伤逝__chunk001,蓝/孤独者__chunk007,same,0.881696
蓝/伤逝__chunk001,蓝/孤独者__chunk008,same,0.794267
蓝/伤逝__chunk001,蓝/幸福的家庭__chunk001,same,0.823479
蓝/伤逝__chunk001,蓝/幸福的家庭__chunk002,same,0.857450
蓝/伤逝__chunk001,蓝/幸福的家庭__chunk003,same,0.772256
蓝/伤逝__chunk001,蓝/故乡__chunk001,same,0.912954
蓝/伤逝__chunk001,蓝/故乡__chunk002,same,0.818355
蓝/伤逝__chunk001,蓝/故乡__chunk003,same,0.830821
蓝/伤逝__chunk001,蓝/明天__chunk001,same,0.832829
蓝/伤逝__chunk001,蓝/明天__chunk002,same,0.880545
蓝/伤逝__chunk001,蓝/狂人日记__chunk001,same,0.866451
蓝/伤逝__chunk001,蓝/狂人日记__chunk002,same,0.805552
蓝/伤逝__chunk001,蓝/狂人日记__chunk003,same,0.787961
蓝/伤逝__chunk001,蓝/社戏__chunk001,same,0.924838
蓝/伤逝__chunk001,蓝/社戏__chunk002,same,0.912442
蓝/伤逝__chunk001,蓝/社戏__chunk003,same,0.876283
蓝/伤逝__chunk001,蓝/社戏__chunk004,same,0.817556
蓝/伤逝__chunk001,蓝/祝福__chunk001,same,0.869282
蓝/伤逝__chunk001,蓝/祝福__chunk002,same,0.851368
蓝/伤逝__chunk001,蓝/祝福__chunk003,same,0.816100
蓝/伤逝__chunk001,蓝/祝福__chunk004,same,0.797221
蓝/伤逝__chunk001,蓝/祝福__chunk005,same,0.772832
蓝/伤逝__chunk001,蓝/祝福__chunk006,same,0.810831
蓝/伤逝__chunk001,蓝/祝福__chunk007,same,0.827118
蓝/伤逝__chunk001,蓝/离婚__chunk001,same,0.817822
蓝/伤逝__chunk001,蓝/离婚__chunk002,same,0.853226
蓝/伤逝__chunk001,蓝/离婚__chunk003,same,0.793846
蓝/伤逝__chunk001,蓝/肥皂__chunk001,same,0.840329
蓝/伤逝__chunk001,蓝/肥皂__chunk002,same,0.791157
蓝/伤逝__chunk001,蓝/肥皂__chunk003,same,0.844498
蓝/伤逝__chunk001,蓝/肥皂__chunk004,same,0.837545
蓝/伤逝__chunk001,蓝/药__chunk001,same,0.820797
蓝/伤逝__chunk001,蓝/药__chunk002,same,0.732586
蓝/伤逝__chunk001,蓝/药__chunk003,same,0.846662
蓝/伤逝__chunk001,蓝/铸剑__chunk001,same,0.797647
蓝/伤逝__chunk001,蓝/铸剑__chunk002,same,0.823253
蓝/伤逝__chunk001,蓝/铸剑__chunk003,same,0.820980
蓝/伤逝__chunk001,蓝/铸剑__chunk004,same,0.802297
蓝/伤逝__chunk001,蓝/铸剑__chunk005,same,0.848175
蓝/伤逝__chunk001,蓝/铸剑__chunk006,same,0.808668
蓝/伤逝__chunk001,蓝/铸剑__chunk007,same,0.823723
蓝/伤逝__chunk001,蓝/阿Q正传__chunk001,same,0.849086
蓝/伤逝__chunk001,蓝/阿Q正传__chunk002,same,0.832082
蓝/伤逝__chunk001,蓝/阿Q正传__chunk003,same,0.784471
蓝/伤逝__chunk001,蓝/阿Q正传__chunk004,same,0.763489
蓝/伤逝__chunk001,蓝/阿Q正传__chunk005,same,0.750468
蓝/伤逝__chunk001,蓝/阿Q正传__chunk006,same,0.822550
蓝/伤逝__chunk001,蓝/阿Q正传__chunk007,same,0.810106
蓝/伤逝__chunk001,蓝/阿Q正传__chunk008,same,0.806017
蓝/伤逝__chunk001,蓝/阿Q正传__chunk009,same,0.786594
蓝/伤逝__chunk001,蓝/阿Q正传__chunk010,same,0.815746
蓝/伤逝__chunk001,蓝/阿Q正传__chunk011,same,0.851848
蓝/伤逝__chunk001,蓝/阿Q正传__chunk012,same,0.801895
蓝/伤逝__chunk001,蓝/阿Q正传__chunk013,same,0.828915
蓝/伤逝__chunk001,蓝/阿Q正传__chunk014,same,0.845638
蓝/伤逝__chunk001,蓝/阿Q正传__chunk015,same,0.813211
蓝/伤逝__chunk001,蓝/阿Q正传__chunk016,same,0.759581
蓝/伤逝__chunk001,蓝/阿Q正传__chunk017,same,0.770769
蓝/伤逝__chunk001,蓝/风波__chunk001,same,0.809448
蓝/伤逝__chunk001,蓝/风波__chunk002,same,0.839203
蓝/伤逝__chunk001,蓝/风波__chunk003,same,0.808534
蓝/伤逝__chunk002,蓝/伤逝__chunk003,same,0.903160
蓝/伤逝__chunk002,蓝/伤逝__chunk004,same,0.896639
蓝/伤逝__chunk002,蓝/伤逝__chunk005,same,0.919890
蓝/伤逝__chunk002,蓝/伤逝__chunk006,same,0.894585
蓝/伤逝__chunk002,蓝/伤逝__chunk007,same,0.872304
蓝/伤逝__chunk002,蓝/在酒楼上__chunk001,same,0.868248
蓝/伤逝__chunk002,蓝/在酒楼上__chunk002,same,0.868446
蓝/伤逝__chunk002,蓝/在酒楼上__chunk003,same,0.865430
蓝/伤逝__chunk002,蓝/在酒楼上__chunk004,same,0.862762
蓝/伤逝__chunk002,蓝/奔月__chunk001,same,0.802138
蓝/伤逝__chunk002,蓝/奔月__chunk002,same,0.820310
蓝/伤逝__chunk002,蓝/奔月__chunk003,same,0.784948
蓝/伤逝__chunk002,蓝/奔月__chunk004,same,0.779036
蓝/伤逝__chunk002,蓝/孤独者__chunk001,same,0.847079
蓝/伤逝__chunk002,蓝/孤独者__chunk002,same,0.825766
蓝/伤逝__chunk002,蓝/孤独者__chunk003,same,0.846447
蓝/伤逝__chunk002,蓝/孤独者__chunk004,same,0.831950
蓝/伤逝__chunk002,蓝/孤独者__chunk005,same,0.872998
蓝/伤逝__chunk002,蓝/孤独者__chunk006,same,0.844819
蓝/伤逝__chunk002,蓝/孤独者__chunk007,same,0.850230
蓝/伤逝__chunk002,蓝/孤独者__chunk008,same,0.802209
蓝/伤逝__chunk002,蓝/幸福的家庭__chunk001,same,0.766892
蓝/伤逝__chunk002,蓝/幸福的家庭__chunk002,same,0.792231
蓝/伤逝__chunk002,蓝/幸福的家庭__chunk003,same,0.727173
蓝/伤逝__chunk002,蓝/故乡__chunk001,same,0.869595
蓝/伤逝__chunk002,蓝/故乡__chunk002,same,0.842163
蓝/伤逝__chunk002,蓝/故乡__chunk003,same,0.827381
蓝/伤逝__chunk002,蓝/明天__chunk001,same,0.843379
蓝/伤逝__chunk002,蓝/明天__chunk002,same,0.827891
蓝/伤逝__chunk002,蓝/狂人日记__chunk001,same,0.824984
蓝/伤逝__chunk002,蓝/狂人日记__chunk002,same,0.787232
蓝/伤逝__chunk002,蓝/狂人日记__chunk003,same,0.781550
蓝/伤逝__chunk002,蓝/社戏__chunk001,same,0.861212
蓝/伤逝__chunk002,蓝/社戏__chunk002,same,0.850940
蓝/伤逝__chunk002,蓝/社戏__chunk003,same,0.830244
蓝/伤逝__chunk002,蓝/社戏__chunk004,same,0.803513
蓝/伤逝__chunk002,蓝/祝福__chunk001,same,0.841999
蓝/伤逝__chunk002,蓝/祝福__chunk002,same,0.875574
蓝/伤逝__chunk002,蓝/祝福__chunk003,same,0.842369
蓝/伤逝__chunk002,蓝/祝福__chunk004,same,0.835483
蓝/伤逝__chunk002,蓝/祝福__chunk005,same,0.842852
蓝/伤逝__chunk002,蓝/祝福__chunk006,same,0.847052
蓝/伤逝__chunk002,蓝/祝福__chunk007,same,0.829490
蓝/伤逝__chunk002,蓝/离婚__chunk001,same,0.770666
蓝/伤逝__chunk002,蓝/离婚__chunk002,same,0.809926
蓝/伤逝__chunk002,蓝/离婚__chunk003,same,0.813229
蓝/伤逝__chunk002,蓝/肥皂__chunk001,same,0.817578
蓝/伤逝__chunk002,蓝/肥皂__chunk002,same,0.823314
蓝/伤逝__chunk002,蓝/肥皂__chunk003,same,0.779938
蓝/伤逝__chunk002,蓝/肥皂__chunk004,same,0.797585
蓝/伤逝__chunk002,蓝/药__chunk001,same,0.771099
蓝/伤逝__chunk002,蓝/药__chunk002,same,0.747551
蓝/伤逝__chunk002,蓝/药__chunk003,same,0.811611
蓝/伤逝__chunk002,蓝/铸剑__chunk001,same,0.805588
蓝/伤逝__chunk002,蓝/铸剑__chunk002,same,0.794730
蓝/伤逝__chunk002,蓝/铸剑__chunk003,same,0.763994
蓝/伤逝__chunk002,蓝/铸剑__chunk004,same,0.764825
蓝/伤逝__chunk002,蓝/铸剑__chunk005,same,0.772449
蓝/伤逝__chunk002,蓝/铸剑__chunk006,same,0.752896
蓝/伤逝__chunk002,蓝/铸剑__chunk007,same,0.772569
蓝/伤逝__chunk002,蓝/阿Q正传__chunk001,same,0.760479
蓝/伤逝__chunk002,蓝/阿Q正传__chunk002,same,0.767989
蓝/伤逝__chunk002,蓝/阿Q正传__chunk003,same,0.721046
蓝/伤逝__chunk002,蓝/阿Q正传__chunk004,same,0.765548
蓝/伤逝__chunk002,蓝/阿Q正传__chunk005,same,0.730124
蓝/伤逝__chunk002,蓝/阿Q正传__chunk006,same,0.781861
蓝/伤逝__chunk002,蓝/阿Q正传__chunk007,same,0.757913
蓝/伤逝__chunk002,蓝/阿Q正传__chunk008,same,0.765203
蓝/伤逝__chunk002,蓝/阿Q正传__chunk009,same,0.743897
蓝/伤逝__chunk002,蓝/阿Q正传__chunk010,same,0.766812
蓝/伤逝__chunk002,蓝/阿Q正传__chunk011,same,0.775680
蓝/伤逝__chunk002,蓝/阿Q正传__chunk012,same,0.786390
蓝/伤逝__chunk002,蓝/阿Q正传__chunk013,same,0.790711
蓝/伤逝__chunk002,蓝/阿Q正传__chunk014,same,0.778018
蓝/伤逝__chunk002,蓝/阿Q正传__chunk015,same,0.769439
蓝/伤逝__chunk002,蓝/阿Q正传__chunk016,same,0.753616
蓝/伤逝__chunk002,蓝/阿Q正传__chunk017,same,0.737610
蓝/伤逝__chunk002,蓝/风波__chunk001,same,0.808589
蓝/伤逝__chunk002,蓝/风波__chunk002,same,0.816406
蓝/伤逝__chunk002,蓝/风波__chunk003,same,0.767647
蓝/伤逝__chunk003,蓝/伤逝__chunk004,same,0.904192
蓝/伤逝__chunk003,蓝/伤逝__chunk005,same,0.887758
蓝/伤逝__chunk003,蓝/伤逝__chunk006,same,0.881655
蓝/伤逝__chunk003,蓝/伤逝__chunk007,same,0.892940
蓝/伤逝__chunk003,蓝/在酒楼上__chunk001,same,0.874103
蓝/伤逝__chunk003,蓝/在酒楼上__chunk002,same,0.901877
蓝/伤逝__chunk003,蓝/在酒楼上__chunk003,same,0.836226
蓝/伤逝__chunk003,蓝/在酒楼上__chunk004,same,0.843980
蓝/伤逝__chunk003,蓝/奔月__chunk001,same,0.854718
蓝/伤逝__chunk003,蓝/奔月__chunk002,same,0.858942
蓝/伤逝__chunk003,蓝/奔月__chunk003,same,0.832932
蓝/伤逝__chunk003,蓝/奔月__chunk004,same,0.822419
蓝/伤逝__chunk003,蓝/孤独者__chunk001,same,0.841222
蓝/伤逝__chunk003,蓝/孤独者__chunk002,same,0.820197
蓝/伤逝__chunk003,蓝/孤独者__chunk003,same,0.869137
蓝/伤逝__chunk003,蓝/孤独者__chunk004,same,0.838436
蓝/伤逝__chunk003,蓝/孤独者__chunk005,same,0.867741
蓝/伤逝__chunk003,蓝/孤独者__chunk006,same,0.875531
蓝/伤逝__chunk003,蓝/孤独者__chunk007,same,0.865336
蓝/伤逝__chunk003,蓝/孤独者__chunk008,same,0.818339
蓝/伤逝__chunk003,蓝/幸福的家庭__chunk001,same,0.804240
蓝/伤逝__chunk003,蓝/幸福的家庭__chunk002,same,0.813990
蓝/伤逝__chunk003,蓝/幸福的家庭__chunk003,same,0.753391
蓝/伤逝__chunk003,蓝/故乡__chunk001,same,0.865476
蓝/伤逝__chunk003,蓝/故乡__chunk002,same,0.839692
蓝/伤逝__chunk003,蓝/故乡__chunk003,same,0.857418
蓝/伤逝__chunk003,蓝/明天__chunk001,same,0.816519
蓝/伤逝__chunk003,蓝/明天__chunk002,same,0.836459
蓝/伤逝__chunk003,蓝/狂人日记__chunk001,same,0.839679
蓝/伤逝__chunk003,蓝/狂人日记__chunk002,same,0.814683
蓝/伤逝__chunk003,蓝/狂人日记__chunk003,same,0.819153
蓝/伤逝__chunk003,蓝/社戏__chunk001,same,0.860648
蓝/伤逝__chunk003,蓝/社戏__chunk002,same,0.855830
蓝/伤逝__chunk003,蓝/社戏__chunk003,same,0.839168
蓝/伤逝__chunk003,蓝/社戏__chunk004,same,0.868961
蓝/伤逝__chunk003,蓝/祝福__chunk001,same,0.825576
蓝/伤逝__chunk003,蓝/祝福__chunk002,same,0.871354
蓝/伤逝__chunk003,蓝/祝福__chunk003,same,0.798548
蓝/伤逝__chunk003,蓝/祝福__chunk004,same,0.826712
蓝/伤逝__chunk003,蓝/祝福__chunk005,same,0.799233
蓝/伤逝__chunk003,蓝/祝福__chunk006,same,0.814666
蓝/伤逝__chunk003,蓝/祝福__chunk007,same,0.815714
蓝/伤逝__chunk003,蓝/离婚__chunk001,same,0.850380
蓝/伤逝__chunk003,蓝/离婚__chunk002,same,0.829764
蓝/伤逝__chunk003,蓝/离婚__chunk003,same,0.838740
蓝/伤逝__chunk003,蓝/肥皂__chunk001,same,0.837663
蓝/伤逝__chunk003,蓝/肥皂__chunk002,same,0.831931
蓝/伤逝__chunk003,蓝/肥皂__chunk003,same,0.827096
蓝/伤逝__chunk003,蓝/肥皂__chunk004,same,0.815026
蓝/伤逝__chunk003,蓝/药__chunk001,same,0.791964
蓝/伤逝__chunk003,蓝/药__chunk002,same,0.786376
蓝/伤逝__chunk003,蓝/药__chunk003,same,0.827538
蓝/伤逝__chunk003,蓝/铸剑__chunk001,same,0.842796
蓝/伤逝__chunk003,蓝/铸剑__chunk002,same,0.834251
蓝/伤逝__chunk003,蓝/铸剑__chunk003,same,0.792663
蓝/伤逝__chunk003,蓝/铸剑__chunk004,same,0.835673
蓝/伤逝__chunk003,蓝/铸剑__chunk005,same,0.815775
蓝/伤逝__chunk003,蓝/铸剑__chunk006,same,0.779260
蓝/伤逝__chunk003,蓝/铸剑__chunk007,same,0.798712
蓝/伤逝__chunk003,蓝/阿Q正传__chunk001,same,0.795061
蓝/伤逝__chunk003,蓝/阿Q正传__chunk002,same,0.781872
蓝/伤逝__chunk003,蓝/阿Q正传__chunk003,same,0.740331
蓝/伤逝__chunk003,蓝/阿Q正传__chunk004,same,0.768415
蓝/伤逝__chunk003,蓝/阿Q正传__chunk005,same,0.755337
蓝/伤逝__chunk003,蓝/阿Q正传__chunk006,same,0.778985
蓝/伤逝__chunk003,蓝/阿Q正传__chunk007,same,0.793544
蓝/伤逝__chunk003,蓝/阿Q正传__chunk008,same,0.790985
蓝/伤逝__chunk003,蓝/阿Q正传__chunk009,same,0.777304
蓝/伤逝__chunk003,蓝/阿Q正传__chunk010,same,0.767602
蓝/伤逝__chunk003,蓝/阿Q正传__chunk011,same,0.808861
蓝/伤逝__chunk003,蓝/阿Q正传__chunk012,same,0.794091
蓝/伤逝__chunk003,蓝/阿Q正传__chunk013,same,0.807338
蓝/伤逝__chunk003,蓝/阿Q正传__chunk014,same,0.815659
蓝/伤逝__chunk003,蓝/阿Q正传__chunk015,same,0.786410
蓝/伤逝__chunk003,蓝/阿Q正传__chunk016,same,0.793651
蓝/伤逝__chunk003,蓝/阿Q正传__chunk017,same,0.774112
蓝/伤逝__chunk003,蓝/风波__chunk001,same,0.813381
蓝/伤逝__chunk003,蓝/风波__chunk002,same,0.819243
蓝/伤逝__chunk003,蓝/风波__chunk003,same,0.812786
蓝/伤逝__chunk004,蓝/伤逝__chunk005,same,0.885980
蓝/伤逝__chunk004,蓝/伤逝__chunk006,same,0.870662
蓝/伤逝__chunk004,蓝/伤逝__chunk007,same,0.883823
蓝/伤逝__chunk004,蓝/在酒楼上__chunk001,same,0.860969
蓝/伤逝__chunk004,蓝/在酒楼上__chunk002,same,0.896040
蓝/伤逝__chunk004,蓝/在酒楼上__chunk003,same,0.863747
蓝/伤逝__chunk004,蓝/在酒楼上__chunk004,same,0.865836
蓝/伤逝__chunk004,蓝/奔月__chunk001,same,0.832776
蓝/伤逝__chunk004,蓝/奔月__chunk002,same,0.857254
蓝/伤逝__chunk004,蓝/奔月__chunk003,same,0.821784
蓝/伤逝__chunk004,蓝/奔月__chunk004,same,0.807479
蓝/伤逝__chunk004,蓝/孤独者__chunk001,same,0.851932
蓝/伤逝__chunk004,蓝/孤独者__chunk002,same,0.839168
蓝/伤逝__chunk004,蓝/孤独者__chunk003,same,0.866553
蓝/伤逝__chunk004,蓝/孤独者__chunk004,same,0.876940
蓝/伤逝__chunk004,蓝/孤独者__chunk005,same,0.880009
蓝/伤逝__chunk004,蓝/孤独者__chunk006,same,0.873721
蓝/伤逝__chunk004,蓝/孤独者__chunk007,same,0.866462
蓝/伤逝__chunk004,蓝/孤独者__chunk008,same,0.823755
蓝/伤逝__chunk004,蓝/幸福的家庭__chunk001,same,0.792448
蓝/伤逝__chunk004,蓝/幸福的家庭__chunk002,same,0.816122
蓝/伤逝__chunk004,蓝/幸福的家庭__chunk003,same,0.731831
蓝/伤逝__chunk004,蓝/故乡__chunk001,same,0.854903
蓝/伤逝__chunk004,蓝/故乡__chunk002,same,0.867767
蓝/伤逝__chunk004,蓝/故乡__chunk003,same,0.850902
蓝/伤逝__chunk004,蓝/明天__chunk001,same,0.822989
蓝/伤逝__chunk004,蓝/明天__chunk002,same,0.819597
蓝/伤逝__chunk004,蓝/狂人日记__chunk001,same,0.843494
蓝/伤逝__chunk004,蓝/狂人日记__chunk002,same,0.820140
蓝/伤逝__chunk004,蓝/狂人日记__chunk003,same,0.848220
蓝/伤逝__chunk004,蓝/社戏__chunk001,same,0.860844
蓝/伤逝__chunk004,蓝/社戏__chunk002,same,0.862198
蓝/伤逝__chunk004,蓝/社戏__chunk003,same,0.863408
蓝/伤逝__chunk004,蓝/社戏__chunk004,same,0.861345
蓝/伤逝__chunk004,蓝/祝福__chunk001,same,0.844740
蓝/伤逝__chunk004,蓝/祝福__chunk002,same,0.871720
蓝/伤逝__chunk004,蓝/祝福__chunk003,same,0.828365
蓝/伤逝__chunk004,蓝/祝福__chunk004,same,0.857973
蓝/伤逝__chunk004,蓝/祝福__chunk005,same,0.870118
蓝/伤逝__chunk004,蓝/祝福__chunk006,same,0.845995
蓝/伤逝__chunk004,蓝/祝福__chunk007,same,0.816750
蓝/伤逝__chunk004,蓝/离婚__chunk001,same,0.816738
蓝/伤逝__chunk004,蓝/离婚__chunk002,same,0.828963
蓝/伤逝__chunk004,蓝/离婚__chunk003,same,0.839358
蓝/伤逝__chunk004,蓝/肥皂__chunk001,same,0.826712
蓝/伤逝__chunk004,蓝/肥皂__chunk002,same,0.845685
蓝/伤逝__chunk004,蓝/肥皂__chunk003,same,0.793695
蓝/伤逝__chunk004,蓝/肥皂__chunk004,same,0.809680
蓝/伤逝__chunk004,蓝/药__chunk001,same,0.792404
蓝/伤逝__chunk004,蓝/药__chunk002,same,0.802126
蓝/伤逝__chunk004,蓝/药__chunk003,same,0.805705
蓝/伤逝__chunk004,蓝/铸剑__chunk001,same,0.826781
蓝/伤逝__chunk004,蓝/铸剑__chunk002,same,0.829434
蓝/伤逝__chunk004,蓝/铸剑__chunk003,same,0.787376
蓝/伤逝__chunk004,蓝/铸剑__chunk004,same,0.799430
蓝/伤逝__chunk004,蓝/铸剑__chunk005,same,0.798751
蓝/伤逝__chunk004,蓝/铸剑__chunk006,same,0.770004
蓝/伤逝__chunk004,蓝/铸剑__chunk007,same,0.804246
蓝/伤逝__chunk004,蓝/阿Q正传__chunk001,same,0.764484
蓝/伤逝__chunk004,蓝/阿Q正传__chunk002,same,0.777410
蓝/伤逝__chunk004,蓝/阿Q正传__chunk003,same,0.736501
蓝/伤逝__chunk004,蓝/阿Q正传__chunk004,same,0.768160
蓝/伤逝__chunk004,蓝/阿Q正传__chunk005,same,0.749517
蓝/伤逝__chunk004,蓝/阿Q正传__chunk006,same,0.785273
蓝/伤逝__chunk004,蓝/阿Q正传__chunk007,same,0.777093
蓝/伤逝__chunk004,蓝/阿Q正传__chunk008,same,0.793409
蓝/伤逝__chunk004,蓝/阿Q正传__chunk009,same,0.773177
蓝/伤逝__chunk004,蓝/阿Q正传__chunk010,same,0.774185
蓝/伤逝__chunk004,蓝/阿Q正传__chunk011,same,0.790529
蓝/伤逝__chunk004,蓝/阿Q正传__chunk012,same,0.799961
蓝/伤逝__chunk004,蓝/阿Q正传__chunk013,same,0.818065
蓝/伤逝__chunk004,蓝/阿Q正传__chunk014,same,0.808567
蓝/伤逝__chunk004,蓝/阿Q正传__chunk015,same,0.788679
蓝/伤逝__chunk004,蓝/阿Q正传__chunk016,same,0.804113
蓝/伤逝__chunk004,蓝/阿Q正传__chunk017,same,0.761325
蓝/伤逝__chunk004,蓝/风波__chunk001,same,0.829684
蓝/伤逝__chunk004,蓝/风波__chunk002,same,0.849399
蓝/伤逝__chunk004,蓝/风波__chunk003,same,0.808453
蓝/伤逝__chunk005,蓝/伤逝__chunk006,same,0.916948
蓝/伤逝__chunk005,蓝/伤逝__chunk007,same,0.902328
蓝/伤逝__chunk005,蓝/在酒楼上__chunk001,same,0.881632
蓝/伤逝__chunk005,蓝/在酒楼上__chunk002,same,0.883403
蓝/伤逝__chunk005,蓝/在酒楼上__chunk003,same,0.881106
蓝/伤逝__chunk005,蓝/在酒楼上__chunk004,same,0.851782
蓝/伤逝__chunk005,蓝/奔月__chunk001,same,0.820115
蓝/伤逝__chunk005,蓝/奔月__chunk002,same,0.834443
蓝/伤逝__chunk005,蓝/奔月__chunk003,same,0.811046
蓝/伤逝__chunk005,蓝/奔月__chunk004,same,0.799438
蓝/伤逝__chunk005,蓝/孤独者__chunk001,same,0.838388
蓝/伤逝__chunk005,蓝/孤独者__chunk002,same,0.850888
蓝/伤逝__chunk005,蓝/孤独者__chunk003,same,0.867946
蓝/伤逝__chunk005,蓝/孤独者__chunk004,same,0.855999
蓝/伤逝__chunk005,蓝/孤独者__chunk005,same,0.876477
蓝/伤逝__chunk005,蓝/孤独者__chunk006,same,0.863490
蓝/伤逝__chunk005,蓝/孤独者__chunk007,same,0.876422
蓝/伤逝__chunk005,蓝/孤独者__chunk008,same,0.797930
蓝/伤逝__chunk005,蓝/幸福的家庭__chunk001,same,0.811516
蓝/伤逝__chunk005,蓝/幸福的家庭__chunk002,same,0.833026
蓝/伤逝__chunk005,蓝/幸福的家庭__chunk003,same,0.757787
蓝/伤逝__chunk005,蓝/故乡__chunk001,same,0.883257
蓝/伤逝__chunk005,蓝/故乡__chunk002,same,0.858754
蓝/伤逝__chunk005,蓝/故乡__chunk003,same,0.832808
蓝/伤逝__chunk005,蓝/明天__chunk001,same,0.854797
蓝/伤逝__chunk005,蓝/明天__chunk002,same,0.829365
蓝/伤逝__chunk005,蓝/狂人日记__chunk001,same,0.857858
蓝/伤逝__chunk005,蓝/狂人日记__chunk002,same,0.836706
蓝/伤逝__chunk005,蓝/狂人日记__chunk003,same,0.830486
蓝/伤逝__chunk005,蓝/社戏__chunk001,same,0.873648
蓝/伤逝__chunk005,蓝/社戏__chunk002,same,0.857757
蓝/伤逝__chunk005,蓝/社戏__chunk003,same,0.839572
蓝/伤逝__chunk005,蓝/社戏__chunk004,same,0.808770
蓝/伤逝__chunk005,蓝/祝福__chunk001,same,0.871533
蓝/伤逝__chunk005,蓝/祝福__chunk002,same,0.897686
蓝/伤逝__chunk005,蓝/祝福__chunk003,same,0.828788
蓝/伤逝__chunk005,蓝/祝福__chunk004,same,0.831758
蓝/伤逝__chunk005,蓝/祝福__chunk005,same,0.821392
蓝/伤逝__chunk005,蓝/祝福__chunk006,same,0.822906
蓝/伤逝__chunk005,蓝/祝福__chunk007,same,0.827565
蓝/伤逝__chunk005,蓝/离婚__chunk001,same,0.797479
蓝/伤逝__chunk005,蓝/离婚__chunk002,same,0.821302
蓝/伤逝__chunk005,蓝/离婚__chunk003,same,0.842849
蓝/伤逝__chunk005,蓝/肥皂__chunk001,same,0.855822
蓝/伤逝__chunk005,蓝/肥皂__chunk002,same,0.855264
蓝/伤逝__chunk005,蓝/肥皂__chunk003,same,0.819590
蓝/伤逝__chunk005,蓝/肥皂__chunk004,same,0.813931
蓝/伤逝__chunk005,蓝/药__chunk001,same,0.806650
蓝/伤逝__chunk005,蓝/药__chunk002,same,0.752177
蓝/伤逝__chunk005,蓝/药__chunk003,same,0.831286
蓝/伤逝__chunk005,蓝/铸剑__chunk001,same,0.816367
蓝/伤逝__chunk005,蓝/铸剑__chunk002,same,0.789973
蓝/伤逝__chunk005,蓝/铸剑__chunk003,same,0.780466
蓝/伤逝__chunk005,蓝/铸剑__chunk004,same,0.782164
蓝/伤逝__chunk005,蓝/铸剑__chunk005,same,0.789898
蓝/伤逝__chunk005,蓝/铸剑__chunk006,same,0.758200
蓝/伤逝__chunk005,蓝/铸剑__chunk007,same,0.773132
蓝/伤逝__chunk005,蓝/阿Q正传__chunk001,same,0.789462
蓝/伤逝__chunk005,蓝/阿Q正传__chunk002,same,0.778119
蓝/伤逝__chunk005,蓝/阿Q正传__chunk003,same,0.733659
蓝/伤逝__chunk005,蓝/阿Q正传__chunk004,same,0.774005
蓝/伤逝__chunk005,蓝/阿Q正传__chunk005,same,0.756000
蓝/伤逝__chunk005,蓝/阿Q正传__chunk006,same,0.784933
蓝/伤逝__chunk005,蓝/阿Q正传__chunk007,same,0.781894
蓝/伤逝__chunk005,蓝/阿Q正传__chunk008,same,0.783071
蓝/伤逝__chunk005,蓝/阿Q正传__chunk009,same,0.763067
蓝/伤逝__chunk005,蓝/阿Q正传__chunk010,same,0.773965
蓝/伤逝__chunk005,蓝/阿Q正传__chunk011,same,0.784603
蓝/伤逝__chunk005,蓝/阿Q正传__chunk012,same,0.821344
蓝/伤逝__chunk005,蓝/阿Q正传__chunk013,same,0.788377
蓝/伤逝__chunk005,蓝/阿Q正传__chunk014,same,0.798040
蓝/伤逝__chunk005,蓝/阿Q正传__chunk015,same,0.778866
蓝/伤逝__chunk005,蓝/阿Q正传__chunk016,same,0.756672
蓝/伤逝__chunk005,蓝/阿Q正传__chunk017,same,0.758669
蓝/伤逝__chunk005,蓝/风波__chunk001,same,0.816007
蓝/伤逝__chunk005,蓝/风波__chunk002,same,0.831750
蓝/伤逝__chunk005,蓝/风波__chunk003,same,0.801588
蓝/伤逝__chunk006,蓝/伤逝__chunk007,same,0.917209
蓝/伤逝__chunk006,蓝/在酒楼上__chunk001,same,0.900453
蓝/伤逝__chunk006,蓝/在酒楼上__chunk002,same,0.880415
蓝/伤逝__chunk006,蓝/在酒楼上__chunk003,same,0.870166
蓝/伤逝__chunk006,蓝/在酒楼上__chunk004,same,0.832790
蓝/伤逝__chunk006,蓝/奔月__chunk001,same,0.853340
蓝/伤逝__chunk006,蓝/奔月__chunk002,same,0.848141
蓝/伤逝__chunk006,蓝/奔月__chunk003,same,0.814021
蓝/伤逝__chunk006,蓝/奔月__chunk004,same,0.826783
蓝/伤逝__chunk006,蓝/孤独者__chunk001,same,0.832795
蓝/伤逝__chunk006,蓝/孤独者__chunk002,same,0.858138
蓝/伤逝__chunk006,蓝/孤独者__chunk003,same,0.847783
蓝/伤逝__chunk006,蓝/孤独者__chunk004,same,0.863323
蓝/伤逝__chunk006,蓝/孤独者__chunk005,same,0.883952
蓝/伤逝__chunk006,蓝/孤独者__chunk006,same,0.861318
蓝/伤逝__chunk006,蓝/孤独者__chunk007,same,0.883985
蓝/伤逝__chunk006,蓝/孤独者__chunk008,same,0.821593
蓝/伤逝__chunk006,蓝/幸福的家庭__chunk001,same,0.832965
蓝/伤逝__chunk006,蓝/幸福的家庭__chunk002,same,0.840376
蓝/伤逝__chunk006,蓝/幸福的家庭__chunk003,same,0.756285
蓝/伤逝__chunk006,蓝/故乡__chunk001,same,0.898003
蓝/伤逝__chunk006,蓝/故乡__chunk002,same,0.853097
蓝/伤逝__chunk006,蓝/故乡__chunk003,same,0.848811
蓝/伤逝__chunk006,蓝/明天__chunk001,same,0.860962
蓝/伤逝__chunk006,蓝/明天__chunk002,same,0.851962
蓝/伤逝__chunk006,蓝/狂人日记__chunk001,same,0.888893
蓝/伤逝__chunk006,蓝/狂人日记__chunk002,same,0.852745
蓝/伤逝__chunk006,蓝/狂人日记__chunk003,same,0.803244
蓝/伤逝__chunk006,蓝/社戏__chunk001,same,0.891877
蓝/伤逝__chunk006,蓝/社戏__chunk002,same,0.889011
蓝/伤逝__chunk006,蓝/社戏__chunk003,same,0.867602
蓝/伤逝__chunk006,蓝/社戏__chunk004,same,0.837478
蓝/伤逝__chunk006,蓝/祝福__chunk001,same,0.867887
蓝/伤逝__chunk006,蓝/祝福__chunk002,same,0.901621
蓝/伤逝__chunk006,蓝/祝福__chunk003,same,0.824455
蓝/伤逝__chunk006,蓝/祝福__chunk004,same,0.836028
蓝/伤逝__chunk006,蓝/祝福__chunk005,same,0.817792
蓝/伤逝__chunk006,蓝/祝福__chunk006,same,0.834363
蓝/伤逝__chunk006,蓝/祝福__chunk007,same,0.852064
蓝/伤逝__chunk006,蓝/离婚__chunk001,same,0.817698
蓝/伤逝__chunk006,蓝/离婚__chunk002,same,0.860479
蓝/伤逝__chunk006,蓝/离婚__chunk003,same,0.817278
蓝/伤逝__chunk006,蓝/肥皂__chunk001,same,0.850035
蓝/伤逝__chunk006,蓝/肥皂__chunk002,same,0.820616
蓝/伤逝__chunk006,蓝/肥皂__chunk003,same,0.844257
蓝/伤逝__chunk006,蓝/肥皂__chunk004,same,0.850210
蓝/伤逝__chunk006,蓝/药__chunk001,same,0.829072
蓝/伤逝__chunk006,蓝/药__chunk002,same,0.747982
蓝/伤逝__chunk006,蓝/药__chunk003,same,0.852959
蓝/伤逝__chunk006,蓝/铸剑__chunk001,same,0.824215
蓝/伤逝__chunk006,蓝/铸剑__chunk002,same,0.829823
蓝/伤逝__chunk006,蓝/铸剑__chunk003,same,0.826744
蓝/伤逝__chunk006,蓝/铸剑__chunk004,same,0.818782
蓝/伤逝__chunk006,蓝/铸剑__chunk005,same,0.836312
蓝/伤逝__chunk006,蓝/铸剑__chunk006,same,0.793561
蓝/伤逝__chunk006,蓝/铸剑__chunk007,same,0.810774
蓝/伤逝__chunk006,蓝/阿Q正传__chunk001,same,0.826589
蓝/伤逝__chunk006,蓝/阿Q正传__chunk002,same,0.796234
蓝/伤逝__chunk006,蓝/阿Q正传__chunk003,same,0.751459
蓝/伤逝__chunk006,蓝/阿Q正传__chunk004,same,0.772583
蓝/伤逝__chunk006,蓝/阿Q正传__chunk005,same,0.758565
蓝/伤逝__chunk006,蓝/阿Q正传__chunk006,same,0.804116
蓝/伤逝__chunk006,蓝/阿Q正传__chunk007,same,0.809599
蓝/伤逝__chunk006,蓝/阿Q正传__chunk008,same,0.792905
蓝/伤逝__chunk006,蓝/阿Q正传__chunk009,same,0.784285
蓝/伤逝__chunk006,蓝/阿Q正传__chunk010,same,0.787684
蓝/伤逝__chunk006,蓝/阿Q正传__chunk011,same,0.816563
蓝/伤逝__chunk006,蓝/阿Q正传__chunk012,same,0.817479
蓝/伤逝__chunk006,蓝/阿Q正传__chunk013,same,0.827422
蓝/伤逝__chunk006,蓝/阿Q正传__chunk014,same,0.837918
蓝/伤逝__chunk006,蓝/阿Q正传__chunk015,same,0.811490
蓝/伤逝__chunk006,蓝/阿Q正传__chunk016,same,0.764933
蓝/伤逝__chunk006,蓝/阿Q正传__chunk017,same,0.780390
蓝/伤逝__chunk006,蓝/风波__chunk001,same,0.835265
蓝/伤逝__chunk006,蓝/风波__chunk002,same,0.834856
蓝/伤逝__chunk006,蓝/风波__chunk003,same,0.787340
蓝/伤逝__chunk007,蓝/在酒楼上__chunk001,same,0.892874
蓝/伤逝__chunk007,蓝/在酒楼上__chunk002,same,0.882983
蓝/伤逝__chunk007,蓝/在酒楼上__chunk003,same,0.849641
蓝/伤逝__chunk007,蓝/在酒楼上__chunk004,same,0.817882
蓝/伤逝__chunk007,蓝/奔月__chunk001,same,0.861749
蓝/伤逝__chunk007,蓝/奔月__chunk002,same,0.876233
蓝/伤逝__chunk007,蓝/奔月__chunk003,same,0.829065
蓝/伤逝__chunk007,蓝/奔月__chunk004,same,0.840432
蓝/伤逝__chunk007,蓝/孤独者__chunk001,same,0.839457
蓝/伤逝__chunk007,蓝/孤独者__chunk002,same,0.852542
蓝/伤逝__chunk007,蓝/孤独者__chunk003,same,0.851737
蓝/伤逝__chunk007,蓝/孤独者__chunk004,same,0.884377
蓝/伤逝__chunk007,蓝/孤独者__chunk005,same,0.896039
蓝/伤逝__chunk007,蓝/孤独者__chunk006,same,0.905487
蓝/伤逝__chunk007,蓝/孤独者__chunk007,same,0.866914
蓝/伤逝__chunk007,蓝/孤独者__chunk008,same,0.809330
蓝/伤逝__chunk007,蓝/幸福的家庭__chunk001,same,0.832067
蓝/伤逝__chunk007,蓝/幸福的家庭__chunk002,same,0.824785
蓝/伤逝__chunk007,蓝/幸福的家庭__chunk003,same,0.741664
蓝/伤逝__chunk007,蓝/故乡__chunk001,same,0.881063
蓝/伤逝__chunk007,蓝/故乡__chunk002,same,0.841454
蓝/伤逝__chunk007,蓝/故乡__chunk003,same,0.881904
蓝/伤逝__chunk007,蓝/明天__chunk001,same,0.807126
蓝/伤逝__chunk007,蓝/明天__chunk002,same,0.820100
蓝/伤逝__chunk007,蓝/狂人日记__chunk001,same,0.892159
蓝/伤逝__chunk007,蓝/狂人日记__chunk002,same,0.847940
蓝/伤逝__chunk007,蓝/狂人日记__chunk003,same,0.831829
蓝/伤逝__chunk007,蓝/社戏__chunk001,same,0.887071
蓝/伤逝__chunk007,蓝/社戏__chunk002,same,0.870781
蓝/伤逝__chunk007,蓝/社戏__chunk003,same,0.856508
蓝/伤逝__chunk007,蓝/社戏__chunk004,same,0.841633
蓝/伤逝__chunk007,蓝/祝福__chunk001,same,0.870407
蓝/伤逝__chunk007,蓝/祝福__chunk002,same,0.884251
蓝/伤逝__chunk007,蓝/祝福__chunk003,same,0.779523
蓝/伤逝__chunk007,蓝/祝福__chunk004,same,0.814348
蓝/伤逝__chunk007,蓝/祝福__chunk005,same,0.814276
蓝/伤逝__chunk007,蓝/祝福__chunk006,same,0.798248
蓝/伤逝__chunk007,蓝/祝福__chunk007,same,0.816771
蓝/伤逝__chunk007,蓝/离婚__chunk001,same,0.819954
蓝/伤逝__chunk007,蓝/离婚__chunk002,same,0.864451
蓝/伤逝__chunk007,蓝/离婚__chunk003,same,0.808888
蓝/伤逝__chunk007,蓝/肥皂__chunk001,same,0.835579
蓝/伤逝__chunk007,蓝/肥皂__chunk002,same,0.823616
蓝/伤逝__chunk007,蓝/肥皂__chunk003,same,0.827157
蓝/伤逝__chunk007,蓝/肥皂__chunk004,same,0.839440
蓝/伤逝__chunk007,蓝/药__chunk001,same,0.819173
蓝/伤逝__chunk007,蓝/药__chunk002,same,0.763363
蓝/伤逝__chunk007,蓝/药__chunk003,same,0.821920
蓝/伤逝__chunk007,蓝/铸剑__chunk001,same,0.835198
蓝/伤逝__chunk007,蓝/铸剑__chunk002,same,0.857777
蓝/伤逝__chunk007,蓝/铸剑__chunk003,same,0.807441
蓝/伤逝__chunk007,蓝/铸剑__chunk004,same,0.832331
蓝/伤逝__chunk007,蓝/铸剑__chunk005,same,0.825060
蓝/伤逝__chunk007,蓝/铸剑__chunk006,same,0.792390
蓝/伤逝__chunk007,蓝/铸剑__chunk007,same,0.802579
蓝/伤逝__chunk007,蓝/阿Q正传__chunk001,same,0.812785
蓝/伤逝__chunk007,蓝/阿Q正传__chunk002,same,0.785715
蓝/伤逝__chunk007,蓝/阿Q正传__chunk003,same,0.725726
蓝/伤逝__chunk007,蓝/阿Q正传__chunk004,same,0.761450
蓝/伤逝__chunk007,蓝/阿Q正传__chunk005,same,0.750820
蓝/伤逝__chunk007,蓝/阿Q正传__chunk006,same,0.787029
蓝/伤逝__chunk007,蓝/阿Q正传__chunk007,same,0.788876
蓝/伤逝__chunk007,蓝/阿Q正传__chunk008,same,0.785955
蓝/伤逝__chunk007,蓝/阿Q正传__chunk009,same,0.778702
蓝/伤逝__chunk007,蓝/阿Q正传__chunk010,same,0.769990
蓝/伤逝__chunk007,蓝/阿Q正传__chunk011,same,0.798796
蓝/伤逝__chunk007,蓝/阿Q正传__chunk012,same,0.833936
蓝/伤逝__chunk007,蓝/阿Q正传__chunk013,same,0.811489
蓝/伤逝__chunk007,蓝/阿Q正传__chunk014,same,0.824283
蓝/伤逝__chunk007,蓝/阿Q正传__chunk015,same,0.793115
蓝/伤逝__chunk007,蓝/阿Q正传__chunk016,same,0.781861
蓝/伤逝__chunk007,蓝/阿Q正传__chunk017,same,0.774746
蓝/伤逝__chunk007,蓝/风波__chunk001,same,0.813886
蓝/伤逝__chunk007,蓝/风波__chunk002,same,0.841811
蓝/伤逝__chunk007,蓝/风波__chunk003,same,0.793189
蓝/在酒楼上__chunk001,蓝/在酒楼上__chunk002,same,0.905905
蓝/在酒楼上__chunk001,蓝/在酒楼上__chunk003,same,0.877382
蓝/在酒楼上__chunk001,蓝/在酒楼上__chunk004,same,0.825046
蓝/在酒楼上__chunk001,蓝/奔月__chunk001,same,0.879150
蓝/在酒楼上__chunk001,蓝/奔月__chunk002,same,0.868925
蓝/在酒楼上__chunk001,蓝/奔月__chunk003,same,0.863832
蓝/在酒楼上__chunk001,蓝/奔月__chunk004,same,0.848133
蓝/在酒楼上__chunk001,蓝/孤独者__chunk001,same,0.890955
蓝/在酒楼上__chunk001,蓝/孤独者__chunk002,same,0.900152
蓝/在酒楼上__chunk001,蓝/孤独者__chunk003,same,0.864575
蓝/在酒楼上__chunk001,蓝/孤独者__chunk004,same,0.876235
蓝/在酒楼上__chunk001,蓝/孤独者__chunk005,same,0.870848
蓝/在酒楼上__chunk001,蓝/孤独者__chunk006,same,0.871257
蓝/在酒楼上__chunk001,蓝/孤独者__chunk007,same,0.896286
蓝/在酒楼上__chunk001,蓝/孤独者__chunk008,same,0.847594
蓝/在酒楼上__chunk001,蓝/幸福的家庭__chunk001,same,0.849299
蓝/在酒楼上__chunk001,蓝/幸福的家庭__chunk002,same,0.864140
蓝/在酒楼上__chunk001,蓝/幸福的家庭__chunk003,same,0.783972
蓝/在酒楼上__chunk001,蓝/故乡__chunk001,same,0.917782
蓝/在酒楼上__chunk001,蓝/故乡__chunk002,same,0.851788
蓝/在酒楼上__chunk001,蓝/故乡__chunk003,same,0.859072
蓝/在酒楼上__chunk001,蓝/明天__chunk001,same,0.839014
蓝/在酒楼上__chunk001,蓝/明天__chunk002,same,0.881528
蓝/在酒楼上__chunk001,蓝/狂人日记__chunk001,same,0.851746
蓝/在酒楼上__chunk001,蓝/狂人日记__chunk002,same,0.856281
蓝/在酒楼上__chunk001,蓝/狂人日记__chunk003,same,0.838870
蓝/在酒楼上__chunk001,蓝/社戏__chunk001,same,0.908910
蓝/在酒楼上__chunk001,蓝/社戏__chunk002,same,0.904741
蓝/在酒楼上__chunk001,蓝/社戏__chunk003,same,0.915312
蓝/在酒楼上__chunk001,蓝/社戏__chunk004,same,0.883796
蓝/在酒楼上__chunk001,蓝/祝福__chunk001,same,0.898642
蓝/在酒楼上__chunk001,蓝/祝福__chunk002,same,0.884278
蓝/在酒楼上__chunk001,蓝/祝福__chunk003,same,0.817287
蓝/在酒楼上__chunk001,蓝/祝福__chunk004,same,0.804282
蓝/在酒楼上__chunk001,蓝/祝福__chunk005,same,0.784870
蓝/在酒楼上__chunk001,蓝/祝福__chunk006,same,0.812860
蓝/在酒楼上__chunk001,蓝/祝福__chunk007,same,0.817008
蓝/在酒楼上__chunk001,蓝/离婚__chunk001,same,0.845476
蓝/在酒楼上__chunk001,蓝/离婚__chunk002,same,0.861307
蓝/在酒楼上__chunk001,蓝/离婚__chunk003,same,0.830532
蓝/在酒楼上__chunk001,蓝/肥皂__chunk001,same,0.867476
蓝/在酒楼上__chunk001,蓝/肥皂__chunk002,same,0.865894
蓝/在酒楼上__chunk001,蓝/肥皂__chunk003,same,0.861682
蓝/在酒楼上__chunk001,蓝/肥皂__chunk004,same,0.843558
蓝/在酒楼上__chunk001,蓝/药__chunk001,same,0.864607
蓝/在酒楼上__chunk001,蓝/药__chunk002,same,0.796882
蓝/在酒楼上__chunk001,蓝/药__chunk003,same,0.872019
蓝/在酒楼上__chunk001,蓝/铸剑__chunk001,same,0.860948
蓝/在酒楼上__chunk001,蓝/铸剑__chunk002,same,0.852053
蓝/在酒楼上__chunk001,蓝/铸剑__chunk003,same,0.852678
蓝/在酒楼上__chunk001,蓝/铸剑__chunk004,same,0.864924
蓝/在酒楼上__chunk001,蓝/铸剑__chunk005,same,0.866034
蓝/在酒楼上__chunk001,蓝/铸剑__chunk006,same,0.843440
蓝/在酒楼上__chunk001,蓝/铸剑__chunk007,same,0.852448
蓝/在酒楼上__chunk001,蓝/阿Q正传__chunk001,same,0.858438
蓝/在酒楼上__chunk001,蓝/阿Q正传__chunk002,same,0.819653
蓝/在酒楼上__chunk001,蓝/阿Q正传__chunk003,same,0.772110
蓝/在酒楼上__chunk001,蓝/阿Q正传__chunk004,same,0.829759
蓝/在酒楼上__chunk001,蓝/阿Q正传__chunk005,same,0.787174
蓝/在酒楼上__chunk001,蓝/阿Q正传__chunk006,same,0.836300
蓝/在酒楼上__chunk001,蓝/阿Q正传__chunk007,same,0.853471
蓝/在酒楼上__chunk001,蓝/阿Q正传__chunk008,same,0.817668
蓝/在酒楼上__chunk001,蓝/阿Q正传__chunk009,same,0.822217
蓝/在酒楼上__chunk001,蓝/阿Q正传__chunk010,same,0.818780
蓝/在酒楼上__chunk001,蓝/阿Q正传__chunk011,same,0.861760
蓝/在酒楼上__chunk001,蓝/阿Q正传__chunk012,same,0.831230
蓝/在酒楼上__chunk001,蓝/阿Q正传__chunk013,same,0.852115
蓝/在酒楼上__chunk001,蓝/阿Q正传__chunk014,same,0.873234
蓝/在酒楼上__chunk001,蓝/阿Q正传__chunk015,same,0.841630
蓝/在酒楼上__chunk001,蓝/阿Q正传__chunk016,same,0.804749
蓝/在酒楼上__chunk001,蓝/阿Q正传__chunk017,same,0.807585
蓝/在酒楼上__chunk001,蓝/风波__chunk001,same,0.844583
蓝/在酒楼上__chunk001,蓝/风波__chunk002,same,0.856706
蓝/在酒楼上__chunk001,蓝/风波__chunk003,same,0.819880
蓝/在酒楼上__chunk002,蓝/在酒楼上__chunk003,same,0.894843
蓝/在酒楼上__chunk002,蓝/在酒楼上__chunk004,same,0.866895
蓝/在酒楼上__chunk002,蓝/奔月__chunk001,same,0.868360
蓝/在酒楼上__chunk002,蓝/奔月__chunk002,same,0.863627
蓝/在酒楼上__chunk002,蓝/奔月__chunk003,same,0.854052
蓝/在酒楼上__chunk002,蓝/奔月__chunk004,same,0.842526
蓝/在酒楼上__chunk002,蓝/孤独者__chunk001,same,0.859799
蓝/在酒楼上__chunk002,蓝/孤独者__chunk002,same,0.867799
蓝/在酒楼上__chunk002,蓝/孤独者__chunk003,same,0.902538
蓝/在酒楼上__chunk002,蓝/孤独者__chunk004,same,0.895233
蓝/在酒楼上__chunk002,蓝/孤独者__chunk005,same,0.881836
蓝/在酒楼上__chunk002,蓝/孤独者__chunk006,same,0.902714
蓝/在酒楼上__chunk002,蓝/孤独者__chunk007,same,0.894646
蓝/在酒楼上__chunk002,蓝/孤独者__chunk008,same,0.850941
蓝/在酒楼上__chunk002,蓝/幸福的家庭__chunk001,same,0.851721
蓝/在酒楼上__chunk002,蓝/幸福的家庭__chunk002,same,0.842882
蓝/在酒楼上__chunk002,蓝/幸福的家庭__chunk003,same,0.796856
蓝/在酒楼上__chunk002,蓝/故乡__chunk001,same,0.909280
蓝/在酒楼上__chunk002,蓝/故乡__chunk002,same,0.886384
蓝/在酒楼上__chunk002,蓝/故乡__chunk003,same,0.867449
蓝/在酒楼上__chunk002,蓝/明天__chunk001,same,0.831969
蓝/在酒楼上__chunk002,蓝/明天__chunk002,same,0.842550
蓝/在酒楼上__chunk002,蓝/狂人日记__chunk001,same,0.862443
蓝/在酒楼上__chunk002,蓝/狂人日记__chunk002,same,0.863444
蓝/在酒楼上__chunk002,蓝/狂人日记__chunk003,same,0.861001
蓝/在酒楼上__chunk002,蓝/社戏__chunk001,same,0.866673
蓝/在酒楼上__chunk002,蓝/社戏__chunk002,same,0.878859
蓝/在酒楼上__chunk002,蓝/社戏__chunk003,same,0.871369
蓝/在酒楼上__chunk002,蓝/社戏__chunk004,same,0.891484
蓝/在酒楼上__chunk002,蓝/祝福__chunk001,same,0.850384
蓝/在酒楼上__chunk002,蓝/祝福__chunk002,same,0.893179
蓝/在酒楼上__chunk002,蓝/祝福__chunk003,same,0.809613
蓝/在酒楼上__chunk002,蓝/祝福__chunk004,same,0.831085
蓝/在酒楼上__chunk002,蓝/祝福__chunk005,same,0.839987
蓝/在酒楼上__chunk002,蓝/祝福__chunk006,same,0.838994
蓝/在酒楼上__chunk002,蓝/祝福__chunk007,same,0.792876
蓝/在酒楼上__chunk002,蓝/离婚__chunk001,same,0.868056
蓝/在酒楼上__chunk002,蓝/离婚__chunk002,same,0.832872
蓝/在酒楼上__chunk002,蓝/离婚__chunk003,same,0.851880
蓝/在酒楼上__chunk002,蓝/肥皂__chunk001,same,0.864341
蓝/在酒楼上__chunk002,蓝/肥皂__chunk002,same,0.870550
蓝/在酒楼上__chunk002,蓝/肥皂__chunk003,same,0.863368
蓝/在酒楼上__chunk002,蓝/肥皂__chunk004,same,0.844979
蓝/在酒楼上__chunk002,蓝/药__chunk001,same,0.836662
蓝/在酒楼上__chunk002,蓝/药__chunk002,same,0.818300
蓝/在酒楼上__chunk002,蓝/药__chunk003,same,0.831198
蓝/在酒楼上__chunk002,蓝/铸剑__chunk001,same,0.875611
蓝/在酒楼上__chunk002,蓝/铸剑__chunk002,same,0.861700
蓝/在酒楼上__chunk002,蓝/铸剑__chunk003,same,0.839704
蓝/在酒楼上__chunk002,蓝/铸剑__chunk004,same,0.856441
蓝/在酒楼上__chunk002,蓝/铸剑__chunk005,same,0.842121
蓝/在酒楼上__chunk002,蓝/铸剑__chunk006,same,0.790700
蓝/在酒楼上__chunk002,蓝/铸剑__chunk007,same,0.811949
蓝/在酒楼上__chunk002,蓝/阿Q正传__chunk001,same,0.814093
蓝/在酒楼上__chunk002,蓝/阿Q正传__chunk002,same,0.802039
蓝/在酒楼上__chunk002,蓝/阿Q正传__chunk003,same,0.766207
蓝/在酒楼上__chunk002,蓝/阿Q正传__chunk004,same,0.808160
蓝/在酒楼上__chunk002,蓝/阿Q正传__chunk005,same,0.780263
蓝/在酒楼上__chunk002,蓝/阿Q正传__chunk006,same,0.804078
蓝/在酒楼上__chunk002,蓝/阿Q正传__chunk007,same,0.821613
蓝/在酒楼上__chunk002,蓝/阿Q正传__chunk008,same,0.818553
蓝/在酒楼上__chunk002,蓝/阿Q正传__chunk009,same,0.810706
蓝/在酒楼上__chunk002,蓝/阿Q正传__chunk010,same,0.794904
蓝/在酒楼上__chunk002,蓝/阿Q正传__chunk011,same,0.822658
蓝/在酒楼上__chunk002,蓝/阿Q正传__chunk012,same,0.816170
蓝/在酒楼上__chunk002,蓝/阿Q正传__chunk013,same,0.848157
蓝/在酒楼上__chunk002,蓝/阿Q正传__chunk014,same,0.848760
蓝/在酒楼上__chunk002,蓝/阿Q正传__chunk015,same,0.829471
蓝/在酒楼上__chunk002,蓝/阿Q正传__chunk016,same,0.824811
蓝/在酒楼上__chunk002,蓝/阿Q正传__chunk017,same,0.794689
蓝/在酒楼上__chunk002,蓝/风波__chunk001,same,0.841594
蓝/在酒楼上__chunk002,蓝/风波__chunk002,same,0.855687
蓝/在酒楼上__chunk002,蓝/风波__chunk003,same,0.836908
蓝/在酒楼上__chunk003,蓝/在酒楼上__chunk004,same,0.884928
蓝/在酒楼上__chunk003,蓝/奔月__chunk001,same,0.814690
蓝/在酒楼上__chunk003,蓝/奔月__chunk002,same,0.829685
蓝/在酒楼上__chunk003,蓝/奔月__chunk003,same,0.800073
蓝/在酒楼上__chunk003,蓝/奔月__chunk004,same,0.773873
蓝/在酒楼上__chunk003,蓝/孤独者__chunk001,same,0.831511
蓝/在酒楼上__chunk003,蓝/孤独者__chunk002,same,0.843776
蓝/在酒楼上__chunk003,蓝/孤独者__chunk003,same,0.846904
蓝/在酒楼上__chunk003,蓝/孤独者__chunk004,same,0.850873
蓝/在酒楼上__chunk003,蓝/孤独者__chunk005,same,0.893219
蓝/在酒楼上__chunk003,蓝/孤独者__chunk006,same,0.864002
蓝/在酒楼上__chunk003,蓝/孤独者__chunk007,same,0.821204
蓝/在酒楼上__chunk003,蓝/孤独者__chunk008,same,0.803332
蓝/在酒楼上__chunk003,蓝/幸福的家庭__chunk001,same,0.785358
蓝/在酒楼上__chunk003,蓝/幸福的家庭__chunk002,same,0.791887
蓝/在酒楼上__chunk003,蓝/幸福的家庭__chunk003,same,0.755138
蓝/在酒楼上__chunk003,蓝/故乡__chunk001,same,0.879405
蓝/在酒楼上__chunk003,蓝/故乡__chunk002,same,0.866482
蓝/在酒楼上__chunk003,蓝/故乡__chunk003,same,0.820847
蓝/在酒楼上__chunk003,蓝/明天__chunk001,same,0.816881
蓝/在酒楼上__chunk003,蓝/明天__chunk002,same,0.825374
蓝/在酒楼上__chunk003,蓝/狂人日记__chunk001,same,0.833206
蓝/在酒楼上__chunk003,蓝/狂人日记__chunk002,same,0.844710
蓝/在酒楼上__chunk003,蓝/狂人日记__chunk003,same,0.825568
蓝/在酒楼上__chunk003,蓝/社戏__chunk001,same,0.846028
蓝/在酒楼上__chunk003,蓝/社戏__chunk002,same,0.867204
蓝/在酒楼上__chunk003,蓝/社戏__chunk003,same,0.826890
蓝/在酒楼上__chunk003,蓝/社戏__chunk004,same,0.818617
蓝/在酒楼上__chunk003,蓝/祝福__chunk001,same,0.826365
蓝/在酒楼上__chunk003,蓝/祝福__chunk002,same,0.874189
蓝/在酒楼上__chunk003,蓝/祝福__chunk003,same,0.840612
蓝/在酒楼上__chunk003,蓝/祝福__chunk004,same,0.836783
蓝/在酒楼上__chunk003,蓝/祝福__chunk005,same,0.849392
蓝/在酒楼上__chunk003,蓝/祝福__chunk006,same,0.835235
蓝/在酒楼上__chunk003,蓝/祝福__chunk007,same,0.798743
蓝/在酒楼上__chunk003,蓝/离婚__chunk001,same,0.815964
蓝/在酒楼上__chunk003,蓝/离婚__chunk002,same,0.792032
蓝/在酒楼上__chunk003,蓝/离婚__chunk003,same,0.833387
蓝/在酒楼上__chunk003,蓝/肥皂__chunk001,same,0.860829
蓝/在酒楼上__chunk003,蓝/肥皂__chunk002,same,0.838681
蓝/在酒楼上__chunk003,蓝/肥皂__chunk003,same,0.823474
蓝/在酒楼上__chunk003,蓝/肥皂__chunk004,same,0.811719
蓝/在酒楼上__chunk003,蓝/药__chunk001,same,0.756528
蓝/在酒楼上__chunk003,蓝/药__chunk002,same,0.745391
蓝/在酒楼上__chunk003,蓝/药__chunk003,same,0.795612
蓝/在酒楼上__chunk003,蓝/铸剑__chunk001,same,0.811067
蓝/在酒楼上__chunk003,蓝/铸剑__chunk002,same,0.795964
蓝/在酒楼上__chunk003,蓝/铸剑__chunk003,same,0.753629
蓝/在酒楼上__chunk003,蓝/铸剑__chunk004,same,0.787790
蓝/在酒楼上__chunk003,蓝/铸剑__chunk005,same,0.772418
蓝/在酒楼上__chunk003,蓝/铸剑__chunk006,same,0.726853
蓝/在酒楼上__chunk003,蓝/铸剑__chunk007,same,0.769892
蓝/在酒楼上__chunk003,蓝/阿Q正传__chunk001,same,0.782892
蓝/在酒楼上__chunk003,蓝/阿Q正传__chunk002,same,0.772368
蓝/在酒楼上__chunk003,蓝/阿Q正传__chunk003,same,0.714147
蓝/在酒楼上__chunk003,蓝/阿Q正传__chunk004,same,0.779233
蓝/在酒楼上__chunk003,蓝/阿Q正传__chunk005,same,0.736123
蓝/在酒楼上__chunk003,蓝/阿Q正传__chunk006,same,0.768501
蓝/在酒楼上__chunk003,蓝/阿Q正传__chunk007,same,0.761908
蓝/在酒楼上__chunk003,蓝/阿Q正传__chunk008,same,0.770219
蓝/在酒楼上__chunk003,蓝/阿Q正传__chunk009,same,0.738272
蓝/在酒楼上__chunk003,蓝/阿Q正传__chunk010,same,0.762910
蓝/在酒楼上__chunk003,蓝/阿Q正传__chunk011,same,0.787808
蓝/在酒楼上__chunk003,蓝/阿Q正传__chunk012,same,0.782470
蓝/在酒楼上__chunk003,蓝/阿Q正传__chunk013,same,0.771180
蓝/在酒楼上__chunk003,蓝/阿Q正传__chunk014,same,0.797141
蓝/在酒楼上__chunk003,蓝/阿Q正传__chunk015,same,0.775433
蓝/在酒楼上__chunk003,蓝/阿Q正传__chunk016,same,0.778046
蓝/在酒楼上__chunk003,蓝/阿Q正传__chunk017,same,0.728727
蓝/在酒楼上__chunk003,蓝/风波__chunk001,same,0.775626
蓝/在酒楼上__chunk003,蓝/风波__chunk002,same,0.809060
蓝/在酒楼上__chunk003,蓝/风波__chunk003,same,0.771850
蓝/在酒楼上__chunk004,蓝/奔月__chunk001,same,0.787336
蓝/在酒楼上__chunk004,蓝/奔月__chunk002,same,0.817389
蓝/在酒楼上__chunk004,蓝/奔月__chunk003,same,0.801065
蓝/在酒楼上__chunk004,蓝/奔月__chunk004,same,0.760285
蓝/在酒楼上__chunk004,蓝/孤独者__chunk001,same,0.828645
蓝/在酒楼上__chunk004,蓝/孤独者__chunk002,same,0.816462
蓝/在酒楼上__chunk004,蓝/孤独者__chunk003,same,0.869010
蓝/在酒楼上__chunk004,蓝/孤独者__chunk004,same,0.829408
蓝/在酒楼上__chunk004,蓝/孤独者__chunk005,same,0.869955
蓝/在酒楼上__chunk004,蓝/孤独者__chunk006,same,0.852567
蓝/在酒楼上__chunk004,蓝/孤独者__chunk007,same,0.806466
蓝/在酒楼上__chunk004,蓝/孤独者__chunk008,same,0.841679
蓝/在酒楼上__chunk004,蓝/幸福的家庭__chunk001,same,0.778766
蓝/在酒楼上__chunk004,蓝/幸福的家庭__chunk002,same,0.785423
蓝/在酒楼上__chunk004,蓝/幸福的家庭__chunk003,same,0.793762
蓝/在酒楼上__chunk004,蓝/故乡__chunk001,same,0.830774
蓝/在酒楼上__chunk004,蓝/故乡__chunk002,same,0.862820
蓝/在酒楼上__chunk004,蓝/故乡__chunk003,same,0.834820
蓝/在酒楼上__chunk004,蓝/明天__chunk001,same,0.815731
蓝/在酒楼上__chunk004,蓝/明天__chunk002,same,0.774753
蓝/在酒楼上__chunk004,蓝/狂人日记__chunk001,same,0.800160
蓝/在酒楼上__chunk004,蓝/狂人日记__chunk002,same,0.791829
蓝/在酒楼上__chunk004,蓝/狂人日记__chunk003,same,0.831669
蓝/在酒楼上__chunk004,蓝/社戏__chunk001,same,0.779015
蓝/在酒楼上__chunk004,蓝/社戏__chunk002,same,0.781623
蓝/在酒楼上__chunk004,蓝/社戏__chunk003,same,0.761586
蓝/在酒楼上__chunk004,蓝/社戏__chunk004,same,0.790072
蓝/在酒楼上__chunk004,蓝/祝福__chunk001,same,0.780887
蓝/在酒楼上__chunk004,蓝/祝福__chunk002,same,0.879559
蓝/在酒楼上__chunk004,蓝/祝福__chunk003,same,0.823664
蓝/在酒楼上__chunk004,蓝/祝福__chunk004,same,0.837824
蓝/在酒楼上__chunk004,蓝/祝福__chunk005,same,0.841492
蓝/在酒楼上__chunk004,蓝/祝福__chunk006,same,0.818609
蓝/在酒楼上__chunk004,蓝/祝福__chunk007,same,0.788436
蓝/在酒楼上__chunk004,蓝/离婚__chunk001,same,0.807781
蓝/在酒楼上__chunk004,蓝/离婚__chunk002,same,0.787967
蓝/在酒楼上__chunk004,蓝/离婚__chunk003,same,0.881005
蓝/在酒楼上__chunk004,蓝/肥皂__chunk001,same,0.858803
蓝/在酒楼上__chunk004,蓝/肥皂__chunk002,same,0.826294
蓝/在酒楼上__chunk004,蓝/肥皂__chunk003,same,0.799902
蓝/在酒楼上__chunk004,蓝/肥皂__chunk004,same,0.791728
蓝/在酒楼上__chunk004,蓝/药__chunk001,same,0.748482
蓝/在酒楼上__chunk004,蓝/药__chunk002,same,0.778241
蓝/在酒楼上__chunk004,蓝/药__chunk003,same,0.782995
蓝/在酒楼上__chunk004,蓝/铸剑__chunk001,same,0.795536
蓝/在酒楼上__chunk004,蓝/铸剑__chunk002,same,0.791065
蓝/在酒楼上__chunk004,蓝/铸剑__chunk003,same,0.741104
蓝/在酒楼上__chunk004,蓝/铸剑__chunk004,same,0.780239
蓝/在酒楼上__chunk004,蓝/铸剑__chunk005,same,0.729375
蓝/在酒楼上__chunk004,蓝/铸剑__chunk006,same,0.687719
蓝/在酒楼上__chunk004,蓝/铸剑__chunk007,same,0.705452
蓝/在酒楼上__chunk004,蓝/阿Q正传__chunk001,same,0.736160
蓝/在酒楼上__chunk004,蓝/阿Q正传__chunk002,same,0.724667
蓝/在酒楼上__chunk004,蓝/阿Q正传__chunk003,same,0.699585
蓝/在酒楼上__chunk004,蓝/阿Q正传__chunk004,same,0.767604
蓝/在酒楼上__chunk004,蓝/阿Q正传__chunk005,same,0.739006
蓝/在酒楼上__chunk004,蓝/阿Q正传__chunk006,same,0.743770
蓝/在酒楼上__chunk004,蓝/阿Q正传__chunk007,same,0.752337
蓝/在酒楼上__chunk004,蓝/阿Q正传__chunk008,same,0.756899
蓝/在酒楼上__chunk004,蓝/阿Q正传__chunk009,same,0.728904
蓝/在酒楼上__chunk004,蓝/阿Q正传__chunk010,same,0.718918
蓝/在酒楼上__chunk004,蓝/阿Q正传__chunk011,same,0.736478
蓝/在酒楼上__chunk004,蓝/阿Q正传__chunk012,same,0.767404
蓝/在酒楼上__chunk004,蓝/阿Q正传__chunk013,same,0.760986
蓝/在酒楼上__chunk004,蓝/阿Q正传__chunk014,same,0.754258
蓝/在酒楼上__chunk004,蓝/阿Q正传__chunk015,same,0.771823
蓝/在酒楼上__chunk004,蓝/阿Q正传__chunk016,same,0.791057
蓝/在酒楼上__chunk004,蓝/阿Q正传__chunk017,same,0.731830
蓝/在酒楼上__chunk004,蓝/风波__chunk001,same,0.777113
蓝/在酒楼上__chunk004,蓝/风波__chunk002,same,0.800957
蓝/在酒楼上__chunk004,蓝/风波__chunk003,same,0.778734
蓝/奔月__chunk001,蓝/奔月__chunk002,same,0.932214
蓝/奔月__chunk001,蓝/奔月__chunk003,same,0.926328
蓝/奔月__chunk001,蓝/奔月__chunk004,same,0.913394
蓝/奔月__chunk001,蓝/孤独者__chunk001,same,0.877156
蓝/奔月__chunk001,蓝/孤独者__chunk002,same,0.888373
蓝/奔月__chunk001,蓝/孤独者__chunk003,same,0.845256
蓝/奔月__chunk001,蓝/孤独者__chunk004,same,0.909318
蓝/奔月__chunk001,蓝/孤独者__chunk005,same,0.813043
蓝/奔月__chunk001,蓝/孤独者__chunk006,same,0.814800
蓝/奔月__chunk001,蓝/孤独者__chunk007,same,0.888811
蓝/奔月__chunk001,蓝/孤独者__chunk008,same,0.873107
蓝/奔月__chunk001,蓝/幸福的家庭__chunk001,same,0.928801
蓝/奔月__chunk001,蓝/幸福的家庭__chunk002,same,0.907779
蓝/奔月__chunk001,蓝/幸福的家庭__chunk003,same,0.849490
蓝/奔月__chunk001,蓝/故乡__chunk001,same,0.891544
蓝/奔月__chunk001,蓝/故乡__chunk002,same,0.847428
蓝/奔月__chunk001,蓝/故乡__chunk003,same,0.887018
蓝/奔月__chunk001,蓝/明天__chunk001,same,0.874591
蓝/奔月__chunk001,蓝/明天__chunk002,same,0.913248
蓝/奔月__chunk001,蓝/狂人日记__chunk001,same,0.851501
蓝/奔月__chunk001,蓝/狂人日记__chunk002,same,0.816762
蓝/奔月__chunk001,蓝/狂人日记__chunk003,same,0.857448
蓝/奔月__chunk001,蓝/社戏__chunk001,same,0.864386
蓝/奔月__chunk001,蓝/社戏__chunk002,same,0.873640
蓝/奔月__chunk001,蓝/社戏__chunk003,same,0.878435
蓝/奔月__chunk001,蓝/社戏__chunk004,same,0.902399
蓝/奔月__chunk001,蓝/祝福__chunk001,same,0.875466
蓝/奔月__chunk001,蓝/祝福__chunk002,same,0.820568
蓝/奔月__chunk001,蓝/祝福__chunk003,same,0.832645
蓝/奔月__chunk001,蓝/祝福__chunk004,same,0.844042
蓝/奔月__chunk001,蓝/祝福__chunk005,same,0.798550
蓝/奔月__chunk001,蓝/祝福__chunk006,same,0.835690
蓝/奔月__chunk001,蓝/祝福__chunk007,same,0.841130
蓝/奔月__chunk001,蓝/离婚__chunk001,same,0.908405
蓝/奔月__chunk001,蓝/离婚__chunk002,same,0.919645
蓝/奔月__chunk001,蓝/离婚__chunk003,same,0.847327
蓝/奔月__chunk001,蓝/肥皂__chunk001,same,0.916755
蓝/奔月__chunk001,蓝/肥皂__chunk002,same,0.883172
蓝/奔月__chunk001,蓝/肥皂__chunk003,same,0.917666
蓝/奔月__chunk001,蓝/肥皂__chunk004,same,0.909504
蓝/奔月__chunk001,蓝/药__chunk001,same,0.910462
蓝/奔月__chunk001,蓝/药__chunk002,same,0.870738
蓝/奔月__chunk001,蓝/药__chunk003,same,0.905482
蓝/奔月__chunk001,蓝/铸剑__chunk001,same,0.930666
蓝/奔月__chunk001,蓝/铸剑__chunk002,same,0.922688
蓝/奔月__chunk001,蓝/铸剑__chunk003,same,0.894851
蓝/奔月__chunk001,蓝/铸剑__chunk004,same,0.928296
蓝/奔月__chunk001,蓝/铸剑__chunk005,same,0.901893
蓝/奔月__chunk001,蓝/铸剑__chunk006,same,0.868649
蓝/奔月__chunk001,蓝/铸剑__chunk007,same,0.856784
蓝/奔月__chunk001,蓝/阿Q正传__chunk001,same,0.860505
蓝/奔月__chunk001,蓝/阿Q正传__chunk002,same,0.848097
蓝/奔月__chunk001,蓝/阿Q正传__chunk003,same,0.808777
蓝/奔月__chunk001,蓝/阿Q正传__chunk004,same,0.845375
蓝/奔月__chunk001,蓝/阿Q正传__chunk005,same,0.838786
蓝/奔月__chunk001,蓝/阿Q正传__chunk006,same,0.854551
蓝/奔月__chunk001,蓝/阿Q正传__chunk007,same,0.886485
蓝/奔月__chunk001,蓝/阿Q正传__chunk008,same,0.853143
蓝/奔月__chunk001,蓝/阿Q正传__chunk009,same,0.859690
蓝/奔月__chunk001,蓝/阿Q正传__chunk010,same,0.838135
蓝/奔月__chunk001,蓝/阿Q正传__chunk011,same,0.889696
蓝/奔月__chunk001,蓝/阿Q正传__chunk012,same,0.846162
蓝/奔月__chunk001,蓝/阿Q正传__chunk013,same,0.894063
蓝/奔月__chunk001,蓝/阿Q正传__chunk014,same,0.916689
蓝/奔月__chunk001,蓝/阿Q正传__chunk015,same,0.874668
蓝/奔月__chunk001,蓝/阿Q正传__chunk016,same,0.856524
蓝/奔月__chunk001,蓝/阿Q正传__chunk017,same,0.842922
蓝/奔月__chunk001,蓝/风波__chunk001,same,0.895795
蓝/奔月__chunk001,蓝/风波__chunk002,same,0.921609
蓝/奔月__chunk001,蓝/风波__chunk003,same,0.872945
蓝/奔月__chunk002,蓝/奔月__chunk003,same,0.909648
蓝/奔月__chunk002,蓝/奔月__chunk004,same,0.881117
蓝/奔月__chunk002,蓝/孤独者__chunk001,same,0.869141
蓝/奔月__chunk002,蓝/孤独者__chunk002,same,0.885351
蓝/奔月__chunk002,蓝/孤独者__chunk003,same,0.840074
蓝/奔月__chunk002,蓝/孤独者__chunk004,same,0.906581
蓝/奔月__chunk002,蓝/孤独者__chunk005,same,0.846418
蓝/奔月__chunk002,蓝/孤独者__chunk006,same,0.868232
蓝/奔月__chunk002,蓝/孤独者__chunk007,same,0.853346
蓝/奔月__chunk002,蓝/孤独者__chunk008,same,0.870681
蓝/奔月__chunk002,蓝/幸福的家庭__chunk001,same,0.882386
蓝/奔月__chunk002,蓝/幸福的家庭__chunk002,same,0.861180
蓝/奔月__chunk002,蓝/幸福的家庭__chunk003,same,0.815904
蓝/奔月__chunk002,蓝/故乡__chunk001,same,0.888196
蓝/奔月__chunk002,蓝/故乡__chunk002,same,0.856750
蓝/奔月__chunk002,蓝/故乡__chunk003,same,0.899444
蓝/奔月__chunk002,蓝/明天__chunk001,same,0.845808
蓝/奔月__chunk002,蓝/明天__chunk002,same,0.864251
蓝/奔月__chunk002,蓝/狂人日记__chunk001,same,0.834650
蓝/奔月__chunk002,蓝/狂人日记__chunk002,same,0.813042
蓝/奔月__chunk002,蓝/狂人日记__chunk003,same,0.867496
蓝/奔月__chunk002,蓝/社戏__chunk001,same,0.856782
蓝/奔月__chunk002,蓝/社戏__chunk002,same,0.857109
蓝/奔月__chunk002,蓝/社戏__chunk003,same,0.845517
蓝/奔月__chunk002,蓝/社戏__chunk004,same,0.869133
蓝/奔月__chunk002,蓝/祝福__chunk001,same,0.850797
蓝/奔月__chunk002,蓝/祝福__chunk002,same,0.841646
蓝/奔月__chunk002,蓝/祝福__chunk003,same,0.807988
蓝/奔月__chunk002,蓝/祝福__chunk004,same,0.844184
蓝/奔月__chunk002,蓝/祝福__chunk005,same,0.802726
蓝/奔月__chunk002,蓝/祝福__chunk006,same,0.819324
蓝/奔月__chunk002,蓝/祝福__chunk007,same,0.814302
蓝/奔月__chunk002,蓝/离婚__chunk001,same,0.860859
蓝/奔月__chunk002,蓝/离婚__chunk002,same,0.898389
蓝/奔月__chunk002,蓝/离婚__chunk003,same,0.835896
蓝/奔月__chunk002,蓝/肥皂__chunk001,same,0.883488
蓝/奔月__chunk002,蓝/肥皂__chunk002,same,0.887738
蓝/奔月__chunk002,蓝/肥皂__chunk003,same,0.909388
蓝/奔月__chunk002,蓝/肥皂__chunk004,same,0.869922
蓝/奔月__chunk002,蓝/药__chunk001,same,0.866463
蓝/奔月__chunk002,蓝/药__chunk002,same,0.869266
蓝/奔月__chunk002,蓝/药__chunk003,same,0.843303
蓝/奔月__chunk002,蓝/铸剑__chunk001,same,0.883671
蓝/奔月__chunk002,蓝/铸剑__chunk002,same,0.899729
蓝/奔月__chunk002,蓝/铸剑__chunk003,same,0.853266
蓝/奔月__chunk002,蓝/铸剑__chunk004,same,0.883365
蓝/奔月__chunk002,蓝/铸剑__chunk005,same,0.839904
蓝/奔月__chunk002,蓝/铸剑__chunk006,same,0.805731
蓝/奔月__chunk002,蓝/铸剑__chunk007,same,0.820562
蓝/奔月__chunk002,蓝/阿Q正传__chunk001,same,0.824564
蓝/奔月__chunk002,蓝/阿Q正传__chunk002,same,0.812289
蓝/奔月__chunk002,蓝/阿Q正传__chunk003,same,0.771858
蓝/奔月__chunk002,蓝/阿Q正传__chunk004,same,0.825342
蓝/奔月__chunk002,蓝/阿Q正传__chunk005,same,0.815366
蓝/奔月__chunk002,蓝/阿Q正传__chunk006,same,0.834986
蓝/奔月__chunk002,蓝/阿Q正传__chunk007,same,0.851173
蓝/奔月__chunk002,蓝/阿Q正传__chunk008,same,0.825645
蓝/奔月__chunk002,蓝/阿Q正传__chunk009,same,0.825500
蓝/奔月__chunk002,蓝/阿Q正传__chunk010,same,0.810701
蓝/奔月__chunk002,蓝/阿Q正传__chunk011,same,0.847772
蓝/奔月__chunk002,蓝/阿Q正传__chunk012,same,0.835267
蓝/奔月__chunk002,蓝/阿Q正传__chunk013,same,0.846850
蓝/奔月__chunk002,蓝/阿Q正传__chunk014,same,0.884676
蓝/奔月__chunk002,蓝/阿Q正传__chunk015,same,0.836376
蓝/奔月__chunk002,蓝/阿Q正传__chunk016,same,0.833560
蓝/奔月__chunk002,蓝/阿Q正传__chunk017,same,0.827839
蓝/奔月__chunk002,蓝/风波__chunk001,same,0.856429
蓝/奔月__chunk002,蓝/风波__chunk002,same,0.895270
蓝/奔月__chunk002,蓝/风波__chunk003,same,0.842462
蓝/奔月__chunk003,蓝/奔月__chunk004,same,0.917407
蓝/奔月__chunk003,蓝/孤独者__chunk001,same,0.900696
蓝/奔月__chunk003,蓝/孤独者__chunk002,same,0.906709
蓝/奔月__chunk003,蓝/孤独者__chunk003,same,0.869965
蓝/奔月__chunk003,蓝/孤独者__chunk004,same,0.884180
蓝/奔月__chunk003,蓝/孤独者__chunk005,same,0.793195
蓝/奔月__chunk003,蓝/孤独者__chunk006,same,0.807268
蓝/奔月__chunk003,蓝/孤独者__chunk007,same,0.866755
蓝/奔月__chunk003,蓝/孤独者__chunk008,same,0.886908
蓝/奔月__chunk003,蓝/幸福的家庭__chunk001,same,0.879034
蓝/奔月__chunk003,蓝/幸福的家庭__chunk002,same,0.867996
蓝/奔月__chunk003,蓝/幸福的家庭__chunk003,same,0.838310
蓝/奔月__chunk003,蓝/故乡__chunk001,same,0.862856
蓝/奔月__chunk003,蓝/故乡__chunk002,same,0.859284
蓝/奔月__chunk003,蓝/故乡__chunk003,same,0.884648
蓝/奔月__chunk003,蓝/明天__chunk001,same,0.856105
蓝/奔月__chunk003,蓝/明天__chunk002,same,0.891432
蓝/奔月__chunk003,蓝/狂人日记__chunk001,same,0.819070
蓝/奔月__chunk003,蓝/狂人日记__chunk002,same,0.811706
蓝/奔月__chunk003,蓝/狂人日记__chunk003,same,0.874563
蓝/奔月__chunk003,蓝/社戏__chunk001,same,0.832822
蓝/奔月__chunk003,蓝/社戏__chunk002,same,0.843024
蓝/奔月__chunk003,蓝/社戏__chunk003,same,0.853563
蓝/奔月__chunk003,蓝/社戏__chunk004,same,0.887404
蓝/奔月__chunk003,蓝/祝福__chunk001,same,0.856295
蓝/奔月__chunk003,蓝/祝福__chunk002,same,0.796324
蓝/奔月__chunk003,蓝/祝福__chunk003,same,0.789732
蓝/奔月__chunk003,蓝/祝福__chunk004,same,0.833874
蓝/奔月__chunk003,蓝/祝福__chunk005,same,0.793123
蓝/奔月__chunk003,蓝/祝福__chunk006,same,0.817939
蓝/奔月__chunk003,蓝/祝福__chunk007,same,0.818904
蓝/奔月__chunk003,蓝/离婚__chunk001,same,0.886715
蓝/奔月__chunk003,蓝/离婚__chunk002,same,0.898452
蓝/奔月__chunk003,蓝/离婚__chunk003,same,0.838791
蓝/奔月__chunk003,蓝/肥皂__chunk001,same,0.882345
蓝/奔月__chunk003,蓝/肥皂__chunk002,same,0.906468
蓝/奔月__chunk003,蓝/肥皂__chunk003,same,0.897448
蓝/奔月__chunk003,蓝/肥皂__chunk004,same,0.872137
蓝/奔月__chunk003,蓝/药__chunk001,same,0.907801
蓝/奔月__chunk003,蓝/药__chunk002,same,0.880398
蓝/奔月__chunk003,蓝/药__chunk003,same,0.862566
蓝/奔月__chunk003,蓝/铸剑__chunk001,same,0.930578
蓝/奔月__chunk003,蓝/铸剑__chunk002,same,0.913104
蓝/奔月__chunk003,蓝/铸剑__chunk003,same,0.904114
蓝/奔月__chunk003,蓝/铸剑__chunk004,same,0.903392
蓝/奔月__chunk003,蓝/铸剑__chunk005,same,0.867599
蓝/奔月__chunk003,蓝/铸剑__chunk006,same,0.835505
蓝/奔月__chunk003,蓝/铸剑__chunk007,same,0.836035
蓝/奔月__chunk003,蓝/阿Q正传__chunk001,same,0.844180
蓝/奔月__chunk003,蓝/阿Q正传__chunk002,same,0.825164
蓝/奔月__chunk003,蓝/阿Q正传__chunk003,same,0.810665
蓝/奔月__chunk003,蓝/阿Q正传__chunk004,same,0.865226
蓝/奔月__chunk003,蓝/阿Q正传__chunk005,same,0.856187
蓝/奔月__chunk003,蓝/阿Q正传__chunk006,same,0.852358
蓝/奔月__chunk003,蓝/阿Q正传__chunk007,same,0.883646
蓝/奔月__chunk003,蓝/阿Q正传__chunk008,same,0.846951
蓝/奔月__chunk003,蓝/阿Q正传__chunk009,same,0.862948
蓝/奔月__chunk003,蓝/阿Q正传__chunk010,same,0.821725
蓝/奔月__chunk003,蓝/阿Q正传__chunk011,same,0.860489
蓝/奔月__chunk003,蓝/阿Q正传__chunk012,same,0.831182
蓝/奔月__chunk003,蓝/阿Q正传__chunk013,same,0.858195
蓝/奔月__chunk003,蓝/阿Q正传__chunk014,same,0.898457
蓝/奔月__chunk003,蓝/阿Q正传__chunk015,same,0.876361
蓝/奔月__chunk003,蓝/阿Q正传__chunk016,same,0.865091
蓝/奔月__chunk003,蓝/阿Q正传__chunk017,same,0.859886
蓝/奔月__chunk003,蓝/风波__chunk001,same,0.878905
蓝/奔月__chunk003,蓝/风波__chunk002,same,0.899632
蓝/奔月__chunk003,蓝/风波__chunk003,same,0.885359
蓝/奔月__chunk004,蓝/孤独者__chunk001,same,0.848811
蓝/奔月__chunk004,蓝/孤独者__chunk002,same,0.849984
蓝/奔月__chunk004,蓝/孤独者__chunk003,same,0.832156
蓝/奔月__chunk004,蓝/孤独者__chunk004,same,0.873436
蓝/奔月__chunk004,蓝/孤独者__chunk005,same,0.786549
蓝/奔月__chunk004,蓝/孤独者__chunk006,same,0.793719
蓝/奔月__chunk004,蓝/孤独者__chunk007,same,0.877292
蓝/奔月__chunk004,蓝/孤独者__chunk008,same,0.835105
蓝/奔月__chunk004,蓝/幸福的家庭__chunk001,same,0.873340
蓝/奔月__chunk004,蓝/幸福的家庭__chunk002,same,0.874710
蓝/奔月__chunk004,蓝/幸福的家庭__chunk003,same,0.835150
蓝/奔月__chunk004,蓝/故乡__chunk001,same,0.825083
蓝/奔月__chunk004,蓝/故乡__chunk002,same,0.840125
蓝/奔月__chunk004,蓝/故乡__chunk003,same,0.849002
蓝/奔月__chunk004,蓝/明天__chunk001,same,0.836659
蓝/奔月__chunk004,蓝/明天__chunk002,same,0.866523
蓝/奔月__chunk004,蓝/狂人日记__chunk001,same,0.810783
蓝/奔月__chunk004,蓝/狂人日记__chunk002,same,0.781934
蓝/奔月__chunk004,蓝/狂人日记__chunk003,same,0.838801
蓝/奔月__chunk004,蓝/社戏__chunk001,same,0.823549
蓝/奔月__chunk004,蓝/社戏__chunk002,same,0.818415
蓝/奔月__chunk004,蓝/社戏__chunk003,same,0.864754
蓝/奔月__chunk004,蓝/社戏__chunk004,same,0.871713
蓝/奔月__chunk004,蓝/祝福__chunk001,same,0.859584
蓝/奔月__chunk004,蓝/祝福__chunk002,same,0.770376
蓝/奔月__chunk004,蓝/祝福__chunk003,same,0.778746
蓝/奔月__chunk004,蓝/祝福__chunk004,same,0.828485
蓝/奔月__chunk004,蓝/祝福__chunk005,same,0.789244
蓝/奔月__chunk004,蓝/祝福__chunk006,same,0.829067
蓝/奔月__chunk004,蓝/祝福__chunk007,same,0.834329
蓝/奔月__chunk004,蓝/离婚__chunk001,same,0.870307
蓝/奔月__chunk004,蓝/离婚__chunk002,same,0.876683
蓝/奔月__chunk004,蓝/离婚__chunk003,same,0.809472
蓝/奔月__chunk004,蓝/肥皂__chunk001,same,0.861191
蓝/奔月__chunk004,蓝/肥皂__chunk002,same,0.864482
蓝/奔月__chunk004,蓝/肥皂__chunk003,same,0.871656
蓝/奔月__chunk004,蓝/肥皂__chunk004,same,0.905367
蓝/奔月__chunk004,蓝/药__chunk001,same,0.906177
蓝/奔月__chunk004,蓝/药__chunk002,same,0.877283
蓝/奔月__chunk004,蓝/药__chunk003,same,0.855373
蓝/奔月__chunk004,蓝/铸剑__chunk001,same,0.911575
蓝/奔月__chunk004,蓝/铸剑__chunk002,same,0.910826
蓝/奔月__chunk004,蓝/铸剑__chunk003,same,0.915953
蓝/奔月__chunk004,蓝/铸剑__chunk004,same,0.896566
蓝/奔月__chunk004,蓝/铸剑__chunk005,same,0.863583
蓝/奔月__chunk004,蓝/铸剑__chunk006,same,0.838604
蓝/奔月__chunk004,蓝/铸剑__chunk007,same,0.827307
蓝/奔月__chunk004,蓝/阿Q正传__chunk001,same,0.819052
蓝/奔月__chunk004,蓝/阿Q正传__chunk002,same,0.793173
蓝/奔月__chunk004,蓝/阿Q正传__chunk003,same,0.778166
蓝/奔月__chunk004,蓝/阿Q正传__chunk004,same,0.798079
蓝/奔月__chunk004,蓝/阿Q正传__chunk005,same,0.811990
蓝/奔月__chunk004,蓝/阿Q正传__chunk006,same,0.820733
蓝/奔月__chunk004,蓝/阿Q正传__chunk007,same,0.837410
蓝/奔月__chunk004,蓝/阿Q正传__chunk008,same,0.804732
蓝/奔月__chunk004,蓝/阿Q正传__chunk009,same,0.832573
蓝/奔月__chunk004,蓝/阿Q正传__chunk010,same,0.807040
蓝/奔月__chunk004,蓝/阿Q正传__chunk011,same,0.817082
蓝/奔月__chunk004,蓝/阿Q正传__chunk012,same,0.803653
蓝/奔月__chunk004,蓝/阿Q正传__chunk013,same,0.837132
蓝/奔月__chunk004,蓝/阿Q正传__chunk014,same,0.859733
蓝/奔月__chunk004,蓝/阿Q正传__chunk015,same,0.831714
蓝/奔月__chunk004,蓝/阿Q正传__chunk016,same,0.821754
蓝/奔月__chunk004,蓝/阿Q正传__chunk017,same,0.853466
蓝/奔月__chunk004,蓝/风波__chunk001,same,0.873432
蓝/奔月__chunk004,蓝/风波__chunk002,same,0.871817
蓝/奔月__chunk004,蓝/风波__chunk003,same,0.878272
蓝/孤独者__chunk001,蓝/孤独者__chunk002,same,0.892481
蓝/孤独者__chunk001,蓝/孤独者__chunk003,same,0.871685
蓝/孤独者__chunk001,蓝/孤独者__chunk004,same,0.873615
蓝/孤独者__chunk001,蓝/孤独者__chunk005,same,0.829197
蓝/孤独者__chunk001,蓝/孤独者__chunk006,same,0.818127
蓝/孤独者__chunk001,蓝/孤独者__chunk007,same,0.888668
蓝/孤独者__chunk001,蓝/孤独者__chunk008,same,0.904000
蓝/孤独者__chunk001,蓝/幸福的家庭__chunk001,same,0.831737
蓝/孤独者__chunk001,蓝/幸福的家庭__chunk002,same,0.861869
蓝/孤独者__chunk001,蓝/幸福的家庭__chunk003,same,0.803149
蓝/孤独者__chunk001,蓝/故乡__chunk001,same,0.885469
蓝/孤独者__chunk001,蓝/故乡__chunk002,same,0.853871
蓝/孤独者__chunk001,蓝/故乡__chunk003,same,0.876883
蓝/孤独者__chunk001,蓝/明天__chunk001,same,0.876221
蓝/孤独者__chunk001,蓝/明天__chunk002,same,0.888124
蓝/孤独者__chunk001,蓝/狂人日记__chunk001,same,0.803531
蓝/孤独者__chunk001,蓝/狂人日记__chunk002,same,0.823150
蓝/孤独者__chunk001,蓝/狂人日记__chunk003,same,0.842888
蓝/孤独者__chunk001,蓝/社戏__chunk001,same,0.850628
蓝/孤独者__chunk001,蓝/社戏__chunk002,same,0.864631
蓝/孤独者__chunk001,蓝/社戏__chunk003,same,0.865080
蓝/孤独者__chunk001,蓝/社戏__chunk004,same,0.853035
蓝/孤独者__chunk001,蓝/祝福__chunk001,same,0.886033
蓝/孤独者__chunk001,蓝/祝福__chunk002,same,0.838901
蓝/孤独者__chunk001,蓝/祝福__chunk003,same,0.840774
蓝/孤独者__chunk001,蓝/祝福__chunk004,same,0.823169
蓝/孤独者__chunk001,蓝/祝福__chunk005,same,0.834253
蓝/孤独者__chunk001,蓝/祝福__chunk006,same,0.862634
蓝/孤独者__chunk001,蓝/祝福__chunk007,same,0.821140
蓝/孤独者__chunk001,蓝/离婚__chunk001,same,0.839819
蓝/孤独者__chunk001,蓝/离婚__chunk002,same,0.881144
蓝/孤独者__chunk001,蓝/离婚__chunk003,same,0.842642
蓝/孤独者__chunk001,蓝/肥皂__chunk001,same,0.856665
蓝/孤独者__chunk001,蓝/肥皂__chunk002,same,0.890317
蓝/孤独者__chunk001,蓝/肥皂__chunk003,same,0.848557
蓝/孤独者__chunk001,蓝/肥皂__chunk004,same,0.837359
蓝/孤独者__chunk001,蓝/药__chunk001,same,0.854282
蓝/孤独者__chunk001,蓝/药__chunk002,same,0.843507
蓝/孤独者__chunk001,蓝/药__chunk003,same,0.853268
蓝/孤独者__chunk001,蓝/铸剑__chunk001,same,0.898115
蓝/孤独者__chunk001,蓝/铸剑__chunk002,same,0.856476
蓝/孤独者__chunk001,蓝/铸剑__chunk003,same,0.872257
蓝/孤独者__chunk001,蓝/铸剑__chunk004,same,0.859122
蓝/孤独者__chunk001,蓝/铸剑__chunk005,same,0.845144
蓝/孤独者__chunk001,蓝/铸剑__chunk006,same,0.827560
蓝/孤独者__chunk001,蓝/铸剑__chunk007,same,0.843270
蓝/孤独者__chunk001,蓝/阿Q正传__chunk001,same,0.845137
蓝/孤独者__chunk001,蓝/阿Q正传__chunk002,same,0.848462
蓝/孤独者__chunk001,蓝/阿Q正传__chunk003,same,0.804071
蓝/孤独者__chunk001,蓝/阿Q正传__chunk004,same,0.888140
蓝/孤独者__chunk001,蓝/阿Q正传__chunk005,same,0.830320
蓝/孤独者__chunk001,蓝/阿Q正传__chunk006,same,0.874891
蓝/孤独者__chunk001,蓝/阿Q正传__chunk007,same,0.853317
蓝/孤独者__chunk001,蓝/阿Q正传__chunk008,same,0.859442
蓝/孤独者__chunk001,蓝/阿Q正传__chunk009,same,0.841546
蓝/孤独者__chunk001,蓝/阿Q正传__chunk010,same,0.847368
蓝/孤独者__chunk001,蓝/阿Q正传__chunk011,same,0.859902
蓝/孤独者__chunk001,蓝/阿Q正传__chunk012,same,0.814257
蓝/孤独者__chunk001,蓝/阿Q正传__chunk013,same,0.880407
蓝/孤独者__chunk001,蓝/阿Q正传__chunk014,same,0.880558
蓝/孤独者__chunk001,蓝/阿Q正传__chunk015,same,0.874578
蓝/孤独者__chunk001,蓝/阿Q正传__chunk016,same,0.844755
蓝/孤独者__chunk001,蓝/阿Q正传__chunk017,same,0.837546
蓝/孤独者__chunk001,蓝/风波__chunk001,same,0.872281
蓝/孤独者__chunk001,蓝/风波__chunk002,same,0.887214
蓝/孤独者__chunk001,蓝/风波__chunk003,same,0.855737
蓝/孤独者__chunk002,蓝/孤独者__chunk003,same,0.873854
蓝/孤独者__chunk002,蓝/孤独者__chunk004,same,0.874743
蓝/孤独者__chunk002,蓝/孤独者__chunk005,same,0.849973
蓝/孤独者__chunk002,蓝/孤独者__chunk006,same,0.818407
蓝/孤独者__chunk002,蓝/孤独者__chunk007,same,0.897085
蓝/孤独者__chunk002,蓝/孤独者__chunk008,same,0.872807
蓝/孤独者__chunk002,蓝/幸福的家庭__chunk001,same,0.864410
蓝/孤独者__chunk002,蓝/幸福的家庭__chunk002,same,0.874210
蓝/孤独者__chunk002,蓝/幸福的家庭__chunk003,same,0.833697
蓝/孤独者__chunk002,蓝/故乡__chunk001,same,0.887990
蓝/孤独者__chunk002,蓝/故乡__chunk002,same,0.857781
蓝/孤独者__chunk002,蓝/故乡__chunk003,same,0.894898
蓝/孤独者__chunk002,蓝/明天__chunk001,same,0.853342
蓝/孤独者__chunk002,蓝/明天__chunk002,same,0.872053
蓝/孤独者__chunk002,蓝/狂人日记__chunk001,same,0.840481
蓝/孤独者__chunk002,蓝/狂人日记__chunk002,same,0.841621
蓝/孤独者__chunk002,蓝/狂人日记__chunk003,same,0.866392
蓝/孤独者__chunk002,蓝/社戏__chunk001,same,0.854866
蓝/孤独者__chunk002,蓝/社戏__chunk002,same,0.881546
蓝/孤独者__chunk002,蓝/社戏__chunk003,same,0.879182
蓝/孤独者__chunk002,蓝/社戏__chunk004,same,0.850671
蓝/孤独者__chunk002,蓝/祝福__chunk001,same,0.867080
蓝/孤独者__chunk002,蓝/祝福__chunk002,same,0.851987
蓝/孤独者__chunk002,蓝/祝福__chunk003,same,0.802808
蓝/孤独者__chunk002,蓝/祝福__chunk004,same,0.795718
蓝/孤独者__chunk002,蓝/祝福__chunk005,same,0.803422
蓝/孤独者__chunk002,蓝/祝福__chunk006,same,0.822298
蓝/孤独者__chunk002,蓝/祝福__chunk007,same,0.803903
蓝/孤独者__chunk002,蓝/离婚__chunk001,same,0.842729
蓝/孤独者__chunk002,蓝/离婚__chunk002,same,0.884607
蓝/孤独者__chunk002,蓝/离婚__chunk003,same,0.817908
蓝/孤独者__chunk002,蓝/肥皂__chunk001,same,0.878054
蓝/孤独者__chunk002,蓝/肥皂__chunk002,same,0.858948
蓝/孤独者__chunk002,蓝/肥皂__chunk003,same,0.856316
蓝/孤独者__chunk002,蓝/肥皂__chunk004,same,0.847426
蓝/孤独者__chunk002,蓝/药__chunk001,same,0.886356
蓝/孤独者__chunk002,蓝/药__chunk002,same,0.820791
蓝/孤独者__chunk002,蓝/药__chunk003,same,0.848379
蓝/孤独者__chunk002,蓝/铸剑__chunk001,same,0.867840
蓝/孤独者__chunk002,蓝/铸剑__chunk002,same,0.868769
蓝/孤独者__chunk002,蓝/铸剑__chunk003,same,0.895974
蓝/孤独者__chunk002,蓝/铸剑__chunk004,same,0.875729
蓝/孤独者__chunk002,蓝/铸剑__chunk005,same,0.852180
蓝/孤独者__chunk002,蓝/铸剑__chunk006,same,0.831931
蓝/孤独者__chunk002,蓝/铸剑__chunk007,same,0.843391
蓝/孤独者__chunk002,蓝/阿Q正传__chunk001,same,0.848515
蓝/孤独者__chunk002,蓝/阿Q正传__chunk002,same,0.838420
蓝/孤独者__chunk002,蓝/阿Q正传__chunk003,same,0.820242
蓝/孤独者__chunk002,蓝/阿Q正传__chunk004,same,0.851473
蓝/孤独者__chunk002,蓝/阿Q正传__chunk005,same,0.844053
蓝/孤独者__chunk002,蓝/阿Q正传__chunk006,same,0.861495
蓝/孤独者__chunk002,蓝/阿Q正传__chunk007,same,0.868420
蓝/孤独者__chunk002,蓝/阿Q正传__chunk008,same,0.846050
蓝/孤独者__chunk002,蓝/阿Q正传__chunk009,same,0.856501
蓝/孤独者__chunk002,蓝/阿Q正传__chunk010,same,0.837879
蓝/孤独者__chunk002,蓝/阿Q正传__chunk011,same,0.860005
蓝/孤独者__chunk002,蓝/阿Q正传__chunk012,same,0.853760
蓝/孤独者__chunk002,蓝/阿Q正传__chunk013,same,0.857099
蓝/孤独者__chunk002,蓝/阿Q正传__chunk014,same,0.889391
蓝/孤独者__chunk002,蓝/阿Q正传__chunk015,same,0.867538
蓝/孤独者__chunk002,蓝/阿Q正传__chunk016,same,0.827414
蓝/孤独者__chunk002,蓝/阿Q正传__chunk017,same,0.843939
蓝/孤独者__chunk002,蓝/风波__chunk001,same,0.845818
蓝/孤独者__chunk002,蓝/风波__chunk002,same,0.881686
蓝/孤独者__chunk002,蓝/风波__chunk003,same,0.866621
蓝/孤独者__chunk003,蓝/孤独者__chunk004,same,0.903271
蓝/孤独者__chunk003,蓝/孤独者__chunk005,same,0.863349
蓝/孤独者__chunk003,蓝/孤独者__chunk006,same,0.875912
蓝/孤独者__chunk003,蓝/孤独者__chunk007,same,0.869414
蓝/孤独者__chunk003,蓝/孤独者__chunk008,same,0.866849
蓝/孤独者__chunk003,蓝/幸福的家庭__chunk001,same,0.856790
蓝/孤独者__chunk003,蓝/幸福的家庭__chunk002,same,0.836452
蓝/孤独者__chunk003,蓝/幸福的家庭__chunk003,same,0.786717
蓝/孤独者__chunk003,蓝/故乡__chunk001,same,0.860867
蓝/孤独者__chunk003,蓝/故乡__chunk002,same,0.913271
蓝/孤独者__chunk003,蓝/故乡__chunk003,same,0.877871
蓝/孤独者__chunk003,蓝/明天__chunk001,same,0.801728
蓝/孤独者__chunk003,蓝/明天__chunk002,same,0.806475
蓝/孤独者__chunk003,蓝/狂人日记__chunk001,same,0.849814
蓝/孤独者__chunk003,蓝/狂人日记__chunk002,same,0.874712
蓝/孤独者__chunk003,蓝/狂人日记__chunk003,same,0.869837
蓝/孤独者__chunk003,蓝/社戏__chunk001,same,0.816147
蓝/孤独者__chunk003,蓝/社戏__chunk002,same,0.839455
蓝/孤独者__chunk003,蓝/社戏__chunk003,same,0.825212
蓝/孤独者__chunk003,蓝/社戏__chunk004,same,0.832394
蓝/孤独者__chunk003,蓝/祝福__chunk001,same,0.798153
蓝/孤独者__chunk003,蓝/祝福__chunk002,same,0.883211
蓝/孤独者__chunk003,蓝/祝福__chunk003,same,0.752882
蓝/孤独者__chunk003,蓝/祝福__chunk004,same,0.808475
蓝/孤独者__chunk003,蓝/祝福__chunk005,same,0.812886
蓝/孤独者__chunk003,蓝/祝福__chunk006,same,0.826384
蓝/孤独者__chunk003,蓝/祝福__chunk007,same,0.783126
蓝/孤独者__chunk003,蓝/离婚__chunk001,same,0.873848
蓝/孤独者__chunk003,蓝/离婚__chunk002,same,0.815368
蓝/孤独者__chunk003,蓝/离婚__chunk003,same,0.877451
蓝/孤独者__chunk003,蓝/肥皂__chunk001,same,0.867414
蓝/孤独者__chunk003,蓝/肥皂__chunk002,same,0.872461
蓝/孤独者__chunk003,蓝/肥皂__chunk003,same,0.848435
蓝/孤独者__chunk003,蓝/肥皂__chunk004,same,0.831206
蓝/孤独者__chunk003,蓝/药__chunk001,same,0.804432
蓝/孤独者__chunk003,蓝/药__chunk002,same,0.822854
蓝/孤独者__chunk003,蓝/药__chunk003,same,0.791445
蓝/孤独者__chunk003,蓝/铸剑__chunk001,same,0.863765
蓝/孤独者__chunk003,蓝/铸剑__chunk002,same,0.850191
蓝/孤独者__chunk003,蓝/铸剑__chunk003,same,0.823735
蓝/孤独者__chunk003,蓝/铸剑__chunk004,same,0.854148
蓝/孤独者__chunk003,蓝/铸剑__chunk005,same,0.788385
蓝/孤独者__chunk003,蓝/铸剑__chunk006,same,0.744935
蓝/孤独者__chunk003,蓝/铸剑__chunk007,same,0.741554
蓝/孤独者__chunk003,蓝/阿Q正传__chunk001,same,0.794603
蓝/孤独者__chunk003,蓝/阿Q正传__chunk002,same,0.797544
蓝/孤独者__chunk003,蓝/阿Q正传__chunk003,same,0.759791
蓝/孤独者__chunk003,蓝/阿Q正传__chunk004,same,0.803387
蓝/孤独者__chunk003,蓝/阿Q正传__chunk005,same,0.787907
蓝/孤独者__chunk003,蓝/阿Q正传__chunk006,same,0.796642
蓝/孤独者__chunk003,蓝/阿Q正传__chunk007,same,0.803738
蓝/孤独者__chunk003,蓝/阿Q正传__chunk008,same,0.817204
蓝/孤独者__chunk003,蓝/阿Q正传__chunk009,same,0.788957
蓝/孤独者__chunk003,蓝/阿Q正传__chunk010,same,0.780933
蓝/孤独者__chunk003,蓝/阿Q正传__chunk011,same,0.803972
蓝/孤独者__chunk003,蓝/阿Q正传__chunk012,same,0.802726
蓝/孤独者__chunk003,蓝/阿Q正传__chunk013,same,0.804466
蓝/孤独者__chunk003,蓝/阿Q正传__chunk014,same,0.822495
蓝/孤独者__chunk003,蓝/阿Q正传__chunk015,same,0.818817
蓝/孤独者__chunk003,蓝/阿Q正传__chunk016,same,0.826128
蓝/孤独者__chunk003,蓝/阿Q正传__chunk017,same,0.788133
蓝/孤独者__chunk003,蓝/风波__chunk001,same,0.809106
蓝/孤独者__chunk003,蓝/风波__chunk002,same,0.850256
蓝/孤独者__chunk003,蓝/风波__chunk003,same,0.810458
蓝/孤独者__chunk004,蓝/孤独者__chunk005,same,0.877352
蓝/孤独者__chunk004,蓝/孤独者__chunk006,same,0.895086
蓝/孤独者__chunk004,蓝/孤独者__chunk007,same,0.882342
蓝/孤独者__chunk004,蓝/孤独者__chunk008,same,0.878225
蓝/孤独者__chunk004,蓝/幸福的家庭__chunk001,same,0.892619
蓝/孤独者__chunk004,蓝/幸福的家庭__chunk002,same,0.873431
蓝/孤独者__chunk004,蓝/幸福的家庭__chunk003,same,0.779033
蓝/孤独者__chunk004,蓝/故乡__chunk001,same,0.901000
蓝/孤独者__chunk004,蓝/故乡__chunk002,same,0.907245
蓝/孤独者__chunk004,蓝/故乡__chunk003,same,0.887781
蓝/孤独者__chunk004,蓝/明天__chunk001,same,0.825776
蓝/孤独者__chunk004,蓝/明天__chunk002,same,0.852623
蓝/孤独者__chunk004,蓝/狂人日记__chunk001,same,0.882891
蓝/孤独者__chunk004,蓝/狂人日记__chunk002,same,0.858928
蓝/孤独者__chunk004,蓝/狂人日记__chunk003,same,0.878467
蓝/孤独者__chunk004,蓝/社戏__chunk001,same,0.859243
蓝/孤独者__chunk004,蓝/社戏__chunk002,same,0.880010
蓝/孤独者__chunk004,蓝/社戏__chunk003,same,0.871000
蓝/孤独者__chunk004,蓝/社戏__chunk004,same,0.869665
蓝/孤独者__chunk004,蓝/祝福__chunk001,same,0.849084
蓝/孤独者__chunk004,蓝/祝福__chunk002,same,0.861930
蓝/孤独者__chunk004,蓝/祝福__chunk003,same,0.792581
蓝/孤独者__chunk004,蓝/祝福__chunk004,same,0.849016
蓝/孤独者__chunk004,蓝/祝福__chunk005,same,0.821188
蓝/孤独者__chunk004,蓝/祝福__chunk006,same,0.843343
蓝/孤独者__chunk004,蓝/祝福__chunk007,same,0.797025
蓝/孤独者__chunk004,蓝/离婚__chunk001,same,0.864952
蓝/孤独者__chunk004,蓝/离婚__chunk002,same,0.882112
蓝/孤独者__chunk004,蓝/离婚__chunk003,same,0.849748
蓝/孤独者__chunk004,蓝/肥皂__chunk001,same,0.878578
蓝/孤独者__chunk004,蓝/肥皂__chunk002,same,0.882539
蓝/孤独者__chunk004,蓝/肥皂__chunk003,same,0.887908
蓝/孤独者__chunk004,蓝/肥皂__chunk004,same,0.868668
蓝/孤独者__chunk004,蓝/药__chunk001,same,0.849208
蓝/孤独者__chunk004,蓝/药__chunk002,same,0.846604
蓝/孤独者__chunk004,蓝/药__chunk003,same,0.820654
蓝/孤独者__chunk004,蓝/铸剑__chunk001,same,0.886270
蓝/孤独者__chunk004,蓝/铸剑__chunk002,same,0.901077
蓝/孤独者__chunk004,蓝/铸剑__chunk003,same,0.853172
蓝/孤独者__chunk004,蓝/铸剑__chunk004,same,0.868438
蓝/孤独者__chunk004,蓝/铸剑__chunk005,same,0.830617
蓝/孤独者__chunk004,蓝/铸剑__chunk006,same,0.781360
蓝/孤独者__chunk004,蓝/铸剑__chunk007,same,0.787199
蓝/孤独者__chunk004,蓝/阿Q正传__chunk001,same,0.822358
蓝/孤独者__chunk004,蓝/阿Q正传__chunk002,same,0.826045
蓝/孤独者__chunk004,蓝/阿Q正传__chunk003,same,0.765983
蓝/孤独者__chunk004,蓝/阿Q正传__chunk004,same,0.817745
蓝/孤独者__chunk004,蓝/阿Q正传__chunk005,same,0.784822
蓝/孤独者__chunk004,蓝/阿Q正传__chunk006,same,0.819190
蓝/孤独者__chunk004,蓝/阿Q正传__chunk007,same,0.833104
蓝/孤独者__chunk004,蓝/阿Q正传__chunk008,same,0.833258
蓝/孤独者__chunk004,蓝/阿Q正传__chunk009,same,0.806131
蓝/孤独者__chunk004,蓝/阿Q正传__chunk010,same,0.806603
蓝/孤独者__chunk004,蓝/阿Q正传__chunk011,same,0.830036
蓝/孤独者__chunk004,蓝/阿Q正传__chunk012,same,0.819481
蓝/孤独者__chunk004,蓝/阿Q正传__chunk013,same,0.842036
蓝/孤独者__chunk004,蓝/阿Q正传__chunk014,same,0.874971
蓝/孤独者__chunk004,蓝/阿Q正传__chunk015,same,0.849520
蓝/孤独者__chunk004,蓝/阿Q正传__chunk016,same,0.835686
蓝/孤独者__chunk004,蓝/阿Q正传__chunk017,same,0.798783
蓝/孤独者__chunk004,蓝/风波__chunk001,same,0.847706
蓝/孤独者__chunk004,蓝/风波__chunk002,same,0.893201
蓝/孤独者__chunk004,蓝/风波__chunk003,same,0.808521
蓝/孤独者__chunk005,蓝/孤独者__chunk006,same,0.910724
蓝/孤独者__chunk005,蓝/孤独者__chunk007,same,0.830750
蓝/孤独者__chunk005,蓝/孤独者__chunk008,same,0.818048
蓝/孤独者__chunk005,蓝/幸福的家庭__chunk001,same,0.794308
蓝/孤独者__chunk005,蓝/幸福的家庭__chunk002,same,0.786674
蓝/孤独者__chunk005,蓝/幸福的家庭__chunk003,same,0.768028
蓝/孤独者__chunk005,蓝/故乡__chunk001,same,0.866756
蓝/孤独者__chunk005,蓝/故乡__chunk002,same,0.865155
蓝/孤独者__chunk005,蓝/故乡__chunk003,same,0.858120
蓝/孤独者__chunk005,蓝/明天__chunk001,same,0.796172
蓝/孤独者__chunk005,蓝/明天__chunk002,same,0.807868
蓝/孤独者__chunk005,蓝/狂人日记__chunk001,same,0.860409
蓝/孤独者__chunk005,蓝/狂人日记__chunk002,same,0.857225
蓝/孤独者__chunk005,蓝/狂人日记__chunk003,same,0.822605
蓝/孤独者__chunk005,蓝/社戏__chunk001,same,0.836230
蓝/孤独者__chunk005,蓝/社戏__chunk002,same,0.869795
蓝/孤独者__chunk005,蓝/社戏__chunk003,same,0.814930
蓝/孤独者__chunk005,蓝/社戏__chunk004,same,0.809524
蓝/孤独者__chunk005,蓝/祝福__chunk001,same,0.814893
蓝/孤独者__chunk005,蓝/祝福__chunk002,same,0.897851
蓝/孤独者__chunk005,蓝/祝福__chunk003,same,0.788609
蓝/孤独者__chunk005,蓝/祝福__chunk004,same,0.834752
蓝/孤独者__chunk005,蓝/祝福__chunk005,same,0.810316
蓝/孤独者__chunk005,蓝/祝福__chunk006,same,0.831406
蓝/孤独者__chunk005,蓝/祝福__chunk007,same,0.805465
蓝/孤独者__chunk005,蓝/离婚__chunk001,same,0.798960
蓝/孤独者__chunk005,蓝/离婚__chunk002,same,0.819141
蓝/孤独者__chunk005,蓝/离婚__chunk003,same,0.821660
蓝/孤独者__chunk005,蓝/肥皂__chunk001,same,0.861190
蓝/孤独者__chunk005,蓝/肥皂__chunk002,same,0.821006
蓝/孤独者__chunk005,蓝/肥皂__chunk003,same,0.826247
蓝/孤独者__chunk005,蓝/肥皂__chunk004,same,0.810109
蓝/孤独者__chunk005,蓝/药__chunk001,same,0.769974
蓝/孤独者__chunk005,蓝/药__chunk002,same,0.732785
蓝/孤独者__chunk005,蓝/药__chunk003,same,0.797983
蓝/孤独者__chunk005,蓝/铸剑__chunk001,same,0.789599
蓝/孤独者__chunk005,蓝/铸剑__chunk002,same,0.810050
蓝/孤独者__chunk005,蓝/铸剑__chunk003,same,0.761894
蓝/孤独者__chunk005,蓝/铸剑__chunk004,same,0.777169
蓝/孤独者__chunk005,蓝/铸剑__chunk005,same,0.765215
蓝/孤独者__chunk005,蓝/铸剑__chunk006,same,0.725365
蓝/孤独者__chunk005,蓝/铸剑__chunk007,same,0.746803
蓝/孤独者__chunk005,蓝/阿Q正传__chunk001,same,0.776167
蓝/孤独者__chunk005,蓝/阿Q正传__chunk002,same,0.752248
蓝/孤独者__chunk005,蓝/阿Q正传__chunk003,same,0.708135
蓝/孤独者__chunk005,蓝/阿Q正传__chunk004,same,0.762622
蓝/孤独者__chunk005,蓝/阿Q正传__chunk005,same,0.736176
蓝/孤独者__chunk005,蓝/阿Q正传__chunk006,same,0.756062
蓝/孤独者__chunk005,蓝/阿Q正传__chunk007,same,0.774345
蓝/孤独者__chunk005,蓝/阿Q正传__chunk008,same,0.774703
蓝/孤独者__chunk005,蓝/阿Q正传__chunk009,same,0.742199
蓝/孤独者__chunk005,蓝/阿Q正传__chunk010,same,0.735952
蓝/孤独者__chunk005,蓝/阿Q正传__chunk011,same,0.769520
蓝/孤独者__chunk005,蓝/阿Q正传__chunk012,same,0.782293
蓝/孤独者__chunk005,蓝/阿Q正传__chunk013,same,0.770163
蓝/孤独者__chunk005,蓝/阿Q正传__chunk014,same,0.800843
蓝/孤独者__chunk005,蓝/阿Q正传__chunk015,same,0.781627
蓝/孤独者__chunk005,蓝/阿Q正传__chunk016,same,0.766970
蓝/孤独者__chunk005,蓝/阿Q正传__chunk017,same,0.736448
蓝/孤独者__chunk005,蓝/风波__chunk001,same,0.761468
蓝/孤独者__chunk005,蓝/风波__chunk002,same,0.807021
蓝/孤独者__chunk005,蓝/风波__chunk003,same,0.767660
蓝/孤独者__chunk006,蓝/孤独者__chunk007,same,0.828055
蓝/孤独者__chunk006,蓝/孤独者__chunk008,same,0.813528
蓝/孤独者__chunk006,蓝/幸福的家庭__chunk001,same,0.803083
蓝/孤独者__chunk006,蓝/幸福的家庭__chunk002,same,0.786263
蓝/孤独者__chunk006,蓝/幸福的家庭__chunk003,same,0.709354
蓝/孤独者__chunk006,蓝/故乡__chunk001,same,0.857261
蓝/孤独者__chunk006,蓝/故乡__chunk002,same,0.873309
蓝/孤独者__chunk006,蓝/故乡__chunk003,same,0.837305
蓝/孤独者__chunk006,蓝/明天__chunk001,same,0.747714
蓝/孤独者__chunk006,蓝/明天__chunk002,same,0.761757
蓝/孤独者__chunk006,蓝/狂人日记__chunk001,same,0.858527
蓝/孤独者__chunk006,蓝/狂人日记__chunk002,same,0.861123
蓝/孤独者__chunk006,蓝/狂人日记__chunk003,same,0.844494
蓝/孤独者__chunk006,蓝/社戏__chunk001,same,0.835219
蓝/孤独者__chunk006,蓝/社戏__chunk002,same,0.838779
蓝/孤独者__chunk006,蓝/社戏__chunk003,same,0.815977
蓝/孤独者__chunk006,蓝/社戏__chunk004,same,0.804682
蓝/孤独者__chunk006,蓝/祝福__chunk001,same,0.801803
蓝/孤独者__chunk006,蓝/祝福__chunk002,same,0.904102
蓝/孤独者__chunk006,蓝/祝福__chunk003,same,0.728372
蓝/孤独者__chunk006,蓝/祝福__chunk004,same,0.799647
蓝/孤独者__chunk006,蓝/祝福__chunk005,same,0.778629
蓝/孤独者__chunk006,蓝/祝福__chunk006,same,0.788334
蓝/孤独者__chunk006,蓝/祝福__chunk007,same,0.755480
蓝/孤独者__chunk006,蓝/离婚__chunk001,same,0.826661
蓝/孤独者__chunk006,蓝/离婚__chunk002,same,0.789461
蓝/孤独者__chunk006,蓝/离婚__chunk003,same,0.838312
蓝/孤独者__chunk006,蓝/肥皂__chunk001,same,0.833263
蓝/孤独者__chunk006,蓝/肥皂__chunk002,same,0.836773
蓝/孤独者__chunk006,蓝/肥皂__chunk003,same,0.838032
蓝/孤独者__chunk006,蓝/肥皂__chunk004,same,0.805856
蓝/孤独者__chunk006,蓝/药__chunk001,same,0.753869
蓝/孤独者__chunk006,蓝/药__chunk002,same,0.774079
蓝/孤独者__chunk006,蓝/药__chunk003,same,0.745130
蓝/孤独者__chunk006,蓝/铸剑__chunk001,same,0.813045
蓝/孤独者__chunk006,蓝/铸剑__chunk002,same,0.831063
蓝/孤独者__chunk006,蓝/铸剑__chunk003,same,0.748677
蓝/孤独者__chunk006,蓝/铸剑__chunk004,same,0.796281
蓝/孤独者__chunk006,蓝/铸剑__chunk005,same,0.755246
蓝/孤独者__chunk006,蓝/铸剑__chunk006,same,0.711355
蓝/孤独者__chunk006,蓝/铸剑__chunk007,same,0.731506
蓝/孤独者__chunk006,蓝/阿Q正传__chunk001,same,0.767787
蓝/孤独者__chunk006,蓝/阿Q正传__chunk002,same,0.740840
蓝/孤独者__chunk006,蓝/阿Q正传__chunk003,same,0.686994
蓝/孤独者__chunk006,蓝/阿Q正传__chunk004,same,0.743195
蓝/孤独者__chunk006,蓝/阿Q正传__chunk005,same,0.705348
蓝/孤独者__chunk006,蓝/阿Q正传__chunk006,same,0.741831
蓝/孤独者__chunk006,蓝/阿Q正传__chunk007,same,0.751943
蓝/孤独者__chunk006,蓝/阿Q正传__chunk008,same,0.758497
蓝/孤独者__chunk006,蓝/阿Q正传__chunk009,same,0.731114
蓝/孤独者__chunk006,蓝/阿Q正传__chunk010,same,0.723149
蓝/孤独者__chunk006,蓝/阿Q正传__chunk011,same,0.757342
蓝/孤独者__chunk006,蓝/阿Q正传__chunk012,same,0.784951
蓝/孤独者__chunk006,蓝/阿Q正传__chunk013,same,0.760625
蓝/孤独者__chunk006,蓝/阿Q正传__chunk014,same,0.784237
蓝/孤独者__chunk006,蓝/阿Q正传__chunk015,same,0.763657
蓝/孤独者__chunk006,蓝/阿Q正传__chunk016,same,0.769904
蓝/孤独者__chunk006,蓝/阿Q正传__chunk017,same,0.727462
蓝/孤独者__chunk006,蓝/风波__chunk001,same,0.756974
蓝/孤独者__chunk006,蓝/风波__chunk002,same,0.784855
蓝/孤独者__chunk006,蓝/风波__chunk003,same,0.740210
蓝/孤独者__chunk007,蓝/孤独者__chunk008,same,0.858235
蓝/孤独者__chunk007,蓝/幸福的家庭__chunk001,same,0.844232
蓝/孤独者__chunk007,蓝/幸福的家庭__chunk002,same,0.884042
蓝/孤独者__chunk007,蓝/幸福的家庭__chunk003,same,0.820001
蓝/孤独者__chunk007,蓝/故乡__chunk001,same,0.892665
蓝/孤独者__chunk007,蓝/故乡__chunk002,same,0.845457
蓝/孤独者__chunk007,蓝/故乡__chunk003,same,0.846706
蓝/孤独者__chunk007,蓝/明天__chunk001,same,0.860871
蓝/孤独者__chunk007,蓝/明天__chunk002,same,0.877792
蓝/孤独者__chunk007,蓝/狂人日记__chunk001,same,0.841242
蓝/孤独者__chunk007,蓝/狂人日记__chunk002,same,0.837021
蓝/孤独者__chunk007,蓝/狂人日记__chunk003,same,0.836577
蓝/孤独者__chunk007,蓝/社戏__chunk001,same,0.901107
蓝/孤独者__chunk007,蓝/社戏__chunk002,same,0.880536
蓝/孤独者__chunk007,蓝/社戏__chunk003,same,0.899522
蓝/孤独者__chunk007,蓝/社戏__chunk004,same,0.868313
蓝/孤独者__chunk007,蓝/祝福__chunk001,same,0.900562
蓝/孤独者__chunk007,蓝/祝福__chunk002,same,0.850254
蓝/孤独者__chunk007,蓝/祝福__chunk003,same,0.806653
蓝/孤独者__chunk007,蓝/祝福__chunk004,same,0.799278
蓝/孤独者__chunk007,蓝/祝福__chunk005,same,0.817922
蓝/孤独者__chunk007,蓝/祝福__chunk006,same,0.826672
蓝/孤独者__chunk007,蓝/祝福__chunk007,same,0.840435
蓝/孤独者__chunk007,蓝/离婚__chunk001,same,0.835352
蓝/孤独者__chunk007,蓝/离婚__chunk002,same,0.860538
蓝/孤独者__chunk007,蓝/离婚__chunk003,same,0.817227
蓝/孤独者__chunk007,蓝/肥皂__chunk001,same,0.852203
蓝/孤独者__chunk007,蓝/肥皂__chunk002,same,0.861134
蓝/孤独者__chunk007,蓝/肥皂__chunk003,same,0.843556
蓝/孤独者__chunk007,蓝/肥皂__chunk004,same,0.890993
蓝/孤独者__chunk007,蓝/药__chunk001,same,0.876764
蓝/孤独者__chunk007,蓝/药__chunk002,same,0.816469
蓝/孤独者__chunk007,蓝/药__chunk003,same,0.857989
蓝/孤独者__chunk007,蓝/铸剑__chunk001,same,0.873774
蓝/孤独者__chunk007,蓝/铸剑__chunk002,same,0.852669
蓝/孤独者__chunk007,蓝/铸剑__chunk003,same,0.890361
蓝/孤独者__chunk007,蓝/铸剑__chunk004,same,0.847946
蓝/孤独者__chunk007,蓝/铸剑__chunk005,same,0.859320
蓝/孤独者__chunk007,蓝/铸剑__chunk006,same,0.827923
蓝/孤独者__chunk007,蓝/铸剑__chunk007,same,0.837887
蓝/孤独者__chunk007,蓝/阿Q正传__chunk001,same,0.843053
蓝/孤独者__chunk007,蓝/阿Q正传__chunk002,same,0.838568
蓝/孤独者__chunk007,蓝/阿Q正传__chunk003,same,0.812119
蓝/孤独者__chunk007,蓝/阿Q正传__chunk004,same,0.819792
蓝/孤独者__chunk007,蓝/阿Q正传__chunk005,same,0.820000
蓝/孤独者__chunk007,蓝/阿Q正传__chunk006,same,0.858534
蓝/孤独者__chunk007,蓝/阿Q正传__chunk007,same,0.849483
蓝/孤独者__chunk007,蓝/阿Q正传__chunk008,same,0.833055
蓝/孤独者__chunk007,蓝/阿Q正传__chunk009,same,0.827083
蓝/孤独者__chunk007,蓝/阿Q正传__chunk010,same,0.820790
蓝/孤独者__chunk007,蓝/阿Q正传__chunk011,same,0.841436
蓝/孤独者__chunk007,蓝/阿Q正传__chunk012,same,0.828926
蓝/孤独者__chunk007,蓝/阿Q正传__chunk013,same,0.868575
蓝/孤独者__chunk007,蓝/阿Q正传__chunk014,same,0.875971
蓝/孤独者__chunk007,蓝/阿Q正传__chunk015,same,0.841737
蓝/孤独者__chunk007,蓝/阿Q正传__chunk016,same,0.812923
蓝/孤独者__chunk007,蓝/阿Q正传__chunk017,same,0.846273
蓝/孤独者__chunk007,蓝/风波__chunk001,same,0.897956
蓝/孤独者__chunk007,蓝/风波__chunk002,same,0.878790
蓝/孤独者__chunk007,蓝/风波__chunk003,same,0.856879
蓝/孤独者__chunk008,蓝/幸福的家庭__chunk001,same,0.847579
蓝/孤独者__chunk008,蓝/幸福的家庭__chunk002,same,0.879206
蓝/孤独者__chunk008,蓝/幸福的家庭__chunk003,same,0.807149
蓝/孤独者__chunk008,蓝/故乡__chunk001,same,0.872811
蓝/孤独者__chunk008,蓝/故乡__chunk002,same,0.855554
蓝/孤独者__chunk008,蓝/故乡__chunk003,same,0.875622
蓝/孤独者__chunk008,蓝/明天__chunk001,same,0.841729
蓝/孤独者__chunk008,蓝/明天__chunk002,same,0.854489
蓝/孤独者__chunk008,蓝/狂人日记__chunk001,same,0.819049
蓝/孤独者__chunk008,蓝/狂人日记__chunk002,same,0.827529
蓝/孤独者__chunk008,蓝/狂人日记__chunk003,same,0.847903
蓝/孤独者__chunk008,蓝/社戏__chunk001,same,0.829423
蓝/孤独者__chunk008,蓝/社戏__chunk002,same,0.834996
蓝/孤独者__chunk008,蓝/社戏__chunk003,same,0.843738
蓝/孤独者__chunk008,蓝/社戏__chunk004,same,0.850686
蓝/孤独者__chunk008,蓝/祝福__chunk001,same,0.819737
蓝/孤独者__chunk008,蓝/祝福__chunk002,same,0.824741
蓝/孤独者__chunk008,蓝/祝福__chunk003,same,0.788988
蓝/孤独者__chunk008,蓝/祝福__chunk004,same,0.801672
蓝/孤独者__chunk008,蓝/祝福__chunk005,same,0.794601
蓝/孤独者__chunk008,蓝/祝福__chunk006,same,0.828866
蓝/孤独者__chunk008,蓝/祝福__chunk007,same,0.776438
蓝/孤独者__chunk008,蓝/离婚__chunk001,same,0.842783
蓝/孤独者__chunk008,蓝/离婚__chunk002,same,0.877075
蓝/孤独者__chunk008,蓝/离婚__chunk003,same,0.824861
蓝/孤独者__chunk008,蓝/肥皂__chunk001,same,0.846099
蓝/孤独者__chunk008,蓝/肥皂__chunk002,same,0.838984
蓝/孤独者__chunk008,蓝/肥皂__chunk003,same,0.843304
蓝/孤独者__chunk008,蓝/肥皂__chunk004,same,0.838779
蓝/孤独者__chunk008,蓝/药__chunk001,same,0.856636
蓝/孤独者__chunk008,蓝/药__chunk002,same,0.870418
蓝/孤独者__chunk008,蓝/药__chunk003,same,0.802402
蓝/孤独者__chunk008,蓝/铸剑__chunk001,same,0.858999
蓝/孤独者__chunk008,蓝/铸剑__chunk002,same,0.867336
蓝/孤独者__chunk008,蓝/铸剑__chunk003,same,0.870319
蓝/孤独者__chunk008,蓝/铸剑__chunk004,same,0.852744
蓝/孤独者__chunk008,蓝/铸剑__chunk005,same,0.841034
蓝/孤独者__chunk008,蓝/铸剑__chunk006,same,0.806407
蓝/孤独者__chunk008,蓝/铸剑__chunk007,same,0.802996
蓝/孤独者__chunk008,蓝/阿Q正传__chunk001,same,0.817237
蓝/孤独者__chunk008,蓝/阿Q正传__chunk002,same,0.820419
蓝/孤独者__chunk008,蓝/阿Q正传__chunk003,same,0.796629
蓝/孤独者__chunk008,蓝/阿Q正传__chunk004,same,0.840482
蓝/孤独者__chunk008,蓝/阿Q正传__chunk005,same,0.827052
蓝/孤独者__chunk008,蓝/阿Q正传__chunk006,same,0.848778
蓝/孤独者__chunk008,蓝/阿Q正传__chunk007,same,0.851023
蓝/孤独者__chunk008,蓝/阿Q正传__chunk008,same,0.859975
蓝/孤独者__chunk008,蓝/阿Q正传__chunk009,same,0.831639
蓝/孤独者__chunk008,蓝/阿Q正传__chunk010,same,0.811970
蓝/孤独者__chunk008,蓝/阿Q正传__chunk011,same,0.834772
蓝/孤独者__chunk008,蓝/阿Q正传__chunk012,same,0.814228
蓝/孤独者__chunk008,蓝/阿Q正传__chunk013,same,0.858728
蓝/孤独者__chunk008,蓝/阿Q正传__chunk014,same,0.876690
蓝/孤独者__chunk008,蓝/阿Q正传__chunk015,same,0.887615
蓝/孤独者__chunk008,蓝/阿Q正传__chunk016,same,0.855222
蓝/孤独者__chunk008,蓝/阿Q正传__chunk017,same,0.832314
蓝/孤独者__chunk008,蓝/风波__chunk001,same,0.821814
蓝/孤独者__chunk008,蓝/风波__chunk002,same,0.875627
蓝/孤独者__chunk008,蓝/风波__chunk003,same,0.826456
蓝/幸福的家庭__chunk001,蓝/幸福的家庭__chunk002,same,0.899949
蓝/幸福的家庭__chunk001,蓝/幸福的家庭__chunk003,same,0.842108
蓝/幸福的家庭__chunk001,蓝/故乡__chunk001,same,0.849851
蓝/幸福的家庭__chunk001,蓝/故乡__chunk002,same,0.840625
蓝/幸福的家庭__chunk001,蓝/故乡__chunk003,same,0.865424
蓝/幸福的家庭__chunk001,蓝/明天__chunk001,same,0.838720
蓝/幸福的家庭__chunk001,蓝/明天__chunk002,same,0.857948
蓝/幸福的家庭__chunk001,蓝/狂人日记__chunk001,same,0.817988
蓝/幸福的家庭__chunk001,蓝/狂人日记__chunk002,same,0.828572
蓝/幸福的家庭__chunk001,蓝/狂人日记__chunk003,same,0.838597
蓝/幸福的家庭__chunk001,蓝/社戏__chunk001,same,0.829788
蓝/幸福的家庭__chunk001,蓝/社戏__chunk002,same,0.831427
蓝/幸福的家庭__chunk001,蓝/社戏__chunk003,same,0.838919
蓝/幸福的家庭__chunk001,蓝/社戏__chunk004,same,0.851480
蓝/幸福的家庭__chunk001,蓝/祝福__chunk001,same,0.834504
蓝/幸福的家庭__chunk001,蓝/祝福__chunk002,same,0.798769
蓝/幸福的家庭__chunk001,蓝/祝福__chunk003,same,0.769801
蓝/幸福的家庭__chunk001,蓝/祝福__chunk004,same,0.806048
蓝/幸福的家庭__chunk001,蓝/祝福__chunk005,same,0.751613
蓝/幸福的家庭__chunk001,蓝/祝福__chunk006,same,0.786347
蓝/幸福的家庭__chunk001,蓝/祝福__chunk007,same,0.790499
蓝/幸福的家庭__chunk001,蓝/离婚__chunk001,same,0.888071
蓝/幸福的家庭__chunk001,蓝/离婚__chunk002,same,0.859582
蓝/幸福的家庭__chunk001,蓝/离婚__chunk003,same,0.852979
蓝/幸福的家庭__chunk001,蓝/肥皂__chunk001,same,0.874074
蓝/幸福的家庭__chunk001,蓝/肥皂__chunk002,same,0.845193
蓝/幸福的家庭__chunk001,蓝/肥皂__chunk003,same,0.885768
蓝/幸福的家庭__chunk001,蓝/肥皂__chunk004,same,0.857572
蓝/幸福的家庭__chunk001,蓝/药__chunk001,same,0.874967
蓝/幸福的家庭__chunk001,蓝/药__chunk002,same,0.844601
蓝/幸福的家庭__chunk001,蓝/药__chunk003,same,0.855747
蓝/幸福的家庭__chunk001,蓝/铸剑__chunk001,same,0.882308
蓝/幸福的家庭__chunk001,蓝/铸剑__chunk002,same,0.872664
蓝/幸福的家庭__chunk001,蓝/铸剑__chunk003,same,0.863781
蓝/幸福的家庭__chunk001,蓝/铸剑__chunk004,same,0.893078
蓝/幸福的家庭__chunk001,蓝/铸剑__chunk005,same,0.845977
蓝/幸福的家庭__chunk001,蓝/铸剑__chunk006,same,0.801389
蓝/幸福的家庭__chunk001,蓝/铸剑__chunk007,same,0.790723
蓝/幸福的家庭__chunk001,蓝/阿Q正传__chunk001,same,0.824069
蓝/幸福的家庭__chunk001,蓝/阿Q正传__chunk002,same,0.816483
蓝/幸福的家庭__chunk001,蓝/阿Q正传__chunk003,same,0.798502
蓝/幸福的家庭__chunk001,蓝/阿Q正传__chunk004,same,0.810402
蓝/幸福的家庭__chunk001,蓝/阿Q正传__chunk005,same,0.805307
蓝/幸福的家庭__chunk001,蓝/阿Q正传__chunk006,same,0.816438
蓝/幸福的家庭__chunk001,蓝/阿Q正传__chunk007,same,0.853126
蓝/幸福的家庭__chunk001,蓝/阿Q正传__chunk008,same,0.829937
蓝/幸福的家庭__chunk001,蓝/阿Q正传__chunk009,same,0.826327
蓝/幸福的家庭__chunk001,蓝/阿Q正传__chunk010,same,0.819326
蓝/幸福的家庭__chunk001,蓝/阿Q正传__chunk011,same,0.843442
蓝/幸福的家庭__chunk001,蓝/阿Q正传__chunk012,same,0.836257
蓝/幸福的家庭__chunk001,蓝/阿Q正传__chunk013,same,0.853335
蓝/幸福的家庭__chunk001,蓝/阿Q正传__chunk014,same,0.875639
蓝/幸福的家庭__chunk001,蓝/阿Q正传__chunk015,same,0.841115
蓝/幸福的家庭__chunk001,蓝/阿Q正传__chunk016,same,0.817931
蓝/幸福的家庭__chunk001,蓝/阿Q正传__chunk017,same,0.815377
蓝/幸福的家庭__chunk001,蓝/风波__chunk001,same,0.858542
蓝/幸福的家庭__chunk001,蓝/风波__chunk002,same,0.875408
蓝/幸福的家庭__chunk001,蓝/风波__chunk003,same,0.851488
蓝/幸福的家庭__chunk002,蓝/幸福的家庭__chunk003,same,0.854728
蓝/幸福的家庭__chunk002,蓝/故乡__chunk001,same,0.866394
蓝/幸福的家庭__chunk002,蓝/故乡__chunk002,same,0.847273
蓝/幸福的家庭__chunk002,蓝/故乡__chunk003,same,0.868028
蓝/幸福的家庭__chunk002,蓝/明天__chunk001,same,0.865053
蓝/幸福的家庭__chunk002,蓝/明天__chunk002,same,0.894677
蓝/幸福的家庭__chunk002,蓝/狂人日记__chunk001,same,0.833912
蓝/幸福的家庭__chunk002,蓝/狂人日记__chunk002,same,0.818122
蓝/幸福的家庭__chunk002,蓝/狂人日记__chunk003,same,0.836667
蓝/幸福的家庭__chunk002,蓝/社戏__chunk001,same,0.860671
蓝/幸福的家庭__chunk002,蓝/社戏__chunk002,same,0.853548
蓝/幸福的家庭__chunk002,蓝/社戏__chunk003,same,0.878616
蓝/幸福的家庭__chunk002,蓝/社戏__chunk004,same,0.856749
蓝/幸福的家庭__chunk002,蓝/祝福__chunk001,same,0.854881
蓝/幸福的家庭__chunk002,蓝/祝福__chunk002,same,0.828103
蓝/幸福的家庭__chunk002,蓝/祝福__chunk003,same,0.804790
蓝/幸福的家庭__chunk002,蓝/祝福__chunk004,same,0.800476
蓝/幸福的家庭__chunk002,蓝/祝福__chunk005,same,0.769508
蓝/幸福的家庭__chunk002,蓝/祝福__chunk006,same,0.819109
蓝/幸福的家庭__chunk002,蓝/祝福__chunk007,same,0.795890
蓝/幸福的家庭__chunk002,蓝/离婚__chunk001,same,0.876170
蓝/幸福的家庭__chunk002,蓝/离婚__chunk002,same,0.881057
蓝/幸福的家庭__chunk002,蓝/离婚__chunk003,same,0.837872
蓝/幸福的家庭__chunk002,蓝/肥皂__chunk001,same,0.895273
蓝/幸福的家庭__chunk002,蓝/肥皂__chunk002,same,0.851491
蓝/幸福的家庭__chunk002,蓝/肥皂__chunk003,same,0.872810
蓝/幸福的家庭__chunk002,蓝/肥皂__chunk004,same,0.881851
蓝/幸福的家庭__chunk002,蓝/药__chunk001,same,0.889204
蓝/幸福的家庭__chunk002,蓝/药__chunk002,same,0.844752
蓝/幸福的家庭__chunk002,蓝/药__chunk003,same,0.864658
蓝/幸福的家庭__chunk002,蓝/铸剑__chunk001,same,0.871389
蓝/幸福的家庭__chunk002,蓝/铸剑__chunk002,same,0.866876
蓝/幸福的家庭__chunk002,蓝/铸剑__chunk003,same,0.880390
蓝/幸福的家庭__chunk002,蓝/铸剑__chunk004,same,0.867726
蓝/幸福的家庭__chunk002,蓝/铸剑__chunk005,same,0.872147
蓝/幸福的家庭__chunk002,蓝/铸剑__chunk006,same,0.849739
蓝/幸福的家庭__chunk002,蓝/铸剑__chunk007,same,0.831597
蓝/幸福的家庭__chunk002,蓝/阿Q正传__chunk001,same,0.847538
蓝/幸福的家庭__chunk002,蓝/阿Q正传__chunk002,same,0.848092
蓝/幸福的家庭__chunk002,蓝/阿Q正传__chunk003,same,0.831213
蓝/幸福的家庭__chunk002,蓝/阿Q正传__chunk004,same,0.812223
蓝/幸福的家庭__chunk002,蓝/阿Q正传__chunk005,same,0.820447
蓝/幸福的家庭__chunk002,蓝/阿Q正传__chunk006,same,0.854860
蓝/幸福的家庭__chunk002,蓝/阿Q正传__chunk007,same,0.868339
蓝/幸福的家庭__chunk002,蓝/阿Q正传__chunk008,same,0.856448
蓝/幸福的家庭__chunk002,蓝/阿Q正传__chunk009,same,0.838810
蓝/幸福的家庭__chunk002,蓝/阿Q正传__chunk010,same,0.845736
蓝/幸福的家庭__chunk002,蓝/阿Q正传__chunk011,same,0.855081
蓝/幸福的家庭__chunk002,蓝/阿Q正传__chunk012,same,0.839209
蓝/幸福的家庭__chunk002,蓝/阿Q正传__chunk013,same,0.888573
蓝/幸福的家庭__chunk002,蓝/阿Q正传__chunk014,same,0.887450
蓝/幸福的家庭__chunk002,蓝/阿Q正传__chunk015,same,0.863137
蓝/幸福的家庭__chunk002,蓝/阿Q正传__chunk016,same,0.839601
蓝/幸福的家庭__chunk002,蓝/阿Q正传__chunk017,same,0.831248
蓝/幸福的家庭__chunk002,蓝/风波__chunk001,same,0.869535
蓝/幸福的家庭__chunk002,蓝/风波__chunk002,same,0.903067
蓝/幸福的家庭__chunk002,蓝/风波__chunk003,same,0.864526
蓝/幸福的家庭__chunk003,蓝/故乡__chunk001,same,0.787934
蓝/幸福的家庭__chunk003,蓝/故乡__chunk002,same,0.768784
蓝/幸福的家庭__chunk003,蓝/故乡__chunk003,same,0.837000
蓝/幸福的家庭__chunk003,蓝/明天__chunk001,same,0.826310
蓝/幸福的家庭__chunk003,蓝/明天__chunk002,same,0.829357
蓝/幸福的家庭__chunk003,蓝/狂人日记__chunk001,same,0.723936
蓝/幸福的家庭__chunk003,蓝/狂人日记__chunk002,same,0.722152
蓝/幸福的家庭__chunk003,蓝/狂人日记__chunk003,same,0.779540
蓝/幸福的家庭__chunk003,蓝/社戏__chunk001,same,0.747189
蓝/幸福的家庭__chunk003,蓝/社戏__chunk002,same,0.751383
蓝/幸福的家庭__chunk003,蓝/社戏__chunk003,same,0.765020
蓝/幸福的家庭__chunk003,蓝/社戏__chunk004,same,0.793901
蓝/幸福的家庭__chunk003,蓝/祝福__chunk001,same,0.790862
蓝/幸福的家庭__chunk003,蓝/祝福__chunk002,same,0.771866
蓝/幸福的家庭__chunk003,蓝/祝福__chunk003,same,0.776242
蓝/幸福的家庭__chunk003,蓝/祝福__chunk004,same,0.762107
蓝/幸福的家庭__chunk003,蓝/祝福__chunk005,same,0.730978
蓝/幸福的家庭__chunk003,蓝/祝福__chunk006,same,0.782093
蓝/幸福的家庭__chunk003,蓝/祝福__chunk007,same,0.806901
蓝/幸福的家庭__chunk003,蓝/离婚__chunk001,same,0.828761
蓝/幸福的家庭__chunk003,蓝/离婚__chunk002,same,0.824978
蓝/幸福的家庭__chunk003,蓝/离婚__chunk003,same,0.817689
蓝/幸福的家庭__chunk003,蓝/肥皂__chunk001,same,0.872442
蓝/幸福的家庭__chunk003,蓝/肥皂__chunk002,same,0.803573
蓝/幸福的家庭__chunk003,蓝/肥皂__chunk003,same,0.847034
蓝/幸福的家庭__chunk003,蓝/肥皂__chunk004,same,0.852161
蓝/幸福的家庭__chunk003,蓝/药__chunk001,same,0.845663
蓝/幸福的家庭__chunk003,蓝/药__chunk002,same,0.812447
蓝/幸福的家庭__chunk003,蓝/药__chunk003,same,0.843258
蓝/幸福的家庭__chunk003,蓝/铸剑__chunk001,same,0.840191
蓝/幸福的家庭__chunk003,蓝/铸剑__chunk002,same,0.794151
蓝/幸福的家庭__chunk003,蓝/铸剑__chunk003,same,0.864995
蓝/幸福的家庭__chunk003,蓝/铸剑__chunk004,same,0.827420
蓝/幸福的家庭__chunk003,蓝/铸剑__chunk005,same,0.797715
蓝/幸福的家庭__chunk003,蓝/铸剑__chunk006,same,0.775878
蓝/幸福的家庭__chunk003,蓝/铸剑__chunk007,same,0.762101
蓝/幸福的家庭__chunk003,蓝/阿Q正传__chunk001,same,0.784293
蓝/幸福的家庭__chunk003,蓝/阿Q正传__chunk002,same,0.778182
蓝/幸福的家庭__chunk003,蓝/阿Q正传__chunk003,same,0.799773
蓝/幸福的家庭__chunk003,蓝/阿Q正传__chunk004,same,0.818747
蓝/幸福的家庭__chunk003,蓝/阿Q正传__chunk005,same,0.837368
蓝/幸福的家庭__chunk003,蓝/阿Q正传__chunk006,same,0.803227
蓝/幸福的家庭__chunk003,蓝/阿Q正传__chunk007,same,0.837480
蓝/幸福的家庭__chunk003,蓝/阿Q正传__chunk008,same,0.793394
蓝/幸福的家庭__chunk003,蓝/阿Q正传__chunk009,same,0.801499
蓝/幸福的家庭__chunk003,蓝/阿Q正传__chunk010,same,0.765349
蓝/幸福的家庭__chunk003,蓝/阿Q正传__chunk011,same,0.789668
蓝/幸福的家庭__chunk003,蓝/阿Q正传__chunk012,same,0.779872
蓝/幸福的家庭__chunk003,蓝/阿Q正传__chunk013,same,0.814914
蓝/幸福的家庭__chunk003,蓝/阿Q正传__chunk014,same,0.836302
蓝/幸福的家庭__chunk003,蓝/阿Q正传__chunk015,same,0.810962
蓝/幸福的家庭__chunk003,蓝/阿Q正传__chunk016,same,0.777809
蓝/幸福的家庭__chunk003,蓝/阿Q正传__chunk017,same,0.831908
蓝/幸福的家庭__chunk003,蓝/风波__chunk001,same,0.813005
蓝/幸福的家庭__chunk003,蓝/风波__chunk002,same,0.837437
蓝/幸福的家庭__chunk003,蓝/风波__chunk003,same,0.871521
蓝/故乡__chunk001,蓝/故乡__chunk002,same,0.857001
蓝/故乡__chunk001,蓝/故乡__chunk003,same,0.867984
蓝/故乡__chunk001,蓝/明天__chunk001,same,0.859516
蓝/故乡__chunk001,蓝/明天__chunk002,same,0.895717
蓝/故乡__chunk001,蓝/狂人日记__chunk001,same,0.873304
蓝/故乡__chunk001,蓝/狂人日记__chunk002,same,0.845884
蓝/故乡__chunk001,蓝/狂人日记__chunk003,same,0.845720
蓝/故乡__chunk001,蓝/社戏__chunk001,same,0.916244
蓝/故乡__chunk001,蓝/社戏__chunk002,same,0.930760
蓝/故乡__chunk001,蓝/社戏__chunk003,same,0.886198
蓝/故乡__chunk001,蓝/社戏__chunk004,same,0.867265
蓝/故乡__chunk001,蓝/祝福__chunk001,same,0.906549
蓝/故乡__chunk001,蓝/祝福__chunk002,same,0.886517
蓝/故乡__chunk001,蓝/祝福__chunk003,same,0.858110
蓝/故乡__chunk001,蓝/祝福__chunk004,same,0.821619
蓝/故乡__chunk001,蓝/祝福__chunk005,same,0.801898
蓝/故乡__chunk001,蓝/祝福__chunk006,same,0.827743
蓝/故乡__chunk001,蓝/祝福__chunk007,same,0.793865
蓝/故乡__chunk001,蓝/离婚__chunk001,same,0.830414
蓝/故乡__chunk001,蓝/离婚__chunk002,same,0.875386
蓝/故乡__chunk001,蓝/离婚__chunk003,same,0.819377
蓝/故乡__chunk001,蓝/肥皂__chunk001,same,0.872366
蓝/故乡__chunk001,蓝/肥皂__chunk002,same,0.864506
蓝/故乡__chunk001,蓝/肥皂__chunk003,same,0.882483
蓝/故乡__chunk001,蓝/肥皂__chunk004,same,0.850621
蓝/故乡__chunk001,蓝/药__chunk001,same,0.853456
蓝/故乡__chunk001,蓝/药__chunk002,same,0.795346
蓝/故乡__chunk001,蓝/药__chunk003,same,0.840079
蓝/故乡__chunk001,蓝/铸剑__chunk001,same,0.865066
蓝/故乡__chunk001,蓝/铸剑__chunk002,same,0.855434
蓝/故乡__chunk001,蓝/铸剑__chunk003,same,0.853765
蓝/故乡__chunk001,蓝/铸剑__chunk004,same,0.845772
蓝/故乡__chunk001,蓝/铸剑__chunk005,same,0.855406
蓝/故乡__chunk001,蓝/铸剑__chunk006,same,0.810336
蓝/故乡__chunk001,蓝/铸剑__chunk007,same,0.842037
蓝/故乡__chunk001,蓝/阿Q正传__chunk001,same,0.871908
蓝/故乡__chunk001,蓝/阿Q正传__chunk002,same,0.869545
蓝/故乡__chunk001,蓝/阿Q正传__chunk003,same,0.796178
蓝/故乡__chunk001,蓝/阿Q正传__chunk004,same,0.832793
蓝/故乡__chunk001,蓝/阿Q正传__chunk005,same,0.804562
蓝/故乡__chunk001,蓝/阿Q正传__chunk006,same,0.862211
蓝/故乡__chunk001,蓝/阿Q正传__chunk007,same,0.846199
蓝/故乡__chunk001,蓝/阿Q正传__chunk008,same,0.854229
蓝/故乡__chunk001,蓝/阿Q正传__chunk009,same,0.836760
蓝/故乡__chunk001,蓝/阿Q正传__chunk010,same,0.847957
蓝/故乡__chunk001,蓝/阿Q正传__chunk011,same,0.883669
蓝/故乡__chunk001,蓝/阿Q正传__chunk012,same,0.837962
蓝/故乡__chunk001,蓝/阿Q正传__chunk013,same,0.875218
蓝/故乡__chunk001,蓝/阿Q正传__chunk014,same,0.890090
蓝/故乡__chunk001,蓝/阿Q正传__chunk015,same,0.876884
蓝/故乡__chunk001,蓝/阿Q正传__chunk016,same,0.813755
蓝/故乡__chunk001,蓝/阿Q正传__chunk017,same,0.812084
蓝/故乡__chunk001,蓝/风波__chunk001,same,0.853665
蓝/故乡__chunk001,蓝/风波__chunk002,same,0.890049
蓝/故乡__chunk001,蓝/风波__chunk003,same,0.832008
蓝/故乡__chunk002,蓝/故乡__chunk003,same,0.856535
蓝/故乡__chunk002,蓝/明天__chunk001,same,0.815608
蓝/故乡__chunk002,蓝/明天__chunk002,same,0.825452
蓝/故乡__chunk002,蓝/狂人日记__chunk001,same,0.861510
蓝/故乡__chunk002,蓝/狂人日记__chunk002,same,0.853608
蓝/故乡__chunk002,蓝/狂人日记__chunk003,same,0.885168
蓝/故乡__chunk002,蓝/社戏__chunk001,same,0.835187
蓝/故乡__chunk002,蓝/社戏__chunk002,same,0.852449
蓝/故乡__chunk002,蓝/社戏__chunk003,same,0.840599
蓝/故乡__chunk002,蓝/社戏__chunk004,same,0.841820
蓝/故乡__chunk002,蓝/祝福__chunk001,same,0.809487
蓝/故乡__chunk002,蓝/祝福__chunk002,same,0.862315
蓝/故乡__chunk002,蓝/祝福__chunk003,same,0.807232
蓝/故乡__chunk002,蓝/祝福__chunk004,same,0.857767
蓝/故乡__chunk002,蓝/祝福__chunk005,same,0.823960
蓝/故乡__chunk002,蓝/祝福__chunk006,same,0.868319
蓝/故乡__chunk002,蓝/祝福__chunk007,same,0.791929
蓝/故乡__chunk002,蓝/离婚__chunk001,same,0.890530
蓝/故乡__chunk002,蓝/离婚__chunk002,same,0.818242
蓝/故乡__chunk002,蓝/离婚__chunk003,same,0.884315
蓝/故乡__chunk002,蓝/肥皂__chunk001,same,0.887412
蓝/故乡__chunk002,蓝/肥皂__chunk002,same,0.885895
蓝/故乡__chunk002,蓝/肥皂__chunk003,same,0.870302
蓝/故乡__chunk002,蓝/肥皂__chunk004,same,0.861100
蓝/故乡__chunk002,蓝/药__chunk001,same,0.825431
蓝/故乡__chunk002,蓝/药__chunk002,same,0.807987
蓝/故乡__chunk002,蓝/药__chunk003,same,0.805954
蓝/故乡__chunk002,蓝/铸剑__chunk001,same,0.854962
蓝/故乡__chunk002,蓝/铸剑__chunk002,same,0.853478
蓝/故乡__chunk002,蓝/铸剑__chunk003,same,0.806054
蓝/故乡__chunk002,蓝/铸剑__chunk004,same,0.843993
蓝/故乡__chunk002,蓝/铸剑__chunk005,same,0.804178
蓝/故乡__chunk002,蓝/铸剑__chunk006,same,0.754290
蓝/故乡__chunk002,蓝/铸剑__chunk007,same,0.757748
蓝/故乡__chunk002,蓝/阿Q正传__chunk001,same,0.784647
蓝/故乡__chunk002,蓝/阿Q正传__chunk002,same,0.771566
蓝/故乡__chunk002,蓝/阿Q正传__chunk003,same,0.728651
蓝/故乡__chunk002,蓝/阿Q正传__chunk004,same,0.778104
蓝/故乡__chunk002,蓝/阿Q正传__chunk005,same,0.756515
蓝/故乡__chunk002,蓝/阿Q正传__chunk006,same,0.794429
蓝/故乡__chunk002,蓝/阿Q正传__chunk007,same,0.790452
蓝/故乡__chunk002,蓝/阿Q正传__chunk008,same,0.800810
蓝/故乡__chunk002,蓝/阿Q正传__chunk009,same,0.777148
蓝/故乡__chunk002,蓝/阿Q正传__chunk010,same,0.776272
蓝/故乡__chunk002,蓝/阿Q正传__chunk011,same,0.790382
蓝/故乡__chunk002,蓝/阿Q正传__chunk012,same,0.811379
蓝/故乡__chunk002,蓝/阿Q正传__chunk013,same,0.791989
蓝/故乡__chunk002,蓝/阿Q正传__chunk014,same,0.803932
蓝/故乡__chunk002,蓝/阿Q正传__chunk015,same,0.816728
蓝/故乡__chunk002,蓝/阿Q正传__chunk016,same,0.827477
蓝/故乡__chunk002,蓝/阿Q正传__chunk017,same,0.762764
蓝/故乡__chunk002,蓝/风波__chunk001,same,0.833312
蓝/故乡__chunk002,蓝/风波__chunk002,same,0.848317
蓝/故乡__chunk002,蓝/风波__chunk003,same,0.807000
蓝/故乡__chunk003,蓝/明天__chunk001,same,0.824050
蓝/故乡__chunk003,蓝/明天__chunk002,same,0.843135
蓝/故乡__chunk003,蓝/狂人日记__chunk001,same,0.830592
蓝/故乡__chunk003,蓝/狂人日记__chunk002,same,0.827257
蓝/故乡__chunk003,蓝/狂人日记__chunk003,same,0.832591
蓝/故乡__chunk003,蓝/社戏__chunk001,same,0.837696
蓝/故乡__chunk003,蓝/社戏__chunk002,same,0.835530
蓝/故乡__chunk003,蓝/社戏__chunk003,same,0.839171
蓝/故乡__chunk003,蓝/社戏__chunk004,same,0.852415
蓝/故乡__chunk003,蓝/祝福__chunk001,same,0.825589
蓝/故乡__chunk003,蓝/祝福__chunk002,same,0.865389
蓝/故乡__chunk003,蓝/祝福__chunk003,same,0.780060
蓝/故乡__chunk003,蓝/祝福__chunk004,same,0.791504
蓝/故乡__chunk003,蓝/祝福__chunk005,same,0.806655
蓝/故乡__chunk003,蓝/祝福__chunk006,same,0.806704
蓝/故乡__chunk003,蓝/祝福__chunk007,same,0.797145
蓝/故乡__chunk003,蓝/离婚__chunk001,same,0.858073
蓝/故乡__chunk003,蓝/离婚__chunk002,same,0.888618
蓝/故乡__chunk003,蓝/离婚__chunk003,same,0.836085
蓝/故乡__chunk003,蓝/肥皂__chunk001,same,0.865988
蓝/故乡__chunk003,蓝/肥皂__chunk002,same,0.841986
蓝/故乡__chunk003,蓝/肥皂__chunk003,same,0.860140
蓝/故乡__chunk003,蓝/肥皂__chunk004,same,0.848969
蓝/故乡__chunk003,蓝/药__chunk001,same,0.839501
蓝/故乡__chunk003,蓝/药__chunk002,same,0.840218
蓝/故乡__chunk003,蓝/药__chunk003,same,0.847189
蓝/故乡__chunk003,蓝/铸剑__chunk001,same,0.866209
蓝/故乡__chunk003,蓝/铸剑__chunk002,same,0.865656
蓝/故乡__chunk003,蓝/铸剑__chunk003,same,0.859171
蓝/故乡__chunk003,蓝/铸剑__chunk004,same,0.871511
蓝/故乡__chunk003,蓝/铸剑__chunk005,same,0.825276
蓝/故乡__chunk003,蓝/铸剑__chunk006,same,0.795222
蓝/故乡__chunk003,蓝/铸剑__chunk007,same,0.802640
蓝/故乡__chunk003,蓝/阿Q正传__chunk001,same,0.810390
蓝/故乡__chunk003,蓝/阿Q正传__chunk002,same,0.824251
蓝/故乡__chunk003,蓝/阿Q正传__chunk003,same,0.804870
蓝/故乡__chunk003,蓝/阿Q正传__chunk004,same,0.837154
蓝/故乡__chunk003,蓝/阿Q正传__chunk005,same,0.832520
蓝/故乡__chunk003,蓝/阿Q正传__chunk006,same,0.837796
蓝/故乡__chunk003,蓝/阿Q正传__chunk007,same,0.844715
蓝/故乡__chunk003,蓝/阿Q正传__chunk008,same,0.833039
蓝/故乡__chunk003,蓝/阿Q正传__chunk009,same,0.830958
蓝/故乡__chunk003,蓝/阿Q正传__chunk010,same,0.798654
蓝/故乡__chunk003,蓝/阿Q正传__chunk011,same,0.827859
蓝/故乡__chunk003,蓝/阿Q正传__chunk012,same,0.838880
蓝/故乡__chunk003,蓝/阿Q正传__chunk013,same,0.857032
蓝/故乡__chunk003,蓝/阿Q正传__chunk014,same,0.867312
蓝/故乡__chunk003,蓝/阿Q正传__chunk015,same,0.847460
蓝/故乡__chunk003,蓝/阿Q正传__chunk016,same,0.827164
蓝/故乡__chunk003,蓝/阿Q正传__chunk017,same,0.828568
蓝/故乡__chunk003,蓝/风波__chunk001,same,0.828546
蓝/故乡__chunk003,蓝/风波__chunk002,same,0.882589
蓝/故乡__chunk003,蓝/风波__chunk003,same,0.839303
蓝/明天__chunk001,蓝/明天__chunk002,same,0.922305
蓝/明天__chunk001,蓝/狂人日记__chunk001,same,0.787048
蓝/明天__chunk001,蓝/狂人日记__chunk002,same,0.775776
蓝/明天__chunk001,蓝/狂人日记__chunk003,same,0.785161
蓝/明天__chunk001,蓝/社戏__chunk001,same,0.844119
蓝/明天__chunk001,蓝/社戏__chunk002,same,0.856296
蓝/明天__chunk001,蓝/社戏__chunk003,same,0.866546
蓝/明天__chunk001,蓝/社戏__chunk004,same,0.842124
蓝/明天__chunk001,蓝/祝福__chunk001,same,0.886395
蓝/明天__chunk001,蓝/祝福__chunk002,same,0.811725
蓝/明天__chunk001,蓝/祝福__chunk003,same,0.906513
蓝/明天__chunk001,蓝/祝福__chunk004,same,0.860504
蓝/明天__chunk001,蓝/祝福__chunk005,same,0.815528
蓝/明天__chunk001,蓝/祝福__chunk006,same,0.850452
蓝/明天__chunk001,蓝/祝福__chunk007,same,0.848307
蓝/明天__chunk001,蓝/离婚__chunk001,same,0.829734
蓝/明天__chunk001,蓝/离婚__chunk002,same,0.875288
蓝/明天__chunk001,蓝/离婚__chunk003,same,0.821618
蓝/明天__chunk001,蓝/肥皂__chunk001,same,0.862272
蓝/明天__chunk001,蓝/肥皂__chunk002,same,0.859671
蓝/明天__chunk001,蓝/肥皂__chunk003,same,0.845628
蓝/明天__chunk001,蓝/肥皂__chunk004,same,0.852030
蓝/明天__chunk001,蓝/药__chunk001,same,0.863997
蓝/明天__chunk001,蓝/药__chunk002,same,0.809362
蓝/明天__chunk001,蓝/药__chunk003,same,0.886390
蓝/明天__chunk001,蓝/铸剑__chunk001,same,0.862828
蓝/明天__chunk001,蓝/铸剑__chunk002,same,0.831214
蓝/明天__chunk001,蓝/铸剑__chunk003,same,0.860213
蓝/明天__chunk001,蓝/铸剑__chunk004,same,0.833145
蓝/明天__chunk001,蓝/铸剑__chunk005,same,0.853285
蓝/明天__chunk001,蓝/铸剑__chunk006,same,0.820113
蓝/明天__chunk001,蓝/铸剑__chunk007,same,0.841873
蓝/明天__chunk001,蓝/阿Q正传__chunk001,same,0.833891
蓝/明天__chunk001,蓝/阿Q正传__chunk002,same,0.829658
蓝/明天__chunk001,蓝/阿Q正传__chunk003,same,0.813096
蓝/明天__chunk001,蓝/阿Q正传__chunk004,same,0.826048
蓝/明天__chunk001,蓝/阿Q正传__chunk005,same,0.822210
蓝/明天__chunk001,蓝/阿Q正传__chunk006,same,0.837991
蓝/明天__chunk001,蓝/阿Q正传__chunk007,same,0.850852
蓝/明天__chunk001,蓝/阿Q正传__chunk008,same,0.847778
蓝/明天__chunk001,蓝/阿Q正传__chunk009,same,0.829418
蓝/明天__chunk001,蓝/阿Q正传__chunk010,same,0.838427
蓝/明天__chunk001,蓝/阿Q正传__chunk011,same,0.852370
蓝/明天__chunk001,蓝/阿Q正传__chunk012,same,0.808908
蓝/明天__chunk001,蓝/阿Q正传__chunk013,same,0.871528
蓝/明天__chunk001,蓝/阿Q正传__chunk014,same,0.864363
蓝/明天__chunk001,蓝/阿Q正传__chunk015,same,0.844512
蓝/明天__chunk001,蓝/阿Q正传__chunk016,same,0.805732
蓝/明天__chunk001,蓝/阿Q正传__chunk017,same,0.826262
蓝/明天__chunk001,蓝/风波__chunk001,same,0.892098
蓝/明天__chunk001,蓝/风波__chunk002,same,0.875476
蓝/明天__chunk001,蓝/风波__chunk003,same,0.857699
蓝/明天__chunk002,蓝/狂人日记__chunk001,same,0.813798
蓝/明天__chunk002,蓝/狂人日记__chunk002,same,0.776502
蓝/明天__chunk002,蓝/狂人日记__chunk003,same,0.794999
蓝/明天__chunk002,蓝/社戏__chunk001,same,0.882754
蓝/明天__chunk002,蓝/社戏__chunk002,same,0.906298
蓝/明天__chunk002,蓝/社戏__chunk003,same,0.903254
蓝/明天__chunk002,蓝/社戏__chunk004,same,0.875475
蓝/明天__chunk002,蓝/祝福__chunk001,same,0.902323
蓝/明天__chunk002,蓝/祝福__chunk002,same,0.800466
蓝/明天__chunk002,蓝/祝福__chunk003,same,0.883806
蓝/明天__chunk002,蓝/祝福__chunk004,same,0.851585
蓝/明天__chunk002,蓝/祝福__chunk005,same,0.798858
蓝/明天__chunk002,蓝/祝福__chunk006,same,0.854652
蓝/明天__chunk002,蓝/祝福__chunk007,same,0.857188
蓝/明天__chunk002,蓝/离婚__chunk001,same,0.851113
蓝/明天__chunk002,蓝/离婚__chunk002,same,0.897109
蓝/明天__chunk002,蓝/离婚__chunk003,same,0.815379
蓝/明天__chunk002,蓝/肥皂__chunk001,same,0.883291
蓝/明天__chunk002,蓝/肥皂__chunk002,same,0.860855
蓝/明天__chunk002,蓝/肥皂__chunk003,same,0.886450
蓝/明天__chunk002,蓝/肥皂__chunk004,same,0.875706
蓝/明天__chunk002,蓝/药__chunk001,same,0.884341
蓝/明天__chunk002,蓝/药__chunk002,same,0.815372
蓝/明天__chunk002,蓝/药__chunk003,same,0.913123
蓝/明天__chunk002,蓝/铸剑__chunk001,same,0.889247
蓝/明天__chunk002,蓝/铸剑__chunk002,same,0.858318
蓝/明天__chunk002,蓝/铸剑__chunk003,same,0.888165
蓝/明天__chunk002,蓝/铸剑__chunk004,same,0.867635
蓝/明天__chunk002,蓝/铸剑__chunk005,same,0.903553
蓝/明天__chunk002,蓝/铸剑__chunk006,same,0.870965
蓝/明天__chunk002,蓝/铸剑__chunk007,same,0.883701
蓝/明天__chunk002,蓝/阿Q正传__chunk001,same,0.875516
蓝/明天__chunk002,蓝/阿Q正传__chunk002,same,0.861272
蓝/明天__chunk002,蓝/阿Q正传__chunk003,same,0.828473
蓝/明天__chunk002,蓝/阿Q正传__chunk004,same,0.843616
蓝/明天__chunk002,蓝/阿Q正传__chunk005,same,0.827381
蓝/明天__chunk002,蓝/阿Q正传__chunk006,same,0.861153
蓝/明天__chunk002,蓝/阿Q正传__chunk007,same,0.890142
蓝/明天__chunk002,蓝/阿Q正传__chunk008,same,0.863283
蓝/明天__chunk002,蓝/阿Q正传__chunk009,same,0.850546
蓝/明天__chunk002,蓝/阿Q正传__chunk010,same,0.853130
蓝/明天__chunk002,蓝/阿Q正传__chunk011,same,0.897963
蓝/明天__chunk002,蓝/阿Q正传__chunk012,same,0.827143
蓝/明天__chunk002,蓝/阿Q正传__chunk013,same,0.892615
蓝/明天__chunk002,蓝/阿Q正传__chunk014,same,0.902954
蓝/明天__chunk002,蓝/阿Q正传__chunk015,same,0.868954
蓝/明天__chunk002,蓝/阿Q正传__chunk016,same,0.825706
蓝/明天__chunk002,蓝/阿Q正传__chunk017,same,0.841460
蓝/明天__chunk002,蓝/风波__chunk001,same,0.896207
蓝/明天__chunk002,蓝/风波__chunk002,same,0.900876
蓝/明天__chunk002,蓝/风波__chunk003,same,0.880208
蓝/狂人日记__chunk001,蓝/狂人日记__chunk002,same,0.864170
蓝/狂人日记__chunk001,蓝/狂人日记__chunk003,same,0.861237
蓝/狂人日记__chunk001,蓝/社戏__chunk001,same,0.863296
蓝/狂人日记__chunk001,蓝/社戏__chunk002,same,0.892395
蓝/狂人日记__chunk001,蓝/社戏__chunk003,same,0.832716
蓝/狂人日记__chunk001,蓝/社戏__chunk004,same,0.828925
蓝/狂人日记__chunk001,蓝/祝福__chunk001,same,0.823048
蓝/狂人日记__chunk001,蓝/祝福__chunk002,same,0.852951
蓝/狂人日记__chunk001,蓝/祝福__chunk003,same,0.764359
蓝/狂人日记__chunk001,蓝/祝福__chunk004,same,0.808582
蓝/狂人日记__chunk001,蓝/祝福__chunk005,same,0.770476
蓝/狂人日记__chunk001,蓝/祝福__chunk006,same,0.795980
蓝/狂人日记__chunk001,蓝/祝福__chunk007,same,0.771558
蓝/狂人日记__chunk001,蓝/离婚__chunk001,same,0.842330
蓝/狂人日记__chunk001,蓝/离婚__chunk002,same,0.846480
蓝/狂人日记__chunk001,蓝/离婚__chunk003,same,0.809757
蓝/狂人日记__chunk001,蓝/肥皂__chunk001,same,0.846228
蓝/狂人日记__chunk001,蓝/肥皂__chunk002,same,0.822746
蓝/狂人日记__chunk001,蓝/肥皂__chunk003,same,0.840886
蓝/狂人日记__chunk001,蓝/肥皂__chunk004,same,0.825867
蓝/狂人日记__chunk001,蓝/药__chunk001,same,0.830691
蓝/狂人日记__chunk001,蓝/药__chunk002,same,0.749390
蓝/狂人日记__chunk001,蓝/药__chunk003,same,0.813168
蓝/狂人日记__chunk001,蓝/铸剑__chunk001,same,0.800633
蓝/狂人日记__chunk001,蓝/铸剑__chunk002,same,0.864227
蓝/狂人日记__chunk001,蓝/铸剑__chunk003,same,0.804222
蓝/狂人日记__chunk001,蓝/铸剑__chunk004,same,0.815355
蓝/狂人日记__chunk001,蓝/铸剑__chunk005,same,0.810953
蓝/狂人日记__chunk001,蓝/铸剑__chunk006,same,0.783474
蓝/狂人日记__chunk001,蓝/铸剑__chunk007,same,0.790597
蓝/狂人日记__chunk001,蓝/阿Q正传__chunk001,same,0.817536
蓝/狂人日记__chunk001,蓝/阿Q正传__chunk002,same,0.796551
蓝/狂人日记__chunk001,蓝/阿Q正传__chunk003,same,0.725410
蓝/狂人日记__chunk001,蓝/阿Q正传__chunk004,same,0.749194
蓝/狂人日记__chunk001,蓝/阿Q正传__chunk005,same,0.728486
蓝/狂人日记__chunk001,蓝/阿Q正传__chunk006,same,0.783735
蓝/狂人日记__chunk001,蓝/阿Q正传__chunk007,same,0.783991
蓝/狂人日记__chunk001,蓝/阿Q正传__chunk008,same,0.789091
蓝/狂人日记__chunk001,蓝/阿Q正传__chunk009,same,0.764271
蓝/狂人日记__chunk001,蓝/阿Q正传__chunk010,same,0.764725
蓝/狂人日记__chunk001,蓝/阿Q正传__chunk011,same,0.797044
蓝/狂人日记__chunk001,蓝/阿Q正传__chunk012,same,0.814570
蓝/狂人日记__chunk001,蓝/阿Q正传__chunk013,same,0.807994
蓝/狂人日记__chunk001,蓝/阿Q正传__chunk014,same,0.815455
蓝/狂人日记__chunk001,蓝/阿Q正传__chunk015,same,0.801183
蓝/狂人日记__chunk001,蓝/阿Q正传__chunk016,same,0.792394
蓝/狂人日记__chunk001,蓝/阿Q正传__chunk017,same,0.763950
蓝/狂人日记__chunk001,蓝/风波__chunk001,same,0.790423
蓝/狂人日记__chunk001,蓝/风波__chunk002,same,0.849272
蓝/狂人日记__chunk001,蓝/风波__chunk003,same,0.773573
蓝/狂人日记__chunk002,蓝/狂人日记__chunk003,same,0.853056
蓝/狂人日记__chunk002,蓝/社戏__chunk001,same,0.834509
蓝/狂人日记__chunk002,蓝/社戏__chunk002,same,0.846701
蓝/狂人日记__chunk002,蓝/社戏__chunk003,same,0.806680
蓝/狂人日记__chunk002,蓝/社戏__chunk004,same,0.806960
蓝/狂人日记__chunk002,蓝/祝福__chunk001,same,0.797866
蓝/狂人日记__chunk002,蓝/祝福__chunk002,same,0.848818
蓝/狂人日记__chunk002,蓝/祝福__chunk003,same,0.725090
蓝/狂人日记__chunk002,蓝/祝福__chunk004,same,0.775830
蓝/狂人日记__chunk002,蓝/祝福__chunk005,same,0.748665
蓝/狂人日记__chunk002,蓝/祝福__chunk006,same,0.762388
蓝/狂人日记__chunk002,蓝/祝福__chunk007,same,0.732943
蓝/狂人日记__chunk002,蓝/离婚__chunk001,same,0.831671
蓝/狂人日记__chunk002,蓝/离婚__chunk002,same,0.789290
蓝/狂人日记__chunk002,蓝/离婚__chunk003,same,0.803939
蓝/狂人日记__chunk002,蓝/肥皂__chunk001,same,0.810800
蓝/狂人日记__chunk002,蓝/肥皂__chunk002,same,0.826905
蓝/狂人日记__chunk002,蓝/肥皂__chunk003,same,0.797684
蓝/狂人日记__chunk002,蓝/肥皂__chunk004,same,0.791865
蓝/狂人日记__chunk002,蓝/药__chunk001,same,0.779050
蓝/狂人日记__chunk002,蓝/药__chunk002,same,0.763803
蓝/狂人日记__chunk002,蓝/药__chunk003,same,0.772817
蓝/狂人日记__chunk002,蓝/铸剑__chunk001,same,0.806800
蓝/狂人日记__chunk002,蓝/铸剑__chunk002,same,0.806882
蓝/狂人日记__chunk002,蓝/铸剑__chunk003,same,0.774367
蓝/狂人日记__chunk002,蓝/铸剑__chunk004,same,0.805103
蓝/狂人日记__chunk002,蓝/铸剑__chunk005,same,0.768475
蓝/狂人日记__chunk002,蓝/铸剑__chunk006,same,0.733616
蓝/狂人日记__chunk002,蓝/铸剑__chunk007,same,0.737131
蓝/狂人日记__chunk002,蓝/阿Q正传__chunk001,same,0.767586
蓝/狂人日记__chunk002,蓝/阿Q正传__chunk002,same,0.765241
蓝/狂人日记__chunk002,蓝/阿Q正传__chunk003,same,0.747660
蓝/狂人日记__chunk002,蓝/阿Q正传__chunk004,same,0.740589
蓝/狂人日记__chunk002,蓝/阿Q正传__chunk005,same,0.732864
蓝/狂人日记__chunk002,蓝/阿Q正传__chunk006,same,0.761672
蓝/狂人日记__chunk002,蓝/阿Q正传__chunk007,same,0.760307
蓝/狂人日记__chunk002,蓝/阿Q正传__chunk008,same,0.798016
蓝/狂人日记__chunk002,蓝/阿Q正传__chunk009,same,0.755854
蓝/狂人日记__chunk002,蓝/阿Q正传__chunk010,same,0.746573
蓝/狂人日记__chunk002,蓝/阿Q正传__chunk011,same,0.761959
蓝/狂人日记__chunk002,蓝/阿Q正传__chunk012,same,0.807412
蓝/狂人日记__chunk002,蓝/阿Q正传__chunk013,same,0.788243
蓝/狂人日记__chunk002,蓝/阿Q正传__chunk014,same,0.777767
蓝/狂人日记__chunk002,蓝/阿Q正传__chunk015,same,0.777718
蓝/狂人日记__chunk002,蓝/阿Q正传__chunk016,same,0.787221
蓝/狂人日记__chunk002,蓝/阿Q正传__chunk017,same,0.734102
蓝/狂人日记__chunk002,蓝/风波__chunk001,same,0.773495
蓝/狂人日记__chunk002,蓝/风波__chunk002,same,0.780069
蓝/狂人日记__chunk002,蓝/风波__chunk003,same,0.755673
蓝/狂人日记__chunk003,蓝/社戏__chunk001,same,0.810846
蓝/狂人日记__chunk003,蓝/社戏__chunk002,same,0.844146
蓝/狂人日记__chunk003,蓝/社戏__chunk003,same,0.814321
蓝/狂人日记__chunk003,蓝/社戏__chunk004,same,0.853727
蓝/狂人日记__chunk003,蓝/祝福__chunk001,same,0.803105
蓝/狂人日记__chunk003,蓝/祝福__chunk002,same,0.820047
蓝/狂人日记__chunk003,蓝/祝福__chunk003,same,0.763852
蓝/狂人日记__chunk003,蓝/祝福__chunk004,same,0.820593
蓝/狂人日记__chunk003,蓝/祝福__chunk005,same,0.774257
蓝/狂人日记__chunk003,蓝/祝福__chunk006,same,0.802672
蓝/狂人日记__chunk003,蓝/祝福__chunk007,same,0.749824
蓝/狂人日记__chunk003,蓝/离婚__chunk001,same,0.855432
蓝/狂人日记__chunk003,蓝/离婚__chunk002,same,0.817376
蓝/狂人日记__chunk003,蓝/离婚__chunk003,same,0.847383
蓝/狂人日记__chunk003,蓝/肥皂__chunk001,same,0.861015
蓝/狂人日记__chunk003,蓝/肥皂__chunk002,same,0.887879
蓝/狂人日记__chunk003,蓝/肥皂__chunk003,same,0.851057
蓝/狂人日记__chunk003,蓝/肥皂__chunk004,same,0.811621
蓝/狂人日记__chunk003,蓝/药__chunk001,same,0.832301
蓝/狂人日记__chunk003,蓝/药__chunk002,same,0.852764
蓝/狂人日记__chunk003,蓝/药__chunk003,same,0.785263
蓝/狂人日记__chunk003,蓝/铸剑__chunk001,same,0.856534
蓝/狂人日记__chunk003,蓝/铸剑__chunk002,same,0.860179
蓝/狂人日记__chunk003,蓝/铸剑__chunk003,same,0.816674
蓝/狂人日记__chunk003,蓝/铸剑__chunk004,same,0.840583
蓝/狂人日记__chunk003,蓝/铸剑__chunk005,same,0.792681
蓝/狂人日记__chunk003,蓝/铸剑__chunk006,same,0.766895
蓝/狂人日记__chunk003,蓝/铸剑__chunk007,same,0.775223
蓝/狂人日记__chunk003,蓝/阿Q正传__chunk001,same,0.781918
蓝/狂人日记__chunk003,蓝/阿Q正传__chunk002,same,0.783345
蓝/狂人日记__chunk003,蓝/阿Q正传__chunk003,same,0.752344
蓝/狂人日记__chunk003,蓝/阿Q正传__chunk004,same,0.796940
蓝/狂人日记__chunk003,蓝/阿Q正传__chunk005,same,0.766746
蓝/狂人日记__chunk003,蓝/阿Q正传__chunk006,same,0.799953
蓝/狂人日记__chunk003,蓝/阿Q正传__chunk007,same,0.780836
蓝/狂人日记__chunk003,蓝/阿Q正传__chunk008,same,0.798905
蓝/狂人日记__chunk003,蓝/阿Q正传__chunk009,same,0.773149
蓝/狂人日记__chunk003,蓝/阿Q正传__chunk010,same,0.771382
蓝/狂人日记__chunk003,蓝/阿Q正传__chunk011,same,0.793389
蓝/狂人日记__chunk003,蓝/阿Q正传__chunk012,same,0.822726
蓝/狂人日记__chunk003,蓝/阿Q正传__chunk013,same,0.798110
蓝/狂人日记__chunk003,蓝/阿Q正传__chunk014,same,0.815659
蓝/狂人日记__chunk003,蓝/阿Q正传__chunk015,same,0.808956
蓝/狂人日记__chunk003,蓝/阿Q正传__chunk016,same,0.824183
蓝/狂人日记__chunk003,蓝/阿Q正传__chunk017,same,0.777755
蓝/狂人日记__chunk003,蓝/风波__chunk001,same,0.802120
蓝/狂人日记__chunk003,蓝/风波__chunk002,same,0.836600
蓝/狂人日记__chunk003,蓝/风波__chunk003,same,0.832325
蓝/社戏__chunk001,蓝/社戏__chunk002,same,0.912515
蓝/社戏__chunk001,蓝/社戏__chunk003,same,0.913863
蓝/社戏__chunk001,蓝/社戏__chunk004,same,0.864903
蓝/社戏__chunk001,蓝/祝福__chunk001,same,0.916259
蓝/社戏__chunk001,蓝/祝福__chunk002,same,0.847440
蓝/社戏__chunk001,蓝/祝福__chunk003,same,0.827685
蓝/社戏__chunk001,蓝/祝福__chunk004,same,0.787059
蓝/社戏__chunk001,蓝/祝福__chunk005,same,0.778051
蓝/社戏__chunk001,蓝/祝福__chunk006,same,0.786658
蓝/社戏__chunk001,蓝/祝福__chunk007,same,0.797087
蓝/社戏__chunk001,蓝/离婚__chunk001,same,0.824578
蓝/社戏__chunk001,蓝/离婚__chunk002,same,0.854638
蓝/社戏__chunk001,蓝/离婚__chunk003,same,0.793127
蓝/社戏__chunk001,蓝/肥皂__chunk001,same,0.832728
蓝/社戏__chunk001,蓝/肥皂__chunk002,same,0.836880
蓝/社戏__chunk001,蓝/肥皂__chunk003,same,0.848101
蓝/社戏__chunk001,蓝/肥皂__chunk004,same,0.858088
蓝/社戏__chunk001,蓝/药__chunk001,same,0.859585
蓝/社戏__chunk001,蓝/药__chunk002,same,0.759893
蓝/社戏__chunk001,蓝/药__chunk003,same,0.855984
蓝/社戏__chunk001,蓝/铸剑__chunk001,same,0.824281
蓝/社戏__chunk001,蓝/铸剑__chunk002,same,0.814353
蓝/社戏__chunk001,蓝/铸剑__chunk003,same,0.833349
蓝/社戏__chunk001,蓝/铸剑__chunk004,same,0.815374
蓝/社戏__chunk001,蓝/铸剑__chunk005,same,0.852493
蓝/社戏__chunk001,蓝/铸剑__chunk006,same,0.825880
蓝/社戏__chunk001,蓝/铸剑__chunk007,same,0.855606
蓝/社戏__chunk001,蓝/阿Q正传__chunk001,same,0.848238
蓝/社戏__chunk001,蓝/阿Q正传__chunk002,same,0.840192
蓝/社戏__chunk001,蓝/阿Q正传__chunk003,same,0.789678
蓝/社戏__chunk001,蓝/阿Q正传__chunk004,same,0.776704
蓝/社戏__chunk001,蓝/阿Q正传__chunk005,same,0.763905
蓝/社戏__chunk001,蓝/阿Q正传__chunk006,same,0.847333
蓝/社戏__chunk001,蓝/阿Q正传__chunk007,same,0.822575
蓝/社戏__chunk001,蓝/阿Q正传__chunk008,same,0.811044
蓝/社戏__chunk001,蓝/阿Q正传__chunk009,same,0.811860
蓝/社戏__chunk001,蓝/阿Q正传__chunk010,same,0.822178
蓝/社戏__chunk001,蓝/阿Q正传__chunk011,same,0.853797
蓝/社戏__chunk001,蓝/阿Q正传__chunk012,same,0.834929
蓝/社戏__chunk001,蓝/阿Q正传__chunk013,same,0.849361
蓝/社戏__chunk001,蓝/阿Q正传__chunk014,same,0.846642
蓝/社戏__chunk001,蓝/阿Q正传__chunk015,same,0.829894
蓝/社戏__chunk001,蓝/阿Q正传__chunk016,same,0.777959
蓝/社戏__chunk001,蓝/阿Q正传__chunk017,same,0.788344
蓝/社戏__chunk001,蓝/风波__chunk001,same,0.848266
蓝/社戏__chunk001,蓝/风波__chunk002,same,0.848951
蓝/社戏__chunk001,蓝/风波__chunk003,same,0.817062
蓝/社戏__chunk002,蓝/社戏__chunk003,same,0.915928
蓝/社戏__chunk002,蓝/社戏__chunk004,same,0.859998
蓝/社戏__chunk002,蓝/祝福__chunk001,same,0.885916
蓝/社戏__chunk002,蓝/祝福__chunk002,same,0.862226
蓝/社戏__chunk002,蓝/祝福__chunk003,same,0.840040
蓝/社戏__chunk002,蓝/祝福__chunk004,same,0.836422
蓝/社戏__chunk002,蓝/祝福__chunk005,same,0.784508
蓝/社戏__chunk002,蓝/祝福__chunk006,same,0.826317
蓝/社戏__chunk002,蓝/祝福__chunk007,same,0.803823
蓝/社戏__chunk002,蓝/离婚__chunk001,same,0.837843
蓝/社戏__chunk002,蓝/离婚__chunk002,same,0.866142
蓝/社戏__chunk002,蓝/离婚__chunk003,same,0.790045
蓝/社戏__chunk002,蓝/肥皂__chunk001,same,0.852790
蓝/社戏__chunk002,蓝/肥皂__chunk002,same,0.856199
蓝/社戏__chunk002,蓝/肥皂__chunk003,same,0.869449
蓝/社戏__chunk002,蓝/肥皂__chunk004,same,0.845474
蓝/社戏__chunk002,蓝/药__chunk001,same,0.841982
蓝/社戏__chunk002,蓝/药__chunk002,same,0.757330
蓝/社戏__chunk002,蓝/药__chunk003,same,0.842328
蓝/社戏__chunk002,蓝/铸剑__chunk001,same,0.841148
蓝/社戏__chunk002,蓝/铸剑__chunk002,same,0.847220
蓝/社戏__chunk002,蓝/铸剑__chunk003,same,0.844866
蓝/社戏__chunk002,蓝/铸剑__chunk004,same,0.824249
蓝/社戏__chunk002,蓝/铸剑__chunk005,same,0.867165
蓝/社戏__chunk002,蓝/铸剑__chunk006,same,0.822653
蓝/社戏__chunk002,蓝/铸剑__chunk007,same,0.860760
蓝/社戏__chunk002,蓝/阿Q正传__chunk001,same,0.864587
蓝/社戏__chunk002,蓝/阿Q正传__chunk002,same,0.853981
蓝/社戏__chunk002,蓝/阿Q正传__chunk003,same,0.779743
蓝/社戏__chunk002,蓝/阿Q正传__chunk004,same,0.805160
蓝/社戏__chunk002,蓝/阿Q正传__chunk005,same,0.768830
蓝/社戏__chunk002,蓝/阿Q正传__chunk006,same,0.847586
蓝/社戏__chunk002,蓝/阿Q正传__chunk007,same,0.840151
蓝/社戏__chunk002,蓝/阿Q正传__chunk008,same,0.840059
蓝/社戏__chunk002,蓝/阿Q正传__chunk009,same,0.814821
蓝/社戏__chunk002,蓝/阿Q正传__chunk010,same,0.840683
蓝/社戏__chunk002,蓝/阿Q正传__chunk011,same,0.882836
蓝/社戏__chunk002,蓝/阿Q正传__chunk012,same,0.809569
蓝/社戏__chunk002,蓝/阿Q正传__chunk013,same,0.860938
蓝/社戏__chunk002,蓝/阿Q正传__chunk014,same,0.881565
蓝/社戏__chunk002,蓝/阿Q正传__chunk015,same,0.851477
蓝/社戏__chunk002,蓝/阿Q正传__chunk016,same,0.804806
蓝/社戏__chunk002,蓝/阿Q正传__chunk017,same,0.801320
蓝/社戏__chunk002,蓝/风波__chunk001,same,0.850671
蓝/社戏__chunk002,蓝/风波__chunk002,same,0.877702
蓝/社戏__chunk002,蓝/风波__chunk003,same,0.819551
蓝/社戏__chunk003,蓝/社戏__chunk004,same,0.893248
蓝/社戏__chunk003,蓝/祝福__chunk001,same,0.903401
蓝/社戏__chunk003,蓝/祝福__chunk002,same,0.826952
蓝/社戏__chunk003,蓝/祝福__chunk003,same,0.837222
蓝/社戏__chunk003,蓝/祝福__chunk004,same,0.816850
蓝/社戏__chunk003,蓝/祝福__chunk005,same,0.794765
蓝/社戏__chunk003,蓝/祝福__chunk006,same,0.814125
蓝/社戏__chunk003,蓝/祝福__chunk007,same,0.820988
蓝/社戏__chunk003,蓝/离婚__chunk001,same,0.846084
蓝/社戏__chunk003,蓝/离婚__chunk002,same,0.877762
蓝/社戏__chunk003,蓝/离婚__chunk003,same,0.795355
蓝/社戏__chunk003,蓝/肥皂__chunk001,same,0.849652
蓝/社戏__chunk003,蓝/肥皂__chunk002,same,0.855738
蓝/社戏__chunk003,蓝/肥皂__chunk003,same,0.848606
蓝/社戏__chunk003,蓝/肥皂__chunk004,same,0.878379
蓝/社戏__chunk003,蓝/药__chunk001,same,0.889122
蓝/社戏__chunk003,蓝/药__chunk002,same,0.814433
蓝/社戏__chunk003,蓝/药__chunk003,same,0.872697
蓝/社戏__chunk003,蓝/铸剑__chunk001,same,0.861094
蓝/社戏__chunk003,蓝/铸剑__chunk002,same,0.858305
蓝/社戏__chunk003,蓝/铸剑__chunk003,same,0.881906
蓝/社戏__chunk003,蓝/铸剑__chunk004,same,0.850864
蓝/社戏__chunk003,蓝/铸剑__chunk005,same,0.888262
蓝/社戏__chunk003,蓝/铸剑__chunk006,same,0.865363
蓝/社戏__chunk003,蓝/铸剑__chunk007,same,0.887855
蓝/社戏__chunk003,蓝/阿Q正传__chunk001,same,0.856204
蓝/社戏__chunk003,蓝/阿Q正传__chunk002,same,0.837593
蓝/社戏__chunk003,蓝/阿Q正传__chunk003,same,0.801966
蓝/社戏__chunk003,蓝/阿Q正传__chunk004,same,0.807620
蓝/社戏__chunk003,蓝/阿Q正传__chunk005,same,0.790780
蓝/社戏__chunk003,蓝/阿Q正传__chunk006,same,0.862665
蓝/社戏__chunk003,蓝/阿Q正传__chunk007,same,0.855781
蓝/社戏__chunk003,蓝/阿Q正传__chunk008,same,0.834690
蓝/社戏__chunk003,蓝/阿Q正传__chunk009,same,0.844838
蓝/社戏__chunk003,蓝/阿Q正传__chunk010,same,0.846119
蓝/社戏__chunk003,蓝/阿Q正传__chunk011,same,0.869865
蓝/社戏__chunk003,蓝/阿Q正传__chunk012,same,0.827566
蓝/社戏__chunk003,蓝/阿Q正传__chunk013,same,0.874714
蓝/社戏__chunk003,蓝/阿Q正传__chunk014,same,0.881187
蓝/社戏__chunk003,蓝/阿Q正传__chunk015,same,0.848832
蓝/社戏__chunk003,蓝/阿Q正传__chunk016,same,0.809673
蓝/社戏__chunk003,蓝/阿Q正传__chunk017,same,0.817410
蓝/社戏__chunk003,蓝/风波__chunk001,same,0.880012
蓝/社戏__chunk003,蓝/风波__chunk002,same,0.870589
蓝/社戏__chunk003,蓝/风波__chunk003,same,0.848600
蓝/社戏__chunk004,蓝/祝福__chunk001,same,0.862781
蓝/社戏__chunk004,蓝/祝福__chunk002,same,0.803373
蓝/社戏__chunk004,蓝/祝福__chunk003,same,0.818982
蓝/社戏__chunk004,蓝/祝福__chunk004,same,0.828312
蓝/社戏__chunk004,蓝/祝福__chunk005,same,0.794232
蓝/社戏__chunk004,蓝/祝福__chunk006,same,0.808349
蓝/社戏__chunk004,蓝/祝福__chunk007,same,0.794830
蓝/社戏__chunk004,蓝/离婚__chunk001,same,0.869815
蓝/社戏__chunk004,蓝/离婚__chunk002,same,0.876662
蓝/社戏__chunk004,蓝/离婚__chunk003,same,0.809901
蓝/社戏__chunk004,蓝/肥皂__chunk001,same,0.861375
蓝/社戏__chunk004,蓝/肥皂__chunk002,same,0.878278
蓝/社戏__chunk004,蓝/肥皂__chunk003,same,0.853947
蓝/社戏__chunk004,蓝/肥皂__chunk004,same,0.849614
蓝/社戏__chunk004,蓝/药__chunk001,same,0.890658
蓝/社戏__chunk004,蓝/药__chunk002,same,0.837175
蓝/社戏__chunk004,蓝/药__chunk003,same,0.873991
蓝/社戏__chunk004,蓝/铸剑__chunk001,same,0.891790
蓝/社戏__chunk004,蓝/铸剑__chunk002,same,0.880809
蓝/社戏__chunk004,蓝/铸剑__chunk003,same,0.872213
蓝/社戏__chunk004,蓝/铸剑__chunk004,same,0.887366
蓝/社戏__chunk004,蓝/铸剑__chunk005,same,0.884542
蓝/社戏__chunk004,蓝/铸剑__chunk006,same,0.858768
蓝/社戏__chunk004,蓝/铸剑__chunk007,same,0.866133
蓝/社戏__chunk004,蓝/阿Q正传__chunk001,same,0.831542
蓝/社戏__chunk004,蓝/阿Q正传__chunk002,same,0.816857
蓝/社戏__chunk004,蓝/阿Q正传__chunk003,same,0.791877
蓝/社戏__chunk004,蓝/阿Q正传__chunk004,same,0.825874
蓝/社戏__chunk004,蓝/阿Q正传__chunk005,same,0.803117
蓝/社戏__chunk004,蓝/阿Q正传__chunk006,same,0.824949
蓝/社戏__chunk004,蓝/阿Q正传__chunk007,same,0.846897
蓝/社戏__chunk004,蓝/阿Q正传__chunk008,same,0.823721
蓝/社戏__chunk004,蓝/阿Q正传__chunk009,same,0.835855
蓝/社戏__chunk004,蓝/阿Q正传__chunk010,same,0.811795
蓝/社戏__chunk004,蓝/阿Q正传__chunk011,same,0.845044
蓝/社戏__chunk004,蓝/阿Q正传__chunk012,same,0.831183
蓝/社戏__chunk004,蓝/阿Q正传__chunk013,same,0.868565
蓝/社戏__chunk004,蓝/阿Q正传__chunk014,same,0.863394
蓝/社戏__chunk004,蓝/阿Q正传__chunk015,same,0.847695
蓝/社戏__chunk004,蓝/阿Q正传__chunk016,same,0.837976
蓝/社戏__chunk004,蓝/阿Q正传__chunk017,same,0.831243
蓝/社戏__chunk004,蓝/风波__chunk001,same,0.865597
蓝/社戏__chunk004,蓝/风波__chunk002,same,0.883545
蓝/社戏__chunk004,蓝/风波__chunk003,same,0.870345
蓝/祝福__chunk001,蓝/祝福__chunk002,same,0.827607
蓝/祝福__chunk001,蓝/祝福__chunk003,same,0.872221
蓝/祝福__chunk001,蓝/祝福__chunk004,same,0.825236
蓝/祝福__chunk001,蓝/祝福__chunk005,same,0.795696
蓝/祝福__chunk001,蓝/祝福__chunk006,same,0.817301
蓝/祝福__chunk001,蓝/祝福__chunk007,same,0.836322
蓝/祝福__chunk001,蓝/离婚__chunk001,same,0.819960
蓝/祝福__chunk001,蓝/离婚__chunk002,same,0.879159
蓝/祝福__chunk001,蓝/离婚__chunk003,same,0.792479
蓝/祝福__chunk001,蓝/肥皂__chunk001,same,0.847449
蓝/祝福__chunk001,蓝/肥皂__chunk002,same,0.856765
蓝/祝福__chunk001,蓝/肥皂__chunk003,same,0.850354
蓝/祝福__chunk001,蓝/肥皂__chunk004,same,0.873579
蓝/祝福__chunk001,蓝/药__chunk001,same,0.899215
蓝/祝福__chunk001,蓝/药__chunk002,same,0.773027
蓝/祝福__chunk001,蓝/药__chunk003,same,0.896792
蓝/祝福__chunk001,蓝/铸剑__chunk001,same,0.861102
蓝/祝福__chunk001,蓝/铸剑__chunk002,same,0.829648
蓝/祝福__chunk001,蓝/铸剑__chunk003,same,0.875426
蓝/祝福__chunk001,蓝/铸剑__chunk004,same,0.836278
蓝/祝福__chunk001,蓝/铸剑__chunk005,same,0.866644
蓝/祝福__chunk001,蓝/铸剑__chunk006,same,0.849660
蓝/祝福__chunk001,蓝/铸剑__chunk007,same,0.893967
蓝/祝福__chunk001,蓝/阿Q正传__chunk001,same,0.867289
蓝/祝福__chunk001,蓝/阿Q正传__chunk002,same,0.831840
蓝/祝福__chunk001,蓝/阿Q正传__chunk003,same,0.786200
蓝/祝福__chunk001,蓝/阿Q正传__chunk004,same,0.817047
蓝/祝福__chunk001,蓝/阿Q正传__chunk005,same,0.793045
蓝/祝福__chunk001,蓝/阿Q正传__chunk006,same,0.863941
蓝/祝福__chunk001,蓝/阿Q正传__chunk007,same,0.841581
蓝/祝福__chunk001,蓝/阿Q正传__chunk008,same,0.831240
蓝/祝福__chunk001,蓝/阿Q正传__chunk009,same,0.844343
蓝/祝福__chunk001,蓝/阿Q正传__chunk010,same,0.843062
蓝/祝福__chunk001,蓝/阿Q正传__chunk011,same,0.861914
蓝/祝福__chunk001,蓝/阿Q正传__chunk012,same,0.847196
蓝/祝福__chunk001,蓝/阿Q正传__chunk013,same,0.872984
蓝/祝福__chunk001,蓝/阿Q正传__chunk014,same,0.862732
蓝/祝福__chunk001,蓝/阿Q正传__chunk015,same,0.852754
蓝/祝福__chunk001,蓝/阿Q正传__chunk016,same,0.797923
蓝/祝福__chunk001,蓝/阿Q正传__chunk017,same,0.829896
蓝/祝福__chunk001,蓝/风波__chunk001,same,0.904048
蓝/祝福__chunk001,蓝/风波__chunk002,same,0.872384
蓝/祝福__chunk001,蓝/风波__chunk003,same,0.850416
蓝/祝福__chunk002,蓝/祝福__chunk003,same,0.810148
蓝/祝福__chunk002,蓝/祝福__chunk004,same,0.816054
蓝/祝福__chunk002,蓝/祝福__chunk005,same,0.809704
蓝/祝福__chunk002,蓝/祝福__chunk006,same,0.818838
蓝/祝福__chunk002,蓝/祝福__chunk007,same,0.793199
蓝/祝福__chunk002,蓝/离婚__chunk001,same,0.819975
蓝/祝福__chunk002,蓝/离婚__chunk002,same,0.826504
蓝/祝福__chunk002,蓝/离婚__chunk003,same,0.826067
蓝/祝福__chunk002,蓝/肥皂__chunk001,same,0.872250
蓝/祝福__chunk002,蓝/肥皂__chunk002,same,0.826760
蓝/祝福__chunk002,蓝/肥皂__chunk003,same,0.852708
蓝/祝福__chunk002,蓝/肥皂__chunk004,same,0.831055
蓝/祝福__chunk002,蓝/药__chunk001,same,0.785060
蓝/祝福__chunk002,蓝/药__chunk002,same,0.744510
蓝/祝福__chunk002,蓝/药__chunk003,same,0.806913
蓝/祝福__chunk002,蓝/铸剑__chunk001,same,0.806297
蓝/祝福__chunk002,蓝/铸剑__chunk002,same,0.798685
蓝/祝福__chunk002,蓝/铸剑__chunk003,same,0.773116
蓝/祝福__chunk002,蓝/铸剑__chunk004,same,0.798699
蓝/祝福__chunk002,蓝/铸剑__chunk005,same,0.787169
蓝/祝福__chunk002,蓝/铸剑__chunk006,same,0.754088
蓝/祝福__chunk002,蓝/铸剑__chunk007,same,0.765510
蓝/祝福__chunk002,蓝/阿Q正传__chunk001,same,0.805701
蓝/祝福__chunk002,蓝/阿Q正传__chunk002,same,0.784840
蓝/祝福__chunk002,蓝/阿Q正传__chunk003,same,0.739480
蓝/祝福__chunk002,蓝/阿Q正传__chunk004,same,0.784514
蓝/祝福__chunk002,蓝/阿Q正传__chunk005,same,0.755794
蓝/祝福__chunk002,蓝/阿Q正传__chunk006,same,0.780654
蓝/祝福__chunk002,蓝/阿Q正传__chunk007,same,0.795409
蓝/祝福__chunk002,蓝/阿Q正传__chunk008,same,0.793714
蓝/祝福__chunk002,蓝/阿Q正传__chunk009,same,0.767064
蓝/祝福__chunk002,蓝/阿Q正传__chunk010,same,0.758453
蓝/祝福__chunk002,蓝/阿Q正传__chunk011,same,0.791894
蓝/祝福__chunk002,蓝/阿Q正传__chunk012,same,0.806287
蓝/祝福__chunk002,蓝/阿Q正传__chunk013,same,0.812836
蓝/祝福__chunk002,蓝/阿Q正传__chunk014,same,0.816936
蓝/祝福__chunk002,蓝/阿Q正传__chunk015,same,0.800220
蓝/祝福__chunk002,蓝/阿Q正传__chunk016,same,0.775098
蓝/祝福__chunk002,蓝/阿Q正传__chunk017,same,0.759215
蓝/祝福__chunk002,蓝/风波__chunk001,same,0.789053
蓝/祝福__chunk002,蓝/风波__chunk002,same,0.837022
蓝/祝福__chunk002,蓝/风波__chunk003,same,0.766196
蓝/祝福__chunk003,蓝/祝福__chunk004,same,0.905903
蓝/祝福__chunk003,蓝/祝福__chunk005,same,0.844030
蓝/祝福__chunk003,蓝/祝福__chunk006,same,0.870673
蓝/祝福__chunk003,蓝/祝福__chunk007,same,0.842524
蓝/祝福__chunk003,蓝/离婚__chunk001,same,0.783056
蓝/祝福__chunk003,蓝/离婚__chunk002,same,0.834694
蓝/祝福__chunk003,蓝/离婚__chunk003,same,0.805990
蓝/祝福__chunk003,蓝/肥皂__chunk001,same,0.853368
蓝/祝福__chunk003,蓝/肥皂__chunk002,same,0.832151
蓝/祝福__chunk003,蓝/肥皂__chunk003,same,0.795706
蓝/祝福__chunk003,蓝/肥皂__chunk004,same,0.822991
蓝/祝福__chunk003,蓝/药__chunk001,same,0.797247
蓝/祝福__chunk003,蓝/药__chunk002,same,0.761017
蓝/祝福__chunk003,蓝/药__chunk003,same,0.858446
蓝/祝福__chunk003,蓝/铸剑__chunk001,same,0.824131
蓝/祝福__chunk003,蓝/铸剑__chunk002,same,0.778405
蓝/祝福__chunk003,蓝/铸剑__chunk003,same,0.784251
蓝/祝福__chunk003,蓝/铸剑__chunk004,same,0.796554
蓝/祝福__chunk003,蓝/铸剑__chunk005,same,0.798618
蓝/祝福__chunk003,蓝/铸剑__chunk006,same,0.786009
蓝/祝福__chunk003,蓝/铸剑__chunk007,same,0.808491
蓝/祝福__chunk003,蓝/阿Q正传__chunk001,same,0.794128
蓝/祝福__chunk003,蓝/阿Q正传__chunk002,same,0.799619
蓝/祝福__chunk003,蓝/阿Q正传__chunk003,same,0.751297
蓝/祝福__chunk003,蓝/阿Q正传__chunk004,same,0.782466
蓝/祝福__chunk003,蓝/阿Q正传__chunk005,same,0.759401
蓝/祝福__chunk003,蓝/阿Q正传__chunk006,same,0.810176
蓝/祝福__chunk003,蓝/阿Q正传__chunk007,same,0.787825
蓝/祝福__chunk003,蓝/阿Q正传__chunk008,same,0.791326
蓝/祝福__chunk003,蓝/阿Q正传__chunk009,same,0.792123
蓝/祝福__chunk003,蓝/阿Q正传__chunk010,same,0.802328
蓝/祝福__chunk003,蓝/阿Q正传__chunk011,same,0.817273
蓝/祝福__chunk003,蓝/阿Q正传__chunk012,same,0.786870
蓝/祝福__chunk003,蓝/阿Q正传__chunk013,same,0.826520
蓝/祝福__chunk003,蓝/阿Q正传__chunk014,same,0.797443
蓝/祝福__chunk003,蓝/阿Q正传__chunk015,same,0.814405
蓝/祝福__chunk003,蓝/阿Q正传__chunk016,same,0.780164
蓝/祝福__chunk003,蓝/阿Q正传__chunk017,same,0.761395
蓝/祝福__chunk003,蓝/风波__chunk001,same,0.851777
蓝/祝福__chunk003,蓝/风波__chunk002,same,0.837883
蓝/祝福__chunk003,蓝/风波__chunk003,same,0.834115
蓝/祝福__chunk004,蓝/祝福__chunk005,same,0.870739
蓝/祝福__chunk004,蓝/祝福__chunk006,same,0.904360
蓝/祝福__chunk004,蓝/祝福__chunk007,same,0.871605
蓝/祝福__chunk004,蓝/离婚__chunk001,same,0.833234
蓝/祝福__chunk004,蓝/离婚__chunk002,same,0.846068
蓝/祝福__chunk004,蓝/离婚__chunk003,same,0.847221
蓝/祝福__chunk004,蓝/肥皂__chunk001,same,0.877054
蓝/祝福__chunk004,蓝/肥皂__chunk002,same,0.858117
蓝/祝福__chunk004,蓝/肥皂__chunk003,same,0.822637
蓝/祝福__chunk004,蓝/肥皂__chunk004,same,0.826267
蓝/祝福__chunk004,蓝/药__chunk001,same,0.806871
蓝/祝福__chunk004,蓝/药__chunk002,same,0.792495
蓝/祝福__chunk004,蓝/药__chunk003,same,0.841718
蓝/祝福__chunk004,蓝/铸剑__chunk001,same,0.838247
蓝/祝福__chunk004,蓝/铸剑__chunk002,same,0.824988
蓝/祝福__chunk004,蓝/铸剑__chunk003,same,0.787230
蓝/祝福__chunk004,蓝/铸剑__chunk004,same,0.797331
蓝/祝福__chunk004,蓝/铸剑__chunk005,same,0.787855
蓝/祝福__chunk004,蓝/铸剑__chunk006,same,0.752787
蓝/祝福__chunk004,蓝/铸剑__chunk007,same,0.768195
蓝/祝福__chunk004,蓝/阿Q正传__chunk001,same,0.752595
蓝/祝福__chunk004,蓝/阿Q正传__chunk002,same,0.742514
蓝/祝福__chunk004,蓝/阿Q正传__chunk003,same,0.712880
蓝/祝福__chunk004,蓝/阿Q正传__chunk004,same,0.748377
蓝/祝福__chunk004,蓝/阿Q正传__chunk005,same,0.731069
蓝/祝福__chunk004,蓝/阿Q正传__chunk006,same,0.765299
蓝/祝福__chunk004,蓝/阿Q正传__chunk007,same,0.774578
蓝/祝福__chunk004,蓝/阿Q正传__chunk008,same,0.771411
蓝/祝福__chunk004,蓝/阿Q正传__chunk009,same,0.759682
蓝/祝福__chunk004,蓝/阿Q正传__chunk010,same,0.762515
蓝/祝福__chunk004,蓝/阿Q正传__chunk011,same,0.781749
蓝/祝福__chunk004,蓝/阿Q正传__chunk012,same,0.776318
蓝/祝福__chunk004,蓝/阿Q正传__chunk013,same,0.791407
蓝/祝福__chunk004,蓝/阿Q正传__chunk014,same,0.785016
蓝/祝福__chunk004,蓝/阿Q正传__chunk015,same,0.781497
蓝/祝福__chunk004,蓝/阿Q正传__chunk016,same,0.806792
蓝/祝福__chunk004,蓝/阿Q正传__chunk017,same,0.756135
蓝/祝福__chunk004,蓝/风波__chunk001,same,0.838749
蓝/祝福__chunk004,蓝/风波__chunk002,same,0.837634
蓝/祝福__chunk004,蓝/风波__chunk003,same,0.812084
蓝/祝福__chunk005,蓝/祝福__chunk006,same,0.876611
蓝/祝福__chunk005,蓝/祝福__chunk007,same,0.821345
蓝/祝福__chunk005,蓝/离婚__chunk001,same,0.770090
蓝/祝福__chunk005,蓝/离婚__chunk002,same,0.794268
蓝/祝福__chunk005,蓝/离婚__chunk003,same,0.793101
蓝/祝福__chunk005,蓝/肥皂__chunk001,same,0.807659
蓝/祝福__chunk005,蓝/肥皂__chunk002,same,0.814257
蓝/祝福__chunk005,蓝/肥皂__chunk003,same,0.740764
蓝/祝福__chunk005,蓝/肥皂__chunk004,same,0.798301
蓝/祝福__chunk005,蓝/药__chunk001,same,0.758650
蓝/祝福__chunk005,蓝/药__chunk002,same,0.768640
蓝/祝福__chunk005,蓝/药__chunk003,same,0.775059
蓝/祝福__chunk005,蓝/铸剑__chunk001,same,0.810516
蓝/祝福__chunk005,蓝/铸剑__chunk002,same,0.791319
蓝/祝福__chunk005,蓝/铸剑__chunk003,same,0.768259
蓝/祝福__chunk005,蓝/铸剑__chunk004,same,0.759907
蓝/祝福__chunk005,蓝/铸剑__chunk005,same,0.761015
蓝/祝福__chunk005,蓝/铸剑__chunk006,same,0.722464
蓝/祝福__chunk005,蓝/铸剑__chunk007,same,0.745846
蓝/祝福__chunk005,蓝/阿Q正传__chunk001,same,0.721706
蓝/祝福__chunk005,蓝/阿Q正传__chunk002,same,0.739032
蓝/祝福__chunk005,蓝/阿Q正传__chunk003,same,0.701919
蓝/祝福__chunk005,蓝/阿Q正传__chunk004,same,0.753418
蓝/祝福__chunk005,蓝/阿Q正传__chunk005,same,0.733207
蓝/祝福__chunk005,蓝/阿Q正传__chunk006,same,0.761836
蓝/祝福__chunk005,蓝/阿Q正传__chunk007,same,0.743651
蓝/祝福__chunk005,蓝/阿Q正传__chunk008,same,0.754474
蓝/祝福__chunk005,蓝/阿Q正传__chunk009,same,0.749298
蓝/祝福__chunk005,蓝/阿Q正传__chunk010,same,0.746178
蓝/祝福__chunk005,蓝/阿Q正传__chunk011,same,0.741181
蓝/祝福__chunk005,蓝/阿Q正传__chunk012,same,0.766095
蓝/祝福__chunk005,蓝/阿Q正传__chunk013,same,0.779515
蓝/祝福__chunk005,蓝/阿Q正传__chunk014,same,0.764344
蓝/祝福__chunk005,蓝/阿Q正传__chunk015,same,0.767907
蓝/祝福__chunk005,蓝/阿Q正传__chunk016,same,0.773588
蓝/祝福__chunk005,蓝/阿Q正传__chunk017,same,0.744054
蓝/祝福__chunk005,蓝/风波__chunk001,same,0.795182
蓝/祝福__chunk005,蓝/风波__chunk002,same,0.818369
蓝/祝福__chunk005,蓝/风波__chunk003,same,0.791544
蓝/祝福__chunk006,蓝/祝福__chunk007,same,0.856744
蓝/祝福__chunk006,蓝/离婚__chunk001,same,0.827143
蓝/祝福__chunk006,蓝/离婚__chunk002,same,0.844278
蓝/祝福__chunk006,蓝/离婚__chunk003,same,0.833048
蓝/祝福__chunk006,蓝/肥皂__chunk001,same,0.876707
蓝/祝福__chunk006,蓝/肥皂__chunk002,same,0.828597
蓝/祝福__chunk006,蓝/肥皂__chunk003,same,0.829546
蓝/祝福__chunk006,蓝/肥皂__chunk004,same,0.824652
蓝/祝福__chunk006,蓝/药__chunk001,same,0.808393
蓝/祝福__chunk006,蓝/药__chunk002,same,0.804082
蓝/祝福__chunk006,蓝/药__chunk003,same,0.833824
蓝/祝福__chunk006,蓝/铸剑__chunk001,same,0.843351
蓝/祝福__chunk006,蓝/铸剑__chunk002,same,0.838840
蓝/祝福__chunk006,蓝/铸剑__chunk003,same,0.835662
蓝/祝福__chunk006,蓝/铸剑__chunk004,same,0.810283
蓝/祝福__chunk006,蓝/铸剑__chunk005,same,0.813205
蓝/祝福__chunk006,蓝/铸剑__chunk006,same,0.782016
蓝/祝福__chunk006,蓝/铸剑__chunk007,same,0.794047
蓝/祝福__chunk006,蓝/阿Q正传__chunk001,same,0.776913
蓝/祝福__chunk006,蓝/阿Q正传__chunk002,same,0.768375
蓝/祝福__chunk006,蓝/阿Q正传__chunk003,same,0.745691
蓝/祝福__chunk006,蓝/阿Q正传__chunk004,same,0.779324
蓝/祝福__chunk006,蓝/阿Q正传__chunk005,same,0.753569
蓝/祝福__chunk006,蓝/阿Q正传__chunk006,same,0.804076
蓝/祝福__chunk006,蓝/阿Q正传__chunk007,same,0.790466
蓝/祝福__chunk006,蓝/阿Q正传__chunk008,same,0.793976
蓝/祝福__chunk006,蓝/阿Q正传__chunk009,same,0.776218
蓝/祝福__chunk006,蓝/阿Q正传__chunk010,same,0.786656
蓝/祝福__chunk006,蓝/阿Q正传__chunk011,same,0.797258
蓝/祝福__chunk006,蓝/阿Q正传__chunk012,same,0.766192
蓝/祝福__chunk006,蓝/阿Q正传__chunk013,same,0.811691
蓝/祝福__chunk006,蓝/阿Q正传__chunk014,same,0.816702
蓝/祝福__chunk006,蓝/阿Q正传__chunk015,same,0.813820
蓝/祝福__chunk006,蓝/阿Q正传__chunk016,same,0.791561
蓝/祝福__chunk006,蓝/阿Q正传__chunk017,same,0.761757
蓝/祝福__chunk006,蓝/风波__chunk001,same,0.823075
蓝/祝福__chunk006,蓝/风波__chunk002,same,0.855476
蓝/祝福__chunk006,蓝/风波__chunk003,same,0.812694
蓝/祝福__chunk007,蓝/离婚__chunk001,same,0.805703
蓝/祝福__chunk007,蓝/离婚__chunk002,same,0.860472
蓝/祝福__chunk007,蓝/离婚__chunk003,same,0.819667
蓝/祝福__chunk007,蓝/肥皂__chunk001,same,0.845252
蓝/祝福__chunk007,蓝/肥皂__chunk002,same,0.794876
蓝/祝福__chunk007,蓝/肥皂__chunk003,same,0.804639
蓝/祝福__chunk007,蓝/肥皂__chunk004,same,0.855819
蓝/祝福__chunk007,蓝/药__chunk001,same,0.817098
蓝/祝福__chunk007,蓝/药__chunk002,same,0.760989
蓝/祝福__chunk007,蓝/药__chunk003,same,0.879136
蓝/祝福__chunk007,蓝/铸剑__chunk001,same,0.817946
蓝/祝福__chunk007,蓝/铸剑__chunk002,same,0.815887
蓝/祝福__chunk007,蓝/铸剑__chunk003,same,0.813020
蓝/祝福__chunk007,蓝/铸剑__chunk004,same,0.801624
蓝/祝福__chunk007,蓝/铸剑__chunk005,same,0.810714
蓝/祝福__chunk007,蓝/铸剑__chunk006,same,0.793192
蓝/祝福__chunk007,蓝/铸剑__chunk007,same,0.791395
蓝/祝福__chunk007,蓝/阿Q正传__chunk001,same,0.773612
蓝/祝福__chunk007,蓝/阿Q正传__chunk002,same,0.740552
蓝/祝福__chunk007,蓝/阿Q正传__chunk003,same,0.727403
蓝/祝福__chunk007,蓝/阿Q正传__chunk004,same,0.753898
蓝/祝福__chunk007,蓝/阿Q正传__chunk005,same,0.749162
蓝/祝福__chunk007,蓝/阿Q正传__chunk006,same,0.773869
蓝/祝福__chunk007,蓝/阿Q正传__chunk007,same,0.793766
蓝/祝福__chunk007,蓝/阿Q正传__chunk008,same,0.760982
蓝/祝福__chunk007,蓝/阿Q正传__chunk009,same,0.763995
蓝/祝福__chunk007,蓝/阿Q正传__chunk010,same,0.750662
蓝/祝福__chunk007,蓝/阿Q正传__chunk011,same,0.796579
蓝/祝福__chunk007,蓝/阿Q正传__chunk012,same,0.756411
蓝/祝福__chunk007,蓝/阿Q正传__chunk013,same,0.784162
蓝/祝福__chunk007,蓝/阿Q正传__chunk014,same,0.802912
蓝/祝福__chunk007,蓝/阿Q正传__chunk015,same,0.760441
蓝/祝福__chunk007,蓝/阿Q正传__chunk016,same,0.754186
蓝/祝福__chunk007,蓝/阿Q正传__chunk017,same,0.779942
蓝/祝福__chunk007,蓝/风波__chunk001,same,0.845686
蓝/祝福__chunk007,蓝/风波__chunk002,same,0.827416
蓝/祝福__chunk007,蓝/风波__chunk003,same,0.803263
蓝/离婚__chunk001,蓝/离婚__chunk002,same,0.856084
蓝/离婚__chunk001,蓝/离婚__chunk003,same,0.886071
蓝/离婚__chunk001,蓝/肥皂__chunk001,same,0.892133
蓝/离婚__chunk001,蓝/肥皂__chunk002,same,0.866325
蓝/离婚__chunk001,蓝/肥皂__chunk003,same,0.893543
蓝/离婚__chunk001,蓝/肥皂__chunk004,same,0.862636
蓝/离婚__chunk001,蓝/药__chunk001,same,0.866871
蓝/离婚__chunk001,蓝/药__chunk002,same,0.861131
蓝/离婚__chunk001,蓝/药__chunk003,same,0.847100
蓝/离婚__chunk001,蓝/铸剑__chunk001,same,0.889403
蓝/离婚__chunk001,蓝/铸剑__chunk002,same,0.883872
蓝/离婚__chunk001,蓝/铸剑__chunk003,same,0.858613
蓝/离婚__chunk001,蓝/铸剑__chunk004,same,0.903088
蓝/离婚__chunk001,蓝/铸剑__chunk005,same,0.851799
蓝/离婚__chunk001,蓝/铸剑__chunk006,same,0.814707
蓝/离婚__chunk001,蓝/铸剑__chunk007,same,0.804204
蓝/离婚__chunk001,蓝/阿Q正传__chunk001,same,0.825534
蓝/离婚__chunk001,蓝/阿Q正传__chunk002,same,0.797312
蓝/离婚__chunk001,蓝/阿Q正传__chunk003,same,0.786039
蓝/离婚__chunk001,蓝/阿Q正传__chunk004,same,0.806499
蓝/离婚__chunk001,蓝/阿Q正传__chunk005,same,0.795317
蓝/离婚__chunk001,蓝/阿Q正传__chunk006,same,0.809484
蓝/离婚__chunk001,蓝/阿Q正传__chunk007,same,0.846289
蓝/离婚__chunk001,蓝/阿Q正传__chunk008,same,0.831720
蓝/离婚__chunk001,蓝/阿Q正传__chunk009,same,0.815452
蓝/离婚__chunk001,蓝/阿Q正传__chunk010,same,0.802144
蓝/离婚__chunk001,蓝/阿Q正传__chunk011,same,0.849391
蓝/离婚__chunk001,蓝/阿Q正传__chunk012,same,0.819539
蓝/离婚__chunk001,蓝/阿Q正传__chunk013,same,0.835568
蓝/离婚__chunk001,蓝/阿Q正传__chunk014,same,0.862109
蓝/离婚__chunk001,蓝/阿Q正传__chunk015,same,0.834976
蓝/离婚__chunk001,蓝/阿Q正传__chunk016,same,0.856796
蓝/离婚__chunk001,蓝/阿Q正传__chunk017,same,0.807179
蓝/离婚__chunk001,蓝/风波__chunk001,same,0.833147
蓝/离婚__chunk001,蓝/风波__chunk002,same,0.857730
蓝/离婚__chunk001,蓝/风波__chunk003,same,0.847364
蓝/离婚__chunk002,蓝/离婚__chunk003,same,0.799160
蓝/离婚__chunk002,蓝/肥皂__chunk001,same,0.878553
蓝/离婚__chunk002,蓝/肥皂__chunk002,same,0.832288
蓝/离婚__chunk002,蓝/肥皂__chunk003,same,0.884470
蓝/离婚__chunk002,蓝/肥皂__chunk004,same,0.879691
蓝/离婚__chunk002,蓝/药__chunk001,same,0.900779
蓝/离婚__chunk002,蓝/药__chunk002,same,0.825812
蓝/离婚__chunk002,蓝/药__chunk003,same,0.894758
蓝/离婚__chunk002,蓝/铸剑__chunk001,same,0.869186
蓝/离婚__chunk002,蓝/铸剑__chunk002,same,0.895746
蓝/离婚__chunk002,蓝/铸剑__chunk003,same,0.898604
蓝/离婚__chunk002,蓝/铸剑__chunk004,same,0.866829
蓝/离婚__chunk002,蓝/铸剑__chunk005,same,0.880924
蓝/离婚__chunk002,蓝/铸剑__chunk006,same,0.872070
蓝/离婚__chunk002,蓝/铸剑__chunk007,same,0.872932
蓝/离婚__chunk002,蓝/阿Q正传__chunk001,same,0.860268
蓝/离婚__chunk002,蓝/阿Q正传__chunk002,same,0.834242
蓝/离婚__chunk002,蓝/阿Q正传__chunk003,same,0.811609
蓝/离婚__chunk002,蓝/阿Q正传__chunk004,same,0.824867
蓝/离婚__chunk002,蓝/阿Q正传__chunk005,same,0.830396
蓝/离婚__chunk002,蓝/阿Q正传__chunk006,same,0.854418
蓝/离婚__chunk002,蓝/阿Q正传__chunk007,same,0.883145
蓝/离婚__chunk002,蓝/阿Q正传__chunk008,same,0.849233
蓝/离婚__chunk002,蓝/阿Q正传__chunk009,same,0.852068
蓝/离婚__chunk002,蓝/阿Q正传__chunk010,same,0.816903
蓝/离婚__chunk002,蓝/阿Q正传__chunk011,same,0.873105
蓝/离婚__chunk002,蓝/阿Q正传__chunk012,same,0.824331
蓝/离婚__chunk002,蓝/阿Q正传__chunk013,same,0.881888
蓝/离婚__chunk002,蓝/阿Q正传__chunk014,same,0.902509
蓝/离婚__chunk002,蓝/阿Q正传__chunk015,same,0.866072
蓝/离婚__chunk002,蓝/阿Q正传__chunk016,same,0.842023
蓝/离婚__chunk002,蓝/阿Q正传__chunk017,same,0.837805
蓝/离婚__chunk002,蓝/风波__chunk001,same,0.858611
蓝/离婚__chunk002,蓝/风波__chunk002,same,0.908258
蓝/离婚__chunk002,蓝/风波__chunk003,same,0.842559
蓝/离婚__chunk003,蓝/肥皂__chunk001,same,0.893172
蓝/离婚__chunk003,蓝/肥皂__chunk002,same,0.862377
蓝/离婚__chunk003,蓝/肥皂__chunk003,same,0.849244
蓝/离婚__chunk003,蓝/肥皂__chunk004,same,0.813917
蓝/离婚__chunk003,蓝/药__chunk001,same,0.802804
蓝/离婚__chunk003,蓝/药__chunk002,same,0.840952
蓝/离婚__chunk003,蓝/药__chunk003,same,0.831863
蓝/离婚__chunk003,蓝/铸剑__chunk001,same,0.854801
蓝/离婚__chunk003,蓝/铸剑__chunk002,same,0.833721
蓝/离婚__chunk003,蓝/铸剑__chunk003,same,0.777261
蓝/离婚__chunk003,蓝/铸剑__chunk004,same,0.843103
蓝/离婚__chunk003,蓝/铸剑__chunk005,same,0.775607
蓝/离婚__chunk003,蓝/铸剑__chunk006,same,0.741457
蓝/离婚__chunk003,蓝/铸剑__chunk007,same,0.728637
蓝/离婚__chunk003,蓝/阿Q正传__chunk001,same,0.764301
蓝/离婚__chunk003,蓝/阿Q正传__chunk002,same,0.753963
蓝/离婚__chunk003,蓝/阿Q正传__chunk003,same,0.734973
蓝/离婚__chunk003,蓝/阿Q正传__chunk004,same,0.784468
蓝/离婚__chunk003,蓝/阿Q正传__chunk005,same,0.760300
蓝/离婚__chunk003,蓝/阿Q正传__chunk006,same,0.767077
蓝/离婚__chunk003,蓝/阿Q正传__chunk007,same,0.792757
蓝/离婚__chunk003,蓝/阿Q正传__chunk008,same,0.787052
蓝/离婚__chunk003,蓝/阿Q正传__chunk009,same,0.764271
蓝/离婚__chunk003,蓝/阿Q正传__chunk010,same,0.766574
蓝/离婚__chunk003,蓝/阿Q正传__chunk011,same,0.791412
蓝/离婚__chunk003,蓝/阿Q正传__chunk012,same,0.801514
蓝/离婚__chunk003,蓝/阿Q正传__chunk013,same,0.786026
蓝/离婚__chunk003,蓝/阿Q正传__chunk014,same,0.784156
蓝/离婚__chunk003,蓝/阿Q正传__chunk015,same,0.783688
蓝/离婚__chunk003,蓝/阿Q正传__chunk016,same,0.820016
蓝/离婚__chunk003,蓝/阿Q正传__chunk017,same,0.749871
蓝/离婚__chunk003,蓝/风波__chunk001,same,0.815623
蓝/离婚__chunk003,蓝/风波__chunk002,same,0.821310
蓝/离婚__chunk003,蓝/风波__chunk003,same,0.814928
蓝/肥皂__chunk001,蓝/肥皂__chunk002,same,0.898240
蓝/肥皂__chunk001,蓝/肥皂__chunk003,same,0.918856
蓝/肥皂__chunk001,蓝/肥皂__chunk004,same,0.902801
蓝/肥皂__chunk001,蓝/药__chunk001,same,0.879481
蓝/肥皂__chunk001,蓝/药__chunk002,same,0.836462
蓝/肥皂__chunk001,蓝/药__chunk003,same,0.898414
蓝/肥皂__chunk001,蓝/铸剑__chunk001,same,0.878044
蓝/肥皂__chunk001,蓝/铸剑__chunk002,same,0.863213
蓝/肥皂__chunk001,蓝/铸剑__chunk003,same,0.842789
蓝/肥皂__chunk001,蓝/铸剑__chunk004,same,0.868356
蓝/肥皂__chunk001,蓝/铸剑__chunk005,same,0.837638
蓝/肥皂__chunk001,蓝/铸剑__chunk006,same,0.809672
蓝/肥皂__chunk001,蓝/铸剑__chunk007,same,0.797422
蓝/肥皂__chunk001,蓝/阿Q正传__chunk001,same,0.837799
蓝/肥皂__chunk001,蓝/阿Q正传__chunk002,same,0.810019
蓝/肥皂__chunk001,蓝/阿Q正传__chunk003,same,0.780702
蓝/肥皂__chunk001,蓝/阿Q正传__chunk004,same,0.819809
蓝/肥皂__chunk001,蓝/阿Q正传__chunk005,same,0.810720
蓝/肥皂__chunk001,蓝/阿Q正传__chunk006,same,0.822534
蓝/肥皂__chunk001,蓝/阿Q正传__chunk007,same,0.853502
蓝/肥皂__chunk001,蓝/阿Q正传__chunk008,same,0.827626
蓝/肥皂__chunk001,蓝/阿Q正传__chunk009,same,0.817966
蓝/肥皂__chunk001,蓝/阿Q正传__chunk010,same,0.810026
蓝/肥皂__chunk001,蓝/阿Q正传__chunk011,same,0.848772
蓝/肥皂__chunk001,蓝/阿Q正传__chunk012,same,0.839504
蓝/肥皂__chunk001,蓝/阿Q正传__chunk013,same,0.843435
蓝/肥皂__chunk001,蓝/阿Q正传__chunk014,same,0.860328
蓝/肥皂__chunk001,蓝/阿Q正传__chunk015,same,0.841933
蓝/肥皂__chunk001,蓝/阿Q正传__chunk016,same,0.834070
蓝/肥皂__chunk001,蓝/阿Q正传__chunk017,same,0.805813
蓝/肥皂__chunk001,蓝/风波__chunk001,same,0.857343
蓝/肥皂__chunk001,蓝/风波__chunk002,same,0.901077
蓝/肥皂__chunk001,蓝/风波__chunk003,same,0.864322
蓝/肥皂__chunk002,蓝/肥皂__chunk003,same,0.877448
蓝/肥皂__chunk002,蓝/肥皂__chunk004,same,0.866092
蓝/肥皂__chunk002,蓝/药__chunk001,same,0.857773
蓝/肥皂__chunk002,蓝/药__chunk002,same,0.851455
蓝/肥皂__chunk002,蓝/药__chunk003,same,0.837320
蓝/肥皂__chunk002,蓝/铸剑__chunk001,same,0.913109
蓝/肥皂__chunk002,蓝/铸剑__chunk002,same,0.852141
蓝/肥皂__chunk002,蓝/铸剑__chunk003,same,0.833066
蓝/肥皂__chunk002,蓝/铸剑__chunk004,same,0.847904
蓝/肥皂__chunk002,蓝/铸剑__chunk005,same,0.812257
蓝/肥皂__chunk002,蓝/铸剑__chunk006,same,0.791041
蓝/肥皂__chunk002,蓝/铸剑__chunk007,same,0.789982
蓝/肥皂__chunk002,蓝/阿Q正传__chunk001,same,0.800274
蓝/肥皂__chunk002,蓝/阿Q正传__chunk002,same,0.810880
蓝/肥皂__chunk002,蓝/阿Q正传__chunk003,same,0.768473
蓝/肥皂__chunk002,蓝/阿Q正传__chunk004,same,0.845618
蓝/肥皂__chunk002,蓝/阿Q正传__chunk005,same,0.804733
蓝/肥皂__chunk002,蓝/阿Q正传__chunk006,same,0.836224
蓝/肥皂__chunk002,蓝/阿Q正传__chunk007,same,0.828296
蓝/肥皂__chunk002,蓝/阿Q正传__chunk008,same,0.820983
蓝/肥皂__chunk002,蓝/阿Q正传__chunk009,same,0.819329
蓝/肥皂__chunk002,蓝/阿Q正传__chunk010,same,0.815855
蓝/肥皂__chunk002,蓝/阿Q正传__chunk011,same,0.818671
蓝/肥皂__chunk002,蓝/阿Q正传__chunk012,same,0.835278
蓝/肥皂__chunk002,蓝/阿Q正传__chunk013,same,0.835588
蓝/肥皂__chunk002,蓝/阿Q正传__chunk014,same,0.836825
蓝/肥皂__chunk002,蓝/阿Q正传__chunk015,same,0.831772
蓝/肥皂__chunk002,蓝/阿Q正传__chunk016,same,0.840477
蓝/肥皂__chunk002,蓝/阿Q正传__chunk017,same,0.813142
蓝/肥皂__chunk002,蓝/风波__chunk001,same,0.875071
蓝/肥皂__chunk002,蓝/风波__chunk002,same,0.868570
蓝/肥皂__chunk002,蓝/风波__chunk003,same,0.876416
蓝/肥皂__chunk003,蓝/肥皂__chunk004,same,0.894073
蓝/肥皂__chunk003,蓝/药__chunk001,same,0.878139
蓝/肥皂__chunk003,蓝/药__chunk002,same,0.822803
蓝/肥皂__chunk003,蓝/药__chunk003,same,0.873623
蓝/肥皂__chunk003,蓝/铸剑__chunk001,same,0.883187
蓝/肥皂__chunk003,蓝/铸剑__chunk002,same,0.878439
蓝/肥皂__chunk003,蓝/铸剑__chunk003,same,0.870354
蓝/肥皂__chunk003,蓝/铸剑__chunk004,same,0.877906
蓝/肥皂__chunk003,蓝/铸剑__chunk005,same,0.864138
蓝/肥皂__chunk003,蓝/铸剑__chunk006,same,0.815726
蓝/肥皂__chunk003,蓝/铸剑__chunk007,same,0.831469
蓝/肥皂__chunk003,蓝/阿Q正传__chunk001,same,0.864839
蓝/肥皂__chunk003,蓝/阿Q正传__chunk002,same,0.815716
蓝/肥皂__chunk003,蓝/阿Q正传__chunk003,same,0.787179
蓝/肥皂__chunk003,蓝/阿Q正传__chunk004,same,0.831132
蓝/肥皂__chunk003,蓝/阿Q正传__chunk005,same,0.812094
蓝/肥皂__chunk003,蓝/阿Q正传__chunk006,same,0.830493
蓝/肥皂__chunk003,蓝/阿Q正传__chunk007,same,0.869631
蓝/肥皂__chunk003,蓝/阿Q正传__chunk008,same,0.832152
蓝/肥皂__chunk003,蓝/阿Q正传__chunk009,same,0.823741
蓝/肥皂__chunk003,蓝/阿Q正传__chunk010,same,0.808215
蓝/肥皂__chunk003,蓝/阿Q正传__chunk011,same,0.868827
蓝/肥皂__chunk003,蓝/阿Q正传__chunk012,same,0.809667
蓝/肥皂__chunk003,蓝/阿Q正传__chunk013,same,0.847370
蓝/肥皂__chunk003,蓝/阿Q正传__chunk014,same,0.898931
蓝/肥皂__chunk003,蓝/阿Q正传__chunk015,same,0.854240
蓝/肥皂__chunk003,蓝/阿Q正传__chunk016,same,0.819720
蓝/肥皂__chunk003,蓝/阿Q正传__chunk017,same,0.816880
蓝/肥皂__chunk003,蓝/风波__chunk001,same,0.853244
蓝/肥皂__chunk003,蓝/风波__chunk002,same,0.892727
蓝/肥皂__chunk003,蓝/风波__chunk003,same,0.830344
蓝/肥皂__chunk004,蓝/药__chunk001,same,0.892707
蓝/肥皂__chunk004,蓝/药__chunk002,same,0.814340
蓝/肥皂__chunk004,蓝/药__chunk003,same,0.872138
蓝/肥皂__chunk004,蓝/铸剑__chunk001,same,0.883581
蓝/肥皂__chunk004,蓝/铸剑__chunk002,same,0.874296
蓝/肥皂__chunk004,蓝/铸剑__chunk003,same,0.876035
蓝/肥皂__chunk004,蓝/铸剑__chunk004,same,0.869143
蓝/肥皂__chunk004,蓝/铸剑__chunk005,same,0.854351
蓝/肥皂__chunk004,蓝/铸剑__chunk006,same,0.833197
蓝/肥皂__chunk004,蓝/铸剑__chunk007,same,0.820190
蓝/肥皂__chunk004,蓝/阿Q正传__chunk001,same,0.832427
蓝/肥皂__chunk004,蓝/阿Q正传__chunk002,same,0.804932
蓝/肥皂__chunk004,蓝/阿Q正传__chunk003,same,0.776870
蓝/肥皂__chunk004,蓝/阿Q正传__chunk004,same,0.782597
蓝/肥皂__chunk004,蓝/阿Q正传__chunk005,same,0.803003
蓝/肥皂__chunk004,蓝/阿Q正传__chunk006,same,0.830461
蓝/肥皂__chunk004,蓝/阿Q正传__chunk007,same,0.840863
蓝/肥皂__chunk004,蓝/阿Q正传__chunk008,same,0.808786
蓝/肥皂__chunk004,蓝/阿Q正传__chunk009,same,0.828274
蓝/肥皂__chunk004,蓝/阿Q正传__chunk010,same,0.795107
蓝/肥皂__chunk004,蓝/阿Q正传__chunk011,same,0.821102
蓝/肥皂__chunk004,蓝/阿Q正传__chunk012,same,0.809010
蓝/肥皂__chunk004,蓝/阿Q正传__chunk013,same,0.840812
蓝/肥皂__chunk004,蓝/阿Q正传__chunk014,same,0.853904
蓝/肥皂__chunk004,蓝/阿Q正传__chunk015,same,0.830852
蓝/肥皂__chunk004,蓝/阿Q正传__chunk016,same,0.817610
蓝/肥皂__chunk004,蓝/阿Q正传__chunk017,same,0.836647
蓝/肥皂__chunk004,蓝/风波__chunk001,same,0.885313
蓝/肥皂__chunk004,蓝/风波__chunk002,same,0.885645
蓝/肥皂__chunk004,蓝/风波__chunk003,same,0.840069
蓝/药__chunk001,蓝/药__chunk002,same,0.839864
蓝/药__chunk001,蓝/药__chunk003,same,0.910211
蓝/药__chunk001,蓝/铸剑__chunk001,same,0.895252
蓝/药__chunk001,蓝/铸剑__chunk002,same,0.890101
蓝/药__chunk001,蓝/铸剑__chunk003,same,0.930603
蓝/药__chunk001,蓝/铸剑__chunk004,same,0.879745
蓝/药__chunk001,蓝/铸剑__chunk005,same,0.899205
蓝/药__chunk001,蓝/铸剑__chunk006,same,0.886248
蓝/药__chunk001,蓝/铸剑__chunk007,same,0.883688
蓝/药__chunk001,蓝/阿Q正传__chunk001,same,0.847048
蓝/药__chunk001,蓝/阿Q正传__chunk002,same,0.812986
蓝/药__chunk001,蓝/阿Q正传__chunk003,same,0.799363
蓝/药__chunk001,蓝/阿Q正传__chunk004,same,0.825054
蓝/药__chunk001,蓝/阿Q正传__chunk005,same,0.832539
蓝/药__chunk001,蓝/阿Q正传__chunk006,same,0.856597
蓝/药__chunk001,蓝/阿Q正传__chunk007,same,0.872410
蓝/药__chunk001,蓝/阿Q正传__chunk008,same,0.832085
蓝/药__chunk001,蓝/阿Q正传__chunk009,same,0.864823
蓝/药__chunk001,蓝/阿Q正传__chunk010,same,0.833721
蓝/药__chunk001,蓝/阿Q正传__chunk011,same,0.860689
蓝/药__chunk001,蓝/阿Q正传__chunk012,same,0.840995
蓝/药__chunk001,蓝/阿Q正传__chunk013,same,0.873748
蓝/药__chunk001,蓝/阿Q正传__chunk014,same,0.890253
蓝/药__chunk001,蓝/阿Q正传__chunk015,same,0.868158
蓝/药__chunk001,蓝/阿Q正传__chunk016,same,0.835888
蓝/药__chunk001,蓝/阿Q正传__chunk017,same,0.867920
蓝/药__chunk001,蓝/风波__chunk001,same,0.899391
蓝/药__chunk001,蓝/风波__chunk002,same,0.896065
蓝/药__chunk001,蓝/风波__chunk003,same,0.869928
蓝/药__chunk002,蓝/药__chunk003,same,0.778565
蓝/药__chunk002,蓝/铸剑__chunk001,same,0.882962
蓝/药__chunk002,蓝/铸剑__chunk002,same,0.881421
蓝/药__chunk002,蓝/铸剑__chunk003,same,0.863114
蓝/药__chunk002,蓝/铸剑__chunk004,same,0.866163
蓝/药__chunk002,蓝/铸剑__chunk005,same,0.793838
蓝/药__chunk002,蓝/铸剑__chunk006,same,0.779254
蓝/药__chunk002,蓝/铸剑__chunk007,same,0.756247
蓝/药__chunk002,蓝/阿Q正传__chunk001,same,0.759644
蓝/药__chunk002,蓝/阿Q正传__chunk002,same,0.792961
蓝/药__chunk002,蓝/阿Q正传__chunk003,same,0.785451
蓝/药__chunk002,蓝/阿Q正传__chunk004,same,0.809985
蓝/药__chunk002,蓝/阿Q正传__chunk005,same,0.814535
蓝/药__chunk002,蓝/阿Q正传__chunk006,same,0.802006
蓝/药__chunk002,蓝/阿Q正传__chunk007,same,0.826000
蓝/药__chunk002,蓝/阿Q正传__chunk008,same,0.820146
蓝/药__chunk002,蓝/阿Q正传__chunk009,same,0.807025
蓝/药__chunk002,蓝/阿Q正传__chunk010,same,0.792319
蓝/药__chunk002,蓝/阿Q正传__chunk011,same,0.798650
蓝/药__chunk002,蓝/阿Q正传__chunk012,same,0.808525
蓝/药__chunk002,蓝/阿Q正传__chunk013,same,0.821695
蓝/药__chunk002,蓝/阿Q正传__chunk014,same,0.842837
蓝/药__chunk002,蓝/阿Q正传__chunk015,same,0.816623
蓝/药__chunk002,蓝/阿Q正传__chunk016,same,0.835314
蓝/药__chunk002,蓝/阿Q正传__chunk017,same,0.819382
蓝/药__chunk002,蓝/风波__chunk001,same,0.810674
蓝/药__chunk002,蓝/风波__chunk002,same,0.843822
蓝/药__chunk002,蓝/风波__chunk003,same,0.846831
蓝/药__chunk003,蓝/铸剑__chunk001,same,0.870824
蓝/药__chunk003,蓝/铸剑__chunk002,same,0.842974
蓝/药__chunk003,蓝/铸剑__chunk003,same,0.861060
蓝/药__chunk003,蓝/铸剑__chunk004,same,0.873251
蓝/药__chunk003,蓝/铸剑__chunk005,same,0.876069
蓝/药__chunk003,蓝/铸剑__chunk006,same,0.865290
蓝/药__chunk003,蓝/铸剑__chunk007,same,0.872354
蓝/药__chunk003,蓝/阿Q正传__chunk001,same,0.838037
蓝/药__chunk003,蓝/阿Q正传__chunk002,same,0.802547
蓝/药__chunk003,蓝/阿Q正传__chunk003,same,0.791718
蓝/药__chunk003,蓝/阿Q正传__chunk004,same,0.807697
蓝/药__chunk003,蓝/阿Q正传__chunk005,same,0.795054
蓝/药__chunk003,蓝/阿Q正传__chunk006,same,0.827530
蓝/药__chunk003,蓝/阿Q正传__chunk007,same,0.860648
蓝/药__chunk003,蓝/阿Q正传__chunk008,same,0.806669
蓝/药__chunk003,蓝/阿Q正传__chunk009,same,0.833236
蓝/药__chunk003,蓝/阿Q正传__chunk010,same,0.807714
蓝/药__chunk003,蓝/阿Q正传__chunk011,same,0.856754
蓝/药__chunk003,蓝/阿Q正传__chunk012,same,0.817910
蓝/药__chunk003,蓝/阿Q正传__chunk013,same,0.871230
蓝/药__chunk003,蓝/阿Q正传__chunk014,same,0.851764
蓝/药__chunk003,蓝/阿Q正传__chunk015,same,0.827580
蓝/药__chunk003,蓝/阿Q正传__chunk016,same,0.797430
蓝/药__chunk003,蓝/阿Q正传__chunk017,same,0.815763
蓝/药__chunk003,蓝/风波__chunk001,same,0.896551
蓝/药__chunk003,蓝/风波__chunk002,same,0.887465
蓝/药__chunk003,蓝/风波__chunk003,same,0.857685
蓝/铸剑__chunk001,蓝/铸剑__chunk002,same,0.905488
蓝/铸剑__chunk001,蓝/铸剑__chunk003,same,0.903589
蓝/铸剑__chunk001,蓝/铸剑__chunk004,same,0.921754
蓝/铸剑__chunk001,蓝/铸剑__chunk005,same,0.881829
蓝/铸剑__chunk001,蓝/铸剑__chunk006,same,0.859317
蓝/铸剑__chunk001,蓝/铸剑__chunk007,same,0.845353
蓝/铸剑__chunk001,蓝/阿Q正传__chunk001,same,0.831464
蓝/铸剑__chunk001,蓝/阿Q正传__chunk002,same,0.840594
蓝/铸剑__chunk001,蓝/阿Q正传__chunk003,same,0.797921
蓝/铸剑__chunk001,蓝/阿Q正传__chunk004,same,0.861916
蓝/铸剑__chunk001,蓝/阿Q正传__chunk005,same,0.838165
蓝/铸剑__chunk001,蓝/阿Q正传__chunk006,same,0.840692
蓝/铸剑__chunk001,蓝/阿Q正传__chunk007,same,0.861758
蓝/铸剑__chunk001,蓝/阿Q正传__chunk008,same,0.841272
蓝/铸剑__chunk001,蓝/阿Q正传__chunk009,same,0.854527
蓝/铸剑__chunk001,蓝/阿Q正传__chunk010,same,0.825825
蓝/铸剑__chunk001,蓝/阿Q正传__chunk011,same,0.852449
蓝/铸剑__chunk001,蓝/阿Q正传__chunk012,same,0.834623
蓝/铸剑__chunk001,蓝/阿Q正传__chunk013,same,0.875508
蓝/铸剑__chunk001,蓝/阿Q正传__chunk014,same,0.885174
蓝/铸剑__chunk001,蓝/阿Q正传__chunk015,same,0.860834
蓝/铸剑__chunk001,蓝/阿Q正传__chunk016,same,0.850773
蓝/铸剑__chunk001,蓝/阿Q正传__chunk017,same,0.840406
蓝/铸剑__chunk001,蓝/风波__chunk001,same,0.895944
蓝/铸剑__chunk001,蓝/风波__chunk002,same,0.888466
蓝/铸剑__chunk001,蓝/风波__chunk003,same,0.883239
蓝/铸剑__chunk002,蓝/铸剑__chunk003,same,0.901197
蓝/铸剑__chunk002,蓝/铸剑__chunk004,same,0.931133
蓝/铸剑__chunk002,蓝/铸剑__chunk005,same,0.895833
蓝/铸剑__chunk002,蓝/铸剑__chunk006,same,0.870270
蓝/铸剑__chunk002,蓝/铸剑__chunk007,same,0.846716
蓝/铸剑__chunk002,蓝/阿Q正传__chunk001,same,0.843691
蓝/铸剑__chunk002,蓝/阿Q正传__chunk002,same,0.810901
蓝/铸剑__chunk002,蓝/阿Q正传__chunk003,same,0.775549
蓝/铸剑__chunk002,蓝/阿Q正传__chunk004,same,0.813237
蓝/铸剑__chunk002,蓝/阿Q正传__chunk005,same,0.813289
蓝/铸剑__chunk002,蓝/阿Q正传__chunk006,same,0.825680
蓝/铸剑__chunk002,蓝/阿Q正传__chunk007,same,0.857379
蓝/铸剑__chunk002,蓝/阿Q正传__chunk008,same,0.836536
蓝/铸剑__chunk002,蓝/阿Q正传__chunk009,same,0.838291
蓝/铸剑__chunk002,蓝/阿Q正传__chunk010,same,0.817402
蓝/铸剑__chunk002,蓝/阿Q正传__chunk011,same,0.847913
蓝/铸剑__chunk002,蓝/阿Q正传__chunk012,same,0.814108
蓝/铸剑__chunk002,蓝/阿Q正传__chunk013,same,0.841786
蓝/铸剑__chunk002,蓝/阿Q正传__chunk014,same,0.886835
蓝/铸剑__chunk002,蓝/阿Q正传__chunk015,same,0.855531
蓝/铸剑__chunk002,蓝/阿Q正传__chunk016,same,0.859192
蓝/铸剑__chunk002,蓝/阿Q正传__chunk017,same,0.828781
蓝/铸剑__chunk002,蓝/风波__chunk001,same,0.850505
蓝/铸剑__chunk002,蓝/风波__chunk002,same,0.891866
蓝/铸剑__chunk002,蓝/风波__chunk003,same,0.839595
蓝/铸剑__chunk003,蓝/铸剑__chunk004,same,0.898837
蓝/铸剑__chunk003,蓝/铸剑__chunk005,same,0.915997
蓝/铸剑__chunk003,蓝/铸剑__chunk006,same,0.899522
蓝/铸剑__chunk003,蓝/铸剑__chunk007,same,0.900804
蓝/铸剑__chunk003,蓝/阿Q正传__chunk001,same,0.860884
蓝/铸剑__chunk003,蓝/阿Q正传__chunk002,same,0.847382
蓝/铸剑__chunk003,蓝/阿Q正传__chunk003,same,0.841683
蓝/铸剑__chunk003,蓝/阿Q正传__chunk004,same,0.848609
蓝/铸剑__chunk003,蓝/阿Q正传__chunk005,same,0.861487
蓝/铸剑__chunk003,蓝/阿Q正传__chunk006,same,0.880197
蓝/铸剑__chunk003,蓝/阿Q正传__chunk007,same,0.884698
蓝/铸剑__chunk003,蓝/阿Q正传__chunk008,same,0.852724
蓝/铸剑__chunk003,蓝/阿Q正传__chunk009,same,0.870335
蓝/铸剑__chunk003,蓝/阿Q正传__chunk010,same,0.848351
蓝/铸剑__chunk003,蓝/阿Q正传__chunk011,same,0.864804
蓝/铸剑__chunk003,蓝/阿Q正传__chunk012,same,0.825690
蓝/铸剑__chunk003,蓝/阿Q正传__chunk013,same,0.886486
蓝/铸剑__chunk003,蓝/阿Q正传__chunk014,same,0.914793
蓝/铸剑__chunk003,蓝/阿Q正传__chunk015,same,0.888516
蓝/铸剑__chunk003,蓝/阿Q正传__chunk016,same,0.823567
蓝/铸剑__chunk003,蓝/阿Q正传__chunk017,same,0.892154
蓝/铸剑__chunk003,蓝/风波__chunk001,same,0.875691
蓝/铸剑__chunk003,蓝/风波__chunk002,same,0.887795
蓝/铸剑__chunk003,蓝/风波__chunk003,same,0.889025
蓝/铸剑__chunk004,蓝/铸剑__chunk005,same,0.905141
蓝/铸剑__chunk004,蓝/铸剑__chunk006,same,0.885534
蓝/铸剑__chunk004,蓝/铸剑__chunk007,same,0.858160
蓝/铸剑__chunk004,蓝/阿Q正传__chunk001,same,0.853860
蓝/铸剑__chunk004,蓝/阿Q正传__chunk002,same,0.823359
蓝/铸剑__chunk004,蓝/阿Q正传__chunk003,same,0.808186
蓝/铸剑__chunk004,蓝/阿Q正传__chunk004,same,0.832595
蓝/铸剑__chunk004,蓝/阿Q正传__chunk005,same,0.832311
蓝/铸剑__chunk004,蓝/阿Q正传__chunk006,same,0.826921
蓝/铸剑__chunk004,蓝/阿Q正传__chunk007,same,0.868445
蓝/铸剑__chunk004,蓝/阿Q正传__chunk008,same,0.835413
蓝/铸剑__chunk004,蓝/阿Q正传__chunk009,same,0.851661
蓝/铸剑__chunk004,蓝/阿Q正传__chunk010,same,0.820900
蓝/铸剑__chunk004,蓝/阿Q正传__chunk011,same,0.858303
蓝/铸剑__chunk004,蓝/阿Q正传__chunk012,same,0.827206
蓝/铸剑__chunk004,蓝/阿Q正传__chunk013,same,0.854127
蓝/铸剑__chunk004,蓝/阿Q正传__chunk014,same,0.879692
蓝/铸剑__chunk004,蓝/阿Q正传__chunk015,same,0.855882
蓝/铸剑__chunk004,蓝/阿Q正传__chunk016,same,0.849992
蓝/铸剑__chunk004,蓝/阿Q正传__chunk017,same,0.837260
蓝/铸剑__chunk004,蓝/风波__chunk001,same,0.862016
蓝/铸剑__chunk004,蓝/风波__chunk002,same,0.882600
蓝/铸剑__chunk004,蓝/风波__chunk003,same,0.869371
蓝/铸剑__chunk005,蓝/铸剑__chunk006,same,0.950371
蓝/铸剑__chunk005,蓝/铸剑__chunk007,same,0.934019
蓝/铸剑__chunk005,蓝/阿Q正传__chunk001,same,0.862330
蓝/铸剑__chunk005,蓝/阿Q正传__chunk002,same,0.816497
蓝/铸剑__chunk005,蓝/阿Q正传__chunk003,same,0.796700
蓝/铸剑__chunk005,蓝/阿Q正传__chunk004,same,0.808414
蓝/铸剑__chunk005,蓝/阿Q正传__chunk005,same,0.809620
蓝/铸剑__chunk005,蓝/阿Q正传__chunk006,same,0.839529
蓝/铸剑__chunk005,蓝/阿Q正传__chunk007,same,0.868797
蓝/铸剑__chunk005,蓝/阿Q正传__chunk008,same,0.830168
蓝/铸剑__chunk005,蓝/阿Q正传__chunk009,same,0.851856
蓝/铸剑__chunk005,蓝/阿Q正传__chunk010,same,0.828598
蓝/铸剑__chunk005,蓝/阿Q正传__chunk011,same,0.872022
蓝/铸剑__chunk005,蓝/阿Q正传__chunk012,same,0.817652
蓝/铸剑__chunk005,蓝/阿Q正传__chunk013,same,0.872011
蓝/铸剑__chunk005,蓝/阿Q正传__chunk014,same,0.889111
蓝/铸剑__chunk005,蓝/阿Q正传__chunk015,same,0.863510
蓝/铸剑__chunk005,蓝/阿Q正传__chunk016,same,0.814763
蓝/铸剑__chunk005,蓝/阿Q正传__chunk017,same,0.825163
蓝/铸剑__chunk005,蓝/风波__chunk001,same,0.867991
蓝/铸剑__chunk005,蓝/风波__chunk002,same,0.879083
蓝/铸剑__chunk005,蓝/风波__chunk003,same,0.854898
蓝/铸剑__chunk006,蓝/铸剑__chunk007,same,0.937780
蓝/铸剑__chunk006,蓝/阿Q正传__chunk001,same,0.836113
蓝/铸剑__chunk006,蓝/阿Q正传__chunk002,same,0.795626
蓝/铸剑__chunk006,蓝/阿Q正传__chunk003,same,0.793701
蓝/铸剑__chunk006,蓝/阿Q正传__chunk004,same,0.798934
蓝/铸剑__chunk006,蓝/阿Q正传__chunk005,same,0.794407
蓝/铸剑__chunk006,蓝/阿Q正传__chunk006,same,0.811217
蓝/铸剑__chunk006,蓝/阿Q正传__chunk007,same,0.844621
蓝/铸剑__chunk006,蓝/阿Q正传__chunk008,same,0.801814
蓝/铸剑__chunk006,蓝/阿Q正传__chunk009,same,0.823094
蓝/铸剑__chunk006,蓝/阿Q正传__chunk010,same,0.801475
蓝/铸剑__chunk006,蓝/阿Q正传__chunk011,same,0.845579
蓝/铸剑__chunk006,蓝/阿Q正传__chunk012,same,0.796400
蓝/铸剑__chunk006,蓝/阿Q正传__chunk013,same,0.854333
蓝/铸剑__chunk006,蓝/阿Q正传__chunk014,same,0.856505
蓝/铸剑__chunk006,蓝/阿Q正传__chunk015,same,0.824998
蓝/铸剑__chunk006,蓝/阿Q正传__chunk016,same,0.798878
蓝/铸剑__chunk006,蓝/阿Q正传__chunk017,same,0.812407
蓝/铸剑__chunk006,蓝/风波__chunk001,same,0.828325
蓝/铸剑__chunk006,蓝/风波__chunk002,same,0.852718
蓝/铸剑__chunk006,蓝/风波__chunk003,same,0.828257
蓝/铸剑__chunk007,蓝/阿Q正传__chunk001,same,0.847251
蓝/铸剑__chunk007,蓝/阿Q正传__chunk002,same,0.817969
蓝/铸剑__chunk007,蓝/阿Q正传__chunk003,same,0.794848
蓝/铸剑__chunk007,蓝/阿Q正传__chunk004,same,0.810666
蓝/铸剑__chunk007,蓝/阿Q正传__chunk005,same,0.787758
蓝/铸剑__chunk007,蓝/阿Q正传__chunk006,same,0.853499
蓝/铸剑__chunk007,蓝/阿Q正传__chunk007,same,0.834225
蓝/铸剑__chunk007,蓝/阿Q正传__chunk008,same,0.815871
蓝/铸剑__chunk007,蓝/阿Q正传__chunk009,same,0.832600
蓝/铸剑__chunk007,蓝/阿Q正传__chunk010,same,0.829447
蓝/铸剑__chunk007,蓝/阿Q正传__chunk011,same,0.859341
蓝/铸剑__chunk007,蓝/阿Q正传__chunk012,same,0.793098
蓝/铸剑__chunk007,蓝/阿Q正传__chunk013,same,0.873610
蓝/铸剑__chunk007,蓝/阿Q正传__chunk014,same,0.867218
蓝/铸剑__chunk007,蓝/阿Q正传__chunk015,same,0.829385
蓝/铸剑__chunk007,蓝/阿Q正传__chunk016,same,0.784557
蓝/铸剑__chunk007,蓝/阿Q正传__chunk017,same,0.817303
蓝/铸剑__chunk007,蓝/风波__chunk001,same,0.856573
蓝/铸剑__chunk007,蓝/风波__chunk002,same,0.854476
蓝/铸剑__chunk007,蓝/风波__chunk003,same,0.826861
蓝/阿Q正传__chunk001,蓝/阿Q正传__chunk002,same,0.920586
蓝/阿Q正传__chunk001,蓝/阿Q正传__chunk003,same,0.897479
蓝/阿Q正传__chunk001,蓝/阿Q正传__chunk004,same,0.897338
蓝/阿Q正传__chunk001,蓝/阿Q正传__chunk005,same,0.898153
蓝/阿Q正传__chunk001,蓝/阿Q正传__chunk006,same,0.918855
蓝/阿Q正传__chunk001,蓝/阿Q正传__chunk007,same,0.940046
蓝/阿Q正传__chunk001,蓝/阿Q正传__chunk008,same,0.923581
蓝/阿Q正传__chunk001,蓝/阿Q正传__chunk009,same,0.923636
蓝/阿Q正传__chunk001,蓝/阿Q正传__chunk010,same,0.926035
蓝/阿Q正传__chunk001,蓝/阿Q正传__chunk011,same,0.943665
蓝/阿Q正传__chunk001,蓝/阿Q正传__chunk012,same,0.886008
蓝/阿Q正传__chunk001,蓝/阿Q正传__chunk013,same,0.910956
蓝/阿Q正传__chunk001,蓝/阿Q正传__chunk014,same,0.933045
蓝/阿Q正传__chunk001,蓝/阿Q正传__chunk015,same,0.933175
蓝/阿Q正传__chunk001,蓝/阿Q正传__chunk016,same,0.885968
蓝/阿Q正传__chunk001,蓝/阿Q正传__chunk017,same,0.872961
蓝/阿Q正传__chunk001,蓝/风波__chunk001,same,0.832711
蓝/阿Q正传__chunk001,蓝/风波__chunk002,same,0.862159
蓝/阿Q正传__chunk001,蓝/风波__chunk003,same,0.822879
蓝/阿Q正传__chunk002,蓝/阿Q正传__chunk003,same,0.913050
蓝/阿Q正传__chunk002,蓝/阿Q正传__chunk004,same,0.888645
蓝/阿Q正传__chunk002,蓝/阿Q正传__chunk005,same,0.890411
蓝/阿Q正传__chunk002,蓝/阿Q正传__chunk006,same,0.917021
蓝/阿Q正传__chunk002,蓝/阿Q正传__chunk007,same,0.899753
蓝/阿Q正传__chunk002,蓝/阿Q正传__chunk008,same,0.928954
蓝/阿Q正传__chunk002,蓝/阿Q正传__chunk009,same,0.905146
蓝/阿Q正传__chunk002,蓝/阿Q正传__chunk010,same,0.932462
蓝/阿Q正传__chunk002,蓝/阿Q正传__chunk011,same,0.915819
蓝/阿Q正传__chunk002,蓝/阿Q正传__chunk012,same,0.884990
蓝/阿Q正传__chunk002,蓝/阿Q正传__chunk013,same,0.923389
蓝/阿Q正传__chunk002,蓝/阿Q正传__chunk014,same,0.898120
蓝/阿Q正传__chunk002,蓝/阿Q正传__chunk015,same,0.913185
蓝/阿Q正传__chunk002,蓝/阿Q正传__chunk016,same,0.874063
蓝/阿Q正传__chunk002,蓝/阿Q正传__chunk017,same,0.865259
蓝/阿Q正传__chunk002,蓝/风波__chunk001,same,0.817811
蓝/阿Q正传__chunk002,蓝/风波__chunk002,same,0.858833
蓝/阿Q正传__chunk002,蓝/风波__chunk003,same,0.822167
蓝/阿Q正传__chunk003,蓝/阿Q正传__chunk004,same,0.890119
蓝/阿Q正传__chunk003,蓝/阿Q正传__chunk005,same,0.928242
蓝/阿Q正传__chunk003,蓝/阿Q正传__chunk006,same,0.918858
蓝/阿Q正传__chunk003,蓝/阿Q正传__chunk007,same,0.914020
蓝/阿Q正传__chunk003,蓝/阿Q正传__chunk008,same,0.933739
蓝/阿Q正传__chunk003,蓝/阿Q正传__chunk009,same,0.920348
蓝/阿Q正传__chunk003,蓝/阿Q正传__chunk010,same,0.921095
蓝/阿Q正传__chunk003,蓝/阿Q正传__chunk011,same,0.896512
蓝/阿Q正传__chunk003,蓝/阿Q正传__chunk012,same,0.890635
蓝/阿Q正传__chunk003,蓝/阿Q正传__chunk013,same,0.911005
蓝/阿Q正传__chunk003,蓝/阿Q正传__chunk014,same,0.882694
蓝/阿Q正传__chunk003,蓝/阿Q正传__chunk015,same,0.900618
蓝/阿Q正传__chunk003,蓝/阿Q正传__chunk016,same,0.881583
蓝/阿Q正传__chunk003,蓝/阿Q正传__chunk017,same,0.875955
蓝/阿Q正传__chunk003,蓝/风波__chunk001,same,0.795228
蓝/阿Q正传__chunk003,蓝/风波__chunk002,same,0.827146
蓝/阿Q正传__chunk003,蓝/风波__chunk003,same,0.830130
蓝/阿Q正传__chunk004,蓝/阿Q正传__chunk005,same,0.932906
蓝/阿Q正传__chunk004,蓝/阿Q正传__chunk006,same,0.913479
蓝/阿Q正传__chunk004,蓝/阿Q正传__chunk007,same,0.922930
蓝/阿Q正传__chunk004,蓝/阿Q正传__chunk008,same,0.917368
蓝/阿Q正传__chunk004,蓝/阿Q正传__chunk009,same,0.911193
蓝/阿Q正传__chunk004,蓝/阿Q正传__chunk010,same,0.906068
蓝/阿Q正传__chunk004,蓝/阿Q正传__chunk011,same,0.893934
蓝/阿Q正传__chunk004,蓝/阿Q正传__chunk012,same,0.873755
蓝/阿Q正传__chunk004,蓝/阿Q正传__chunk013,same,0.900524
蓝/阿Q正传__chunk004,蓝/阿Q正传__chunk014,same,0.913687
蓝/阿Q正传__chunk004,蓝/阿Q正传__chunk015,same,0.921584
蓝/阿Q正传__chunk004,蓝/阿Q正传__chunk016,same,0.897151
蓝/阿Q正传__chunk004,蓝/阿Q正传__chunk017,same,0.890702
蓝/阿Q正传__chunk004,蓝/风波__chunk001,same,0.823321
蓝/阿Q正传__chunk004,蓝/风波__chunk002,same,0.848870
蓝/阿Q正传__chunk004,蓝/风波__chunk003,same,0.831933
蓝/阿Q正传__chunk005,蓝/阿Q正传__chunk006,same,0.916941
蓝/阿Q正传__chunk005,蓝/阿Q正传__chunk007,same,0.941106
蓝/阿Q正传__chunk005,蓝/阿Q正传__chunk008,same,0.934572
蓝/阿Q正传__chunk005,蓝/阿Q正传__chunk009,same,0.935228
蓝/阿Q正传__chunk005,蓝/阿Q正传__chunk010,same,0.909651
蓝/阿Q正传__chunk005,蓝/阿Q正传__chunk011,same,0.896016
蓝/阿Q正传__chunk005,蓝/阿Q正传__chunk012,same,0.900180
蓝/阿Q正传__chunk005,蓝/阿Q正传__chunk013,same,0.901510
蓝/阿Q正传__chunk005,蓝/阿Q正传__chunk014,same,0.913899
蓝/阿Q正传__chunk005,蓝/阿Q正传__chunk015,same,0.920766
蓝/阿Q正传__chunk005,蓝/阿Q正传__chunk016,same,0.910567
蓝/阿Q正传__chunk005,蓝/阿Q正传__chunk017,same,0.918382
蓝/阿Q正传__chunk005,蓝/风波__chunk001,same,0.818056
蓝/阿Q正传__chunk005,蓝/风波__chunk002,same,0.847471
蓝/阿Q正传__chunk005,蓝/风波__chunk003,same,0.848280
蓝/阿Q正传__chunk006,蓝/阿Q正传__chunk007,same,0.918958
蓝/阿Q正传__chunk006,蓝/阿Q正传__chunk008,same,0.927261
蓝/阿Q正传__chunk006,蓝/阿Q正传__chunk009,same,0.940186
蓝/阿Q正传__chunk006,蓝/阿Q正传__chunk010,same,0.942272
蓝/阿Q正传__chunk006,蓝/阿Q正传__chunk011,same,0.925460
蓝/阿Q正传__chunk006,蓝/阿Q正传__chunk012,same,0.894552
蓝/阿Q正传__chunk006,蓝/阿Q正传__chunk013,same,0.926274
蓝/阿Q正传__chunk006,蓝/阿Q正传__chunk014,same,0.914188
蓝/阿Q正传__chunk006,蓝/阿Q正传__chunk015,same,0.936344
蓝/阿Q正传__chunk006,蓝/阿Q正传__chunk016,same,0.890908
蓝/阿Q正传__chunk006,蓝/阿Q正传__chunk017,same,0.898105
蓝/阿Q正传__chunk006,蓝/风波__chunk001,same,0.850410
蓝/阿Q正传__chunk006,蓝/风波__chunk002,same,0.862224
蓝/阿Q正传__chunk006,蓝/风波__chunk003,same,0.846463
蓝/阿Q正传__chunk007,蓝/阿Q正传__chunk008,same,0.939681
蓝/阿Q正传__chunk007,蓝/阿Q正传__chunk009,same,0.941410
蓝/阿Q正传__chunk007,蓝/阿Q正传__chunk010,same,0.918626
蓝/阿Q正传__chunk007,蓝/阿Q正传__chunk011,same,0.940487
蓝/阿Q正传__chunk007,蓝/阿Q正传__chunk012,same,0.899768
蓝/阿Q正传__chunk007,蓝/阿Q正传__chunk013,same,0.928106
蓝/阿Q正传__chunk007,蓝/阿Q正传__chunk014,same,0.951612
蓝/阿Q正传__chunk007,蓝/阿Q正传__chunk015,same,0.938812
蓝/阿Q正传__chunk007,蓝/阿Q正传__chunk016,same,0.916213
蓝/阿Q正传__chunk007,蓝/阿Q正传__chunk017,same,0.906615
蓝/阿Q正传__chunk007,蓝/风波__chunk001,same,0.854984
蓝/阿Q正传__chunk007,蓝/风波__chunk002,same,0.884105
蓝/阿Q正传__chunk007,蓝/风波__chunk003,same,0.851586
蓝/阿Q正传__chunk008,蓝/阿Q正传__chunk009,same,0.941309
蓝/阿Q正传__chunk008,蓝/阿Q正传__chunk010,same,0.946445
蓝/阿Q正传__chunk008,蓝/阿Q正传__chunk011,same,0.923431
蓝/阿Q正传__chunk008,蓝/阿Q正传__chunk012,same,0.916152
蓝/阿Q正传__chunk008,蓝/阿Q正传__chunk013,same,0.926943
蓝/阿Q正传__chunk008,蓝/阿Q正传__chunk014,same,0.916131
蓝/阿Q正传__chunk008,蓝/阿Q正传__chunk015,same,0.948398
蓝/阿Q正传__chunk008,蓝/阿Q正传__chunk016,same,0.925001
蓝/阿Q正传__chunk008,蓝/阿Q正传__chunk017,same,0.889879
蓝/阿Q正传__chunk008,蓝/风波__chunk001,same,0.838187
蓝/阿Q正传__chunk008,蓝/风波__chunk002,same,0.868569
蓝/阿Q正传__chunk008,蓝/风波__chunk003,same,0.844545
蓝/阿Q正传__chunk009,蓝/阿Q正传__chunk010,same,0.946731
蓝/阿Q正传__chunk009,蓝/阿Q正传__chunk011,same,0.923652
蓝/阿Q正传__chunk009,蓝/阿Q正传__chunk012,same,0.916318
蓝/阿Q正传__chunk009,蓝/阿Q正传__chunk013,same,0.927893
蓝/阿Q正传__chunk009,蓝/阿Q正传__chunk014,same,0.910445
蓝/阿Q正传__chunk009,蓝/阿Q正传__chunk015,same,0.949170
蓝/阿Q正传__chunk009,蓝/阿Q正传__chunk016,same,0.920177
蓝/阿Q正传__chunk009,蓝/阿Q正传__chunk017,same,0.903226
蓝/阿Q正传__chunk009,蓝/风波__chunk001,same,0.851523
蓝/阿Q正传__chunk009,蓝/风波__chunk002,same,0.860408
蓝/阿Q正传__chunk009,蓝/风波__chunk003,same,0.857063
蓝/阿Q正传__chunk010,蓝/阿Q正传__chunk011,same,0.937403
蓝/阿Q正传__chunk010,蓝/阿Q正传__chunk012,same,0.903289
蓝/阿Q正传__chunk010,蓝/阿Q正传__chunk013,same,0.925527
蓝/阿Q正传__chunk010,蓝/阿Q正传__chunk014,same,0.902573
蓝/阿Q正传__chunk010,蓝/阿Q正传__chunk015,same,0.934470
蓝/阿Q正传__chunk010,蓝/阿Q正传__chunk016,same,0.900601
蓝/阿Q正传__chunk010,蓝/阿Q正传__chunk017,same,0.885805
蓝/阿Q正传__chunk010,蓝/风波__chunk001,same,0.840548
蓝/阿Q正传__chunk010,蓝/风波__chunk002,same,0.855915
蓝/阿Q正传__chunk010,蓝/风波__chunk003,same,0.839462
蓝/阿Q正传__chunk011,蓝/阿Q正传__chunk012,same,0.875560
蓝/阿Q正传__chunk011,蓝/阿Q正传__chunk013,same,0.923506
蓝/阿Q正传__chunk011,蓝/阿Q正传__chunk014,same,0.937015
蓝/阿Q正传__chunk011,蓝/阿Q正传__chunk015,same,0.929283
蓝/阿Q正传__chunk011,蓝/阿Q正传__chunk016,same,0.892371
蓝/阿Q正传__chunk011,蓝/阿Q正传__chunk017,same,0.880371
蓝/阿Q正传__chunk011,蓝/风波__chunk001,same,0.842733
蓝/阿Q正传__chunk011,蓝/风波__chunk002,same,0.878460
蓝/阿Q正传__chunk011,蓝/风波__chunk003,same,0.834295
蓝/阿Q正传__chunk012,蓝/阿Q正传__chunk013,same,0.897144
蓝/阿Q正传__chunk012,蓝/阿Q正传__chunk014,same,0.864332
蓝/阿Q正传__chunk012,蓝/阿Q正传__chunk015,same,0.900600
蓝/阿Q正传__chunk012,蓝/阿Q正传__chunk016,same,0.890062
蓝/阿Q正传__chunk012,蓝/阿Q正传__chunk017,same,0.865883
蓝/阿Q正传__chunk012,蓝/风波__chunk001,same,0.824923
蓝/阿Q正传__chunk012,蓝/风波__chunk002,same,0.836840
蓝/阿Q正传__chunk012,蓝/风波__chunk003,same,0.848837
蓝/阿Q正传__chunk013,蓝/阿Q正传__chunk014,same,0.926552
蓝/阿Q正传__chunk013,蓝/阿Q正传__chunk015,same,0.934287
蓝/阿Q正传__chunk013,蓝/阿Q正传__chunk016,same,0.899916
蓝/阿Q正传__chunk013,蓝/阿Q正传__chunk017,same,0.889205
蓝/阿Q正传__chunk013,蓝/风波__chunk001,same,0.875269
蓝/阿Q正传__chunk013,蓝/风波__chunk002,same,0.894387
蓝/阿Q正传__chunk013,蓝/风波__chunk003,same,0.861408
蓝/阿Q正传__chunk014,蓝/阿Q正传__chunk015,same,0.931080
蓝/阿Q正传__chunk014,蓝/阿Q正传__chunk016,same,0.885452
蓝/阿Q正传__chunk014,蓝/阿Q正传__chunk017,same,0.899462
蓝/阿Q正传__chunk014,蓝/风波__chunk001,same,0.859991
蓝/阿Q正传__chunk014,蓝/风波__chunk002,same,0.911223
蓝/阿Q正传__chunk014,蓝/风波__chunk003,same,0.846427
蓝/阿Q正传__chunk015,蓝/阿Q正传__chunk016,same,0.918684
蓝/阿Q正传__chunk015,蓝/阿Q正传__chunk017,same,0.885382
蓝/阿Q正传__chunk015,蓝/风波__chunk001,same,0.843981
蓝/阿Q正传__chunk015,蓝/风波__chunk002,same,0.879006
蓝/阿Q正传__chunk015,蓝/风波__chunk003,same,0.859987
蓝/阿Q正传__chunk016,蓝/阿Q正传__chunk017,same,0.876534
蓝/阿Q正传__chunk016,蓝/风波__chunk001,same,0.816935
蓝/阿Q正传__chunk016,蓝/风波__chunk002,same,0.844402
蓝/阿Q正传__chunk016,蓝/风波__chunk003,same,0.817526
蓝/阿Q正传__chunk017,蓝/风波__chunk001,same,0.831582
蓝/阿Q正传__chunk017,蓝/风波__chunk002,same,0.853084
蓝/阿Q正传__chunk017,蓝/风波__chunk003,same,0.851688
蓝/风波__chunk001,蓝/风波__chunk002,same,0.910764
蓝/风波__chunk001,蓝/风波__chunk003,same,0.882989
蓝/风波__chunk002,蓝/风波__chunk003,same,0.887169
