sample_a,sample_b,pair_type,similarity
杨戴/伤逝__chunk001,杨戴/伤逝__chunk002,same,0.929084
杨戴/伤逝__chunk001,杨戴/伤逝__chunk003,same,0.920680
杨戴/伤逝__chunk001,杨戴/伤逝__chunk004,same,0.902120
杨戴/伤逝__chunk001,杨戴/在酒楼上__chunk001,same,0.915901
杨戴/伤逝__chunk001,杨戴/在酒楼上__chunk002,same,0.921852
杨戴/伤逝__chunk001,杨戴/奔月__chunk001,same,0.850286
杨戴/伤逝__chunk001,杨戴/奔月__chunk002,same,0.801665
杨戴/伤逝__chunk001,杨戴/孤独者__chunk001,same,0.850777
杨戴/伤逝__chunk001,杨戴/孤独者__chunk002,same,0.876006
杨戴/伤逝__chunk001,杨戴/孤独者__chunk003,same,0.884759
杨戴/伤逝__chunk001,杨戴/孤独者__chunk004,same,0.854541
杨戴/伤逝__chunk001,杨戴/幸福的家庭__chunk001,same,0.819964
杨戴/伤逝__chunk001,杨戴/故乡__chunk001,same,0.899593
杨戴/伤逝__chunk001,杨戴/故乡__chunk002,same,0.880888
杨戴/伤逝__chunk001,杨戴/明天__chunk001,same,0.816798
杨戴/伤逝__chunk001,杨戴/狂人日记__chunk001,same,0.869672
杨戴/伤逝__chunk001,杨戴/狂人日记__chunk002,same,0.844965
杨戴/伤逝__chunk001,杨戴/社戏__chunk001,same,0.902826
杨戴/伤逝__chunk001,杨戴/社戏__chunk002,same,0.873922
杨戴/伤逝__chunk001,杨戴/祝福__chunk001,same,0.927520
杨戴/伤逝__chunk001,杨戴/祝福__chunk002,same,0.854190
杨戴/伤逝__chunk001,杨戴/祝福__chunk003,same,0.839610
杨戴/伤逝__chunk001,杨戴/祝福__chunk004,same,0.850447
杨戴/伤逝__chunk001,杨戴/离婚__chunk001,same,0.828981
杨戴/伤逝__chunk001,杨戴/离婚__chunk002,same,0.839936
杨戴/伤逝__chunk001,杨戴/肥皂__chunk001,same,0.865108
杨戴/伤逝__chunk001,杨戴/肥皂__chunk002,same,0.829453
杨戴/伤逝__chunk001,杨戴/药__chunk001,same,0.797626
杨戴/伤逝__chunk001,杨戴/药__chunk002,same,0.802886
杨戴/伤逝__chunk001,杨戴/铸剑__chunk001,same,0.810650
杨戴/伤逝__chunk001,杨戴/铸剑__chunk002,same,0.798384
杨戴/伤逝__chunk001,杨戴/铸剑__chunk003,same,0.814210
杨戴/伤逝__chunk001,杨戴/阿Q正传__chunk001,same,0.793879
杨戴/伤逝__chunk001,杨戴/阿Q正传__chunk002,same,0.790454
杨戴/伤逝__chunk001,杨戴/阿Q正传__chunk003,same,0.798362
杨戴/伤逝__chunk001,杨戴/阿Q正传__chunk004,same,0.783343
杨戴/伤逝__chunk001,杨戴/阿Q正传__chunk005,same,0.803806
杨戴/伤逝__chunk001,杨戴/阿Q正传__chunk006,same,0.802831
杨戴/伤逝__chunk001,杨戴/阿Q正传__chunk007,same,0.790604
杨戴/伤逝__chunk001,杨戴/阿Q正传__chunk008,same,0.791530
杨戴/伤逝__chunk001,杨戴/阿Q正传__chunk009,same,0.803170
杨戴/伤逝__chunk001,杨戴/风波__chunk001,same,0.856612
杨戴/伤逝__chunk001,杨戴/风波__chunk002,same,0.820246
杨戴/伤逝__chunk001,蓝/伤逝__chunk001,cross,0.929473
杨戴/伤逝__chunk001,蓝/伤逝__chunk002,cross,0.910274
杨戴/伤逝__chunk001,蓝/伤逝__chunk003,cross,0.910989
杨戴/伤逝__chunk001,蓝/在酒楼上__chunk001,cross,0.905812
杨戴/伤逝__chunk001,蓝/在酒楼上__chunk002,cross,0.893588
杨戴/伤逝__chunk001,蓝/奔月__chunk001,cross,0.837784
杨戴/伤逝__chunk001,蓝/奔月__chunk002,cross,0.795105
杨戴/伤逝__chunk001,蓝/孤独者__chunk001,cross,0.849723
杨戴/伤逝__chunk001,蓝/孤独者__chunk002,cross,0.864687
杨戴/伤逝__chunk001,蓝/孤独者__chunk003,cross,0.878607
杨戴/伤逝__chunk001,蓝/孤独者__chunk004,cross,0.841280
杨戴/伤逝__chunk001,蓝/幸福的家庭__chunk001,cross,0.814039
杨戴/伤逝__chunk001,蓝/故乡__chunk001,cross,0.900566
杨戴/伤逝__chunk001,蓝/故乡__chunk002,cross,0.852865
杨戴/伤逝__chunk001,蓝/明天__chunk001,cross,0.848825
杨戴/伤逝__chunk001,蓝/狂人日记__chunk001,cross,0.864130
杨戴/伤逝__chunk001,蓝/狂人日记__chunk002,cross,0.826618
杨戴/伤逝__chunk001,蓝/社戏__chunk001,cross,0.875745
杨戴/伤逝__chunk001,蓝/社戏__chunk002,cross,0.870139
杨戴/伤逝__chunk001,蓝/祝福__chunk001,cross,0.886427
杨戴/伤逝__chunk001,蓝/祝福__chunk002,cross,0.868097
杨戴/伤逝__chunk001,蓝/祝福__chunk003,cross,0.850492
杨戴/伤逝__chunk001,蓝/离婚__chunk001,cross,0.836321
杨戴/伤逝__chunk001,蓝/离婚__chunk002,cross,0.813426
杨戴/伤逝__chunk001,蓝/肥皂__chunk001,cross,0.849648
杨戴/伤逝__chunk001,蓝/肥皂__chunk002,cross,0.821184
杨戴/伤逝__chunk001,蓝/药__chunk001,cross,0.783041
杨戴/伤逝__chunk001,蓝/铸剑__chunk001,cross,0.816219
杨戴/伤逝__chunk001,蓝/铸剑__chunk002,cross,0.798389
杨戴/伤逝__chunk001,蓝/铸剑__chunk003,cross,0.802507
杨戴/伤逝__chunk001,蓝/阿Q正传__chunk001,cross,0.786579
杨戴/伤逝__chunk001,蓝/阿Q正传__chunk002,cross,0.762361
杨戴/伤逝__chunk001,蓝/阿Q正传__chunk003,cross,0.764300
杨戴/伤逝__chunk001,蓝/阿Q正传__chunk004,cross,0.774361
杨戴/伤逝__chunk001,蓝/阿Q正传__chunk005,cross,0.764789
杨戴/伤逝__chunk001,蓝/阿Q正传__chunk006,cross,0.802733
杨戴/伤逝__chunk001,蓝/阿Q正传__chunk007,cross,0.809171
杨戴/伤逝__chunk001,蓝/阿Q正传__chunk008,cross,0.800726
杨戴/伤逝__chunk001,蓝/风波__chunk001,cross,0.822402
杨戴/伤逝__chunk002,杨戴/伤逝__chunk003,same,0.942743
杨戴/伤逝__chunk002,杨戴/伤逝__chunk004,same,0.930798
杨戴/伤逝__chunk002,杨戴/在酒楼上__chunk001,same,0.922916
杨戴/伤逝__chunk002,杨戴/在酒楼上__chunk002,same,0.931846
杨戴/伤逝__chunk002,杨戴/奔月__chunk001,same,0.874008
杨戴/伤逝__chunk002,杨戴/奔月__chunk002,same,0.830061
杨戴/伤逝__chunk002,杨戴/孤独者__chunk001,same,0.868891
杨戴/伤逝__chunk002,杨戴/孤独者__chunk002,same,0.896332
杨戴/伤逝__chunk002,杨戴/孤独者__chunk003,same,0.894648
杨戴/伤逝__chunk002,杨戴/孤独者__chunk004,same,0.879073
杨戴/伤逝__chunk002,杨戴/幸福的家庭__chunk001,same,0.828499
杨戴/伤逝__chunk002,杨戴/故乡__chunk001,same,0.928159
杨戴/伤逝__chunk002,杨戴/故乡__chunk002,same,0.897364
杨戴/伤逝__chunk002,杨戴/明天__chunk001,same,0.848478
杨戴/伤逝__chunk002,杨戴/狂人日记__chunk001,same,0.868229
杨戴/伤逝__chunk002,杨戴/狂人日记__chunk002,same,0.875843
杨戴/伤逝__chunk002,杨戴/社戏__chunk001,same,0.925105
杨戴/伤逝__chunk002,杨戴/社戏__chunk002,same,0.901047
杨戴/伤逝__chunk002,杨戴/祝福__chunk001,same,0.915245
杨戴/伤逝__chunk002,杨戴/祝福__chunk002,same,0.864747
杨戴/伤逝__chunk002,杨戴/祝福__chunk003,same,0.861045
杨戴/伤逝__chunk002,杨戴/祝福__chunk004,same,0.830066
杨戴/伤逝__chunk002,杨戴/离婚__chunk001,same,0.853543
杨戴/伤逝__chunk002,杨戴/离婚__chunk002,same,0.846594
杨戴/伤逝__chunk002,杨戴/肥皂__chunk001,same,0.879642
杨戴/伤逝__chunk002,杨戴/肥皂__chunk002,same,0.846702
杨戴/伤逝__chunk002,杨戴/药__chunk001,same,0.818813
杨戴/伤逝__chunk002,杨戴/药__chunk002,same,0.809633
杨戴/伤逝__chunk002,杨戴/铸剑__chunk001,same,0.838197
杨戴/伤逝__chunk002,杨戴/铸剑__chunk002,same,0.803161
杨戴/伤逝__chunk002,杨戴/铸剑__chunk003,same,0.823007
杨戴/伤逝__chunk002,杨戴/阿Q正传__chunk001,same,0.809863
杨戴/伤逝__chunk002,杨戴/阿Q正传__chunk002,same,0.792709
杨戴/伤逝__chunk002,杨戴/阿Q正传__chunk003,same,0.808686
杨戴/伤逝__chunk002,杨戴/阿Q正传__chunk004,same,0.797509
杨戴/伤逝__chunk002,杨戴/阿Q正传__chunk005,same,0.817974
杨戴/伤逝__chunk002,杨戴/阿Q正传__chunk006,same,0.826244
杨戴/伤逝__chunk002,杨戴/阿Q正传__chunk007,same,0.812725
杨戴/伤逝__chunk002,杨戴/阿Q正传__chunk008,same,0.819595
杨戴/伤逝__chunk002,杨戴/阿Q正传__chunk009,same,0.793469
杨戴/伤逝__chunk002,杨戴/风波__chunk001,same,0.870653
杨戴/伤逝__chunk002,杨戴/风波__chunk002,same,0.833057
杨戴/伤逝__chunk002,蓝/伤逝__chunk001,cross,0.892588
杨戴/伤逝__chunk002,蓝/伤逝__chunk002,cross,0.928021
杨戴/伤逝__chunk002,蓝/伤逝__chunk003,cross,0.905398
杨戴/伤逝__chunk002,蓝/在酒楼上__chunk001,cross,0.909250
杨戴/伤逝__chunk002,蓝/在酒楼上__chunk002,cross,0.911860
杨戴/伤逝__chunk002,蓝/奔月__chunk001,cross,0.851206
杨戴/伤逝__chunk002,蓝/奔月__chunk002,cross,0.825966
杨戴/伤逝__chunk002,蓝/孤独者__chunk001,cross,0.862508
杨戴/伤逝__chunk002,蓝/孤独者__chunk002,cross,0.891830
杨戴/伤逝__chunk002,蓝/孤独者__chunk003,cross,0.885765
杨戴/伤逝__chunk002,蓝/孤独者__chunk004,cross,0.854997
杨戴/伤逝__chunk002,蓝/幸福的家庭__chunk001,cross,0.818923
杨戴/伤逝__chunk002,蓝/故乡__chunk001,cross,0.910824
杨戴/伤逝__chunk002,蓝/故乡__chunk002,cross,0.849711
杨戴/伤逝__chunk002,蓝/明天__chunk001,cross,0.853387
杨戴/伤逝__chunk002,蓝/狂人日记__chunk001,cross,0.853102
杨戴/伤逝__chunk002,蓝/狂人日记__chunk002,cross,0.840132
杨戴/伤逝__chunk002,蓝/社戏__chunk001,cross,0.864535
杨戴/伤逝__chunk002,蓝/社戏__chunk002,cross,0.868888
杨戴/伤逝__chunk002,蓝/祝福__chunk001,cross,0.876775
杨戴/伤逝__chunk002,蓝/祝福__chunk002,cross,0.876040
杨戴/伤逝__chunk002,蓝/祝福__chunk003,cross,0.882061
杨戴/伤逝__chunk002,蓝/离婚__chunk001,cross,0.838332
杨戴/伤逝__chunk002,蓝/离婚__chunk002,cross,0.819798
杨戴/伤逝__chunk002,蓝/肥皂__chunk001,cross,0.864768
杨戴/伤逝__chunk002,蓝/肥皂__chunk002,cross,0.822978
杨戴/伤逝__chunk002,蓝/药__chunk001,cross,0.794531
杨戴/伤逝__chunk002,蓝/铸剑__chunk001,cross,0.843688
杨戴/伤逝__chunk002,蓝/铸剑__chunk002,cross,0.800914
杨戴/伤逝__chunk002,蓝/铸剑__chunk003,cross,0.790634
杨戴/伤逝__chunk002,蓝/阿Q正传__chunk001,cross,0.780522
杨戴/伤逝__chunk002,蓝/阿Q正传__chunk002,cross,0.763034
杨戴/伤逝__chunk002,蓝/阿Q正传__chunk003,cross,0.767438
杨戴/伤逝__chunk002,蓝/阿Q正传__chunk004,cross,0.787372
杨戴/伤逝__chunk002,蓝/阿Q正传__chunk005,cross,0.769969
杨戴/伤逝__chunk002,蓝/阿Q正传__chunk006,cross,0.801515
杨戴/伤逝__chunk002,蓝/阿Q正传__chunk007,cross,0.813963
杨戴/伤逝__chunk002,蓝/阿Q正传__chunk008,cross,0.809888
杨戴/伤逝__chunk002,蓝/风波__chunk001,cross,0.845596
杨戴/伤逝__chunk003,杨戴/伤逝__chunk004,same,0.937893
杨戴/伤逝__chunk003,杨戴/在酒楼上__chunk001,same,0.916984
杨戴/伤逝__chunk003,杨戴/在酒楼上__chunk002,same,0.897073
杨戴/伤逝__chunk003,杨戴/奔月__chunk001,same,0.874816
杨戴/伤逝__chunk003,杨戴/奔月__chunk002,same,0.840490
杨戴/伤逝__chunk003,杨戴/孤独者__chunk001,same,0.877155
杨戴/伤逝__chunk003,杨戴/孤独者__chunk002,same,0.879967
杨戴/伤逝__chunk003,杨戴/孤独者__chunk003,same,0.912652
杨戴/伤逝__chunk003,杨戴/孤独者__chunk004,same,0.889983
杨戴/伤逝__chunk003,杨戴/幸福的家庭__chunk001,same,0.817864
杨戴/伤逝__chunk003,杨戴/故乡__chunk001,same,0.907950
杨戴/伤逝__chunk003,杨戴/故乡__chunk002,same,0.885723
杨戴/伤逝__chunk003,杨戴/明天__chunk001,same,0.823818
杨戴/伤逝__chunk003,杨戴/狂人日记__chunk001,same,0.862197
杨戴/伤逝__chunk003,杨戴/狂人日记__chunk002,same,0.857426
杨戴/伤逝__chunk003,杨戴/社戏__chunk001,same,0.912834
杨戴/伤逝__chunk003,杨戴/社戏__chunk002,same,0.880383
杨戴/伤逝__chunk003,杨戴/祝福__chunk001,same,0.922267
杨戴/伤逝__chunk003,杨戴/祝福__chunk002,same,0.843702
杨戴/伤逝__chunk003,杨戴/祝福__chunk003,same,0.846608
杨戴/伤逝__chunk003,杨戴/祝福__chunk004,same,0.852090
杨戴/伤逝__chunk003,杨戴/离婚__chunk001,same,0.835865
杨戴/伤逝__chunk003,杨戴/离婚__chunk002,same,0.853628
杨戴/伤逝__chunk003,杨戴/肥皂__chunk001,same,0.865788
杨戴/伤逝__chunk003,杨戴/肥皂__chunk002,same,0.846264
杨戴/伤逝__chunk003,杨戴/药__chunk001,same,0.833697
杨戴/伤逝__chunk003,杨戴/药__chunk002,same,0.824457
杨戴/伤逝__chunk003,杨戴/铸剑__chunk001,same,0.843913
杨戴/伤逝__chunk003,杨戴/铸剑__chunk002,same,0.819780
杨戴/伤逝__chunk003,杨戴/铸剑__chunk003,same,0.824660
杨戴/伤逝__chunk003,杨戴/阿Q正传__chunk001,same,0.802249
杨戴/伤逝__chunk003,杨戴/阿Q正传__chunk002,same,0.775936
杨戴/伤逝__chunk003,杨戴/阿Q正传__chunk003,same,0.804253
杨戴/伤逝__chunk003,杨戴/阿Q正传__chunk004,same,0.792965
杨戴/伤逝__chunk003,杨戴/阿Q正传__chunk005,same,0.798705
杨戴/伤逝__chunk003,杨戴/阿Q正传__chunk006,same,0.808571
杨戴/伤逝__chunk003,杨戴/阿Q正传__chunk007,same,0.790067
杨戴/伤逝__chunk003,杨戴/阿Q正传__chunk008,same,0.798919
杨戴/伤逝__chunk003,杨戴/阿Q正传__chunk009,same,0.794580
杨戴/伤逝__chunk003,杨戴/风波__chunk001,same,0.858589
杨戴/伤逝__chunk003,杨戴/风波__chunk002,same,0.841004
杨戴/伤逝__chunk003,蓝/伤逝__chunk001,cross,0.916012
杨戴/伤逝__chunk003,蓝/伤逝__chunk002,cross,0.957849
杨戴/伤逝__chunk003,蓝/伤逝__chunk003,cross,0.936515
杨戴/伤逝__chunk003,蓝/在酒楼上__chunk001,cross,0.919096
杨戴/伤逝__chunk003,蓝/在酒楼上__chunk002,cross,0.897277
杨戴/伤逝__chunk003,蓝/奔月__chunk001,cross,0.863008
杨戴/伤逝__chunk003,蓝/奔月__chunk002,cross,0.839666
杨戴/伤逝__chunk003,蓝/孤独者__chunk001,cross,0.861131
杨戴/伤逝__chunk003,蓝/孤独者__chunk002,cross,0.904730
杨戴/伤逝__chunk003,蓝/孤独者__chunk003,cross,0.906117
杨戴/伤逝__chunk003,蓝/孤独者__chunk004,cross,0.875327
杨戴/伤逝__chunk003,蓝/幸福的家庭__chunk001,cross,0.838046
杨戴/伤逝__chunk003,蓝/故乡__chunk001,cross,0.913834
杨戴/伤逝__chunk003,蓝/故乡__chunk002,cross,0.854793
杨戴/伤逝__chunk003,蓝/明天__chunk001,cross,0.850486
杨戴/伤逝__chunk003,蓝/狂人日记__chunk001,cross,0.876686
杨戴/伤逝__chunk003,蓝/狂人日记__chunk002,cross,0.855875
杨戴/伤逝__chunk003,蓝/社戏__chunk001,cross,0.882436
杨戴/伤逝__chunk003,蓝/社戏__chunk002,cross,0.878582
杨戴/伤逝__chunk003,蓝/祝福__chunk001,cross,0.893962
杨戴/伤逝__chunk003,蓝/祝福__chunk002,cross,0.856191
杨戴/伤逝__chunk003,蓝/祝福__chunk003,cross,0.867780
杨戴/伤逝__chunk003,蓝/离婚__chunk001,cross,0.854184
杨戴/伤逝__chunk003,蓝/离婚__chunk002,cross,0.844823
杨戴/伤逝__chunk003,蓝/肥皂__chunk001,cross,0.874338
杨戴/伤逝__chunk003,蓝/肥皂__chunk002,cross,0.831457
杨戴/伤逝__chunk003,蓝/药__chunk001,cross,0.814441
杨戴/伤逝__chunk003,蓝/铸剑__chunk001,cross,0.866688
杨戴/伤逝__chunk003,蓝/铸剑__chunk002,cross,0.818842
杨戴/伤逝__chunk003,蓝/铸剑__chunk003,cross,0.807455
杨戴/伤逝__chunk003,蓝/阿Q正传__chunk001,cross,0.786437
杨戴/伤逝__chunk003,蓝/阿Q正传__chunk002,cross,0.763310
杨戴/伤逝__chunk003,蓝/阿Q正传__chunk003,cross,0.771916
杨戴/伤逝__chunk003,蓝/阿Q正传__chunk004,cross,0.790629
杨戴/伤逝__chunk003,蓝/阿Q正传__chunk005,cross,0.779198
杨戴/伤逝__chunk003,蓝/阿Q正传__chunk006,cross,0.815032
杨戴/伤逝__chunk003,蓝/阿Q正传__chunk007,cross,0.821331
杨戴/伤逝__chunk003,蓝/阿Q正传__chunk008,cross,0.806670
杨戴/伤逝__chunk003,蓝/风波__chunk001,cross,0.854831
杨戴/伤逝__chunk004,杨戴/在酒楼上__chunk001,same,0.901118
杨戴/伤逝__chunk004,杨戴/在酒楼上__chunk002,same,0.893155
杨戴/伤逝__chunk004,杨戴/奔月__chunk001,same,0.871568
杨戴/伤逝__chunk004,杨戴/奔月__chunk002,same,0.827166
杨戴/伤逝__chunk004,杨戴/孤独者__chunk001,same,0.847481
杨戴/伤逝__chunk004,杨戴/孤独者__chunk002,same,0.912998
杨戴/伤逝__chunk004,杨戴/孤独者__chunk003,same,0.935035
杨戴/伤逝__chunk004,杨戴/孤独者__chunk004,same,0.875179
杨戴/伤逝__chunk004,杨戴/幸福的家庭__chunk001,same,0.817861
杨戴/伤逝__chunk004,杨戴/故乡__chunk001,same,0.886469
杨戴/伤逝__chunk004,杨戴/故乡__chunk002,same,0.872763
杨戴/伤逝__chunk004,杨戴/明天__chunk001,same,0.807356
杨戴/伤逝__chunk004,杨戴/狂人日记__chunk001,same,0.876945
杨戴/伤逝__chunk004,杨戴/狂人日记__chunk002,same,0.862856
杨戴/伤逝__chunk004,杨戴/社戏__chunk001,same,0.896514
杨戴/伤逝__chunk004,杨戴/社戏__chunk002,same,0.848421
杨戴/伤逝__chunk004,杨戴/祝福__chunk001,same,0.899810
杨戴/伤逝__chunk004,杨戴/祝福__chunk002,same,0.821660
杨戴/伤逝__chunk004,杨戴/祝福__chunk003,same,0.827467
杨戴/伤逝__chunk004,杨戴/祝福__chunk004,same,0.813631
杨戴/伤逝__chunk004,杨戴/离婚__chunk001,same,0.838459
杨戴/伤逝__chunk004,杨戴/离婚__chunk002,same,0.842654
杨戴/伤逝__chunk004,杨戴/肥皂__chunk001,same,0.866182
杨戴/伤逝__chunk004,杨戴/肥皂__chunk002,same,0.839340
杨戴/伤逝__chunk004,杨戴/药__chunk001,same,0.816723
杨戴/伤逝__chunk004,杨戴/药__chunk002,same,0.804733
杨戴/伤逝__chunk004,杨戴/铸剑__chunk001,same,0.844104
杨戴/伤逝__chunk004,杨戴/铸剑__chunk002,same,0.808826
杨戴/伤逝__chunk004,杨戴/铸剑__chunk003,same,0.804585
杨戴/伤逝__chunk004,杨戴/阿Q正传__chunk001,same,0.792245
杨戴/伤逝__chunk004,杨戴/阿Q正传__chunk002,same,0.755600
杨戴/伤逝__chunk004,杨戴/阿Q正传__chunk003,same,0.779476
杨戴/伤逝__chunk004,杨戴/阿Q正传__chunk004,same,0.765925
杨戴/伤逝__chunk004,杨戴/阿Q正传__chunk005,same,0.774232
杨戴/伤逝__chunk004,杨戴/阿Q正传__chunk006,same,0.785701
杨戴/伤逝__chunk004,杨戴/阿Q正传__chunk007,same,0.777629
杨戴/伤逝__chunk004,杨戴/阿Q正传__chunk008,same,0.780096
杨戴/伤逝__chunk004,杨戴/阿Q正传__chunk009,same,0.770314
杨戴/伤逝__chunk004,杨戴/风波__chunk001,same,0.832295
杨戴/伤逝__chunk004,杨戴/风波__chunk002,same,0.821251
杨戴/伤逝__chunk004,蓝/伤逝__chunk001,cross,0.894470
杨戴/伤逝__chunk004,蓝/伤逝__chunk002,cross,0.928489
杨戴/伤逝__chunk004,蓝/伤逝__chunk003,cross,0.913909
杨戴/伤逝__chunk004,蓝/在酒楼上__chunk001,cross,0.889638
杨戴/伤逝__chunk004,蓝/在酒楼上__chunk002,cross,0.890183
杨戴/伤逝__chunk004,蓝/奔月__chunk001,cross,0.836812
杨戴/伤逝__chunk004,蓝/奔月__chunk002,cross,0.814447
杨戴/伤逝__chunk004,蓝/孤独者__chunk001,cross,0.839802
杨戴/伤逝__chunk004,蓝/孤独者__chunk002,cross,0.885082
杨戴/伤逝__chunk004,蓝/孤独者__chunk003,cross,0.913431
杨戴/伤逝__chunk004,蓝/孤独者__chunk004,cross,0.839153
杨戴/伤逝__chunk004,蓝/幸福的家庭__chunk001,cross,0.820703
杨戴/伤逝__chunk004,蓝/故乡__chunk001,cross,0.884677
杨戴/伤逝__chunk004,蓝/故乡__chunk002,cross,0.836013
杨戴/伤逝__chunk004,蓝/明天__chunk001,cross,0.816907
杨戴/伤逝__chunk004,蓝/狂人日记__chunk001,cross,0.881905
杨戴/伤逝__chunk004,蓝/狂人日记__chunk002,cross,0.866343
杨戴/伤逝__chunk004,蓝/社戏__chunk001,cross,0.854135
杨戴/伤逝__chunk004,蓝/社戏__chunk002,cross,0.836899
杨戴/伤逝__chunk004,蓝/祝福__chunk001,cross,0.873491
杨戴/伤逝__chunk004,蓝/祝福__chunk002,cross,0.830356
杨戴/伤逝__chunk004,蓝/祝福__chunk003,cross,0.853622
杨戴/伤逝__chunk004,蓝/离婚__chunk001,cross,0.828526
杨戴/伤逝__chunk004,蓝/离婚__chunk002,cross,0.821817
杨戴/伤逝__chunk004,蓝/肥皂__chunk001,cross,0.836933
杨戴/伤逝__chunk004,蓝/肥皂__chunk002,cross,0.804250
杨戴/伤逝__chunk004,蓝/药__chunk001,cross,0.784084
杨戴/伤逝__chunk004,蓝/铸剑__chunk001,cross,0.839239
杨戴/伤逝__chunk004,蓝/铸剑__chunk002,cross,0.785728
杨戴/伤逝__chunk004,蓝/铸剑__chunk003,cross,0.765465
杨戴/伤逝__chunk004,蓝/阿Q正传__chunk001,cross,0.760547
杨戴/伤逝__chunk004,蓝/阿Q正传__chunk002,cross,0.731132
杨戴/伤逝__chunk004,蓝/阿Q正传__chunk003,cross,0.734419
杨戴/伤逝__chunk004,蓝/阿Q正传__chunk004,cross,0.760368
杨戴/伤逝__chunk004,蓝/阿Q正传__chunk005,cross,0.743162
杨戴/伤逝__chunk004,蓝/阿Q正传__chunk006,cross,0.778915
杨戴/伤逝__chunk004,蓝/阿Q正传__chunk007,cross,0.780791
杨戴/伤逝__chunk004,蓝/阿Q正传__chunk008,cross,0.780645
杨戴/伤逝__chunk004,蓝/风波__chunk001,cross,0.823888
杨戴/在酒楼上__chunk001,杨戴/在酒楼上__chunk002,same,0.904665
杨戴/在酒楼上__chunk001,杨戴/奔月__chunk001,same,0.876876
杨戴/在酒楼上__chunk001,杨戴/奔月__chunk002,same,0.863405
杨戴/在酒楼上__chunk001,杨戴/孤独者__chunk001,same,0.893271
杨戴/在酒楼上__chunk001,杨戴/孤独者__chunk002,same,0.891868
杨戴/在酒楼上__chunk001,杨戴/孤独者__chunk003,same,0.897924
杨戴/在酒楼上__chunk001,杨戴/孤独者__chunk004,same,0.890704
杨戴/在酒楼上__chunk001,杨戴/幸福的家庭__chunk001,same,0.860330
杨戴/在酒楼上__chunk001,杨戴/故乡__chunk001,same,0.940083
杨戴/在酒楼上__chunk001,杨戴/故乡__chunk002,same,0.924373
杨戴/在酒楼上__chunk001,杨戴/明天__chunk001,same,0.817684
杨戴/在酒楼上__chunk001,杨戴/狂人日记__chunk001,same,0.912149
杨戴/在酒楼上__chunk001,杨戴/狂人日记__chunk002,same,0.892555
杨戴/在酒楼上__chunk001,杨戴/社戏__chunk001,same,0.942043
杨戴/在酒楼上__chunk001,杨戴/社戏__chunk002,same,0.916063
杨戴/在酒楼上__chunk001,杨戴/祝福__chunk001,same,0.946503
杨戴/在酒楼上__chunk001,杨戴/祝福__chunk002,same,0.844442
杨戴/在酒楼上__chunk001,杨戴/祝福__chunk003,same,0.870818
杨戴/在酒楼上__chunk001,杨戴/祝福__chunk004,same,0.849483
杨戴/在酒楼上__chunk001,杨戴/离婚__chunk001,same,0.852622
杨戴/在酒楼上__chunk001,杨戴/离婚__chunk002,same,0.824832
杨戴/在酒楼上__chunk001,杨戴/肥皂__chunk001,same,0.840535
杨戴/在酒楼上__chunk001,杨戴/肥皂__chunk002,same,0.855299
杨戴/在酒楼上__chunk001,杨戴/药__chunk001,same,0.850439
杨戴/在酒楼上__chunk001,杨戴/药__chunk002,same,0.814300
杨戴/在酒楼上__chunk001,杨戴/铸剑__chunk001,same,0.868699
杨戴/在酒楼上__chunk001,杨戴/铸剑__chunk002,same,0.851952
杨戴/在酒楼上__chunk001,杨戴/铸剑__chunk003,same,0.875606
杨戴/在酒楼上__chunk001,杨戴/阿Q正传__chunk001,same,0.856654
杨戴/在酒楼上__chunk001,杨戴/阿Q正传__chunk002,same,0.846312
杨戴/在酒楼上__chunk001,杨戴/阿Q正传__chunk003,same,0.840593
杨戴/在酒楼上__chunk001,杨戴/阿Q正传__chunk004,same,0.828028
杨戴/在酒楼上__chunk001,杨戴/阿Q正传__chunk005,same,0.865105
杨戴/在酒楼上__chunk001,杨戴/阿Q正传__chunk006,same,0.849637
杨戴/在酒楼上__chunk001,杨戴/阿Q正传__chunk007,same,0.852914
杨戴/在酒楼上__chunk001,杨戴/阿Q正传__chunk008,same,0.847335
杨戴/在酒楼上__chunk001,杨戴/阿Q正传__chunk009,same,0.846697
杨戴/在酒楼上__chunk001,杨戴/风波__chunk001,same,0.871021
杨戴/在酒楼上__chunk001,杨戴/风波__chunk002,same,0.832967
杨戴/在酒楼上__chunk001,蓝/伤逝__chunk001,cross,0.917144
杨戴/在酒楼上__chunk001,蓝/伤逝__chunk002,cross,0.897496
杨戴/在酒楼上__chunk001,蓝/伤逝__chunk003,cross,0.907759
杨戴/在酒楼上__chunk001,蓝/在酒楼上__chunk001,cross,0.939297
杨戴/在酒楼上__chunk001,蓝/在酒楼上__chunk002,cross,0.880277
杨戴/在酒楼上__chunk001,蓝/奔月__chunk001,cross,0.875039
杨戴/在酒楼上__chunk001,蓝/奔月__chunk002,cross,0.858084
杨戴/在酒楼上__chunk001,蓝/孤独者__chunk001,cross,0.891606
杨戴/在酒楼上__chunk001,蓝/孤独者__chunk002,cross,0.899445
杨戴/在酒楼上__chunk001,蓝/孤独者__chunk003,cross,0.873923
杨戴/在酒楼上__chunk001,蓝/孤独者__chunk004,cross,0.884176
杨戴/在酒楼上__chunk001,蓝/幸福的家庭__chunk001,cross,0.864287
杨戴/在酒楼上__chunk001,蓝/故乡__chunk001,cross,0.928813
杨戴/在酒楼上__chunk001,蓝/故乡__chunk002,cross,0.862753
杨戴/在酒楼上__chunk001,蓝/明天__chunk001,cross,0.865313
杨戴/在酒楼上__chunk001,蓝/狂人日记__chunk001,cross,0.882712
杨戴/在酒楼上__chunk001,蓝/狂人日记__chunk002,cross,0.849348
杨戴/在酒楼上__chunk001,蓝/社戏__chunk001,cross,0.905197
杨戴/在酒楼上__chunk001,蓝/社戏__chunk002,cross,0.899090
杨戴/在酒楼上__chunk001,蓝/祝福__chunk001,cross,0.897847
杨戴/在酒楼上__chunk001,蓝/祝福__chunk002,cross,0.838500
杨戴/在酒楼上__chunk001,蓝/祝福__chunk003,cross,0.857225
杨戴/在酒楼上__chunk001,蓝/离婚__chunk001,cross,0.863267
杨戴/在酒楼上__chunk001,蓝/离婚__chunk002,cross,0.817496
杨戴/在酒楼上__chunk001,蓝/肥皂__chunk001,cross,0.853128
杨戴/在酒楼上__chunk001,蓝/肥皂__chunk002,cross,0.852705
杨戴/在酒楼上__chunk001,蓝/药__chunk001,cross,0.832922
杨戴/在酒楼上__chunk001,蓝/铸剑__chunk001,cross,0.881798
杨戴/在酒楼上__chunk001,蓝/铸剑__chunk002,cross,0.864595
杨戴/在酒楼上__chunk001,蓝/铸剑__chunk003,cross,0.863673
杨戴/在酒楼上__chunk001,蓝/阿Q正传__chunk001,cross,0.836432
杨戴/在酒楼上__chunk001,蓝/阿Q正传__chunk002,cross,0.795847
杨戴/在酒楼上__chunk001,蓝/阿Q正传__chunk003,cross,0.814005
杨戴/在酒楼上__chunk001,蓝/阿Q正传__chunk004,cross,0.820505
杨戴/在酒楼上__chunk001,蓝/阿Q正传__chunk005,cross,0.824427
杨戴/在酒楼上__chunk001,蓝/阿Q正传__chunk006,cross,0.850237
杨戴/在酒楼上__chunk001,蓝/阿Q正传__chunk007,cross,0.861015
杨戴/在酒楼上__chunk001,蓝/阿Q正传__chunk008,cross,0.843819
杨戴/在酒楼上__chunk001,蓝/风波__chunk001,cross,0.861523
杨戴/在酒楼上__chunk002,杨戴/奔月__chunk001,same,0.834609
杨戴/在酒楼上__chunk002,杨戴/奔月__chunk002,same,0.788982
杨戴/在酒楼上__chunk002,杨戴/孤独者__chunk001,same,0.841286
杨戴/在酒楼上__chunk002,杨戴/孤独者__chunk002,same,0.889523
杨戴/在酒楼上__chunk002,杨戴/孤独者__chunk003,same,0.875703
杨戴/在酒楼上__chunk002,杨戴/孤独者__chunk004,same,0.855967
杨戴/在酒楼上__chunk002,杨戴/幸福的家庭__chunk001,same,0.801277
杨戴/在酒楼上__chunk002,杨戴/故乡__chunk001,same,0.908407
杨戴/在酒楼上__chunk002,杨戴/故乡__chunk002,same,0.884499
杨戴/在酒楼上__chunk002,杨戴/明天__chunk001,same,0.822602
杨戴/在酒楼上__chunk002,杨戴/狂人日记__chunk001,same,0.882531
杨戴/在酒楼上__chunk002,杨戴/狂人日记__chunk002,same,0.863666
杨戴/在酒楼上__chunk002,杨戴/社戏__chunk001,same,0.921118
杨戴/在酒楼上__chunk002,杨戴/社戏__chunk002,same,0.845671
杨戴/在酒楼上__chunk002,杨戴/祝福__chunk001,same,0.901661
杨戴/在酒楼上__chunk002,杨戴/祝福__chunk002,same,0.882132
杨戴/在酒楼上__chunk002,杨戴/祝福__chunk003,same,0.863955
杨戴/在酒楼上__chunk002,杨戴/祝福__chunk004,same,0.849062
杨戴/在酒楼上__chunk002,杨戴/离婚__chunk001,same,0.833501
杨戴/在酒楼上__chunk002,杨戴/离婚__chunk002,same,0.831695
杨戴/在酒楼上__chunk002,杨戴/肥皂__chunk001,same,0.865811
杨戴/在酒楼上__chunk002,杨戴/肥皂__chunk002,same,0.801981
杨戴/在酒楼上__chunk002,杨戴/药__chunk001,same,0.779813
杨戴/在酒楼上__chunk002,杨戴/药__chunk002,same,0.775666
杨戴/在酒楼上__chunk002,杨戴/铸剑__chunk001,same,0.793091
杨戴/在酒楼上__chunk002,杨戴/铸剑__chunk002,same,0.758594
杨戴/在酒楼上__chunk002,杨戴/铸剑__chunk003,same,0.780807
杨戴/在酒楼上__chunk002,杨戴/阿Q正传__chunk001,same,0.817317
杨戴/在酒楼上__chunk002,杨戴/阿Q正传__chunk002,same,0.809817
杨戴/在酒楼上__chunk002,杨戴/阿Q正传__chunk003,same,0.793822
杨戴/在酒楼上__chunk002,杨戴/阿Q正传__chunk004,same,0.785032
杨戴/在酒楼上__chunk002,杨戴/阿Q正传__chunk005,same,0.819366
杨戴/在酒楼上__chunk002,杨戴/阿Q正传__chunk006,same,0.819661
杨戴/在酒楼上__chunk002,杨戴/阿Q正传__chunk007,same,0.815420
杨戴/在酒楼上__chunk002,杨戴/阿Q正传__chunk008,same,0.806230
杨戴/在酒楼上__chunk002,杨戴/阿Q正传__chunk009,same,0.818662
杨戴/在酒楼上__chunk002,杨戴/风波__chunk001,same,0.838978
杨戴/在酒楼上__chunk002,杨戴/风波__chunk002,same,0.786546
杨戴/在酒楼上__chunk002,蓝/伤逝__chunk001,cross,0.893946
杨戴/在酒楼上__chunk002,蓝/伤逝__chunk002,cross,0.869265
杨戴/在酒楼上__chunk002,蓝/伤逝__chunk003,cross,0.894058
杨戴/在酒楼上__chunk002,蓝/在酒楼上__chunk001,cross,0.887129
杨戴/在酒楼上__chunk002,蓝/在酒楼上__chunk002,cross,0.923194
杨戴/在酒楼上__chunk002,蓝/奔月__chunk001,cross,0.822489
杨戴/在酒楼上__chunk002,蓝/奔月__chunk002,cross,0.786208
杨戴/在酒楼上__chunk002,蓝/孤独者__chunk001,cross,0.848039
杨戴/在酒楼上__chunk002,蓝/孤独者__chunk002,cross,0.850733
杨戴/在酒楼上__chunk002,蓝/孤独者__chunk003,cross,0.875771
杨戴/在酒楼上__chunk002,蓝/孤独者__chunk004,cross,0.823525
杨戴/在酒楼上__chunk002,蓝/幸福的家庭__chunk001,cross,0.786649
杨戴/在酒楼上__chunk002,蓝/故乡__chunk001,cross,0.899246
杨戴/在酒楼上__chunk002,蓝/故乡__chunk002,cross,0.838579
杨戴/在酒楼上__chunk002,蓝/明天__chunk001,cross,0.851245
杨戴/在酒楼上__chunk002,蓝/狂人日记__chunk001,cross,0.849323
杨戴/在酒楼上__chunk002,蓝/狂人日记__chunk002,cross,0.820271
杨戴/在酒楼上__chunk002,蓝/社戏__chunk001,cross,0.864457
杨戴/在酒楼上__chunk002,蓝/社戏__chunk002,cross,0.823165
杨戴/在酒楼上__chunk002,蓝/祝福__chunk001,cross,0.882246
杨戴/在酒楼上__chunk002,蓝/祝福__chunk002,cross,0.873988
杨戴/在酒楼上__chunk002,蓝/祝福__chunk003,cross,0.860516
杨戴/在酒楼上__chunk002,蓝/离婚__chunk001,cross,0.821651
杨戴/在酒楼上__chunk002,蓝/离婚__chunk002,cross,0.791858
杨戴/在酒楼上__chunk002,蓝/肥皂__chunk001,cross,0.844488
杨戴/在酒楼上__chunk002,蓝/肥皂__chunk002,cross,0.808024
杨戴/在酒楼上__chunk002,蓝/药__chunk001,cross,0.752174
杨戴/在酒楼上__chunk002,蓝/铸剑__chunk001,cross,0.801196
杨戴/在酒楼上__chunk002,蓝/铸剑__chunk002,cross,0.766737
杨戴/在酒楼上__chunk002,蓝/铸剑__chunk003,cross,0.767737
杨戴/在酒楼上__chunk002,蓝/阿Q正传__chunk001,cross,0.792087
杨戴/在酒楼上__chunk002,蓝/阿Q正传__chunk002,cross,0.760863
杨戴/在酒楼上__chunk002,蓝/阿Q正传__chunk003,cross,0.761022
杨戴/在酒楼上__chunk002,蓝/阿Q正传__chunk004,cross,0.769184
杨戴/在酒楼上__chunk002,蓝/阿Q正传__chunk005,cross,0.748334
杨戴/在酒楼上__chunk002,蓝/阿Q正传__chunk006,cross,0.790489
杨戴/在酒楼上__chunk002,蓝/阿Q正传__chunk007,cross,0.803283
杨戴/在酒楼上__chunk002,蓝/阿Q正传__chunk008,cross,0.791546
杨戴/在酒楼上__chunk002,蓝/风波__chunk001,cross,0.798941
杨戴/奔月__chunk001,杨戴/奔月__chunk002,same,0.938967
杨戴/奔月__chunk001,杨戴/孤独者__chunk001,same,0.907054
杨戴/奔月__chunk001,杨戴/孤独者__chunk002,same,0.896519
杨戴/奔月__chunk001,杨戴/孤独者__chunk003,same,0.849231
杨戴/奔月__chunk001,杨戴/孤独者__chunk004,same,0.918044
杨戴/奔月__chunk001,杨戴/幸福的家庭__chunk001,same,0.893739
杨戴/奔月__chunk001,杨戴/故乡__chunk001,same,0.877324
杨戴/奔月__chunk001,杨戴/故乡__chunk002,same,0.893211
杨戴/奔月__chunk001,杨戴/明天__chunk001,same,0.859692
杨戴/奔月__chunk001,杨戴/狂人日记__chunk001,same,0.845012
杨戴/奔月__chunk001,杨戴/狂人日记__chunk002,same,0.859975
杨戴/奔月__chunk001,杨戴/社戏__chunk001,same,0.855918
杨戴/奔月__chunk001,杨戴/社戏__chunk002,same,0.888116
杨戴/奔月__chunk001,杨戴/祝福__chunk001,same,0.864125
杨戴/奔月__chunk001,杨戴/祝福__chunk002,same,0.833836
杨戴/奔月__chunk001,杨戴/祝福__chunk003,same,0.834533
杨戴/奔月__chunk001,杨戴/祝福__chunk004,same,0.815085
杨戴/奔月__chunk001,杨戴/离婚__chunk001,same,0.917114
杨戴/奔月__chunk001,杨戴/离婚__chunk002,same,0.912911
杨戴/奔月__chunk001,杨戴/肥皂__chunk001,same,0.920334
杨戴/奔月__chunk001,杨戴/肥皂__chunk002,same,0.935259
杨戴/奔月__chunk001,杨戴/药__chunk001,same,0.937883
杨戴/奔月__chunk001,杨戴/药__chunk002,same,0.867211
杨戴/奔月__chunk001,杨戴/铸剑__chunk001,same,0.939054
杨戴/奔月__chunk001,杨戴/铸剑__chunk002,same,0.908384
杨戴/奔月__chunk001,杨戴/铸剑__chunk003,same,0.893492
杨戴/奔月__chunk001,杨戴/阿Q正传__chunk001,same,0.817514
杨戴/奔月__chunk001,杨戴/阿Q正传__chunk002,same,0.830424
杨戴/奔月__chunk001,杨戴/阿Q正传__chunk003,same,0.842533
杨戴/奔月__chunk001,杨戴/阿Q正传__chunk004,same,0.844307
杨戴/奔月__chunk001,杨戴/阿Q正传__chunk005,same,0.845936
杨戴/奔月__chunk001,杨戴/阿Q正传__chunk006,same,0.841339
杨戴/奔月__chunk001,杨戴/阿Q正传__chunk007,same,0.855955
杨戴/奔月__chunk001,杨戴/阿Q正传__chunk008,same,0.843587
杨戴/奔月__chunk001,杨戴/阿Q正传__chunk009,same,0.847207
杨戴/奔月__chunk001,杨戴/风波__chunk001,same,0.918134
杨戴/奔月__chunk001,杨戴/风波__chunk002,same,0.908498
杨戴/奔月__chunk001,蓝/伤逝__chunk001,cross,0.817505
杨戴/奔月__chunk001,蓝/伤逝__chunk002,cross,0.875809
杨戴/奔月__chunk001,蓝/伤逝__chunk003,cross,0.828655
杨戴/奔月__chunk001,蓝/在酒楼上__chunk001,cross,0.871318
杨戴/奔月__chunk001,蓝/在酒楼上__chunk002,cross,0.842658
杨戴/奔月__chunk001,蓝/奔月__chunk001,cross,0.931059
杨戴/奔月__chunk001,蓝/奔月__chunk002,cross,0.918019
杨戴/奔月__chunk001,蓝/孤独者__chunk001,cross,0.889259
杨戴/奔月__chunk001,蓝/孤独者__chunk002,cross,0.897791
杨戴/奔月__chunk001,蓝/孤独者__chunk003,cross,0.840211
杨戴/奔月__chunk001,蓝/孤独者__chunk004,cross,0.879368
杨戴/奔月__chunk001,蓝/幸福的家庭__chunk001,cross,0.892620
杨戴/奔月__chunk001,蓝/故乡__chunk001,cross,0.883942
杨戴/奔月__chunk001,蓝/故乡__chunk002,cross,0.861144
杨戴/奔月__chunk001,蓝/明天__chunk001,cross,0.867207
杨戴/奔月__chunk001,蓝/狂人日记__chunk001,cross,0.836134
杨戴/奔月__chunk001,蓝/狂人日记__chunk002,cross,0.870249
杨戴/奔月__chunk001,蓝/社戏__chunk001,cross,0.827628
杨戴/奔月__chunk001,蓝/社戏__chunk002,cross,0.877109
杨戴/奔月__chunk001,蓝/祝福__chunk001,cross,0.849076
杨戴/奔月__chunk001,蓝/祝福__chunk002,cross,0.843443
杨戴/奔月__chunk001,蓝/祝福__chunk003,cross,0.846341
杨戴/奔月__chunk001,蓝/离婚__chunk001,cross,0.893079
杨戴/奔月__chunk001,蓝/离婚__chunk002,cross,0.875176
杨戴/奔月__chunk001,蓝/肥皂__chunk001,cross,0.901907
杨戴/奔月__chunk001,蓝/肥皂__chunk002,cross,0.879129
杨戴/奔月__chunk001,蓝/药__chunk001,cross,0.899212
杨戴/奔月__chunk001,蓝/铸剑__chunk001,cross,0.922822
杨戴/奔月__chunk001,蓝/铸剑__chunk002,cross,0.883195
杨戴/奔月__chunk001,蓝/铸剑__chunk003,cross,0.834228
杨戴/奔月__chunk001,蓝/阿Q正传__chunk001,cross,0.808591
杨戴/奔月__chunk001,蓝/阿Q正传__chunk002,cross,0.810453
杨戴/奔月__chunk001,蓝/阿Q正传__chunk003,cross,0.821690
杨戴/奔月__chunk001,蓝/阿Q正传__chunk004,cross,0.833896
杨戴/奔月__chunk001,蓝/阿Q正传__chunk005,cross,0.812996
杨戴/奔月__chunk001,蓝/阿Q正传__chunk006,cross,0.833505
杨戴/奔月__chunk001,蓝/阿Q正传__chunk007,cross,0.859069
杨戴/奔月__chunk001,蓝/阿Q正传__chunk008,cross,0.855777
杨戴/奔月__chunk001,蓝/风波__chunk001,cross,0.881749
杨戴/奔月__chunk002,杨戴/孤独者__chunk001,same,0.884044
杨戴/奔月__chunk002,杨戴/孤独者__chunk002,same,0.852891
杨戴/奔月__chunk002,杨戴/孤独者__chunk003,same,0.813679
杨戴/奔月__chunk002,杨戴/孤独者__chunk004,same,0.886962
杨戴/奔月__chunk002,杨戴/幸福的家庭__chunk001,same,0.884608
杨戴/奔月__chunk002,杨戴/故乡__chunk001,same,0.844622
杨戴/奔月__chunk002,杨戴/故乡__chunk002,same,0.871229
杨戴/奔月__chunk002,杨戴/明天__chunk001,same,0.836799
杨戴/奔月__chunk002,杨戴/狂人日记__chunk001,same,0.816756
杨戴/奔月__chunk002,杨戴/狂人日记__chunk002,same,0.840796
杨戴/奔月__chunk002,杨戴/社戏__chunk001,same,0.820932
杨戴/奔月__chunk002,杨戴/社戏__chunk002,same,0.877349
杨戴/奔月__chunk002,杨戴/祝福__chunk001,same,0.826828
杨戴/奔月__chunk002,杨戴/祝福__chunk002,same,0.799375
杨戴/奔月__chunk002,杨戴/祝福__chunk003,same,0.809004
杨戴/奔月__chunk002,杨戴/祝福__chunk004,same,0.817037
杨戴/奔月__chunk002,杨戴/离婚__chunk001,same,0.903793
杨戴/奔月__chunk002,杨戴/离婚__chunk002,same,0.898349
杨戴/奔月__chunk002,杨戴/肥皂__chunk001,same,0.873498
杨戴/奔月__chunk002,杨戴/肥皂__chunk002,same,0.914396
杨戴/奔月__chunk002,杨戴/药__chunk001,same,0.930619
杨戴/奔月__chunk002,杨戴/药__chunk002,same,0.862030
杨戴/奔月__chunk002,杨戴/铸剑__chunk001,same,0.942242
杨戴/奔月__chunk002,杨戴/铸剑__chunk002,same,0.911801
杨戴/奔月__chunk002,杨戴/铸剑__chunk003,same,0.918772
杨戴/奔月__chunk002,杨戴/阿Q正传__chunk001,same,0.809797
杨戴/奔月__chunk002,杨戴/阿Q正传__chunk002,same,0.828356
杨戴/奔月__chunk002,杨戴/阿Q正传__chunk003,same,0.838767
杨戴/奔月__chunk002,杨戴/阿Q正传__chunk004,same,0.843261
杨戴/奔月__chunk002,杨戴/阿Q正传__chunk005,same,0.845751
杨戴/奔月__chunk002,杨戴/阿Q正传__chunk006,same,0.833291
杨戴/奔月__chunk002,杨戴/阿Q正传__chunk007,same,0.847810
杨戴/奔月__chunk002,杨戴/阿Q正传__chunk008,same,0.838695
杨戴/奔月__chunk002,杨戴/阿Q正传__chunk009,same,0.851503
杨戴/奔月__chunk002,杨戴/风波__chunk001,same,0.890705
杨戴/奔月__chunk002,杨戴/风波__chunk002,same,0.890871
杨戴/奔月__chunk002,蓝/伤逝__chunk001,cross,0.794459
杨戴/奔月__chunk002,蓝/伤逝__chunk002,cross,0.843577
杨戴/奔月__chunk002,蓝/伤逝__chunk003,cross,0.804419
杨戴/奔月__chunk002,蓝/在酒楼上__chunk001,cross,0.858460
杨戴/奔月__chunk002,蓝/在酒楼上__chunk002,cross,0.803544
杨戴/奔月__chunk002,蓝/奔月__chunk001,cross,0.921372
杨戴/奔月__chunk002,蓝/奔月__chunk002,cross,0.937105
杨戴/奔月__chunk002,蓝/孤独者__chunk001,cross,0.881797
杨戴/奔月__chunk002,蓝/孤独者__chunk002,cross,0.875164
杨戴/奔月__chunk002,蓝/孤独者__chunk003,cross,0.803085
杨戴/奔月__chunk002,蓝/孤独者__chunk004,cross,0.874094
杨戴/奔月__chunk002,蓝/幸福的家庭__chunk001,cross,0.882488
杨戴/奔月__chunk002,蓝/故乡__chunk001,cross,0.866281
杨戴/奔月__chunk002,蓝/故乡__chunk002,cross,0.836034
杨戴/奔月__chunk002,蓝/明天__chunk001,cross,0.858605
杨戴/奔月__chunk002,蓝/狂人日记__chunk001,cross,0.825385
杨戴/奔月__chunk002,蓝/狂人日记__chunk002,cross,0.866169
杨戴/奔月__chunk002,蓝/社戏__chunk001,cross,0.820727
杨戴/奔月__chunk002,蓝/社戏__chunk002,cross,0.873977
杨戴/奔月__chunk002,蓝/祝福__chunk001,cross,0.829668
杨戴/奔月__chunk002,蓝/祝福__chunk002,cross,0.808509
杨戴/奔月__chunk002,蓝/祝福__chunk003,cross,0.822663
杨戴/奔月__chunk002,蓝/离婚__chunk001,cross,0.896828
杨戴/奔月__chunk002,蓝/离婚__chunk002,cross,0.838000
杨戴/奔月__chunk002,蓝/肥皂__chunk001,cross,0.876205
杨戴/奔月__chunk002,蓝/肥皂__chunk002,cross,0.870745
杨戴/奔月__chunk002,蓝/药__chunk001,cross,0.906601
杨戴/奔月__chunk002,蓝/铸剑__chunk001,cross,0.928810
杨戴/奔月__chunk002,蓝/铸剑__chunk002,cross,0.898090
杨戴/奔月__chunk002,蓝/铸剑__chunk003,cross,0.870124
杨戴/奔月__chunk002,蓝/阿Q正传__chunk001,cross,0.806004
杨戴/奔月__chunk002,蓝/阿Q正传__chunk002,cross,0.801661
杨戴/奔月__chunk002,蓝/阿Q正传__chunk003,cross,0.821694
杨戴/奔月__chunk002,蓝/阿Q正传__chunk004,cross,0.829709
杨戴/奔月__chunk002,蓝/阿Q正传__chunk005,cross,0.821813
杨戴/奔月__chunk002,蓝/阿Q正传__chunk006,cross,0.831210
杨戴/奔月__chunk002,蓝/阿Q正传__chunk007,cross,0.864681
杨戴/奔月__chunk002,蓝/阿Q正传__chunk008,cross,0.861259
杨戴/奔月__chunk002,蓝/风波__chunk001,cross,0.879105
杨戴/孤独者__chunk001,杨戴/孤独者__chunk002,same,0.872233
杨戴/孤独者__chunk001,杨戴/孤独者__chunk003,same,0.840607
杨戴/孤独者__chunk001,杨戴/孤独者__chunk004,same,0.949713
杨戴/孤独者__chunk001,杨戴/幸福的家庭__chunk001,same,0.883554
杨戴/孤独者__chunk001,杨戴/故乡__chunk001,same,0.896480
杨戴/孤独者__chunk001,杨戴/故乡__chunk002,same,0.901993
杨戴/孤独者__chunk001,杨戴/明天__chunk001,same,0.836273
杨戴/孤独者__chunk001,杨戴/狂人日记__chunk001,same,0.863211
杨戴/孤独者__chunk001,杨戴/狂人日记__chunk002,same,0.882761
杨戴/孤独者__chunk001,杨戴/社戏__chunk001,same,0.872470
杨戴/孤独者__chunk001,杨戴/社戏__chunk002,same,0.880915
杨戴/孤独者__chunk001,杨戴/祝福__chunk001,same,0.879420
杨戴/孤独者__chunk001,杨戴/祝福__chunk002,same,0.835330
杨戴/孤独者__chunk001,杨戴/祝福__chunk003,same,0.850299
杨戴/孤独者__chunk001,杨戴/祝福__chunk004,same,0.849399
杨戴/孤独者__chunk001,杨戴/离婚__chunk001,same,0.878708
杨戴/孤独者__chunk001,杨戴/离婚__chunk002,same,0.898950
杨戴/孤独者__chunk001,杨戴/肥皂__chunk001,same,0.875221
杨戴/孤独者__chunk001,杨戴/肥皂__chunk002,same,0.865343
杨戴/孤独者__chunk001,杨戴/药__chunk001,same,0.904416
杨戴/孤独者__chunk001,杨戴/药__chunk002,same,0.859753
杨戴/孤独者__chunk001,杨戴/铸剑__chunk001,same,0.891066
杨戴/孤独者__chunk001,杨戴/铸剑__chunk002,same,0.910770
杨戴/孤独者__chunk001,杨戴/铸剑__chunk003,same,0.868128
杨戴/孤独者__chunk001,杨戴/阿Q正传__chunk001,same,0.842344
杨戴/孤独者__chunk001,杨戴/阿Q正传__chunk002,same,0.862587
杨戴/孤独者__chunk001,杨戴/阿Q正传__chunk003,same,0.875032
杨戴/孤独者__chunk001,杨戴/阿Q正传__chunk004,same,0.869731
杨戴/孤独者__chunk001,杨戴/阿Q正传__chunk005,same,0.867165
杨戴/孤独者__chunk001,杨戴/阿Q正传__chunk006,same,0.861360
杨戴/孤独者__chunk001,杨戴/阿Q正传__chunk007,same,0.863291
杨戴/孤独者__chunk001,杨戴/阿Q正传__chunk008,same,0.868419
杨戴/孤独者__chunk001,杨戴/阿Q正传__chunk009,same,0.884725
杨戴/孤独者__chunk001,杨戴/风波__chunk001,same,0.902538
杨戴/孤独者__chunk001,杨戴/风波__chunk002,same,0.909875
杨戴/孤独者__chunk001,蓝/伤逝__chunk001,cross,0.858698
杨戴/孤独者__chunk001,蓝/伤逝__chunk002,cross,0.870769
杨戴/孤独者__chunk001,蓝/伤逝__chunk003,cross,0.859746
杨戴/孤独者__chunk001,蓝/在酒楼上__chunk001,cross,0.904685
杨戴/孤独者__chunk001,蓝/在酒楼上__chunk002,cross,0.846217
杨戴/孤独者__chunk001,蓝/奔月__chunk001,cross,0.908947
杨戴/孤独者__chunk001,蓝/奔月__chunk002,cross,0.910708
杨戴/孤独者__chunk001,蓝/孤独者__chunk001,cross,0.959730
杨戴/孤独者__chunk001,蓝/孤独者__chunk002,cross,0.917134
杨戴/孤独者__chunk001,蓝/孤独者__chunk003,cross,0.838675
杨戴/孤独者__chunk001,蓝/孤独者__chunk004,cross,0.934255
杨戴/孤独者__chunk001,蓝/幸福的家庭__chunk001,cross,0.900737
杨戴/孤独者__chunk001,蓝/故乡__chunk001,cross,0.912802
杨戴/孤独者__chunk001,蓝/故乡__chunk002,cross,0.892322
杨戴/孤独者__chunk001,蓝/明天__chunk001,cross,0.879784
杨戴/孤独者__chunk001,蓝/狂人日记__chunk001,cross,0.851898
杨戴/孤独者__chunk001,蓝/狂人日记__chunk002,cross,0.883228
杨戴/孤独者__chunk001,蓝/社戏__chunk001,cross,0.876552
杨戴/孤独者__chunk001,蓝/社戏__chunk002,cross,0.892403
杨戴/孤独者__chunk001,蓝/祝福__chunk001,cross,0.884523
杨戴/孤独者__chunk001,蓝/祝福__chunk002,cross,0.837131
杨戴/孤独者__chunk001,蓝/祝福__chunk003,cross,0.855925
杨戴/孤独者__chunk001,蓝/离婚__chunk001,cross,0.891165
杨戴/孤独者__chunk001,蓝/离婚__chunk002,cross,0.872928
杨戴/孤独者__chunk001,蓝/肥皂__chunk001,cross,0.915209
杨戴/孤独者__chunk001,蓝/肥皂__chunk002,cross,0.882626
杨戴/孤独者__chunk001,蓝/药__chunk001,cross,0.897868
杨戴/孤独者__chunk001,蓝/铸剑__chunk001,cross,0.915843
杨戴/孤独者__chunk001,蓝/铸剑__chunk002,cross,0.921890
杨戴/孤独者__chunk001,蓝/铸剑__chunk003,cross,0.876592
杨戴/孤独者__chunk001,蓝/阿Q正传__chunk001,cross,0.860214
杨戴/孤独者__chunk001,蓝/阿Q正传__chunk002,cross,0.861135
杨戴/孤独者__chunk001,蓝/阿Q正传__chunk003,cross,0.874349
杨戴/孤独者__chunk001,蓝/阿Q正传__chunk004,cross,0.876147
杨戴/孤独者__chunk001,蓝/阿Q正传__chunk005,cross,0.861759
杨戴/孤独者__chunk001,蓝/阿Q正传__chunk006,cross,0.874474
杨戴/孤独者__chunk001,蓝/阿Q正传__chunk007,cross,0.902936
杨戴/孤独者__chunk001,蓝/阿Q正传__chunk008,cross,0.878395
杨戴/孤独者__chunk001,蓝/风波__chunk001,cross,0.921205
杨戴/孤独者__chunk002,杨戴/孤独者__chunk003,same,0.920751
杨戴/孤独者__chunk002,杨戴/孤独者__chunk004,same,0.894916
杨戴/孤独者__chunk002,杨戴/幸福的家庭__chunk001,same,0.833769
杨戴/孤独者__chunk002,杨戴/故乡__chunk001,same,0.900031
杨戴/孤独者__chunk002,杨戴/故乡__chunk002,same,0.894152
杨戴/孤独者__chunk002,杨戴/明天__chunk001,same,0.789142
杨戴/孤独者__chunk002,杨戴/狂人日记__chunk001,same,0.892819
杨戴/孤独者__chunk002,杨戴/狂人日记__chunk002,same,0.889011
杨戴/孤独者__chunk002,杨戴/社戏__chunk001,same,0.887041
杨戴/孤独者__chunk002,杨戴/社戏__chunk002,same,0.831739
杨戴/孤独者__chunk002,杨戴/祝福__chunk001,same,0.881615
杨戴/孤独者__chunk002,杨戴/祝福__chunk002,same,0.806592
杨戴/孤独者__chunk002,杨戴/祝福__chunk003,same,0.803072
杨戴/孤独者__chunk002,杨戴/祝福__chunk004,same,0.805202
杨戴/孤独者__chunk002,杨戴/离婚__chunk001,same,0.877683
杨戴/孤独者__chunk002,杨戴/离婚__chunk002,same,0.875858
杨戴/孤独者__chunk002,杨戴/肥皂__chunk001,same,0.898206
杨戴/孤独者__chunk002,杨戴/肥皂__chunk002,same,0.859533
杨戴/孤独者__chunk002,杨戴/药__chunk001,same,0.847638
杨戴/孤独者__chunk002,杨戴/药__chunk002,same,0.801889
杨戴/孤独者__chunk002,杨戴/铸剑__chunk001,same,0.871573
杨戴/孤独者__chunk002,杨戴/铸剑__chunk002,same,0.841370
杨戴/孤独者__chunk002,杨戴/铸剑__chunk003,same,0.831781
杨戴/孤独者__chunk002,杨戴/阿Q正传__chunk001,same,0.806816
杨戴/孤独者__chunk002,杨戴/阿Q正传__chunk002,same,0.795190
杨戴/孤独者__chunk002,杨戴/阿Q正传__chunk003,same,0.798232
杨戴/孤独者__chunk002,杨戴/阿Q正传__chunk004,same,0.797110
杨戴/孤独者__chunk002,杨戴/阿Q正传__chunk005,same,0.808988
杨戴/孤独者__chunk002,杨戴/阿Q正传__chunk006,same,0.816169
杨戴/孤独者__chunk002,杨戴/阿Q正传__chunk007,same,0.804638
杨戴/孤独者__chunk002,杨戴/阿Q正传__chunk008,same,0.823209
杨戴/孤独者__chunk002,杨戴/阿Q正传__chunk009,same,0.811839
杨戴/孤独者__chunk002,杨戴/风波__chunk001,same,0.853612
杨戴/孤独者__chunk002,杨戴/风波__chunk002,same,0.828113
杨戴/孤独者__chunk002,蓝/伤逝__chunk001,cross,0.839444
杨戴/孤独者__chunk002,蓝/伤逝__chunk002,cross,0.867844
杨戴/孤独者__chunk002,蓝/伤逝__chunk003,cross,0.860049
杨戴/孤独者__chunk002,蓝/在酒楼上__chunk001,cross,0.878896
杨戴/孤独者__chunk002,蓝/在酒楼上__chunk002,cross,0.898789
杨戴/孤独者__chunk002,蓝/奔月__chunk001,cross,0.863669
杨戴/孤独者__chunk002,蓝/奔月__chunk002,cross,0.841067
杨戴/孤独者__chunk002,蓝/孤独者__chunk001,cross,0.868037
杨戴/孤独者__chunk002,蓝/孤独者__chunk002,cross,0.910567
杨戴/孤独者__chunk002,蓝/孤独者__chunk003,cross,0.914166
杨戴/孤独者__chunk002,蓝/孤独者__chunk004,cross,0.848281
杨戴/孤独者__chunk002,蓝/幸福的家庭__chunk001,cross,0.828899
杨戴/孤独者__chunk002,蓝/故乡__chunk001,cross,0.893117
杨戴/孤独者__chunk002,蓝/故乡__chunk002,cross,0.862142
杨戴/孤独者__chunk002,蓝/明天__chunk001,cross,0.790146
杨戴/孤独者__chunk002,蓝/狂人日记__chunk001,cross,0.874052
杨戴/孤独者__chunk002,蓝/狂人日记__chunk002,cross,0.895021
杨戴/孤独者__chunk002,蓝/社戏__chunk001,cross,0.827516
杨戴/孤独者__chunk002,蓝/社戏__chunk002,cross,0.820742
杨戴/孤独者__chunk002,蓝/祝福__chunk001,cross,0.866647
杨戴/孤独者__chunk002,蓝/祝福__chunk002,cross,0.808099
杨戴/孤独者__chunk002,蓝/祝福__chunk003,cross,0.843677
杨戴/孤独者__chunk002,蓝/离婚__chunk001,cross,0.841512
杨戴/孤独者__chunk002,蓝/离婚__chunk002,cross,0.842036
杨戴/孤独者__chunk002,蓝/肥皂__chunk001,cross,0.871042
杨戴/孤独者__chunk002,蓝/肥皂__chunk002,cross,0.847908
杨戴/孤独者__chunk002,蓝/药__chunk001,cross,0.815125
杨戴/孤独者__chunk002,蓝/铸剑__chunk001,cross,0.857870
杨戴/孤独者__chunk002,蓝/铸剑__chunk002,cross,0.809055
杨戴/孤独者__chunk002,蓝/铸剑__chunk003,cross,0.765375
杨戴/孤独者__chunk002,蓝/阿Q正传__chunk001,cross,0.774461
杨戴/孤独者__chunk002,蓝/阿Q正传__chunk002,cross,0.753565
杨戴/孤独者__chunk002,蓝/阿Q正传__chunk003,cross,0.766545
杨戴/孤独者__chunk002,蓝/阿Q正传__chunk004,cross,0.771830
杨戴/孤独者__chunk002,蓝/阿Q正传__chunk005,cross,0.751184
杨戴/孤独者__chunk002,蓝/阿Q正传__chunk006,cross,0.787938
杨戴/孤独者__chunk002,蓝/阿Q正传__chunk007,cross,0.794732
杨戴/孤独者__chunk002,蓝/阿Q正传__chunk008,cross,0.809713
杨戴/孤独者__chunk002,蓝/风波__chunk001,cross,0.803061
杨戴/孤独者__chunk003,杨戴/孤独者__chunk004,same,0.872149
杨戴/孤独者__chunk003,杨戴/幸福的家庭__chunk001,same,0.832744
杨戴/孤独者__chunk003,杨戴/故乡__chunk001,same,0.873185
杨戴/孤独者__chunk003,杨戴/故乡__chunk002,same,0.869233
杨戴/孤独者__chunk003,杨戴/明天__chunk001,same,0.767656
杨戴/孤独者__chunk003,杨戴/狂人日记__chunk001,same,0.888354
杨戴/孤独者__chunk003,杨戴/狂人日记__chunk002,same,0.878541
杨戴/孤独者__chunk003,杨戴/社戏__chunk001,same,0.881586
杨戴/孤独者__chunk003,杨戴/社戏__chunk002,same,0.819014
杨戴/孤独者__chunk003,杨戴/祝福__chunk001,same,0.899080
杨戴/孤独者__chunk003,杨戴/祝福__chunk002,same,0.774977
杨戴/孤独者__chunk003,杨戴/祝福__chunk003,same,0.778203
杨戴/孤独者__chunk003,杨戴/祝福__chunk004,same,0.793628
杨戴/孤独者__chunk003,杨戴/离婚__chunk001,same,0.823846
杨戴/孤独者__chunk003,杨戴/离婚__chunk002,same,0.832268
杨戴/孤独者__chunk003,杨戴/肥皂__chunk001,same,0.852320
杨戴/孤独者__chunk003,杨戴/肥皂__chunk002,same,0.820776
杨戴/孤独者__chunk003,杨戴/药__chunk001,same,0.806355
杨戴/孤独者__chunk003,杨戴/药__chunk002,same,0.778444
杨戴/孤独者__chunk003,杨戴/铸剑__chunk001,same,0.829304
杨戴/孤独者__chunk003,杨戴/铸剑__chunk002,same,0.803734
杨戴/孤独者__chunk003,杨戴/铸剑__chunk003,same,0.804261
杨戴/孤独者__chunk003,杨戴/阿Q正传__chunk001,same,0.789761
杨戴/孤独者__chunk003,杨戴/阿Q正传__chunk002,same,0.760070
杨戴/孤独者__chunk003,杨戴/阿Q正传__chunk003,same,0.780971
杨戴/孤独者__chunk003,杨戴/阿Q正传__chunk004,same,0.770413
杨戴/孤独者__chunk003,杨戴/阿Q正传__chunk005,same,0.772231
杨戴/孤独者__chunk003,杨戴/阿Q正传__chunk006,same,0.788470
杨戴/孤独者__chunk003,杨戴/阿Q正传__chunk007,same,0.768931
杨戴/孤独者__chunk003,杨戴/阿Q正传__chunk008,same,0.780787
杨戴/孤独者__chunk003,杨戴/阿Q正传__chunk009,same,0.787682
杨戴/孤独者__chunk003,杨戴/风波__chunk001,same,0.813993
杨戴/孤独者__chunk003,杨戴/风波__chunk002,same,0.802246
杨戴/孤独者__chunk003,蓝/伤逝__chunk001,cross,0.877081
杨戴/孤独者__chunk003,蓝/伤逝__chunk002,cross,0.906923
杨戴/孤独者__chunk003,蓝/伤逝__chunk003,cross,0.890966
杨戴/孤独者__chunk003,蓝/在酒楼上__chunk001,cross,0.887442
杨戴/孤独者__chunk003,蓝/在酒楼上__chunk002,cross,0.868258
杨戴/孤独者__chunk003,蓝/奔月__chunk001,cross,0.838740
杨戴/孤独者__chunk003,蓝/奔月__chunk002,cross,0.813018
杨戴/孤独者__chunk003,蓝/孤独者__chunk001,cross,0.830365
杨戴/孤独者__chunk003,蓝/孤独者__chunk002,cross,0.898508
杨戴/孤独者__chunk003,蓝/孤独者__chunk003,cross,0.933611
杨戴/孤独者__chunk003,蓝/孤独者__chunk004,cross,0.843142
杨戴/孤独者__chunk003,蓝/幸福的家庭__chunk001,cross,0.818682
杨戴/孤独者__chunk003,蓝/故乡__chunk001,cross,0.888103
杨戴/孤独者__chunk003,蓝/故乡__chunk002,cross,0.834465
杨戴/孤独者__chunk003,蓝/明天__chunk001,cross,0.789411
杨戴/孤独者__chunk003,蓝/狂人日记__chunk001,cross,0.908301
杨戴/孤独者__chunk003,蓝/狂人日记__chunk002,cross,0.875212
杨戴/孤独者__chunk003,蓝/社戏__chunk001,cross,0.856535
杨戴/孤独者__chunk003,蓝/社戏__chunk002,cross,0.824698
杨戴/孤独者__chunk003,蓝/祝福__chunk001,cross,0.858753
杨戴/孤独者__chunk003,蓝/祝福__chunk002,cross,0.784513
杨戴/孤独者__chunk003,蓝/祝福__chunk003,cross,0.810496
杨戴/孤独者__chunk003,蓝/离婚__chunk001,cross,0.829652
杨戴/孤独者__chunk003,蓝/离婚__chunk002,cross,0.822483
杨戴/孤独者__chunk003,蓝/肥皂__chunk001,cross,0.841076
杨戴/孤独者__chunk003,蓝/肥皂__chunk002,cross,0.814953
杨戴/孤独者__chunk003,蓝/药__chunk001,cross,0.781253
杨戴/孤独者__chunk003,蓝/铸剑__chunk001,cross,0.844135
杨戴/孤独者__chunk003,蓝/铸剑__chunk002,cross,0.787845
杨戴/孤独者__chunk003,蓝/铸剑__chunk003,cross,0.763246
杨戴/孤独者__chunk003,蓝/阿Q正传__chunk001,cross,0.779432
杨戴/孤独者__chunk003,蓝/阿Q正传__chunk002,cross,0.733604
杨戴/孤独者__chunk003,蓝/阿Q正传__chunk003,cross,0.742509
杨戴/孤独者__chunk003,蓝/阿Q正传__chunk004,cross,0.763636
杨戴/孤独者__chunk003,蓝/阿Q正传__chunk005,cross,0.736974
杨戴/孤独者__chunk003,蓝/阿Q正传__chunk006,cross,0.783883
杨戴/孤独者__chunk003,蓝/阿Q正传__chunk007,cross,0.787987
杨戴/孤独者__chunk003,蓝/阿Q正传__chunk008,cross,0.790369
杨戴/孤独者__chunk003,蓝/风波__chunk001,cross,0.793574
杨戴/孤独者__chunk004,杨戴/幸福的家庭__chunk001,same,0.868806
杨戴/孤独者__chunk004,杨戴/故乡__chunk001,same,0.893222
杨戴/孤独者__chunk004,杨戴/故乡__chunk002,same,0.912584
杨戴/孤独者__chunk004,杨戴/明天__chunk001,same,0.831572
杨戴/孤独者__chunk004,杨戴/狂人日记__chunk001,same,0.865967
杨戴/孤独者__chunk004,杨戴/狂人日记__chunk002,same,0.870245
杨戴/孤独者__chunk004,杨戴/社戏__chunk001,same,0.877618
杨戴/孤独者__chunk004,杨戴/社戏__chunk002,same,0.868883
杨戴/孤独者__chunk004,杨戴/祝福__chunk001,same,0.881075
杨戴/孤独者__chunk004,杨戴/祝福__chunk002,same,0.811836
杨戴/孤独者__chunk004,杨戴/祝福__chunk003,same,0.824095
杨戴/孤独者__chunk004,杨戴/祝福__chunk004,same,0.820289
杨戴/孤独者__chunk004,杨戴/离婚__chunk001,same,0.881354
杨戴/孤独者__chunk004,杨戴/离婚__chunk002,same,0.893573
杨戴/孤独者__chunk004,杨戴/肥皂__chunk001,same,0.869563
杨戴/孤独者__chunk004,杨戴/肥皂__chunk002,same,0.850764
杨戴/孤独者__chunk004,杨戴/药__chunk001,same,0.911841
杨戴/孤独者__chunk004,杨戴/药__chunk002,same,0.839275
杨戴/孤独者__chunk004,杨戴/铸剑__chunk001,same,0.883942
杨戴/孤独者__chunk004,杨戴/铸剑__chunk002,same,0.895123
杨戴/孤独者__chunk004,杨戴/铸剑__chunk003,same,0.854950
杨戴/孤独者__chunk004,杨戴/阿Q正传__chunk001,same,0.828289
杨戴/孤独者__chunk004,杨戴/阿Q正传__chunk002,same,0.848815
杨戴/孤独者__chunk004,杨戴/阿Q正传__chunk003,same,0.861547
杨戴/孤独者__chunk004,杨戴/阿Q正传__chunk004,same,0.859779
杨戴/孤独者__chunk004,杨戴/阿Q正传__chunk005,same,0.853711
杨戴/孤独者__chunk004,杨戴/阿Q正传__chunk006,same,0.849031
杨戴/孤独者__chunk004,杨戴/阿Q正传__chunk007,same,0.857699
杨戴/孤独者__chunk004,杨戴/阿Q正传__chunk008,same,0.859488
杨戴/孤独者__chunk004,杨戴/阿Q正传__chunk009,same,0.885823
杨戴/孤独者__chunk004,杨戴/风波__chunk001,same,0.885480
杨戴/孤独者__chunk004,杨戴/风波__chunk002,same,0.885944
杨戴/孤独者__chunk004,蓝/伤逝__chunk001,cross,0.852524
杨戴/孤独者__chunk004,蓝/伤逝__chunk002,cross,0.895388
杨戴/孤独者__chunk004,蓝/伤逝__chunk003,cross,0.861246
杨戴/孤独者__chunk004,蓝/在酒楼上__chunk001,cross,0.907452
杨戴/孤独者__chunk004,蓝/在酒楼上__chunk002,cross,0.862599
杨戴/孤独者__chunk004,蓝/奔月__chunk001,cross,0.909341
杨戴/孤独者__chunk004,蓝/奔月__chunk002,cross,0.885857
杨戴/孤独者__chunk004,蓝/孤独者__chunk001,cross,0.936951
杨戴/孤独者__chunk004,蓝/孤独者__chunk002,cross,0.914581
杨戴/孤独者__chunk004,蓝/孤独者__chunk003,cross,0.872099
杨戴/孤独者__chunk004,蓝/孤独者__chunk004,cross,0.932753
杨戴/孤独者__chunk004,蓝/幸福的家庭__chunk001,cross,0.875878
杨戴/孤独者__chunk004,蓝/故乡__chunk001,cross,0.907579
杨戴/孤独者__chunk004,蓝/故乡__chunk002,cross,0.893952
杨戴/孤独者__chunk004,蓝/明天__chunk001,cross,0.859690
杨戴/孤独者__chunk004,蓝/狂人日记__chunk001,cross,0.857403
杨戴/孤独者__chunk004,蓝/狂人日记__chunk002,cross,0.882413
杨戴/孤独者__chunk004,蓝/社戏__chunk001,cross,0.859928
杨戴/孤独者__chunk004,蓝/社戏__chunk002,cross,0.877196
杨戴/孤独者__chunk004,蓝/祝福__chunk001,cross,0.877161
杨戴/孤独者__chunk004,蓝/祝福__chunk002,cross,0.815688
杨戴/孤独者__chunk004,蓝/祝福__chunk003,cross,0.856461
杨戴/孤独者__chunk004,蓝/离婚__chunk001,cross,0.877186
杨戴/孤独者__chunk004,蓝/离婚__chunk002,cross,0.856750
杨戴/孤独者__chunk004,蓝/肥皂__chunk001,cross,0.882348
杨戴/孤独者__chunk004,蓝/肥皂__chunk002,cross,0.845333
杨戴/孤独者__chunk004,蓝/药__chunk001,cross,0.872269
杨戴/孤独者__chunk004,蓝/铸剑__chunk001,cross,0.895803
杨戴/孤独者__chunk004,蓝/铸剑__chunk002,cross,0.882487
杨戴/孤独者__chunk004,蓝/铸剑__chunk003,cross,0.846490
杨戴/孤独者__chunk004,蓝/阿Q正传__chunk001,cross,0.822893
杨戴/孤独者__chunk004,蓝/阿Q正传__chunk002,cross,0.838266
杨戴/孤独者__chunk004,蓝/阿Q正传__chunk003,cross,0.847665
杨戴/孤独者__chunk004,蓝/阿Q正传__chunk004,cross,0.847068
杨戴/孤独者__chunk004,蓝/阿Q正传__chunk005,cross,0.827030
杨戴/孤独者__chunk004,蓝/阿Q正传__chunk006,cross,0.855035
杨戴/孤独者__chunk004,蓝/阿Q正传__chunk007,cross,0.874614
杨戴/孤独者__chunk004,蓝/阿Q正传__chunk008,cross,0.861600
杨戴/孤独者__chunk004,蓝/风波__chunk001,cross,0.877914
杨戴/幸福的家庭__chunk001,杨戴/故乡__chunk001,same,0.848803
杨戴/幸福的家庭__chunk001,杨戴/故乡__chunk002,same,0.854061
杨戴/幸福的家庭__chunk001,杨戴/明天__chunk001,same,0.839019
杨戴/幸福的家庭__chunk001,杨戴/狂人日记__chunk001,same,0.845570
杨戴/幸福的家庭__chunk001,杨戴/狂人日记__chunk002,same,0.888965
杨戴/幸福的家庭__chunk001,杨戴/社戏__chunk001,same,0.836631
杨戴/幸福的家庭__chunk001,杨戴/社戏__chunk002,same,0.865356
杨戴/幸福的家庭__chunk001,杨戴/祝福__chunk001,same,0.857325
杨戴/幸福的家庭__chunk001,杨戴/祝福__chunk002,same,0.802218
杨戴/幸福的家庭__chunk001,杨戴/祝福__chunk003,same,0.799660
杨戴/幸福的家庭__chunk001,杨戴/祝福__chunk004,same,0.803849
杨戴/幸福的家庭__chunk001,杨戴/离婚__chunk001,same,0.900623
杨戴/幸福的家庭__chunk001,杨戴/离婚__chunk002,same,0.842855
杨戴/幸福的家庭__chunk001,杨戴/肥皂__chunk001,same,0.862201
杨戴/幸福的家庭__chunk001,杨戴/肥皂__chunk002,same,0.885429
杨戴/幸福的家庭__chunk001,杨戴/药__chunk001,same,0.881832
杨戴/幸福的家庭__chunk001,杨戴/药__chunk002,same,0.853739
杨戴/幸福的家庭__chunk001,杨戴/铸剑__chunk001,same,0.896625
杨戴/幸福的家庭__chunk001,杨戴/铸剑__chunk002,same,0.888469
杨戴/幸福的家庭__chunk001,杨戴/铸剑__chunk003,same,0.900437
杨戴/幸福的家庭__chunk001,杨戴/阿Q正传__chunk001,same,0.838370
杨戴/幸福的家庭__chunk001,杨戴/阿Q正传__chunk002,same,0.847113
杨戴/幸福的家庭__chunk001,杨戴/阿Q正传__chunk003,same,0.845399
杨戴/幸福的家庭__chunk001,杨戴/阿Q正传__chunk004,same,0.835286
杨戴/幸福的家庭__chunk001,杨戴/阿Q正传__chunk005,same,0.853501
杨戴/幸福的家庭__chunk001,杨戴/阿Q正传__chunk006,same,0.846381
杨戴/幸福的家庭__chunk001,杨戴/阿Q正传__chunk007,same,0.843945
杨戴/幸福的家庭__chunk001,杨戴/阿Q正传__chunk008,same,0.842460
杨戴/幸福的家庭__chunk001,杨戴/阿Q正传__chunk009,same,0.848044
杨戴/幸福的家庭__chunk001,杨戴/风波__chunk001,same,0.910724
杨戴/幸福的家庭__chunk001,杨戴/风波__chunk002,same,0.884120
杨戴/幸福的家庭__chunk001,蓝/伤逝__chunk001,cross,0.814117
杨戴/幸福的家庭__chunk001,蓝/伤逝__chunk002,cross,0.827206
杨戴/幸福的家庭__chunk001,蓝/伤逝__chunk003,cross,0.824208
杨戴/幸福的家庭__chunk001,蓝/在酒楼上__chunk001,cross,0.862584
杨戴/幸福的家庭__chunk001,蓝/在酒楼上__chunk002,cross,0.802952
杨戴/幸福的家庭__chunk001,蓝/奔月__chunk001,cross,0.919555
杨戴/幸福的家庭__chunk001,蓝/奔月__chunk002,cross,0.887775
杨戴/幸福的家庭__chunk001,蓝/孤独者__chunk001,cross,0.879767
杨戴/幸福的家庭__chunk001,蓝/孤独者__chunk002,cross,0.883852
杨戴/幸福的家庭__chunk001,蓝/孤独者__chunk003,cross,0.813895
杨戴/幸福的家庭__chunk001,蓝/孤独者__chunk004,cross,0.880178
杨戴/幸福的家庭__chunk001,蓝/幸福的家庭__chunk001,cross,0.947769
杨戴/幸福的家庭__chunk001,蓝/故乡__chunk001,cross,0.877740
杨戴/幸福的家庭__chunk001,蓝/故乡__chunk002,cross,0.860773
杨戴/幸福的家庭__chunk001,蓝/明天__chunk001,cross,0.869077
杨戴/幸福的家庭__chunk001,蓝/狂人日记__chunk001,cross,0.869108
杨戴/幸福的家庭__chunk001,蓝/狂人日记__chunk002,cross,0.843759
杨戴/幸福的家庭__chunk001,蓝/社戏__chunk001,cross,0.847238
杨戴/幸福的家庭__chunk001,蓝/社戏__chunk002,cross,0.862532
杨戴/幸福的家庭__chunk001,蓝/祝福__chunk001,cross,0.837067
杨戴/幸福的家庭__chunk001,蓝/祝福__chunk002,cross,0.816257
杨戴/幸福的家庭__chunk001,蓝/祝福__chunk003,cross,0.794544
杨戴/幸福的家庭__chunk001,蓝/离婚__chunk001,cross,0.916552
杨戴/幸福的家庭__chunk001,蓝/离婚__chunk002,cross,0.854064
杨戴/幸福的家庭__chunk001,蓝/肥皂__chunk001,cross,0.876018
杨戴/幸福的家庭__chunk001,蓝/肥皂__chunk002,cross,0.877969
杨戴/幸福的家庭__chunk001,蓝/药__chunk001,cross,0.884342
杨戴/幸福的家庭__chunk001,蓝/铸剑__chunk001,cross,0.902593
杨戴/幸福的家庭__chunk001,蓝/铸剑__chunk002,cross,0.896828
杨戴/幸福的家庭__chunk001,蓝/铸剑__chunk003,cross,0.875268
杨戴/幸福的家庭__chunk001,蓝/阿Q正传__chunk001,cross,0.841338
杨戴/幸福的家庭__chunk001,蓝/阿Q正传__chunk002,cross,0.814219
杨戴/幸福的家庭__chunk001,蓝/阿Q正传__chunk003,cross,0.822657
杨戴/幸福的家庭__chunk001,蓝/阿Q正传__chunk004,cross,0.850763
杨戴/幸福的家庭__chunk001,蓝/阿Q正传__chunk005,cross,0.823303
杨戴/幸福的家庭__chunk001,蓝/阿Q正传__chunk006,cross,0.855404
杨戴/幸福的家庭__chunk001,蓝/阿Q正传__chunk007,cross,0.883259
杨戴/幸福的家庭__chunk001,蓝/阿Q正传__chunk008,cross,0.871464
杨戴/幸福的家庭__chunk001,蓝/风波__chunk001,cross,0.878577
杨戴/故乡__chunk001,杨戴/故乡__chunk002,same,0.934116
杨戴/故乡__chunk001,杨戴/明天__chunk001,same,0.834746
杨戴/故乡__chunk001,杨戴/狂人日记__chunk001,same,0.905220
杨戴/故乡__chunk001,杨戴/狂人日记__chunk002,same,0.885428
杨戴/故乡__chunk001,杨戴/社戏__chunk001,same,0.934887
杨戴/故乡__chunk001,杨戴/社戏__chunk002,same,0.908177
杨戴/故乡__chunk001,杨戴/祝福__chunk001,same,0.942104
杨戴/故乡__chunk001,杨戴/祝福__chunk002,same,0.875449
杨戴/故乡__chunk001,杨戴/祝福__chunk003,same,0.876178
杨戴/故乡__chunk001,杨戴/祝福__chunk004,same,0.850547
杨戴/故乡__chunk001,杨戴/离婚__chunk001,same,0.864040
杨戴/故乡__chunk001,杨戴/离婚__chunk002,same,0.855021
杨戴/故乡__chunk001,杨戴/肥皂__chunk001,same,0.866339
杨戴/故乡__chunk001,杨戴/肥皂__chunk002,same,0.848074
杨戴/故乡__chunk001,杨戴/药__chunk001,same,0.846633
杨戴/故乡__chunk001,杨戴/药__chunk002,same,0.814194
杨戴/故乡__chunk001,杨戴/铸剑__chunk001,same,0.850940
杨戴/故乡__chunk001,杨戴/铸剑__chunk002,same,0.828399
杨戴/故乡__chunk001,杨戴/铸剑__chunk003,same,0.831955
杨戴/故乡__chunk001,杨戴/阿Q正传__chunk001,same,0.854745
杨戴/故乡__chunk001,杨戴/阿Q正传__chunk002,same,0.848258
杨戴/故乡__chunk001,杨戴/阿Q正传__chunk003,same,0.840200
杨戴/故乡__chunk001,杨戴/阿Q正传__chunk004,same,0.839978
杨戴/故乡__chunk001,杨戴/阿Q正传__chunk005,same,0.871129
杨戴/故乡__chunk001,杨戴/阿Q正传__chunk006,same,0.858476
杨戴/故乡__chunk001,杨戴/阿Q正传__chunk007,same,0.865639
杨戴/故乡__chunk001,杨戴/阿Q正传__chunk008,same,0.860450
杨戴/故乡__chunk001,杨戴/阿Q正传__chunk009,same,0.831422
杨戴/故乡__chunk001,杨戴/风波__chunk001,same,0.877250
杨戴/故乡__chunk001,杨戴/风波__chunk002,same,0.834272
杨戴/故乡__chunk001,蓝/伤逝__chunk001,cross,0.878063
杨戴/故乡__chunk001,蓝/伤逝__chunk002,cross,0.893438
杨戴/故乡__chunk001,蓝/伤逝__chunk003,cross,0.872275
杨戴/故乡__chunk001,蓝/在酒楼上__chunk001,cross,0.910744
杨戴/故乡__chunk001,蓝/在酒楼上__chunk002,cross,0.885559
杨戴/故乡__chunk001,蓝/奔月__chunk001,cross,0.859023
杨戴/故乡__chunk001,蓝/奔月__chunk002,cross,0.828522
杨戴/故乡__chunk001,蓝/孤独者__chunk001,cross,0.889111
杨戴/故乡__chunk001,蓝/孤独者__chunk002,cross,0.895241
杨戴/故乡__chunk001,蓝/孤独者__chunk003,cross,0.865044
杨戴/故乡__chunk001,蓝/孤独者__chunk004,cross,0.869078
杨戴/故乡__chunk001,蓝/幸福的家庭__chunk001,cross,0.846306
杨戴/故乡__chunk001,蓝/故乡__chunk001,cross,0.926362
杨戴/故乡__chunk001,蓝/故乡__chunk002,cross,0.856137
杨戴/故乡__chunk001,蓝/明天__chunk001,cross,0.855279
杨戴/故乡__chunk001,蓝/狂人日记__chunk001,cross,0.848609
杨戴/故乡__chunk001,蓝/狂人日记__chunk002,cross,0.846064
杨戴/故乡__chunk001,蓝/社戏__chunk001,cross,0.880323
杨戴/故乡__chunk001,蓝/社戏__chunk002,cross,0.874203
杨戴/故乡__chunk001,蓝/祝福__chunk001,cross,0.891162
杨戴/故乡__chunk001,蓝/祝福__chunk002,cross,0.852170
杨戴/故乡__chunk001,蓝/祝福__chunk003,cross,0.862919
杨戴/故乡__chunk001,蓝/离婚__chunk001,cross,0.841114
杨戴/故乡__chunk001,蓝/离婚__chunk002,cross,0.825620
杨戴/故乡__chunk001,蓝/肥皂__chunk001,cross,0.865138
杨戴/故乡__chunk001,蓝/肥皂__chunk002,cross,0.834196
杨戴/故乡__chunk001,蓝/药__chunk001,cross,0.815262
杨戴/故乡__chunk001,蓝/铸剑__chunk001,cross,0.856578
杨戴/故乡__chunk001,蓝/铸剑__chunk002,cross,0.832216
杨戴/故乡__chunk001,蓝/铸剑__chunk003,cross,0.816849
杨戴/故乡__chunk001,蓝/阿Q正传__chunk001,cross,0.822877
杨戴/故乡__chunk001,蓝/阿Q正传__chunk002,cross,0.801024
杨戴/故乡__chunk001,蓝/阿Q正传__chunk003,cross,0.809988
杨戴/故乡__chunk001,蓝/阿Q正传__chunk004,cross,0.813943
杨戴/故乡__chunk001,蓝/阿Q正传__chunk005,cross,0.821017
杨戴/故乡__chunk001,蓝/阿Q正传__chunk006,cross,0.842104
杨戴/故乡__chunk001,蓝/阿Q正传__chunk007,cross,0.843412
杨戴/故乡__chunk001,蓝/阿Q正传__chunk008,cross,0.834781
杨戴/故乡__chunk001,蓝/风波__chunk001,cross,0.859789
杨戴/故乡__chunk002,杨戴/明天__chunk001,same,0.832944
杨戴/故乡__chunk002,杨戴/狂人日记__chunk001,same,0.906015
杨戴/故乡__chunk002,杨戴/狂人日记__chunk002,same,0.891591
杨戴/故乡__chunk002,杨戴/社戏__chunk001,same,0.906864
杨戴/故乡__chunk002,杨戴/社戏__chunk002,same,0.882296
杨戴/故乡__chunk002,杨戴/祝福__chunk001,same,0.905273
杨戴/故乡__chunk002,杨戴/祝福__chunk002,same,0.848953
杨戴/故乡__chunk002,杨戴/祝福__chunk003,same,0.862824
杨戴/故乡__chunk002,杨戴/祝福__chunk004,same,0.847668
杨戴/故乡__chunk002,杨戴/离婚__chunk001,same,0.866699
杨戴/故乡__chunk002,杨戴/离婚__chunk002,same,0.857203
杨戴/故乡__chunk002,杨戴/肥皂__chunk001,same,0.866349
杨戴/故乡__chunk002,杨戴/肥皂__chunk002,same,0.848134
杨戴/故乡__chunk002,杨戴/药__chunk001,same,0.871348
杨戴/故乡__chunk002,杨戴/药__chunk002,same,0.802372
杨戴/故乡__chunk002,杨戴/铸剑__chunk001,same,0.856645
杨戴/故乡__chunk002,杨戴/铸剑__chunk002,same,0.840922
杨戴/故乡__chunk002,杨戴/铸剑__chunk003,same,0.839248
杨戴/故乡__chunk002,杨戴/阿Q正传__chunk001,same,0.846114
杨戴/故乡__chunk002,杨戴/阿Q正传__chunk002,same,0.848974
杨戴/故乡__chunk002,杨戴/阿Q正传__chunk003,same,0.864227
杨戴/故乡__chunk002,杨戴/阿Q正传__chunk004,same,0.861278
杨戴/故乡__chunk002,杨戴/阿Q正传__chunk005,same,0.864314
杨戴/故乡__chunk002,杨戴/阿Q正传__chunk006,same,0.867525
杨戴/故乡__chunk002,杨戴/阿Q正传__chunk007,same,0.866792
杨戴/故乡__chunk002,杨戴/阿Q正传__chunk008,same,0.865211
杨戴/故乡__chunk002,杨戴/阿Q正传__chunk009,same,0.854728
杨戴/故乡__chunk002,杨戴/风波__chunk001,same,0.873369
杨戴/故乡__chunk002,杨戴/风波__chunk002,same,0.840399
杨戴/故乡__chunk002,蓝/伤逝__chunk001,cross,0.849077
杨戴/故乡__chunk002,蓝/伤逝__chunk002,cross,0.867623
杨戴/故乡__chunk002,蓝/伤逝__chunk003,cross,0.856342
杨戴/故乡__chunk002,蓝/在酒楼上__chunk001,cross,0.896009
杨戴/故乡__chunk002,蓝/在酒楼上__chunk002,cross,0.868466
杨戴/故乡__chunk002,蓝/奔月__chunk001,cross,0.857020
杨戴/故乡__chunk002,蓝/奔月__chunk002,cross,0.853573
杨戴/故乡__chunk002,蓝/孤独者__chunk001,cross,0.890355
杨戴/故乡__chunk002,蓝/孤独者__chunk002,cross,0.890760
杨戴/故乡__chunk002,蓝/孤独者__chunk003,cross,0.855609
杨戴/故乡__chunk002,蓝/孤独者__chunk004,cross,0.864918
杨戴/故乡__chunk002,蓝/幸福的家庭__chunk001,cross,0.853617
杨戴/故乡__chunk002,蓝/故乡__chunk001,cross,0.906114
杨戴/故乡__chunk002,蓝/故乡__chunk002,cross,0.879271
杨戴/故乡__chunk002,蓝/明天__chunk001,cross,0.848124
杨戴/故乡__chunk002,蓝/狂人日记__chunk001,cross,0.838778
杨戴/故乡__chunk002,蓝/狂人日记__chunk002,cross,0.858922
杨戴/故乡__chunk002,蓝/社戏__chunk001,cross,0.853977
杨戴/故乡__chunk002,蓝/社戏__chunk002,cross,0.879623
杨戴/故乡__chunk002,蓝/祝福__chunk001,cross,0.867997
杨戴/故乡__chunk002,蓝/祝福__chunk002,cross,0.827965
杨戴/故乡__chunk002,蓝/祝福__chunk003,cross,0.858501
杨戴/故乡__chunk002,蓝/离婚__chunk001,cross,0.844389
杨戴/故乡__chunk002,蓝/离婚__chunk002,cross,0.832243
杨戴/故乡__chunk002,蓝/肥皂__chunk001,cross,0.863093
杨戴/故乡__chunk002,蓝/肥皂__chunk002,cross,0.823248
杨戴/故乡__chunk002,蓝/药__chunk001,cross,0.829440
杨戴/故乡__chunk002,蓝/铸剑__chunk001,cross,0.863756
杨戴/故乡__chunk002,蓝/铸剑__chunk002,cross,0.848942
杨戴/故乡__chunk002,蓝/铸剑__chunk003,cross,0.819195
杨戴/故乡__chunk002,蓝/阿Q正传__chunk001,cross,0.817448
杨戴/故乡__chunk002,蓝/阿Q正传__chunk002,cross,0.817415
杨戴/故乡__chunk002,蓝/阿Q正传__chunk003,cross,0.831850
杨戴/故乡__chunk002,蓝/阿Q正传__chunk004,cross,0.824151
杨戴/故乡__chunk002,蓝/阿Q正传__chunk005,cross,0.824474
杨戴/故乡__chunk002,蓝/阿Q正传__chunk006,cross,0.845708
杨戴/故乡__chunk002,蓝/阿Q正传__chunk007,cross,0.847097
杨戴/故乡__chunk002,蓝/阿Q正传__chunk008,cross,0.848182
杨戴/故乡__chunk002,蓝/风波__chunk001,cross,0.855952
杨戴/明天__chunk001,杨戴/狂人日记__chunk001,same,0.797356
杨戴/明天__chunk001,杨戴/狂人日记__chunk002,same,0.814457
杨戴/明天__chunk001,杨戴/社戏__chunk001,same,0.813883
杨戴/明天__chunk001,杨戴/社戏__chunk002,same,0.864269
杨戴/明天__chunk001,杨戴/祝福__chunk001,same,0.831460
杨戴/明天__chunk001,杨戴/祝福__chunk002,same,0.906998
杨戴/明天__chunk001,杨戴/祝福__chunk003,same,0.876122
杨戴/明天__chunk001,杨戴/祝福__chunk004,same,0.869847
杨戴/明天__chunk001,杨戴/离婚__chunk001,same,0.861718
杨戴/明天__chunk001,杨戴/离婚__chunk002,same,0.820257
杨戴/明天__chunk001,杨戴/肥皂__chunk001,same,0.853194
杨戴/明天__chunk001,杨戴/肥皂__chunk002,same,0.853798
杨戴/明天__chunk001,杨戴/药__chunk001,same,0.838790
杨戴/明天__chunk001,杨戴/药__chunk002,same,0.870767
杨戴/明天__chunk001,杨戴/铸剑__chunk001,same,0.837638
杨戴/明天__chunk001,杨戴/铸剑__chunk002,same,0.828666
杨戴/明天__chunk001,杨戴/铸剑__chunk003,same,0.828623
杨戴/明天__chunk001,杨戴/阿Q正传__chunk001,same,0.793491
杨戴/明天__chunk001,杨戴/阿Q正传__chunk002,same,0.805611
杨戴/明天__chunk001,杨戴/阿Q正传__chunk003,same,0.816075
杨戴/明天__chunk001,杨戴/阿Q正传__chunk004,same,0.802551
杨戴/明天__chunk001,杨戴/阿Q正传__chunk005,same,0.829812
杨戴/明天__chunk001,杨戴/阿Q正传__chunk006,same,0.825293
杨戴/明天__chunk001,杨戴/阿Q正传__chunk007,same,0.848376
杨戴/明天__chunk001,杨戴/阿Q正传__chunk008,same,0.836882
杨戴/明天__chunk001,杨戴/阿Q正传__chunk009,same,0.815041
杨戴/明天__chunk001,杨戴/风波__chunk001,same,0.887019
杨戴/明天__chunk001,杨戴/风波__chunk002,same,0.848640
杨戴/明天__chunk001,蓝/伤逝__chunk001,cross,0.795510
杨戴/明天__chunk001,蓝/伤逝__chunk002,cross,0.827448
杨戴/明天__chunk001,蓝/伤逝__chunk003,cross,0.803791
杨戴/明天__chunk001,蓝/在酒楼上__chunk001,cross,0.808303
杨戴/明天__chunk001,蓝/在酒楼上__chunk002,cross,0.814772
杨戴/明天__chunk001,蓝/奔月__chunk001,cross,0.852361
杨戴/明天__chunk001,蓝/奔月__chunk002,cross,0.825171
杨戴/明天__chunk001,蓝/孤独者__chunk001,cross,0.827004
杨戴/明天__chunk001,蓝/孤独者__chunk002,cross,0.800414
杨戴/明天__chunk001,蓝/孤独者__chunk003,cross,0.747996
杨戴/明天__chunk001,蓝/孤独者__chunk004,cross,0.817406
杨戴/明天__chunk001,蓝/幸福的家庭__chunk001,cross,0.832968
杨戴/明天__chunk001,蓝/故乡__chunk001,cross,0.832612
杨戴/明天__chunk001,蓝/故乡__chunk002,cross,0.800143
杨戴/明天__chunk001,蓝/明天__chunk001,cross,0.872610
杨戴/明天__chunk001,蓝/狂人日记__chunk001,cross,0.770850
杨戴/明天__chunk001,蓝/狂人日记__chunk002,cross,0.767021
杨戴/明天__chunk001,蓝/社戏__chunk001,cross,0.796978
杨戴/明天__chunk001,蓝/社戏__chunk002,cross,0.836902
杨戴/明天__chunk001,蓝/祝福__chunk001,cross,0.838218
杨戴/明天__chunk001,蓝/祝福__chunk002,cross,0.921747
杨戴/明天__chunk001,蓝/祝福__chunk003,cross,0.887921
杨戴/明天__chunk001,蓝/离婚__chunk001,cross,0.846909
杨戴/明天__chunk001,蓝/离婚__chunk002,cross,0.791407
杨戴/明天__chunk001,蓝/肥皂__chunk001,cross,0.837682
杨戴/明天__chunk001,蓝/肥皂__chunk002,cross,0.813601
杨戴/明天__chunk001,蓝/药__chunk001,cross,0.828050
杨戴/明天__chunk001,蓝/铸剑__chunk001,cross,0.837121
杨戴/明天__chunk001,蓝/铸剑__chunk002,cross,0.823598
杨戴/明天__chunk001,蓝/铸剑__chunk003,cross,0.823999
杨戴/明天__chunk001,蓝/阿Q正传__chunk001,cross,0.786346
杨戴/明天__chunk001,蓝/阿Q正传__chunk002,cross,0.786052
杨戴/明天__chunk001,蓝/阿Q正传__chunk003,cross,0.792950
杨戴/明天__chunk001,蓝/阿Q正传__chunk004,cross,0.816229
杨戴/明天__chunk001,蓝/阿Q正传__chunk005,cross,0.794084
杨戴/明天__chunk001,蓝/阿Q正传__chunk006,cross,0.824881
杨戴/明天__chunk001,蓝/阿Q正传__chunk007,cross,0.833638
杨戴/明天__chunk001,蓝/阿Q正传__chunk008,cross,0.828931
杨戴/明天__chunk001,蓝/风波__chunk001,cross,0.864467
杨戴/狂人日记__chunk001,杨戴/狂人日记__chunk002,same,0.910803
杨戴/狂人日记__chunk001,杨戴/社戏__chunk001,same,0.913293
杨戴/狂人日记__chunk001,杨戴/社戏__chunk002,same,0.855009
杨戴/狂人日记__chunk001,杨戴/祝福__chunk001,same,0.896643
杨戴/狂人日记__chunk001,杨戴/祝福__chunk002,same,0.834328
杨戴/狂人日记__chunk001,杨戴/祝福__chunk003,same,0.849642
杨戴/狂人日记__chunk001,杨戴/祝福__chunk004,same,0.818178
杨戴/狂人日记__chunk001,杨戴/离婚__chunk001,same,0.848465
杨戴/狂人日记__chunk001,杨戴/离婚__chunk002,same,0.812281
杨戴/狂人日记__chunk001,杨戴/肥皂__chunk001,same,0.832245
杨戴/狂人日记__chunk001,杨戴/肥皂__chunk002,same,0.816428
杨戴/狂人日记__chunk001,杨戴/药__chunk001,same,0.806742
杨戴/狂人日记__chunk001,杨戴/药__chunk002,same,0.779562
杨戴/狂人日记__chunk001,杨戴/铸剑__chunk001,same,0.827153
杨戴/狂人日记__chunk001,杨戴/铸剑__chunk002,same,0.815333
杨戴/狂人日记__chunk001,杨戴/铸剑__chunk003,same,0.811871
杨戴/狂人日记__chunk001,杨戴/阿Q正传__chunk001,same,0.843453
杨戴/狂人日记__chunk001,杨戴/阿Q正传__chunk002,same,0.820055
杨戴/狂人日记__chunk001,杨戴/阿Q正传__chunk003,same,0.815443
杨戴/狂人日记__chunk001,杨戴/阿Q正传__chunk004,same,0.810330
杨戴/狂人日记__chunk001,杨戴/阿Q正传__chunk005,same,0.826895
杨戴/狂人日记__chunk001,杨戴/阿Q正传__chunk006,same,0.841762
杨戴/狂人日记__chunk001,杨戴/阿Q正传__chunk007,same,0.840745
杨戴/狂人日记__chunk001,杨戴/阿Q正传__chunk008,same,0.838137
杨戴/狂人日记__chunk001,杨戴/阿Q正传__chunk009,same,0.830062
杨戴/狂人日记__chunk001,杨戴/风波__chunk001,same,0.838962
杨戴/狂人日记__chunk001,杨戴/风波__chunk002,same,0.802689
杨戴/狂人日记__chunk001,蓝/伤逝__chunk001,cross,0.855064
杨戴/狂人日记__chunk001,蓝/伤逝__chunk002,cross,0.848723
杨戴/狂人日记__chunk001,蓝/伤逝__chunk003,cross,0.868345
杨戴/狂人日记__chunk001,蓝/在酒楼上__chunk001,cross,0.875529
杨戴/狂人日记__chunk001,蓝/在酒楼上__chunk002,cross,0.873005
杨戴/狂人日记__chunk001,蓝/奔月__chunk001,cross,0.830057
杨戴/狂人日记__chunk001,蓝/奔月__chunk002,cross,0.811506
杨戴/狂人日记__chunk001,蓝/孤独者__chunk001,cross,0.862505
杨戴/狂人日记__chunk001,蓝/孤独者__chunk002,cross,0.873611
杨戴/狂人日记__chunk001,蓝/孤独者__chunk003,cross,0.861952
杨戴/狂人日记__chunk001,蓝/孤独者__chunk004,cross,0.848986
杨戴/狂人日记__chunk001,蓝/幸福的家庭__chunk001,cross,0.834801
杨戴/狂人日记__chunk001,蓝/故乡__chunk001,cross,0.880526
杨戴/狂人日记__chunk001,蓝/故乡__chunk002,cross,0.847336
杨戴/狂人日记__chunk001,蓝/明天__chunk001,cross,0.809632
杨戴/狂人日记__chunk001,蓝/狂人日记__chunk001,cross,0.907351
杨戴/狂人日记__chunk001,蓝/狂人日记__chunk002,cross,0.870215
杨戴/狂人日记__chunk001,蓝/社戏__chunk001,cross,0.870685
杨戴/狂人日记__chunk001,蓝/社戏__chunk002,cross,0.845667
杨戴/狂人日记__chunk001,蓝/祝福__chunk001,cross,0.865201
杨戴/狂人日记__chunk001,蓝/祝福__chunk002,cross,0.802251
杨戴/狂人日记__chunk001,蓝/祝福__chunk003,cross,0.839075
杨戴/狂人日记__chunk001,蓝/离婚__chunk001,cross,0.833506
杨戴/狂人日记__chunk001,蓝/离婚__chunk002,cross,0.807332
杨戴/狂人日记__chunk001,蓝/肥皂__chunk001,cross,0.824207
杨戴/狂人日记__chunk001,蓝/肥皂__chunk002,cross,0.808168
杨戴/狂人日记__chunk001,蓝/药__chunk001,cross,0.792638
杨戴/狂人日记__chunk001,蓝/铸剑__chunk001,cross,0.838081
杨戴/狂人日记__chunk001,蓝/铸剑__chunk002,cross,0.825615
杨戴/狂人日记__chunk001,蓝/铸剑__chunk003,cross,0.800491
杨戴/狂人日记__chunk001,蓝/阿Q正传__chunk001,cross,0.819971
杨戴/狂人日记__chunk001,蓝/阿Q正传__chunk002,cross,0.779647
杨戴/狂人日记__chunk001,蓝/阿Q正传__chunk003,cross,0.785869
杨戴/狂人日记__chunk001,蓝/阿Q正传__chunk004,cross,0.791434
杨戴/狂人日记__chunk001,蓝/阿Q正传__chunk005,cross,0.786316
杨戴/狂人日记__chunk001,蓝/阿Q正传__chunk006,cross,0.828989
杨戴/狂人日记__chunk001,蓝/阿Q正传__chunk007,cross,0.819914
杨戴/狂人日记__chunk001,蓝/阿Q正传__chunk008,cross,0.807208
杨戴/狂人日记__chunk001,蓝/风波__chunk001,cross,0.812911
杨戴/狂人日记__chunk002,杨戴/社戏__chunk001,same,0.878268
杨戴/狂人日记__chunk002,杨戴/社戏__chunk002,same,0.862479
杨戴/狂人日记__chunk002,杨戴/祝福__chunk001,same,0.870633
杨戴/狂人日记__chunk002,杨戴/祝福__chunk002,same,0.831215
杨戴/狂人日记__chunk002,杨戴/祝福__chunk003,same,0.847956
杨戴/狂人日记__chunk002,杨戴/祝福__chunk004,same,0.811923
杨戴/狂人日记__chunk002,杨戴/离婚__chunk001,same,0.879933
杨戴/狂人日记__chunk002,杨戴/离婚__chunk002,same,0.841318
杨戴/狂人日记__chunk002,杨戴/肥皂__chunk001,same,0.851847
杨戴/狂人日记__chunk002,杨戴/肥皂__chunk002,same,0.848294
杨戴/狂人日记__chunk002,杨戴/药__chunk001,same,0.837659
杨戴/狂人日记__chunk002,杨戴/药__chunk002,same,0.810982
杨戴/狂人日记__chunk002,杨戴/铸剑__chunk001,same,0.846162
杨戴/狂人日记__chunk002,杨戴/铸剑__chunk002,same,0.839182
杨戴/狂人日记__chunk002,杨戴/铸剑__chunk003,same,0.848406
杨戴/狂人日记__chunk002,杨戴/阿Q正传__chunk001,same,0.828752
杨戴/狂人日记__chunk002,杨戴/阿Q正传__chunk002,same,0.806110
杨戴/狂人日记__chunk002,杨戴/阿Q正传__chunk003,same,0.815174
杨戴/狂人日记__chunk002,杨戴/阿Q正传__chunk004,same,0.810668
杨戴/狂人日记__chunk002,杨戴/阿Q正传__chunk005,same,0.822036
杨戴/狂人日记__chunk002,杨戴/阿Q正传__chunk006,same,0.837854
杨戴/狂人日记__chunk002,杨戴/阿Q正传__chunk007,same,0.817054
杨戴/狂人日记__chunk002,杨戴/阿Q正传__chunk008,same,0.848448
杨戴/狂人日记__chunk002,杨戴/阿Q正传__chunk009,same,0.809659
杨戴/狂人日记__chunk002,杨戴/风波__chunk001,same,0.863206
杨戴/狂人日记__chunk002,杨戴/风波__chunk002,same,0.840896
杨戴/狂人日记__chunk002,蓝/伤逝__chunk001,cross,0.825693
杨戴/狂人日记__chunk002,蓝/伤逝__chunk002,cross,0.844151
杨戴/狂人日记__chunk002,蓝/伤逝__chunk003,cross,0.856953
杨戴/狂人日记__chunk002,蓝/在酒楼上__chunk001,cross,0.870727
杨戴/狂人日记__chunk002,蓝/在酒楼上__chunk002,cross,0.862257
杨戴/狂人日记__chunk002,蓝/奔月__chunk001,cross,0.851803
杨戴/狂人日记__chunk002,蓝/奔月__chunk002,cross,0.848126
杨戴/狂人日记__chunk002,蓝/孤独者__chunk001,cross,0.860621
杨戴/狂人日记__chunk002,蓝/孤独者__chunk002,cross,0.906536
杨戴/狂人日记__chunk002,蓝/孤独者__chunk003,cross,0.852359
杨戴/狂人日记__chunk002,蓝/孤独者__chunk004,cross,0.853642
杨戴/狂人日记__chunk002,蓝/幸福的家庭__chunk001,cross,0.885084
杨戴/狂人日记__chunk002,蓝/故乡__chunk001,cross,0.894705
杨戴/狂人日记__chunk002,蓝/故乡__chunk002,cross,0.843968
杨戴/狂人日记__chunk002,蓝/明天__chunk001,cross,0.819052
杨戴/狂人日记__chunk002,蓝/狂人日记__chunk001,cross,0.898145
杨戴/狂人日记__chunk002,蓝/狂人日记__chunk002,cross,0.891490
杨戴/狂人日记__chunk002,蓝/社戏__chunk001,cross,0.844745
杨戴/狂人日记__chunk002,蓝/社戏__chunk002,cross,0.841814
杨戴/狂人日记__chunk002,蓝/祝福__chunk001,cross,0.836824
杨戴/狂人日记__chunk002,蓝/祝福__chunk002,cross,0.818690
杨戴/狂人日记__chunk002,蓝/祝福__chunk003,cross,0.845921
杨戴/狂人日记__chunk002,蓝/离婚__chunk001,cross,0.864223
杨戴/狂人日记__chunk002,蓝/离婚__chunk002,cross,0.822049
杨戴/狂人日记__chunk002,蓝/肥皂__chunk001,cross,0.865646
杨戴/狂人日记__chunk002,蓝/肥皂__chunk002,cross,0.844247
杨戴/狂人日记__chunk002,蓝/药__chunk001,cross,0.817387
杨戴/狂人日记__chunk002,蓝/铸剑__chunk001,cross,0.855167
杨戴/狂人日记__chunk002,蓝/铸剑__chunk002,cross,0.847079
杨戴/狂人日记__chunk002,蓝/铸剑__chunk003,cross,0.803504
杨戴/狂人日记__chunk002,蓝/阿Q正传__chunk001,cross,0.800035
杨戴/狂人日记__chunk002,蓝/阿Q正传__chunk002,cross,0.768422
杨戴/狂人日记__chunk002,蓝/阿Q正传__chunk003,cross,0.779566
杨戴/狂人日记__chunk002,蓝/阿Q正传__chunk004,cross,0.792912
杨戴/狂人日记__chunk002,蓝/阿Q正传__chunk005,cross,0.777281
杨戴/狂人日记__chunk002,蓝/阿Q正传__chunk006,cross,0.805882
杨戴/狂人日记__chunk002,蓝/阿Q正传__chunk007,cross,0.821869
杨戴/狂人日记__chunk002,蓝/阿Q正传__chunk008,cross,0.832304
杨戴/狂人日记__chunk002,蓝/风波__chunk001,cross,0.834965
杨戴/社戏__chunk001,杨戴/社戏__chunk002,same,0.908605
杨戴/社戏__chunk001,杨戴/祝福__chunk001,same,0.919641
杨戴/社戏__chunk001,杨戴/祝福__chunk002,same,0.851847
杨戴/社戏__chunk001,杨戴/祝福__chunk003,same,0.874312
杨戴/社戏__chunk001,杨戴/祝福__chunk004,same,0.833620
杨戴/社戏__chunk001,杨戴/离婚__chunk001,same,0.840654
杨戴/社戏__chunk001,杨戴/离婚__chunk002,same,0.822333
杨戴/社戏__chunk001,杨戴/肥皂__chunk001,same,0.850736
杨戴/社戏__chunk001,杨戴/肥皂__chunk002,same,0.833245
杨戴/社戏__chunk001,杨戴/药__chunk001,same,0.816937
杨戴/社戏__chunk001,杨戴/药__chunk002,same,0.781483
杨戴/社戏__chunk001,杨戴/铸剑__chunk001,same,0.835879
杨戴/社戏__chunk001,杨戴/铸剑__chunk002,same,0.817045
杨戴/社戏__chunk001,杨戴/铸剑__chunk003,same,0.837721
杨戴/社戏__chunk001,杨戴/阿Q正传__chunk001,same,0.857069
杨戴/社戏__chunk001,杨戴/阿Q正传__chunk002,same,0.833130
杨戴/社戏__chunk001,杨戴/阿Q正传__chunk003,same,0.814717
杨戴/社戏__chunk001,杨戴/阿Q正传__chunk004,same,0.806371
杨戴/社戏__chunk001,杨戴/阿Q正传__chunk005,same,0.849442
杨戴/社戏__chunk001,杨戴/阿Q正传__chunk006,same,0.839600
杨戴/社戏__chunk001,杨戴/阿Q正传__chunk007,same,0.846202
杨戴/社戏__chunk001,杨戴/阿Q正传__chunk008,same,0.831978
杨戴/社戏__chunk001,杨戴/阿Q正传__chunk009,same,0.822126
杨戴/社戏__chunk001,杨戴/风波__chunk001,same,0.863517
杨戴/社戏__chunk001,杨戴/风波__chunk002,same,0.822132
杨戴/社戏__chunk001,蓝/伤逝__chunk001,cross,0.897186
杨戴/社戏__chunk001,蓝/伤逝__chunk002,cross,0.895512
杨戴/社戏__chunk001,蓝/伤逝__chunk003,cross,0.888484
杨戴/社戏__chunk001,蓝/在酒楼上__chunk001,cross,0.924426
杨戴/社戏__chunk001,蓝/在酒楼上__chunk002,cross,0.893348
杨戴/社戏__chunk001,蓝/奔月__chunk001,cross,0.851806
杨戴/社戏__chunk001,蓝/奔月__chunk002,cross,0.820329
杨戴/社戏__chunk001,蓝/孤独者__chunk001,cross,0.872106
杨戴/社戏__chunk001,蓝/孤独者__chunk002,cross,0.877637
杨戴/社戏__chunk001,蓝/孤独者__chunk003,cross,0.877853
杨戴/社戏__chunk001,蓝/孤独者__chunk004,cross,0.866173
杨戴/社戏__chunk001,蓝/幸福的家庭__chunk001,cross,0.837612
杨戴/社戏__chunk001,蓝/故乡__chunk001,cross,0.908092
杨戴/社戏__chunk001,蓝/故乡__chunk002,cross,0.848617
杨戴/社戏__chunk001,蓝/明天__chunk001,cross,0.853306
杨戴/社戏__chunk001,蓝/狂人日记__chunk001,cross,0.878024
杨戴/社戏__chunk001,蓝/狂人日记__chunk002,cross,0.841328
杨戴/社戏__chunk001,蓝/社戏__chunk001,cross,0.923375
杨戴/社戏__chunk001,蓝/社戏__chunk002,cross,0.892050
杨戴/社戏__chunk001,蓝/祝福__chunk001,cross,0.890812
杨戴/社戏__chunk001,蓝/祝福__chunk002,cross,0.845241
杨戴/社戏__chunk001,蓝/祝福__chunk003,cross,0.854933
杨戴/社戏__chunk001,蓝/离婚__chunk001,cross,0.841189
杨戴/社戏__chunk001,蓝/离婚__chunk002,cross,0.810288
杨戴/社戏__chunk001,蓝/肥皂__chunk001,cross,0.853293
杨戴/社戏__chunk001,蓝/肥皂__chunk002,cross,0.834227
杨戴/社戏__chunk001,蓝/药__chunk001,cross,0.807592
杨戴/社戏__chunk001,蓝/铸剑__chunk001,cross,0.852268
杨戴/社戏__chunk001,蓝/铸剑__chunk002,cross,0.824914
杨戴/社戏__chunk001,蓝/铸剑__chunk003,cross,0.825971
杨戴/社戏__chunk001,蓝/阿Q正传__chunk001,cross,0.831545
杨戴/社戏__chunk001,蓝/阿Q正传__chunk002,cross,0.791705
杨戴/社戏__chunk001,蓝/阿Q正传__chunk003,cross,0.795764
杨戴/社戏__chunk001,蓝/阿Q正传__chunk004,cross,0.808919
杨戴/社戏__chunk001,蓝/阿Q正传__chunk005,cross,0.800764
杨戴/社戏__chunk001,蓝/阿Q正传__chunk006,cross,0.833111
杨戴/社戏__chunk001,蓝/阿Q正传__chunk007,cross,0.844168
杨戴/社戏__chunk001,蓝/阿Q正传__chunk008,cross,0.821250
杨戴/社戏__chunk001,蓝/风波__chunk001,cross,0.838884
杨戴/社戏__chunk002,杨戴/祝福__chunk001,same,0.881713
杨戴/社戏__chunk002,杨戴/祝福__chunk002,same,0.856490
杨戴/社戏__chunk002,杨戴/祝福__chunk003,same,0.870333
杨戴/社戏__chunk002,杨戴/祝福__chunk004,same,0.817543
杨戴/社戏__chunk002,杨戴/离婚__chunk001,same,0.879204
杨戴/社戏__chunk002,杨戴/离婚__chunk002,same,0.828424
杨戴/社戏__chunk002,杨戴/肥皂__chunk001,same,0.848761
杨戴/社戏__chunk002,杨戴/肥皂__chunk002,same,0.887508
杨戴/社戏__chunk002,杨戴/药__chunk001,same,0.877395
杨戴/社戏__chunk002,杨戴/药__chunk002,same,0.851982
杨戴/社戏__chunk002,杨戴/铸剑__chunk001,same,0.885039
杨戴/社戏__chunk002,杨戴/铸剑__chunk002,same,0.877715
杨戴/社戏__chunk002,杨戴/铸剑__chunk003,same,0.904722
杨戴/社戏__chunk002,杨戴/阿Q正传__chunk001,same,0.826956
杨戴/社戏__chunk002,杨戴/阿Q正传__chunk002,same,0.831297
杨戴/社戏__chunk002,杨戴/阿Q正传__chunk003,same,0.825280
杨戴/社戏__chunk002,杨戴/阿Q正传__chunk004,same,0.810446
杨戴/社戏__chunk002,杨戴/阿Q正传__chunk005,same,0.863644
杨戴/社戏__chunk002,杨戴/阿Q正传__chunk006,same,0.837765
杨戴/社戏__chunk002,杨戴/阿Q正传__chunk007,same,0.865521
杨戴/社戏__chunk002,杨戴/阿Q正传__chunk008,same,0.847285
杨戴/社戏__chunk002,杨戴/阿Q正传__chunk009,same,0.829053
杨戴/社戏__chunk002,杨戴/风波__chunk001,same,0.917745
杨戴/社戏__chunk002,杨戴/风波__chunk002,same,0.875966
杨戴/社戏__chunk002,蓝/伤逝__chunk001,cross,0.852920
杨戴/社戏__chunk002,蓝/伤逝__chunk002,cross,0.882413
杨戴/社戏__chunk002,蓝/伤逝__chunk003,cross,0.835968
杨戴/社戏__chunk002,蓝/在酒楼上__chunk001,cross,0.898981
杨戴/社戏__chunk002,蓝/在酒楼上__chunk002,cross,0.843821
杨戴/社戏__chunk002,蓝/奔月__chunk001,cross,0.885114
杨戴/社戏__chunk002,蓝/奔月__chunk002,cross,0.867544
杨戴/社戏__chunk002,蓝/孤独者__chunk001,cross,0.881701
杨戴/社戏__chunk002,蓝/孤独者__chunk002,cross,0.863661
杨戴/社戏__chunk002,蓝/孤独者__chunk003,cross,0.802023
杨戴/社戏__chunk002,蓝/孤独者__chunk004,cross,0.875400
杨戴/社戏__chunk002,蓝/幸福的家庭__chunk001,cross,0.862961
杨戴/社戏__chunk002,蓝/故乡__chunk001,cross,0.886408
杨戴/社戏__chunk002,蓝/故乡__chunk002,cross,0.845612
杨戴/社戏__chunk002,蓝/明天__chunk001,cross,0.884613
杨戴/社戏__chunk002,蓝/狂人日记__chunk001,cross,0.830835
杨戴/社戏__chunk002,蓝/狂人日记__chunk002,cross,0.812479
杨戴/社戏__chunk002,蓝/社戏__chunk001,cross,0.885219
杨戴/社戏__chunk002,蓝/社戏__chunk002,cross,0.938793
杨戴/社戏__chunk002,蓝/祝福__chunk001,cross,0.860834
杨戴/社戏__chunk002,蓝/祝福__chunk002,cross,0.858326
杨戴/社戏__chunk002,蓝/祝福__chunk003,cross,0.857905
杨戴/社戏__chunk002,蓝/离婚__chunk001,cross,0.885709
杨戴/社戏__chunk002,蓝/离婚__chunk002,cross,0.801562
杨戴/社戏__chunk002,蓝/肥皂__chunk001,cross,0.857826
杨戴/社戏__chunk002,蓝/肥皂__chunk002,cross,0.847726
杨戴/社戏__chunk002,蓝/药__chunk001,cross,0.862970
杨戴/社戏__chunk002,蓝/铸剑__chunk001,cross,0.890221
杨戴/社戏__chunk002,蓝/铸剑__chunk002,cross,0.865086
杨戴/社戏__chunk002,蓝/铸剑__chunk003,cross,0.893024
杨戴/社戏__chunk002,蓝/阿Q正传__chunk001,cross,0.822395
杨戴/社戏__chunk002,蓝/阿Q正传__chunk002,cross,0.793944
杨戴/社戏__chunk002,蓝/阿Q正传__chunk003,cross,0.801750
杨戴/社戏__chunk002,蓝/阿Q正传__chunk004,cross,0.826509
杨戴/社戏__chunk002,蓝/阿Q正传__chunk005,cross,0.824462
杨戴/社戏__chunk002,蓝/阿Q正传__chunk006,cross,0.841344
杨戴/社戏__chunk002,蓝/阿Q正传__chunk007,cross,0.873175
杨戴/社戏__chunk002,蓝/阿Q正传__chunk008,cross,0.845595
杨戴/社戏__chunk002,蓝/风波__chunk001,cross,0.890350
杨戴/祝福__chunk001,杨戴/祝福__chunk002,same,0.868113
杨戴/祝福__chunk001,杨戴/祝福__chunk003,same,0.869678
杨戴/祝福__chunk001,杨戴/祝福__chunk004,same,0.873293
杨戴/祝福__chunk001,杨戴/离婚__chunk001,same,0.826220
杨戴/祝福__chunk001,杨戴/离婚__chunk002,same,0.826571
杨戴/祝福__chunk001,杨戴/肥皂__chunk001,same,0.850590
杨戴/祝福__chunk001,杨戴/肥皂__chunk002,same,0.843494
杨戴/祝福__chunk001,杨戴/药__chunk001,same,0.816304
杨戴/祝福__chunk001,杨戴/药__chunk002,same,0.827243
杨戴/祝福__chunk001,杨戴/铸剑__chunk001,same,0.839681
杨戴/祝福__chunk001,杨戴/铸剑__chunk002,same,0.827309
杨戴/祝福__chunk001,杨戴/铸剑__chunk003,same,0.841034
杨戴/祝福__chunk001,杨戴/阿Q正传__chunk001,same,0.848885
杨戴/祝福__chunk001,杨戴/阿Q正传__chunk002,same,0.831016
杨戴/祝福__chunk001,杨戴/阿Q正传__chunk003,same,0.839333
杨戴/祝福__chunk001,杨戴/阿Q正传__chunk004,same,0.820158
杨戴/祝福__chunk001,杨戴/阿Q正传__chunk005,same,0.852711
杨戴/祝福__chunk001,杨戴/阿Q正传__chunk006,same,0.844041
杨戴/祝福__chunk001,杨戴/阿Q正传__chunk007,same,0.840947
杨戴/祝福__chunk001,杨戴/阿Q正传__chunk008,same,0.832181
杨戴/祝福__chunk001,杨戴/阿Q正传__chunk009,same,0.828506
杨戴/祝福__chunk001,杨戴/风波__chunk001,same,0.864445
杨戴/祝福__chunk001,杨戴/风波__chunk002,same,0.828828
杨戴/祝福__chunk001,蓝/伤逝__chunk001,cross,0.930090
杨戴/祝福__chunk001,蓝/伤逝__chunk002,cross,0.907617
杨戴/祝福__chunk001,蓝/伤逝__chunk003,cross,0.917077
杨戴/祝福__chunk001,蓝/在酒楼上__chunk001,cross,0.923766
杨戴/祝福__chunk001,蓝/在酒楼上__chunk002,cross,0.862847
杨戴/祝福__chunk001,蓝/奔月__chunk001,cross,0.870121
杨戴/祝福__chunk001,蓝/奔月__chunk002,cross,0.831791
杨戴/祝福__chunk001,蓝/孤独者__chunk001,cross,0.883910
杨戴/祝福__chunk001,蓝/孤独者__chunk002,cross,0.905159
杨戴/祝福__chunk001,蓝/孤独者__chunk003,cross,0.890502
杨戴/祝福__chunk001,蓝/孤独者__chunk004,cross,0.877828
杨戴/祝福__chunk001,蓝/幸福的家庭__chunk001,cross,0.861603
杨戴/祝福__chunk001,蓝/故乡__chunk001,cross,0.930178
杨戴/祝福__chunk001,蓝/故乡__chunk002,cross,0.865313
杨戴/祝福__chunk001,蓝/明天__chunk001,cross,0.871767
杨戴/祝福__chunk001,蓝/狂人日记__chunk001,cross,0.890123
杨戴/祝福__chunk001,蓝/狂人日记__chunk002,cross,0.841019
杨戴/祝福__chunk001,蓝/社戏__chunk001,cross,0.917169
杨戴/祝福__chunk001,蓝/社戏__chunk002,cross,0.883371
杨戴/祝福__chunk001,蓝/祝福__chunk001,cross,0.918692
杨戴/祝福__chunk001,蓝/祝福__chunk002,cross,0.858727
杨戴/祝福__chunk001,蓝/祝福__chunk003,cross,0.853534
杨戴/祝福__chunk001,蓝/离婚__chunk001,cross,0.863880
杨戴/祝福__chunk001,蓝/离婚__chunk002,cross,0.817560
杨戴/祝福__chunk001,蓝/肥皂__chunk001,cross,0.858752
杨戴/祝福__chunk001,蓝/肥皂__chunk002,cross,0.845388
杨戴/祝福__chunk001,蓝/药__chunk001,cross,0.814622
杨戴/祝福__chunk001,蓝/铸剑__chunk001,cross,0.854223
杨戴/祝福__chunk001,蓝/铸剑__chunk002,cross,0.830034
杨戴/祝福__chunk001,蓝/铸剑__chunk003,cross,0.839783
杨戴/祝福__chunk001,蓝/阿Q正传__chunk001,cross,0.845174
杨戴/祝福__chunk001,蓝/阿Q正传__chunk002,cross,0.791962
杨戴/祝福__chunk001,蓝/阿Q正传__chunk003,cross,0.806163
杨戴/祝福__chunk001,蓝/阿Q正传__chunk004,cross,0.820934
杨戴/祝福__chunk001,蓝/阿Q正传__chunk005,cross,0.819519
杨戴/祝福__chunk001,蓝/阿Q正传__chunk006,cross,0.857057
杨戴/祝福__chunk001,蓝/阿Q正传__chunk007,cross,0.860521
杨戴/祝福__chunk001,蓝/阿Q正传__chunk008,cross,0.832447
杨戴/祝福__chunk001,蓝/风波__chunk001,cross,0.857449
杨戴/祝福__chunk002,杨戴/祝福__chunk003,same,0.920577
杨戴/祝福__chunk002,杨戴/祝福__chunk004,same,0.906825
杨戴/祝福__chunk002,杨戴/离婚__chunk001,same,0.844381
杨戴/祝福__chunk002,杨戴/离婚__chunk002,same,0.822820
杨戴/祝福__chunk002,杨戴/肥皂__chunk001,same,0.861801
杨戴/祝福__chunk002,杨戴/肥皂__chunk002,same,0.829454
杨戴/祝福__chunk002,杨戴/药__chunk001,same,0.790668
杨戴/祝福__chunk002,杨戴/药__chunk002,same,0.842821
杨戴/祝福__chunk002,杨戴/铸剑__chunk001,same,0.796785
杨戴/祝福__chunk002,杨戴/铸剑__chunk002,same,0.772271
杨戴/祝福__chunk002,杨戴/铸剑__chunk003,same,0.802699
杨戴/祝福__chunk002,杨戴/阿Q正传__chunk001,same,0.811064
杨戴/祝福__chunk002,杨戴/阿Q正传__chunk002,same,0.810165
杨戴/祝福__chunk002,杨戴/阿Q正传__chunk003,same,0.803899
杨戴/祝福__chunk002,杨戴/阿Q正传__chunk004,same,0.793886
杨戴/祝福__chunk002,杨戴/阿Q正传__chunk005,same,0.828881
杨戴/祝福__chunk002,杨戴/阿Q正传__chunk006,same,0.817840
杨戴/祝福__chunk002,杨戴/阿Q正传__chunk007,same,0.828368
杨戴/祝福__chunk002,杨戴/阿Q正传__chunk008,same,0.814705
杨戴/祝福__chunk002,杨戴/阿Q正传__chunk009,same,0.799929
杨戴/祝福__chunk002,杨戴/风波__chunk001,same,0.865411
杨戴/祝福__chunk002,杨戴/风波__chunk002,same,0.816915
杨戴/祝福__chunk002,蓝/伤逝__chunk001,cross,0.834237
杨戴/祝福__chunk002,蓝/伤逝__chunk002,cross,0.823922
杨戴/祝福__chunk002,蓝/伤逝__chunk003,cross,0.829951
杨戴/祝福__chunk002,蓝/在酒楼上__chunk001,cross,0.818703
杨戴/祝福__chunk002,蓝/在酒楼上__chunk002,cross,0.859332
杨戴/祝福__chunk002,蓝/奔月__chunk001,cross,0.820325
杨戴/祝福__chunk002,蓝/奔月__chunk002,cross,0.795683
杨戴/祝福__chunk002,蓝/孤独者__chunk001,cross,0.836243
杨戴/祝福__chunk002,蓝/孤独者__chunk002,cross,0.798475
杨戴/祝福__chunk002,蓝/孤独者__chunk003,cross,0.769363
杨戴/祝福__chunk002,蓝/孤独者__chunk004,cross,0.797888
杨戴/祝福__chunk002,蓝/幸福的家庭__chunk001,cross,0.795691
杨戴/祝福__chunk002,蓝/故乡__chunk001,cross,0.840892
杨戴/祝福__chunk002,蓝/故乡__chunk002,cross,0.781238
杨戴/祝福__chunk002,蓝/明天__chunk001,cross,0.894940
杨戴/祝福__chunk002,蓝/狂人日记__chunk001,cross,0.772150
杨戴/祝福__chunk002,蓝/狂人日记__chunk002,cross,0.770783
杨戴/祝福__chunk002,蓝/社戏__chunk001,cross,0.823939
杨戴/祝福__chunk002,蓝/社戏__chunk002,cross,0.818650
杨戴/祝福__chunk002,蓝/祝福__chunk001,cross,0.847984
杨戴/祝福__chunk002,蓝/祝福__chunk002,cross,0.943573
杨戴/祝福__chunk002,蓝/祝福__chunk003,cross,0.900095
杨戴/祝福__chunk002,蓝/离婚__chunk001,cross,0.814596
杨戴/祝福__chunk002,蓝/离婚__chunk002,cross,0.789391
杨戴/祝福__chunk002,蓝/肥皂__chunk001,cross,0.847452
杨戴/祝福__chunk002,蓝/肥皂__chunk002,cross,0.798240
杨戴/祝福__chunk002,蓝/药__chunk001,cross,0.778328
杨戴/祝福__chunk002,蓝/铸剑__chunk001,cross,0.809107
杨戴/祝福__chunk002,蓝/铸剑__chunk002,cross,0.784815
杨戴/祝福__chunk002,蓝/铸剑__chunk003,cross,0.783805
杨戴/祝福__chunk002,蓝/阿Q正传__chunk001,cross,0.787335
杨戴/祝福__chunk002,蓝/阿Q正传__chunk002,cross,0.761396
杨戴/祝福__chunk002,蓝/阿Q正传__chunk003,cross,0.771542
杨戴/祝福__chunk002,蓝/阿Q正传__chunk004,cross,0.777179
杨戴/祝福__chunk002,蓝/阿Q正传__chunk005,cross,0.786433
杨戴/祝福__chunk002,蓝/阿Q正传__chunk006,cross,0.806483
杨戴/祝福__chunk002,蓝/阿Q正传__chunk007,cross,0.799108
杨戴/祝福__chunk002,蓝/阿Q正传__chunk008,cross,0.788995
杨戴/祝福__chunk002,蓝/风波__chunk001,cross,0.836150
杨戴/祝福__chunk003,杨戴/祝福__chunk004,same,0.880058
杨戴/祝福__chunk003,杨戴/离婚__chunk001,same,0.817288
杨戴/祝福__chunk003,杨戴/离婚__chunk002,same,0.806607
杨戴/祝福__chunk003,杨戴/肥皂__chunk001,same,0.824804
杨戴/祝福__chunk003,杨戴/肥皂__chunk002,same,0.823402
杨戴/祝福__chunk003,杨戴/药__chunk001,same,0.800703
杨戴/祝福__chunk003,杨戴/药__chunk002,same,0.843647
杨戴/祝福__chunk003,杨戴/铸剑__chunk001,same,0.808924
杨戴/祝福__chunk003,杨戴/铸剑__chunk002,same,0.786915
杨戴/祝福__chunk003,杨戴/铸剑__chunk003,same,0.806689
杨戴/祝福__chunk003,杨戴/阿Q正传__chunk001,same,0.804317
杨戴/祝福__chunk003,杨戴/阿Q正传__chunk002,same,0.808057
杨戴/祝福__chunk003,杨戴/阿Q正传__chunk003,same,0.806418
杨戴/祝福__chunk003,杨戴/阿Q正传__chunk004,same,0.790530
杨戴/祝福__chunk003,杨戴/阿Q正传__chunk005,same,0.817212
杨戴/祝福__chunk003,杨戴/阿Q正传__chunk006,same,0.810458
杨戴/祝福__chunk003,杨戴/阿Q正传__chunk007,same,0.840140
杨戴/祝福__chunk003,杨戴/阿Q正传__chunk008,same,0.823369
杨戴/祝福__chunk003,杨戴/阿Q正传__chunk009,same,0.777318
杨戴/祝福__chunk003,杨戴/风波__chunk001,same,0.848699
杨戴/祝福__chunk003,杨戴/风波__chunk002,same,0.818872
杨戴/祝福__chunk003,蓝/伤逝__chunk001,cross,0.843502
杨戴/祝福__chunk003,蓝/伤逝__chunk002,cross,0.825268
杨戴/祝福__chunk003,蓝/伤逝__chunk003,cross,0.820499
杨戴/祝福__chunk003,蓝/在酒楼上__chunk001,cross,0.818887
杨戴/祝福__chunk003,蓝/在酒楼上__chunk002,cross,0.835741
杨戴/祝福__chunk003,蓝/奔月__chunk001,cross,0.813746
杨戴/祝福__chunk003,蓝/奔月__chunk002,cross,0.805301
杨戴/祝福__chunk003,蓝/孤独者__chunk001,cross,0.833071
杨戴/祝福__chunk003,蓝/孤独者__chunk002,cross,0.820354
杨戴/祝福__chunk003,蓝/孤独者__chunk003,cross,0.759935
杨戴/祝福__chunk003,蓝/孤独者__chunk004,cross,0.809357
杨戴/祝福__chunk003,蓝/幸福的家庭__chunk001,cross,0.810113
杨戴/祝福__chunk003,蓝/故乡__chunk001,cross,0.837504
杨戴/祝福__chunk003,蓝/故乡__chunk002,cross,0.785291
杨戴/祝福__chunk003,蓝/明天__chunk001,cross,0.860427
杨戴/祝福__chunk003,蓝/狂人日记__chunk001,cross,0.778857
杨戴/祝福__chunk003,蓝/狂人日记__chunk002,cross,0.774493
杨戴/祝福__chunk003,蓝/社戏__chunk001,cross,0.837554
杨戴/祝福__chunk003,蓝/社戏__chunk002,cross,0.829986
杨戴/祝福__chunk003,蓝/祝福__chunk001,cross,0.827370
杨戴/祝福__chunk003,蓝/祝福__chunk002,cross,0.889114
杨戴/祝福__chunk003,蓝/祝福__chunk003,cross,0.930602
杨戴/祝福__chunk003,蓝/离婚__chunk001,cross,0.808006
杨戴/祝福__chunk003,蓝/离婚__chunk002,cross,0.770971
杨戴/祝福__chunk003,蓝/肥皂__chunk001,cross,0.822560
杨戴/祝福__chunk003,蓝/肥皂__chunk002,cross,0.790719
杨戴/祝福__chunk003,蓝/药__chunk001,cross,0.782933
杨戴/祝福__chunk003,蓝/铸剑__chunk001,cross,0.820427
杨戴/祝福__chunk003,蓝/铸剑__chunk002,cross,0.793109
杨戴/祝福__chunk003,蓝/铸剑__chunk003,cross,0.796322
杨戴/祝福__chunk003,蓝/阿Q正传__chunk001,cross,0.784512
杨戴/祝福__chunk003,蓝/阿Q正传__chunk002,cross,0.753044
杨戴/祝福__chunk003,蓝/阿Q正传__chunk003,cross,0.767938
杨戴/祝福__chunk003,蓝/阿Q正传__chunk004,cross,0.769266
杨戴/祝福__chunk003,蓝/阿Q正传__chunk005,cross,0.779933
杨戴/祝福__chunk003,蓝/阿Q正传__chunk006,cross,0.787556
杨戴/祝福__chunk003,蓝/阿Q正传__chunk007,cross,0.804173
杨戴/祝福__chunk003,蓝/阿Q正传__chunk008,cross,0.785229
杨戴/祝福__chunk003,蓝/风波__chunk001,cross,0.843850
杨戴/祝福__chunk004,杨戴/离婚__chunk001,same,0.816474
杨戴/祝福__chunk004,杨戴/离婚__chunk002,same,0.837091
杨戴/祝福__chunk004,杨戴/肥皂__chunk001,same,0.846314
杨戴/祝福__chunk004,杨戴/肥皂__chunk002,same,0.830651
杨戴/祝福__chunk004,杨戴/药__chunk001,same,0.795744
杨戴/祝福__chunk004,杨戴/药__chunk002,same,0.876630
杨戴/祝福__chunk004,杨戴/铸剑__chunk001,same,0.818350
杨戴/祝福__chunk004,杨戴/铸剑__chunk002,same,0.810401
杨戴/祝福__chunk004,杨戴/铸剑__chunk003,same,0.813972
杨戴/祝福__chunk004,杨戴/阿Q正传__chunk001,same,0.802741
杨戴/祝福__chunk004,杨戴/阿Q正传__chunk002,same,0.804852
杨戴/祝福__chunk004,杨戴/阿Q正传__chunk003,same,0.808631
杨戴/祝福__chunk004,杨戴/阿Q正传__chunk004,same,0.799295
杨戴/祝福__chunk004,杨戴/阿Q正传__chunk005,same,0.814287
杨戴/祝福__chunk004,杨戴/阿Q正传__chunk006,same,0.808103
杨戴/祝福__chunk004,杨戴/阿Q正传__chunk007,same,0.798723
杨戴/祝福__chunk004,杨戴/阿Q正传__chunk008,same,0.799720
杨戴/祝福__chunk004,杨戴/阿Q正传__chunk009,same,0.820822
杨戴/祝福__chunk004,杨戴/风波__chunk001,same,0.837920
杨戴/祝福__chunk004,杨戴/风波__chunk002,same,0.830653
杨戴/祝福__chunk004,蓝/伤逝__chunk001,cross,0.877737
杨戴/祝福__chunk004,蓝/伤逝__chunk002,cross,0.837091
杨戴/祝福__chunk004,蓝/伤逝__chunk003,cross,0.867440
杨戴/祝福__chunk004,蓝/在酒楼上__chunk001,cross,0.849922
杨戴/祝福__chunk004,蓝/在酒楼上__chunk002,cross,0.831566
杨戴/祝福__chunk004,蓝/奔月__chunk001,cross,0.844453
杨戴/祝福__chunk004,蓝/奔月__chunk002,cross,0.841256
杨戴/祝福__chunk004,蓝/孤独者__chunk001,cross,0.860195
杨戴/祝福__chunk004,蓝/孤独者__chunk002,cross,0.833034
杨戴/祝福__chunk004,蓝/孤独者__chunk003,cross,0.818983
杨戴/祝福__chunk004,蓝/孤独者__chunk004,cross,0.841608
杨戴/祝福__chunk004,蓝/幸福的家庭__chunk001,cross,0.829415
杨戴/祝福__chunk004,蓝/故乡__chunk001,cross,0.872267
杨戴/祝福__chunk004,蓝/故乡__chunk002,cross,0.822887
杨戴/祝福__chunk004,蓝/明天__chunk001,cross,0.885219
杨戴/祝福__chunk004,蓝/狂人日记__chunk001,cross,0.800132
杨戴/祝福__chunk004,蓝/狂人日记__chunk002,cross,0.811345
杨戴/祝福__chunk004,蓝/社戏__chunk001,cross,0.864282
杨戴/祝福__chunk004,蓝/社戏__chunk002,cross,0.839561
杨戴/祝福__chunk004,蓝/祝福__chunk001,cross,0.893058
杨戴/祝福__chunk004,蓝/祝福__chunk002,cross,0.897532
杨戴/祝福__chunk004,蓝/祝福__chunk003,cross,0.882050
杨戴/祝福__chunk004,蓝/离婚__chunk001,cross,0.852363
杨戴/祝福__chunk004,蓝/离婚__chunk002,cross,0.832306
杨戴/祝福__chunk004,蓝/肥皂__chunk001,cross,0.879561
杨戴/祝福__chunk004,蓝/肥皂__chunk002,cross,0.865494
杨戴/祝福__chunk004,蓝/药__chunk001,cross,0.823547
杨戴/祝福__chunk004,蓝/铸剑__chunk001,cross,0.845295
杨戴/祝福__chunk004,蓝/铸剑__chunk002,cross,0.837031
杨戴/祝福__chunk004,蓝/铸剑__chunk003,cross,0.836505
杨戴/祝福__chunk004,蓝/阿Q正传__chunk001,cross,0.815710
杨戴/祝福__chunk004,蓝/阿Q正传__chunk002,cross,0.794634
杨戴/祝福__chunk004,蓝/阿Q正传__chunk003,cross,0.808914
杨戴/祝福__chunk004,蓝/阿Q正传__chunk004,cross,0.813676
杨戴/祝福__chunk004,蓝/阿Q正传__chunk005,cross,0.815619
杨戴/祝福__chunk004,蓝/阿Q正传__chunk006,cross,0.844446
杨戴/祝福__chunk004,蓝/阿Q正传__chunk007,cross,0.833729
杨戴/祝福__chunk004,蓝/阿Q正传__chunk008,cross,0.801701
杨戴/祝福__chunk004,蓝/风波__chunk001,cross,0.859520
杨戴/离婚__chunk001,杨戴/离婚__chunk002,same,0.890396
杨戴/离婚__chunk001,杨戴/肥皂__chunk001,same,0.893465
杨戴/离婚__chunk001,杨戴/肥皂__chunk002,same,0.902929
杨戴/离婚__chunk001,杨戴/药__chunk001,same,0.917757
杨戴/离婚__chunk001,杨戴/药__chunk002,same,0.845623
杨戴/离婚__chunk001,杨戴/铸剑__chunk001,same,0.917732
杨戴/离婚__chunk001,杨戴/铸剑__chunk002,same,0.905816
杨戴/离婚__chunk001,杨戴/铸剑__chunk003,same,0.899461
杨戴/离婚__chunk001,杨戴/阿Q正传__chunk001,same,0.829468
杨戴/离婚__chunk001,杨戴/阿Q正传__chunk002,same,0.835686
杨戴/离婚__chunk001,杨戴/阿Q正传__chunk003,same,0.827508
杨戴/离婚__chunk001,杨戴/阿Q正传__chunk004,same,0.833283
杨戴/离婚__chunk001,杨戴/阿Q正传__chunk005,same,0.854245
杨戴/离婚__chunk001,杨戴/阿Q正传__chunk006,same,0.847945
杨戴/离婚__chunk001,杨戴/阿Q正传__chunk007,same,0.851035
杨戴/离婚__chunk001,杨戴/阿Q正传__chunk008,same,0.853407
杨戴/离婚__chunk001,杨戴/阿Q正传__chunk009,same,0.859738
杨戴/离婚__chunk001,杨戴/风波__chunk001,same,0.917134
杨戴/离婚__chunk001,杨戴/风波__chunk002,same,0.873919
杨戴/离婚__chunk001,蓝/伤逝__chunk001,cross,0.794576
杨戴/离婚__chunk001,蓝/伤逝__chunk002,cross,0.839851
杨戴/离婚__chunk001,蓝/伤逝__chunk003,cross,0.813141
杨戴/离婚__chunk001,蓝/在酒楼上__chunk001,cross,0.846368
杨戴/离婚__chunk001,蓝/在酒楼上__chunk002,cross,0.854829
杨戴/离婚__chunk001,蓝/奔月__chunk001,cross,0.900403
杨戴/离婚__chunk001,蓝/奔月__chunk002,cross,0.893176
杨戴/离婚__chunk001,蓝/孤独者__chunk001,cross,0.878150
杨戴/离婚__chunk001,蓝/孤独者__chunk002,cross,0.875698
杨戴/离婚__chunk001,蓝/孤独者__chunk003,cross,0.819871
杨戴/离婚__chunk001,蓝/孤独者__chunk004,cross,0.860191
杨戴/离婚__chunk001,蓝/幸福的家庭__chunk001,cross,0.880364
杨戴/离婚__chunk001,蓝/故乡__chunk001,cross,0.866444
杨戴/离婚__chunk001,蓝/故乡__chunk002,cross,0.846285
杨戴/离婚__chunk001,蓝/明天__chunk001,cross,0.851462
杨戴/离婚__chunk001,蓝/狂人日记__chunk001,cross,0.826576
杨戴/离婚__chunk001,蓝/狂人日记__chunk002,cross,0.864195
杨戴/离婚__chunk001,蓝/社戏__chunk001,cross,0.815913
杨戴/离婚__chunk001,蓝/社戏__chunk002,cross,0.864268
杨戴/离婚__chunk001,蓝/祝福__chunk001,cross,0.839020
杨戴/离婚__chunk001,蓝/祝福__chunk002,cross,0.857172
杨戴/离婚__chunk001,蓝/祝福__chunk003,cross,0.845289
杨戴/离婚__chunk001,蓝/离婚__chunk001,cross,0.909607
杨戴/离婚__chunk001,蓝/离婚__chunk002,cross,0.856481
杨戴/离婚__chunk001,蓝/肥皂__chunk001,cross,0.887882
杨戴/离婚__chunk001,蓝/肥皂__chunk002,cross,0.865315
杨戴/离婚__chunk001,蓝/药__chunk001,cross,0.889380
杨戴/离婚__chunk001,蓝/铸剑__chunk001,cross,0.897176
杨戴/离婚__chunk001,蓝/铸剑__chunk002,cross,0.884672
杨戴/离婚__chunk001,蓝/铸剑__chunk003,cross,0.839697
杨戴/离婚__chunk001,蓝/阿Q正传__chunk001,cross,0.805037
杨戴/离婚__chunk001,蓝/阿Q正传__chunk002,cross,0.804728
杨戴/离婚__chunk001,蓝/阿Q正传__chunk003,cross,0.819636
杨戴/离婚__chunk001,蓝/阿Q正传__chunk004,cross,0.829997
杨戴/离婚__chunk001,蓝/阿Q正传__chunk005,cross,0.812690
杨戴/离婚__chunk001,蓝/阿Q正传__chunk006,cross,0.843621
杨戴/离婚__chunk001,蓝/阿Q正传__chunk007,cross,0.848315
杨戴/离婚__chunk001,蓝/阿Q正传__chunk008,cross,0.861148
杨戴/离婚__chunk001,蓝/风波__chunk001,cross,0.870368
杨戴/离婚__chunk002,杨戴/肥皂__chunk001,same,0.895274
杨戴/离婚__chunk002,杨戴/肥皂__chunk002,same,0.886043
杨戴/离婚__chunk002,杨戴/药__chunk001,same,0.878727
杨戴/离婚__chunk002,杨戴/药__chunk002,same,0.856892
杨戴/离婚__chunk002,杨戴/铸剑__chunk001,same,0.882763
杨戴/离婚__chunk002,杨戴/铸剑__chunk002,same,0.873248
杨戴/离婚__chunk002,杨戴/铸剑__chunk003,same,0.846703
杨戴/离婚__chunk002,杨戴/阿Q正传__chunk001,same,0.783714
杨戴/离婚__chunk002,杨戴/阿Q正传__chunk002,same,0.795298
杨戴/离婚__chunk002,杨戴/阿Q正传__chunk003,same,0.819525
杨戴/离婚__chunk002,杨戴/阿Q正传__chunk004,same,0.822029
杨戴/离婚__chunk002,杨戴/阿Q正传__chunk005,same,0.804839
杨戴/离婚__chunk002,杨戴/阿Q正传__chunk006,same,0.809420
杨戴/离婚__chunk002,杨戴/阿Q正传__chunk007,same,0.799756
杨戴/离婚__chunk002,杨戴/阿Q正传__chunk008,same,0.816410
杨戴/离婚__chunk002,杨戴/阿Q正传__chunk009,same,0.817612
杨戴/离婚__chunk002,杨戴/风波__chunk001,same,0.878903
杨戴/离婚__chunk002,杨戴/风波__chunk002,same,0.906287
杨戴/离婚__chunk002,蓝/伤逝__chunk001,cross,0.821162
杨戴/离婚__chunk002,蓝/伤逝__chunk002,cross,0.853863
杨戴/离婚__chunk002,蓝/伤逝__chunk003,cross,0.830059
杨戴/离婚__chunk002,蓝/在酒楼上__chunk001,cross,0.841305
杨戴/离婚__chunk002,蓝/在酒楼上__chunk002,cross,0.846368
杨戴/离婚__chunk002,蓝/奔月__chunk001,cross,0.876621
杨戴/离婚__chunk002,蓝/奔月__chunk002,cross,0.878668
杨戴/离婚__chunk002,蓝/孤独者__chunk001,cross,0.880442
杨戴/离婚__chunk002,蓝/孤独者__chunk002,cross,0.878634
杨戴/离婚__chunk002,蓝/孤独者__chunk003,cross,0.831967
杨戴/离婚__chunk002,蓝/孤独者__chunk004,cross,0.878576
杨戴/离婚__chunk002,蓝/幸福的家庭__chunk001,cross,0.852842
杨戴/离婚__chunk002,蓝/故乡__chunk001,cross,0.873931
杨戴/离婚__chunk002,蓝/故乡__chunk002,cross,0.839097
杨戴/离婚__chunk002,蓝/明天__chunk001,cross,0.853313
杨戴/离婚__chunk002,蓝/狂人日记__chunk001,cross,0.814709
杨戴/离婚__chunk002,蓝/狂人日记__chunk002,cross,0.888843
杨戴/离婚__chunk002,蓝/社戏__chunk001,cross,0.824518
杨戴/离婚__chunk002,蓝/社戏__chunk002,cross,0.837422
杨戴/离婚__chunk002,蓝/祝福__chunk001,cross,0.855659
杨戴/离婚__chunk002,蓝/祝福__chunk002,cross,0.833502
杨戴/离婚__chunk002,蓝/祝福__chunk003,cross,0.825591
杨戴/离婚__chunk002,蓝/离婚__chunk001,cross,0.858574
杨戴/离婚__chunk002,蓝/离婚__chunk002,cross,0.889565
杨戴/离婚__chunk002,蓝/肥皂__chunk001,cross,0.896161
杨戴/离婚__chunk002,蓝/肥皂__chunk002,cross,0.873990
杨戴/离婚__chunk002,蓝/药__chunk001,cross,0.862697
杨戴/离婚__chunk002,蓝/铸剑__chunk001,cross,0.872375
杨戴/离婚__chunk002,蓝/铸剑__chunk002,cross,0.849441
杨戴/离婚__chunk002,蓝/铸剑__chunk003,cross,0.806418
杨戴/离婚__chunk002,蓝/阿Q正传__chunk001,cross,0.796519
杨戴/离婚__chunk002,蓝/阿Q正传__chunk002,cross,0.797832
杨戴/离婚__chunk002,蓝/阿Q正传__chunk003,cross,0.809697
杨戴/离婚__chunk002,蓝/阿Q正传__chunk004,cross,0.815120
杨戴/离婚__chunk002,蓝/阿Q正传__chunk005,cross,0.788635
杨戴/离婚__chunk002,蓝/阿Q正传__chunk006,cross,0.812224
杨戴/离婚__chunk002,蓝/阿Q正传__chunk007,cross,0.824909
杨戴/离婚__chunk002,蓝/阿Q正传__chunk008,cross,0.824782
杨戴/离婚__chunk002,蓝/风波__chunk001,cross,0.874334
杨戴/肥皂__chunk001,杨戴/肥皂__chunk002,same,0.915059
杨戴/肥皂__chunk001,杨戴/药__chunk001,same,0.881302
杨戴/肥皂__chunk001,杨戴/药__chunk002,same,0.847410
杨戴/肥皂__chunk001,杨戴/铸剑__chunk001,same,0.889373
杨戴/肥皂__chunk001,杨戴/铸剑__chunk002,same,0.840535
杨戴/肥皂__chunk001,杨戴/铸剑__chunk003,same,0.844418
杨戴/肥皂__chunk001,杨戴/阿Q正传__chunk001,same,0.805586
杨戴/肥皂__chunk001,杨戴/阿Q正传__chunk002,same,0.819022
杨戴/肥皂__chunk001,杨戴/阿Q正传__chunk003,same,0.817822
杨戴/肥皂__chunk001,杨戴/阿Q正传__chunk004,same,0.815876
杨戴/肥皂__chunk001,杨戴/阿Q正传__chunk005,same,0.822709
杨戴/肥皂__chunk001,杨戴/阿Q正传__chunk006,same,0.820067
杨戴/肥皂__chunk001,杨戴/阿Q正传__chunk007,same,0.814424
杨戴/肥皂__chunk001,杨戴/阿Q正传__chunk008,same,0.817315
杨戴/肥皂__chunk001,杨戴/阿Q正传__chunk009,same,0.821420
杨戴/肥皂__chunk001,杨戴/风波__chunk001,same,0.895294
杨戴/肥皂__chunk001,杨戴/风波__chunk002,same,0.856193
杨戴/肥皂__chunk001,蓝/伤逝__chunk001,cross,0.822820
杨戴/肥皂__chunk001,蓝/伤逝__chunk002,cross,0.849662
杨戴/肥皂__chunk001,蓝/伤逝__chunk003,cross,0.826152
杨戴/肥皂__chunk001,蓝/在酒楼上__chunk001,cross,0.856069
杨戴/肥皂__chunk001,蓝/在酒楼上__chunk002,cross,0.882777
杨戴/肥皂__chunk001,蓝/奔月__chunk001,cross,0.884131
杨戴/肥皂__chunk001,蓝/奔月__chunk002,cross,0.870074
杨戴/肥皂__chunk001,蓝/孤独者__chunk001,cross,0.867497
杨戴/肥皂__chunk001,蓝/孤独者__chunk002,cross,0.872219
杨戴/肥皂__chunk001,蓝/孤独者__chunk003,cross,0.855370
杨戴/肥皂__chunk001,蓝/孤独者__chunk004,cross,0.850825
杨戴/肥皂__chunk001,蓝/幸福的家庭__chunk001,cross,0.852104
杨戴/肥皂__chunk001,蓝/故乡__chunk001,cross,0.878970
杨戴/肥皂__chunk001,蓝/故乡__chunk002,cross,0.826645
杨戴/肥皂__chunk001,蓝/明天__chunk001,cross,0.863747
杨戴/肥皂__chunk001,蓝/狂人日记__chunk001,cross,0.834787
杨戴/肥皂__chunk001,蓝/狂人日记__chunk002,cross,0.867988
杨戴/肥皂__chunk001,蓝/社戏__chunk001,cross,0.816596
杨戴/肥皂__chunk001,蓝/社戏__chunk002,cross,0.841926
杨戴/肥皂__chunk001,蓝/祝福__chunk001,cross,0.851590
杨戴/肥皂__chunk001,蓝/祝福__chunk002,cross,0.868829
杨戴/肥皂__chunk001,蓝/祝福__chunk003,cross,0.857771
杨戴/肥皂__chunk001,蓝/离婚__chunk001,cross,0.860350
杨戴/肥皂__chunk001,蓝/离婚__chunk002,cross,0.864451
杨戴/肥皂__chunk001,蓝/肥皂__chunk001,cross,0.933434
杨戴/肥皂__chunk001,蓝/肥皂__chunk002,cross,0.869610
杨戴/肥皂__chunk001,蓝/药__chunk001,cross,0.864037
杨戴/肥皂__chunk001,蓝/铸剑__chunk001,cross,0.885035
杨戴/肥皂__chunk001,蓝/铸剑__chunk002,cross,0.821586
杨戴/肥皂__chunk001,蓝/铸剑__chunk003,cross,0.789753
杨戴/肥皂__chunk001,蓝/阿Q正传__chunk001,cross,0.794796
杨戴/肥皂__chunk001,蓝/阿Q正传__chunk002,cross,0.801216
杨戴/肥皂__chunk001,蓝/阿Q正传__chunk003,cross,0.795225
杨戴/肥皂__chunk001,蓝/阿Q正传__chunk004,cross,0.811497
杨戴/肥皂__chunk001,蓝/阿Q正传__chunk005,cross,0.779177
杨戴/肥皂__chunk001,蓝/阿Q正传__chunk006,cross,0.813414
杨戴/肥皂__chunk001,蓝/阿Q正传__chunk007,cross,0.825798
杨戴/肥皂__chunk001,蓝/阿Q正传__chunk008,cross,0.837737
杨戴/肥皂__chunk001,蓝/风波__chunk001,cross,0.861333
杨戴/肥皂__chunk002,杨戴/药__chunk001,same,0.894770
杨戴/肥皂__chunk002,杨戴/药__chunk002,same,0.872331
杨戴/肥皂__chunk002,杨戴/铸剑__chunk001,same,0.930205
杨戴/肥皂__chunk002,杨戴/铸剑__chunk002,same,0.897022
杨戴/肥皂__chunk002,杨戴/铸剑__chunk003,same,0.892117
杨戴/肥皂__chunk002,杨戴/阿Q正传__chunk001,same,0.807577
杨戴/肥皂__chunk002,杨戴/阿Q正传__chunk002,same,0.815384
杨戴/肥皂__chunk002,杨戴/阿Q正传__chunk003,same,0.821285
杨戴/肥皂__chunk002,杨戴/阿Q正传__chunk004,same,0.811632
杨戴/肥皂__chunk002,杨戴/阿Q正传__chunk005,same,0.824588
杨戴/肥皂__chunk002,杨戴/阿Q正传__chunk006,same,0.816833
杨戴/肥皂__chunk002,杨戴/阿Q正传__chunk007,same,0.826606
杨戴/肥皂__chunk002,杨戴/阿Q正传__chunk008,same,0.825416
杨戴/肥皂__chunk002,杨戴/阿Q正传__chunk009,same,0.817198
杨戴/肥皂__chunk002,杨戴/风波__chunk001,same,0.908777
杨戴/肥皂__chunk002,杨戴/风波__chunk002,same,0.882430
杨戴/肥皂__chunk002,蓝/伤逝__chunk001,cross,0.818760
杨戴/肥皂__chunk002,蓝/伤逝__chunk002,cross,0.844838
杨戴/肥皂__chunk002,蓝/伤逝__chunk003,cross,0.813455
杨戴/肥皂__chunk002,蓝/在酒楼上__chunk001,cross,0.843210
杨戴/肥皂__chunk002,蓝/在酒楼上__chunk002,cross,0.824430
杨戴/肥皂__chunk002,蓝/奔月__chunk001,cross,0.921157
杨戴/肥皂__chunk002,蓝/奔月__chunk002,cross,0.902053
杨戴/肥皂__chunk002,蓝/孤独者__chunk001,cross,0.857518
杨戴/肥皂__chunk002,蓝/孤独者__chunk002,cross,0.877417
杨戴/肥皂__chunk002,蓝/孤独者__chunk003,cross,0.806168
杨戴/肥皂__chunk002,蓝/孤独者__chunk004,cross,0.857475
杨戴/肥皂__chunk002,蓝/幸福的家庭__chunk001,cross,0.890692
杨戴/肥皂__chunk002,蓝/故乡__chunk001,cross,0.874939
杨戴/肥皂__chunk002,蓝/故乡__chunk002,cross,0.834629
杨戴/肥皂__chunk002,蓝/明天__chunk001,cross,0.871283
杨戴/肥皂__chunk002,蓝/狂人日记__chunk001,cross,0.827252
杨戴/肥皂__chunk002,蓝/狂人日记__chunk002,cross,0.844069
杨戴/肥皂__chunk002,蓝/社戏__chunk001,cross,0.838560
杨戴/肥皂__chunk002,蓝/社戏__chunk002,cross,0.871777
杨戴/肥皂__chunk002,蓝/祝福__chunk001,cross,0.850037
杨戴/肥皂__chunk002,蓝/祝福__chunk002,cross,0.851054
杨戴/肥皂__chunk002,蓝/祝福__chunk003,cross,0.835324
杨戴/肥皂__chunk002,蓝/离婚__chunk001,cross,0.908095
杨戴/肥皂__chunk002,蓝/离婚__chunk002,cross,0.843592
杨戴/肥皂__chunk002,蓝/肥皂__chunk001,cross,0.902955
杨戴/肥皂__chunk002,蓝/肥皂__chunk002,cross,0.911256
杨戴/肥皂__chunk002,蓝/药__chunk001,cross,0.890937
杨戴/肥皂__chunk002,蓝/铸剑__chunk001,cross,0.916064
杨戴/肥皂__chunk002,蓝/铸剑__chunk002,cross,0.871062
杨戴/肥皂__chunk002,蓝/铸剑__chunk003,cross,0.851673
杨戴/肥皂__chunk002,蓝/阿Q正传__chunk001,cross,0.819592
杨戴/肥皂__chunk002,蓝/阿Q正传__chunk002,cross,0.789116
杨戴/肥皂__chunk002,蓝/阿Q正传__chunk003,cross,0.803378
杨戴/肥皂__chunk002,蓝/阿Q正传__chunk004,cross,0.833204
杨戴/肥皂__chunk002,蓝/阿Q正传__chunk005,cross,0.807234
杨戴/肥皂__chunk002,蓝/阿Q正传__chunk006,cross,0.835798
杨戴/肥皂__chunk002,蓝/阿Q正传__chunk007,cross,0.854945
杨戴/肥皂__chunk002,蓝/阿Q正传__chunk008,cross,0.854598
杨戴/肥皂__chunk002,蓝/风波__chunk001,cross,0.898323
杨戴/药__chunk001,杨戴/药__chunk002,same,0.863609
杨戴/药__chunk001,杨戴/铸剑__chunk001,same,0.931563
杨戴/药__chunk001,杨戴/铸剑__chunk002,same,0.921468
杨戴/药__chunk001,杨戴/铸剑__chunk003,same,0.905851
杨戴/药__chunk001,杨戴/阿Q正传__chunk001,same,0.810054
杨戴/药__chunk001,杨戴/阿Q正传__chunk002,same,0.841089
杨戴/药__chunk001,杨戴/阿Q正传__chunk003,same,0.854622
杨戴/药__chunk001,杨戴/阿Q正传__chunk004,same,0.850163
杨戴/药__chunk001,杨戴/阿Q正传__chunk005,same,0.856105
杨戴/药__chunk001,杨戴/阿Q正传__chunk006,same,0.831383
杨戴/药__chunk001,杨戴/阿Q正传__chunk007,same,0.861701
杨戴/药__chunk001,杨戴/阿Q正传__chunk008,same,0.851008
杨戴/药__chunk001,杨戴/阿Q正传__chunk009,same,0.862734
杨戴/药__chunk001,杨戴/风波__chunk001,same,0.895761
杨戴/药__chunk001,杨戴/风波__chunk002,same,0.888764
杨戴/药__chunk001,蓝/伤逝__chunk001,cross,0.788880
杨戴/药__chunk001,蓝/伤逝__chunk002,cross,0.839394
杨戴/药__chunk001,蓝/伤逝__chunk003,cross,0.794297
杨戴/药__chunk001,蓝/在酒楼上__chunk001,cross,0.858917
杨戴/药__chunk001,蓝/在酒楼上__chunk002,cross,0.799847
杨戴/药__chunk001,蓝/奔月__chunk001,cross,0.913956
杨戴/药__chunk001,蓝/奔月__chunk002,cross,0.924590
杨戴/药__chunk001,蓝/孤独者__chunk001,cross,0.891674
杨戴/药__chunk001,蓝/孤独者__chunk002,cross,0.874560
杨戴/药__chunk001,蓝/孤独者__chunk003,cross,0.788441
杨戴/药__chunk001,蓝/孤独者__chunk004,cross,0.890924
杨戴/药__chunk001,蓝/幸福的家庭__chunk001,cross,0.888503
杨戴/药__chunk001,蓝/故乡__chunk001,cross,0.865647
杨戴/药__chunk001,蓝/故乡__chunk002,cross,0.842858
杨戴/药__chunk001,蓝/明天__chunk001,cross,0.859417
杨戴/药__chunk001,蓝/狂人日记__chunk001,cross,0.808733
杨戴/药__chunk001,蓝/狂人日记__chunk002,cross,0.856732
杨戴/药__chunk001,蓝/社戏__chunk001,cross,0.806984
杨戴/药__chunk001,蓝/社戏__chunk002,cross,0.883812
杨戴/药__chunk001,蓝/祝福__chunk001,cross,0.821860
杨戴/药__chunk001,蓝/祝福__chunk002,cross,0.810727
杨戴/药__chunk001,蓝/祝福__chunk003,cross,0.820467
杨戴/药__chunk001,蓝/离婚__chunk001,cross,0.891648
杨戴/药__chunk001,蓝/离婚__chunk002,cross,0.860883
杨戴/药__chunk001,蓝/肥皂__chunk001,cross,0.885630
杨戴/药__chunk001,蓝/肥皂__chunk002,cross,0.860695
杨戴/药__chunk001,蓝/药__chunk001,cross,0.942722
杨戴/药__chunk001,蓝/铸剑__chunk001,cross,0.923296
杨戴/药__chunk001,蓝/铸剑__chunk002,cross,0.905849
杨戴/药__chunk001,蓝/铸剑__chunk003,cross,0.861683
杨戴/药__chunk001,蓝/阿Q正传__chunk001,cross,0.804091
杨戴/药__chunk001,蓝/阿Q正传__chunk002,cross,0.824941
杨戴/药__chunk001,蓝/阿Q正传__chunk003,cross,0.839326
杨戴/药__chunk001,蓝/阿Q正传__chunk004,cross,0.841116
杨戴/药__chunk001,蓝/阿Q正传__chunk005,cross,0.831124
杨戴/药__chunk001,蓝/阿Q正传__chunk006,cross,0.841855
杨戴/药__chunk001,蓝/阿Q正传__chunk007,cross,0.864549
杨戴/药__chunk001,蓝/阿Q正传__chunk008,cross,0.875272
杨戴/药__chunk001,蓝/风波__chunk001,cross,0.880280
杨戴/药__chunk002,杨戴/铸剑__chunk001,same,0.860268
杨戴/药__chunk002,杨戴/铸剑__chunk002,same,0.867031
杨戴/药__chunk002,杨戴/铸剑__chunk003,same,0.864176
杨戴/药__chunk002,杨戴/阿Q正传__chunk001,same,0.755106
杨戴/药__chunk002,杨戴/阿Q正传__chunk002,same,0.775175
杨戴/药__chunk002,杨戴/阿Q正传__chunk003,same,0.801868
杨戴/药__chunk002,杨戴/阿Q正传__chunk004,same,0.777800
杨戴/药__chunk002,杨戴/阿Q正传__chunk005,same,0.792656
杨戴/药__chunk002,杨戴/阿Q正传__chunk006,same,0.784168
杨戴/药__chunk002,杨戴/阿Q正传__chunk007,same,0.798773
杨戴/药__chunk002,杨戴/阿Q正传__chunk008,same,0.796467
杨戴/药__chunk002,杨戴/阿Q正传__chunk009,same,0.799306
杨戴/药__chunk002,杨戴/风波__chunk001,same,0.879956
杨戴/药__chunk002,杨戴/风波__chunk002,same,0.896672
杨戴/药__chunk002,蓝/伤逝__chunk001,cross,0.822224
杨戴/药__chunk002,蓝/伤逝__chunk002,cross,0.825882
杨戴/药__chunk002,蓝/伤逝__chunk003,cross,0.819525
杨戴/药__chunk002,蓝/在酒楼上__chunk001,cross,0.819274
杨戴/药__chunk002,蓝/在酒楼上__chunk002,cross,0.778674
杨戴/药__chunk002,蓝/奔月__chunk001,cross,0.879034
杨戴/药__chunk002,蓝/奔月__chunk002,cross,0.879549
杨戴/药__chunk002,蓝/孤独者__chunk001,cross,0.851345
杨戴/药__chunk002,蓝/孤独者__chunk002,cross,0.841043
杨戴/药__chunk002,蓝/孤独者__chunk003,cross,0.777232
杨戴/药__chunk002,蓝/孤独者__chunk004,cross,0.865570
杨戴/药__chunk002,蓝/幸福的家庭__chunk001,cross,0.867160
杨戴/药__chunk002,蓝/故乡__chunk001,cross,0.845676
杨戴/药__chunk002,蓝/故乡__chunk002,cross,0.853795
杨戴/药__chunk002,蓝/明天__chunk001,cross,0.871388
杨戴/药__chunk002,蓝/狂人日记__chunk001,cross,0.800654
杨戴/药__chunk002,蓝/狂人日记__chunk002,cross,0.815901
杨戴/药__chunk002,蓝/社戏__chunk001,cross,0.835636
杨戴/药__chunk002,蓝/社戏__chunk002,cross,0.846008
杨戴/药__chunk002,蓝/祝福__chunk001,cross,0.855465
杨戴/药__chunk002,蓝/祝福__chunk002,cross,0.863184
杨戴/药__chunk002,蓝/祝福__chunk003,cross,0.844852
杨戴/药__chunk002,蓝/离婚__chunk001,cross,0.868166
杨戴/药__chunk002,蓝/离婚__chunk002,cross,0.862872
杨戴/药__chunk002,蓝/肥皂__chunk001,cross,0.867538
杨戴/药__chunk002,蓝/肥皂__chunk002,cross,0.885885
杨戴/药__chunk002,蓝/药__chunk001,cross,0.872172
杨戴/药__chunk002,蓝/铸剑__chunk001,cross,0.870725
杨戴/药__chunk002,蓝/铸剑__chunk002,cross,0.849278
杨戴/药__chunk002,蓝/铸剑__chunk003,cross,0.851848
杨戴/药__chunk002,蓝/阿Q正传__chunk001,cross,0.793589
杨戴/药__chunk002,蓝/阿Q正传__chunk002,cross,0.776777
杨戴/药__chunk002,蓝/阿Q正传__chunk003,cross,0.802204
杨戴/药__chunk002,蓝/阿Q正传__chunk004,cross,0.809589
杨戴/药__chunk002,蓝/阿Q正传__chunk005,cross,0.802211
杨戴/药__chunk002,蓝/阿Q正传__chunk006,cross,0.818478
杨戴/药__chunk002,蓝/阿Q正传__chunk007,cross,0.845801
杨戴/药__chunk002,蓝/阿Q正传__chunk008,cross,0.809457
杨戴/药__chunk002,蓝/风波__chunk001,cross,0.898756
杨戴/铸剑__chunk001,杨戴/铸剑__chunk002,same,0.943534
杨戴/铸剑__chunk001,杨戴/铸剑__chunk003,same,0.927239
杨戴/铸剑__chunk001,杨戴/阿Q正传__chunk001,same,0.822505
杨戴/铸剑__chunk001,杨戴/阿Q正传__chunk002,same,0.842878
杨戴/铸剑__chunk001,杨戴/阿Q正传__chunk003,same,0.844599
杨戴/铸剑__chunk001,杨戴/阿Q正传__chunk004,same,0.847249
杨戴/铸剑__chunk001,杨戴/阿Q正传__chunk005,same,0.852308
杨戴/铸剑__chunk001,杨戴/阿Q正传__chunk006,same,0.833740
杨戴/铸剑__chunk001,杨戴/阿Q正传__chunk007,same,0.853550
杨戴/铸剑__chunk001,杨戴/阿Q正传__chunk008,same,0.850441
杨戴/铸剑__chunk001,杨戴/阿Q正传__chunk009,same,0.862321
杨戴/铸剑__chunk001,杨戴/风波__chunk001,same,0.909696
杨戴/铸剑__chunk001,杨戴/风波__chunk002,same,0.894622
杨戴/铸剑__chunk001,蓝/伤逝__chunk001,cross,0.806173
杨戴/铸剑__chunk001,蓝/伤逝__chunk002,cross,0.850503
杨戴/铸剑__chunk001,蓝/伤逝__chunk003,cross,0.810471
杨戴/铸剑__chunk001,蓝/在酒楼上__chunk001,cross,0.871997
杨戴/铸剑__chunk001,蓝/在酒楼上__chunk002,cross,0.818512
杨戴/铸剑__chunk001,蓝/奔月__chunk001,cross,0.932302
杨戴/铸剑__chunk001,蓝/奔月__chunk002,cross,0.932446
杨戴/铸剑__chunk001,蓝/孤独者__chunk001,cross,0.882165
杨戴/铸剑__chunk001,蓝/孤独者__chunk002,cross,0.899967
杨戴/铸剑__chunk001,蓝/孤独者__chunk003,cross,0.820188
杨戴/铸剑__chunk001,蓝/孤独者__chunk004,cross,0.884032
杨戴/铸剑__chunk001,蓝/幸福的家庭__chunk001,cross,0.895556
杨戴/铸剑__chunk001,蓝/故乡__chunk001,cross,0.880488
杨戴/铸剑__chunk001,蓝/故乡__chunk002,cross,0.847235
杨戴/铸剑__chunk001,蓝/明天__chunk001,cross,0.866332
杨戴/铸剑__chunk001,蓝/狂人日记__chunk001,cross,0.837954
杨戴/铸剑__chunk001,蓝/狂人日记__chunk002,cross,0.866761
杨戴/铸剑__chunk001,蓝/社戏__chunk001,cross,0.832341
杨戴/铸剑__chunk001,蓝/社戏__chunk002,cross,0.888325
杨戴/铸剑__chunk001,蓝/祝福__chunk001,cross,0.843279
杨戴/铸剑__chunk001,蓝/祝福__chunk002,cross,0.821303
杨戴/铸剑__chunk001,蓝/祝福__chunk003,cross,0.834535
杨戴/铸剑__chunk001,蓝/离婚__chunk001,cross,0.920305
杨戴/铸剑__chunk001,蓝/离婚__chunk002,cross,0.851447
杨戴/铸剑__chunk001,蓝/肥皂__chunk001,cross,0.884715
杨戴/铸剑__chunk001,蓝/肥皂__chunk002,cross,0.898440
杨戴/铸剑__chunk001,蓝/药__chunk001,cross,0.935487
杨戴/铸剑__chunk001,蓝/铸剑__chunk001,cross,0.958956
杨戴/铸剑__chunk001,蓝/铸剑__chunk002,cross,0.920294
杨戴/铸剑__chunk001,蓝/铸剑__chunk003,cross,0.878378
杨戴/铸剑__chunk001,蓝/阿Q正传__chunk001,cross,0.822069
杨戴/铸剑__chunk001,蓝/阿Q正传__chunk002,cross,0.809208
杨戴/铸剑__chunk001,蓝/阿Q正传__chunk003,cross,0.821177
杨戴/铸剑__chunk001,蓝/阿Q正传__chunk004,cross,0.846276
杨戴/铸剑__chunk001,蓝/阿Q正传__chunk005,cross,0.821148
杨戴/铸剑__chunk001,蓝/阿Q正传__chunk006,cross,0.838943
杨戴/铸剑__chunk001,蓝/阿Q正传__chunk007,cross,0.879747
杨戴/铸剑__chunk001,蓝/阿Q正传__chunk008,cross,0.870901
杨戴/铸剑__chunk001,蓝/风波__chunk001,cross,0.886521
杨戴/铸剑__chunk002,杨戴/铸剑__chunk003,same,0.930920
杨戴/铸剑__chunk002,杨戴/阿Q正传__chunk001,same,0.814010
杨戴/铸剑__chunk002,杨戴/阿Q正传__chunk002,same,0.838198
杨戴/铸剑__chunk002,杨戴/阿Q正传__chunk003,same,0.844881
杨戴/铸剑__chunk002,杨戴/阿Q正传__chunk004,same,0.840483
杨戴/铸剑__chunk002,杨戴/阿Q正传__chunk005,same,0.854030
杨戴/铸剑__chunk002,杨戴/阿Q正传__chunk006,same,0.824739
杨戴/铸剑__chunk002,杨戴/阿Q正传__chunk007,same,0.857500
杨戴/铸剑__chunk002,杨戴/阿Q正传__chunk008,same,0.844443
杨戴/铸剑__chunk002,杨戴/阿Q正传__chunk009,same,0.869150
杨戴/铸剑__chunk002,杨戴/风波__chunk001,same,0.905818
杨戴/铸剑__chunk002,杨戴/风波__chunk002,same,0.911714
杨戴/铸剑__chunk002,蓝/伤逝__chunk001,cross,0.806681
杨戴/铸剑__chunk002,蓝/伤逝__chunk002,cross,0.845070
杨戴/铸剑__chunk002,蓝/伤逝__chunk003,cross,0.817421
杨戴/铸剑__chunk002,蓝/在酒楼上__chunk001,cross,0.869132
杨戴/铸剑__chunk002,蓝/在酒楼上__chunk002,cross,0.785148
杨戴/铸剑__chunk002,蓝/奔月__chunk001,cross,0.929715
杨戴/铸剑__chunk002,蓝/奔月__chunk002,cross,0.928425
杨戴/铸剑__chunk002,蓝/孤独者__chunk001,cross,0.906437
杨戴/铸剑__chunk002,蓝/孤独者__chunk002,cross,0.891894
杨戴/铸剑__chunk002,蓝/孤独者__chunk003,cross,0.806631
杨戴/铸剑__chunk002,蓝/孤独者__chunk004,cross,0.905854
杨戴/铸剑__chunk002,蓝/幸福的家庭__chunk001,cross,0.908390
杨戴/铸剑__chunk002,蓝/故乡__chunk001,cross,0.874934
杨戴/铸剑__chunk002,蓝/故乡__chunk002,cross,0.864056
杨戴/铸剑__chunk002,蓝/明天__chunk001,cross,0.875058
杨戴/铸剑__chunk002,蓝/狂人日记__chunk001,cross,0.834773
杨戴/铸剑__chunk002,蓝/狂人日记__chunk002,cross,0.859151
杨戴/铸剑__chunk002,蓝/社戏__chunk001,cross,0.850721
杨戴/铸剑__chunk002,蓝/社戏__chunk002,cross,0.908707
杨戴/铸剑__chunk002,蓝/祝福__chunk001,cross,0.855509
杨戴/铸剑__chunk002,蓝/祝福__chunk002,cross,0.811056
杨戴/铸剑__chunk002,蓝/祝福__chunk003,cross,0.804714
杨戴/铸剑__chunk002,蓝/离婚__chunk001,cross,0.937491
杨戴/铸剑__chunk002,蓝/离婚__chunk002,cross,0.855727
杨戴/铸剑__chunk002,蓝/肥皂__chunk001,cross,0.884738
杨戴/铸剑__chunk002,蓝/肥皂__chunk002,cross,0.901278
杨戴/铸剑__chunk002,蓝/药__chunk001,cross,0.935473
杨戴/铸剑__chunk002,蓝/铸剑__chunk001,cross,0.944574
杨戴/铸剑__chunk002,蓝/铸剑__chunk002,cross,0.953985
杨戴/铸剑__chunk002,蓝/铸剑__chunk003,cross,0.916613
杨戴/铸剑__chunk002,蓝/阿Q正传__chunk001,cross,0.852692
杨戴/铸剑__chunk002,蓝/阿Q正传__chunk002,cross,0.833797
杨戴/铸剑__chunk002,蓝/阿Q正传__chunk003,cross,0.849410
杨戴/铸剑__chunk002,蓝/阿Q正传__chunk004,cross,0.872423
杨戴/铸剑__chunk002,蓝/阿Q正传__chunk005,cross,0.845305
杨戴/铸剑__chunk002,蓝/阿Q正传__chunk006,cross,0.865894
杨戴/铸剑__chunk002,蓝/阿Q正传__chunk007,cross,0.902075
杨戴/铸剑__chunk002,蓝/阿Q正传__chunk008,cross,0.871764
杨戴/铸剑__chunk002,蓝/风波__chunk001,cross,0.903018
杨戴/铸剑__chunk003,杨戴/阿Q正传__chunk001,same,0.814718
杨戴/铸剑__chunk003,杨戴/阿Q正传__chunk002,same,0.836444
杨戴/铸剑__chunk003,杨戴/阿Q正传__chunk003,same,0.828546
杨戴/铸剑__chunk003,杨戴/阿Q正传__chunk004,same,0.822571
杨戴/铸剑__chunk003,杨戴/阿Q正传__chunk005,same,0.852623
杨戴/铸剑__chunk003,杨戴/阿Q正传__chunk006,same,0.835745
杨戴/铸剑__chunk003,杨戴/阿Q正传__chunk007,same,0.838062
杨戴/铸剑__chunk003,杨戴/阿Q正传__chunk008,same,0.834283
杨戴/铸剑__chunk003,杨戴/阿Q正传__chunk009,same,0.829140
杨戴/铸剑__chunk003,杨戴/风波__chunk001,same,0.902058
杨戴/铸剑__chunk003,杨戴/风波__chunk002,same,0.875263
杨戴/铸剑__chunk003,蓝/伤逝__chunk001,cross,0.803959
杨戴/铸剑__chunk003,蓝/伤逝__chunk002,cross,0.830519
杨戴/铸剑__chunk003,蓝/伤逝__chunk003,cross,0.809374
杨戴/铸剑__chunk003,蓝/在酒楼上__chunk001,cross,0.874780
杨戴/铸剑__chunk003,蓝/在酒楼上__chunk002,cross,0.780763
杨戴/铸剑__chunk003,蓝/奔月__chunk001,cross,0.909381
杨戴/铸剑__chunk003,蓝/奔月__chunk002,cross,0.913061
杨戴/铸剑__chunk003,蓝/孤独者__chunk001,cross,0.863903
杨戴/铸剑__chunk003,蓝/孤独者__chunk002,cross,0.856629
杨戴/铸剑__chunk003,蓝/孤独者__chunk003,cross,0.789608
杨戴/铸剑__chunk003,蓝/孤独者__chunk004,cross,0.868101
杨戴/铸剑__chunk003,蓝/幸福的家庭__chunk001,cross,0.886314
杨戴/铸剑__chunk003,蓝/故乡__chunk001,cross,0.861430
杨戴/铸剑__chunk003,蓝/故乡__chunk002,cross,0.824434
杨戴/铸剑__chunk003,蓝/明天__chunk001,cross,0.871711
杨戴/铸剑__chunk003,蓝/狂人日记__chunk001,cross,0.834609
杨戴/铸剑__chunk003,蓝/狂人日记__chunk002,cross,0.836076
杨戴/铸剑__chunk003,蓝/社戏__chunk001,cross,0.846277
杨戴/铸剑__chunk003,蓝/社戏__chunk002,cross,0.906524
杨戴/铸剑__chunk003,蓝/祝福__chunk001,cross,0.835912
杨戴/铸剑__chunk003,蓝/祝福__chunk002,cross,0.823486
杨戴/铸剑__chunk003,蓝/祝福__chunk003,cross,0.806538
杨戴/铸剑__chunk003,蓝/离婚__chunk001,cross,0.919336
杨戴/铸剑__chunk003,蓝/离婚__chunk002,cross,0.836654
杨戴/铸剑__chunk003,蓝/肥皂__chunk001,cross,0.865076
杨戴/铸剑__chunk003,蓝/肥皂__chunk002,cross,0.883680
杨戴/铸剑__chunk003,蓝/药__chunk001,cross,0.907715
杨戴/铸剑__chunk003,蓝/铸剑__chunk001,cross,0.930641
杨戴/铸剑__chunk003,蓝/铸剑__chunk002,cross,0.918744
杨戴/铸剑__chunk003,蓝/铸剑__chunk003,cross,0.929787
杨戴/铸剑__chunk003,蓝/阿Q正传__chunk001,cross,0.823373
杨戴/铸剑__chunk003,蓝/阿Q正传__chunk002,cross,0.794871
杨戴/铸剑__chunk003,蓝/阿Q正传__chunk003,cross,0.808189
杨戴/铸剑__chunk003,蓝/阿Q正传__chunk004,cross,0.839038
杨戴/铸剑__chunk003,蓝/阿Q正传__chunk005,cross,0.817899
杨戴/铸剑__chunk003,蓝/阿Q正传__chunk006,cross,0.846442
杨戴/铸剑__chunk003,蓝/阿Q正传__chunk007,cross,0.875412
杨戴/铸剑__chunk003,蓝/阿Q正传__chunk008,cross,0.865595
杨戴/铸剑__chunk003,蓝/风波__chunk001,cross,0.878004
杨戴/阿Q正传__chunk001,杨戴/阿Q正传__chunk002,same,0.952452
杨戴/阿Q正传__chunk001,杨戴/阿Q正传__chunk003,same,0.927581
杨戴/阿Q正传__chunk001,杨戴/阿Q正传__chunk004,same,0.925760
杨戴/阿Q正传__chunk001,杨戴/阿Q正传__chunk005,same,0.952382
杨戴/阿Q正传__chunk001,杨戴/阿Q正传__chunk006,same,0.943694
杨戴/阿Q正传__chunk001,杨戴/阿Q正传__chunk007,same,0.932248
杨戴/阿Q正传__chunk001,杨戴/阿Q正传__chunk008,same,0.923698
杨戴/阿Q正传__chunk001,杨戴/阿Q正传__chunk009,same,0.889697
杨戴/阿Q正传__chunk001,杨戴/风波__chunk001,same,0.822782
杨戴/阿Q正传__chunk001,杨戴/风波__chunk002,same,0.788709
杨戴/阿Q正传__chunk001,蓝/伤逝__chunk001,cross,0.803520
杨戴/阿Q正传__chunk001,蓝/伤逝__chunk002,cross,0.798503
杨戴/阿Q正传__chunk001,蓝/伤逝__chunk003,cross,0.793271
杨戴/阿Q正传__chunk001,蓝/在酒楼上__chunk001,cross,0.839335
杨戴/阿Q正传__chunk001,蓝/在酒楼上__chunk002,cross,0.800156
杨戴/阿Q正传__chunk001,蓝/奔月__chunk001,cross,0.823462
杨戴/阿Q正传__chunk001,蓝/奔月__chunk002,cross,0.812970
杨戴/阿Q正传__chunk001,蓝/孤独者__chunk001,cross,0.849700
杨戴/阿Q正传__chunk001,蓝/孤独者__chunk002,cross,0.817673
杨戴/阿Q正传__chunk001,蓝/孤独者__chunk003,cross,0.776763
杨戴/阿Q正传__chunk001,蓝/孤独者__chunk004,cross,0.817653
杨戴/阿Q正传__chunk001,蓝/幸福的家庭__chunk001,cross,0.828320
杨戴/阿Q正传__chunk001,蓝/故乡__chunk001,cross,0.835277
杨戴/阿Q正传__chunk001,蓝/故乡__chunk002,cross,0.804571
杨戴/阿Q正传__chunk001,蓝/明天__chunk001,cross,0.824548
杨戴/阿Q正传__chunk001,蓝/狂人日记__chunk001,cross,0.794830
杨戴/阿Q正传__chunk001,蓝/狂人日记__chunk002,cross,0.795379
杨戴/阿Q正传__chunk001,蓝/社戏__chunk001,cross,0.830008
杨戴/阿Q正传__chunk001,蓝/社戏__chunk002,cross,0.821714
杨戴/阿Q正传__chunk001,蓝/祝福__chunk001,cross,0.822492
杨戴/阿Q正传__chunk001,蓝/祝福__chunk002,cross,0.788685
杨戴/阿Q正传__chunk001,蓝/祝福__chunk003,cross,0.786874
杨戴/阿Q正传__chunk001,蓝/离婚__chunk001,cross,0.829390
杨戴/阿Q正传__chunk001,蓝/离婚__chunk002,cross,0.783415
杨戴/阿Q正传__chunk001,蓝/肥皂__chunk001,cross,0.808363
杨戴/阿Q正传__chunk001,蓝/肥皂__chunk002,cross,0.806402
杨戴/阿Q正传__chunk001,蓝/药__chunk001,cross,0.794884
杨戴/阿Q正传__chunk001,蓝/铸剑__chunk001,cross,0.833919
杨戴/阿Q正传__chunk001,蓝/铸剑__chunk002,cross,0.837206
杨戴/阿Q正传__chunk001,蓝/铸剑__chunk003,cross,0.809615
杨戴/阿Q正传__chunk001,蓝/阿Q正传__chunk001,cross,0.934273
杨戴/阿Q正传__chunk001,蓝/阿Q正传__chunk002,cross,0.907874
杨戴/阿Q正传__chunk001,蓝/阿Q正传__chunk003,cross,0.904576
杨戴/阿Q正传__chunk001,蓝/阿Q正传__chunk004,cross,0.909796
杨戴/阿Q正传__chunk001,蓝/阿Q正传__chunk005,cross,0.925284
杨戴/阿Q正传__chunk001,蓝/阿Q正传__chunk006,cross,0.922556
杨戴/阿Q正传__chunk001,蓝/阿Q正传__chunk007,cross,0.894708
杨戴/阿Q正传__chunk001,蓝/阿Q正传__chunk008,cross,0.919688
杨戴/阿Q正传__chunk001,蓝/风波__chunk001,cross,0.816187
杨戴/阿Q正传__chunk002,杨戴/阿Q正传__chunk003,same,0.950138
杨戴/阿Q正传__chunk002,杨戴/阿Q正传__chunk004,same,0.955704
杨戴/阿Q正传__chunk002,杨戴/阿Q正传__chunk005,same,0.965629
杨戴/阿Q正传__chunk002,杨戴/阿Q正传__chunk006,same,0.949432
杨戴/阿Q正传__chunk002,杨戴/阿Q正传__chunk007,same,0.946456
杨戴/阿Q正传__chunk002,杨戴/阿Q正传__chunk008,same,0.939861
杨戴/阿Q正传__chunk002,杨戴/阿Q正传__chunk009,same,0.921817
杨戴/阿Q正传__chunk002,杨戴/风波__chunk001,same,0.849861
杨戴/阿Q正传__chunk002,杨戴/风波__chunk002,same,0.805931
杨戴/阿Q正传__chunk002,蓝/伤逝__chunk001,cross,0.793320
杨戴/阿Q正传__chunk002,蓝/伤逝__chunk002,cross,0.771223
杨戴/阿Q正传__chunk002,蓝/伤逝__chunk003,cross,0.763670
杨戴/阿Q正传__chunk002,蓝/在酒楼上__chunk001,cross,0.819763
杨戴/阿Q正传__chunk002,蓝/在酒楼上__chunk002,cross,0.778694
杨戴/阿Q正传__chunk002,蓝/奔月__chunk001,cross,0.836432
杨戴/阿Q正传__chunk002,蓝/奔月__chunk002,cross,0.825142
杨戴/阿Q正传__chunk002,蓝/孤独者__chunk001,cross,0.861139
杨戴/阿Q正传__chunk002,蓝/孤独者__chunk002,cross,0.810461
杨戴/阿Q正传__chunk002,蓝/孤独者__chunk003,cross,0.735102
杨戴/阿Q正传__chunk002,蓝/孤独者__chunk004,cross,0.836554
杨戴/阿Q正传__chunk002,蓝/幸福的家庭__chunk001,cross,0.829327
杨戴/阿Q正传__chunk002,蓝/故乡__chunk001,cross,0.836132
杨戴/阿Q正传__chunk002,蓝/故乡__chunk002,cross,0.801833
杨戴/阿Q正传__chunk002,蓝/明天__chunk001,cross,0.839018
杨戴/阿Q正传__chunk002,蓝/狂人日记__chunk001,cross,0.773240
杨戴/阿Q正传__chunk002,蓝/狂人日记__chunk002,cross,0.772456
杨戴/阿Q正传__chunk002,蓝/社戏__chunk001,cross,0.817102
杨戴/阿Q正传__chunk002,蓝/社戏__chunk002,cross,0.824297
杨戴/阿Q正传__chunk002,蓝/祝福__chunk001,cross,0.803081
杨戴/阿Q正传__chunk002,蓝/祝福__chunk002,cross,0.789094
杨戴/阿Q正传__chunk002,蓝/祝福__chunk003,cross,0.789057
杨戴/阿Q正传__chunk002,蓝/离婚__chunk001,cross,0.836526
杨戴/阿Q正传__chunk002,蓝/离婚__chunk002,cross,0.774667
杨戴/阿Q正传__chunk002,蓝/肥皂__chunk001,cross,0.815635
杨戴/阿Q正传__chunk002,蓝/肥皂__chunk002,cross,0.806734
杨戴/阿Q正传__chunk002,蓝/药__chunk001,cross,0.826292
杨戴/阿Q正传__chunk002,蓝/铸剑__chunk001,cross,0.848683
杨戴/阿Q正传__chunk002,蓝/铸剑__chunk002,cross,0.847464
杨戴/阿Q正传__chunk002,蓝/铸剑__chunk003,cross,0.830360
杨戴/阿Q正传__chunk002,蓝/阿Q正传__chunk001,cross,0.921179
杨戴/阿Q正传__chunk002,蓝/阿Q正传__chunk002,cross,0.930668
杨戴/阿Q正传__chunk002,蓝/阿Q正传__chunk003,cross,0.927779
杨戴/阿Q正传__chunk002,蓝/阿Q正传__chunk004,cross,0.920368
杨戴/阿Q正传__chunk002,蓝/阿Q正传__chunk005,cross,0.927988
杨戴/阿Q正传__chunk002,蓝/阿Q正传__chunk006,cross,0.923006
杨戴/阿Q正传__chunk002,蓝/阿Q正传__chunk007,cross,0.912535
杨戴/阿Q正传__chunk002,蓝/阿Q正传__chunk008,cross,0.935335
杨戴/阿Q正传__chunk002,蓝/风波__chunk001,cross,0.825634
杨戴/阿Q正传__chunk003,杨戴/阿Q正传__chunk004,same,0.972941
杨戴/阿Q正传__chunk003,杨戴/阿Q正传__chunk005,same,0.947191
杨戴/阿Q正传__chunk003,杨戴/阿Q正传__chunk006,same,0.956347
杨戴/阿Q正传__chunk003,杨戴/阿Q正传__chunk007,same,0.929304
杨戴/阿Q正传__chunk003,杨戴/阿Q正传__chunk008,same,0.956778
杨戴/阿Q正传__chunk003,杨戴/阿Q正传__chunk009,same,0.923140
杨戴/阿Q正传__chunk003,杨戴/风波__chunk001,same,0.854102
杨戴/阿Q正传__chunk003,杨戴/风波__chunk002,same,0.834335
杨戴/阿Q正传__chunk003,蓝/伤逝__chunk001,cross,0.803835
杨戴/阿Q正传__chunk003,蓝/伤逝__chunk002,cross,0.799683
杨戴/阿Q正传__chunk003,蓝/伤逝__chunk003,cross,0.793444
杨戴/阿Q正传__chunk003,蓝/在酒楼上__chunk001,cross,0.828732
杨戴/阿Q正传__chunk003,蓝/在酒楼上__chunk002,cross,0.775094
杨戴/阿Q正传__chunk003,蓝/奔月__chunk001,cross,0.843748
杨戴/阿Q正传__chunk003,蓝/奔月__chunk002,cross,0.835975
杨戴/阿Q正传__chunk003,蓝/孤独者__chunk001,cross,0.868643
杨戴/阿Q正传__chunk003,蓝/孤独者__chunk002,cross,0.835916
杨戴/阿Q正传__chunk003,蓝/孤独者__chunk003,cross,0.762346
杨戴/阿Q正传__chunk003,蓝/孤独者__chunk004,cross,0.859562
杨戴/阿Q正传__chunk003,蓝/幸福的家庭__chunk001,cross,0.846158
杨戴/阿Q正传__chunk003,蓝/故乡__chunk001,cross,0.854711
杨戴/阿Q正传__chunk003,蓝/故乡__chunk002,cross,0.821731
杨戴/阿Q正传__chunk003,蓝/明天__chunk001,cross,0.856970
杨戴/阿Q正传__chunk003,蓝/狂人日记__chunk001,cross,0.796740
杨戴/阿Q正传__chunk003,蓝/狂人日记__chunk002,cross,0.789179
杨戴/阿Q正传__chunk003,蓝/社戏__chunk001,cross,0.813927
杨戴/阿Q正传__chunk003,蓝/社戏__chunk002,cross,0.836838
杨戴/阿Q正传__chunk003,蓝/祝福__chunk001,cross,0.819631
杨戴/阿Q正传__chunk003,蓝/祝福__chunk002,cross,0.800833
杨戴/阿Q正传__chunk003,蓝/祝福__chunk003,cross,0.810261
杨戴/阿Q正传__chunk003,蓝/离婚__chunk001,cross,0.846034
杨戴/阿Q正传__chunk003,蓝/离婚__chunk002,cross,0.794451
杨戴/阿Q正传__chunk003,蓝/肥皂__chunk001,cross,0.823350
杨戴/阿Q正传__chunk003,蓝/肥皂__chunk002,cross,0.814919
杨戴/阿Q正传__chunk003,蓝/药__chunk001,cross,0.835864
杨戴/阿Q正传__chunk003,蓝/铸剑__chunk001,cross,0.854360
杨戴/阿Q正传__chunk003,蓝/铸剑__chunk002,cross,0.851036
杨戴/阿Q正传__chunk003,蓝/铸剑__chunk003,cross,0.829541
杨戴/阿Q正传__chunk003,蓝/阿Q正传__chunk001,cross,0.910109
杨戴/阿Q正传__chunk003,蓝/阿Q正传__chunk002,cross,0.934699
杨戴/阿Q正传__chunk003,蓝/阿Q正传__chunk003,cross,0.947277
杨戴/阿Q正传__chunk003,蓝/阿Q正传__chunk004,cross,0.945577
杨戴/阿Q正传__chunk003,蓝/阿Q正传__chunk005,cross,0.934777
杨戴/阿Q正传__chunk003,蓝/阿Q正传__chunk006,cross,0.929503
杨戴/阿Q正传__chunk003,蓝/阿Q正传__chunk007,cross,0.923229
杨戴/阿Q正传__chunk003,蓝/阿Q正传__chunk008,cross,0.954478
杨戴/阿Q正传__chunk003,蓝/风波__chunk001,cross,0.847558
杨戴/阿Q正传__chunk004,杨戴/阿Q正传__chunk005,same,0.944144
杨戴/阿Q正传__chunk004,杨戴/阿Q正传__chunk006,same,0.960679
杨戴/阿Q正传__chunk004,杨戴/阿Q正传__chunk007,same,0.922943
杨戴/阿Q正传__chunk004,杨戴/阿Q正传__chunk008,same,0.957960
杨戴/阿Q正传__chunk004,杨戴/阿Q正传__chunk009,same,0.914059
杨戴/阿Q正传__chunk004,杨戴/风波__chunk001,same,0.842115
杨戴/阿Q正传__chunk004,杨戴/风波__chunk002,same,0.823667
杨戴/阿Q正传__chunk004,蓝/伤逝__chunk001,cross,0.771109
杨戴/阿Q正传__chunk004,蓝/伤逝__chunk002,cross,0.785626
杨戴/阿Q正传__chunk004,蓝/伤逝__chunk003,cross,0.768881
杨戴/阿Q正传__chunk004,蓝/在酒楼上__chunk001,cross,0.818356
杨戴/阿Q正传__chunk004,蓝/在酒楼上__chunk002,cross,0.771188
杨戴/阿Q正传__chunk004,蓝/奔月__chunk001,cross,0.835708
杨戴/阿Q正传__chunk004,蓝/奔月__chunk002,cross,0.829618
杨戴/阿Q正传__chunk004,蓝/孤独者__chunk001,cross,0.858265
杨戴/阿Q正传__chunk004,蓝/孤独者__chunk002,cross,0.829790
杨戴/阿Q正传__chunk004,蓝/孤独者__chunk003,cross,0.752410
杨戴/阿Q正传__chunk004,蓝/孤独者__chunk004,cross,0.836376
杨戴/阿Q正传__chunk004,蓝/幸福的家庭__chunk001,cross,0.831344
杨戴/阿Q正传__chunk004,蓝/故乡__chunk001,cross,0.845188
杨戴/阿Q正传__chunk004,蓝/故乡__chunk002,cross,0.807793
杨戴/阿Q正传__chunk004,蓝/明天__chunk001,cross,0.827909
杨戴/阿Q正传__chunk004,蓝/狂人日记__chunk001,cross,0.780412
杨戴/阿Q正传__chunk004,蓝/狂人日记__chunk002,cross,0.785842
杨戴/阿Q正传__chunk004,蓝/社戏__chunk001,cross,0.795659
杨戴/阿Q正传__chunk004,蓝/社戏__chunk002,cross,0.821928
杨戴/阿Q正传__chunk004,蓝/祝福__chunk001,cross,0.799719
杨戴/阿Q正传__chunk004,蓝/祝福__chunk002,cross,0.785374
杨戴/阿Q正传__chunk004,蓝/祝福__chunk003,cross,0.789420
杨戴/阿Q正传__chunk004,蓝/离婚__chunk001,cross,0.835915
杨戴/阿Q正传__chunk004,蓝/离婚__chunk002,cross,0.790423
杨戴/阿Q正传__chunk004,蓝/肥皂__chunk001,cross,0.820402
杨戴/阿Q正传__chunk004,蓝/肥皂__chunk002,cross,0.800838
杨戴/阿Q正传__chunk004,蓝/药__chunk001,cross,0.823040
杨戴/阿Q正传__chunk004,蓝/铸剑__chunk001,cross,0.848199
杨戴/阿Q正传__chunk004,蓝/铸剑__chunk002,cross,0.845136
杨戴/阿Q正传__chunk004,蓝/铸剑__chunk003,cross,0.809782
杨戴/阿Q正传__chunk004,蓝/阿Q正传__chunk001,cross,0.893092
杨戴/阿Q正传__chunk004,蓝/阿Q正传__chunk002,cross,0.931010
杨戴/阿Q正传__chunk004,蓝/阿Q正传__chunk003,cross,0.933016
杨戴/阿Q正传__chunk004,蓝/阿Q正传__chunk004,cross,0.935368
杨戴/阿Q正传__chunk004,蓝/阿Q正传__chunk005,cross,0.927842
杨戴/阿Q正传__chunk004,蓝/阿Q正传__chunk006,cross,0.921102
杨戴/阿Q正传__chunk004,蓝/阿Q正传__chunk007,cross,0.903091
杨戴/阿Q正传__chunk004,蓝/阿Q正传__chunk008,cross,0.948402
杨戴/阿Q正传__chunk004,蓝/风波__chunk001,cross,0.824186
杨戴/阿Q正传__chunk005,杨戴/阿Q正传__chunk006,same,0.953526
杨戴/阿Q正传__chunk005,杨戴/阿Q正传__chunk007,same,0.957474
杨戴/阿Q正传__chunk005,杨戴/阿Q正传__chunk008,same,0.947131
杨戴/阿Q正传__chunk005,杨戴/阿Q正传__chunk009,same,0.927219
杨戴/阿Q正传__chunk005,杨戴/风波__chunk001,same,0.871820
杨戴/阿Q正传__chunk005,杨戴/风波__chunk002,same,0.830076
杨戴/阿Q正传__chunk005,蓝/伤逝__chunk001,cross,0.802765
杨戴/阿Q正传__chunk005,蓝/伤逝__chunk002,cross,0.795273
杨戴/阿Q正传__chunk005,蓝/伤逝__chunk003,cross,0.789199
杨戴/阿Q正传__chunk005,蓝/在酒楼上__chunk001,cross,0.842448
杨戴/阿Q正传__chunk005,蓝/在酒楼上__chunk002,cross,0.791330
杨戴/阿Q正传__chunk005,蓝/奔月__chunk001,cross,0.855391
杨戴/阿Q正传__chunk005,蓝/奔月__chunk002,cross,0.840046
杨戴/阿Q正传__chunk005,蓝/孤独者__chunk001,cross,0.874367
杨戴/阿Q正传__chunk005,蓝/孤独者__chunk002,cross,0.826147
杨戴/阿Q正传__chunk005,蓝/孤独者__chunk003,cross,0.760124
杨戴/阿Q正传__chunk005,蓝/孤独者__chunk004,cross,0.850742
杨戴/阿Q正传__chunk005,蓝/幸福的家庭__chunk001,cross,0.842819
杨戴/阿Q正传__chunk005,蓝/故乡__chunk001,cross,0.857089
杨戴/阿Q正传__chunk005,蓝/故乡__chunk002,cross,0.818570
杨戴/阿Q正传__chunk005,蓝/明天__chunk001,cross,0.859078
杨戴/阿Q正传__chunk005,蓝/狂人日记__chunk001,cross,0.790704
杨戴/阿Q正传__chunk005,蓝/狂人日记__chunk002,cross,0.784154
杨戴/阿Q正传__chunk005,蓝/社戏__chunk001,cross,0.837720
杨戴/阿Q正传__chunk005,蓝/社戏__chunk002,cross,0.856847
杨戴/阿Q正传__chunk005,蓝/祝福__chunk001,cross,0.832403
杨戴/阿Q正传__chunk005,蓝/祝福__chunk002,cross,0.814774
杨戴/阿Q正传__chunk005,蓝/祝福__chunk003,cross,0.803396
杨戴/阿Q正传__chunk005,蓝/离婚__chunk001,cross,0.857991
杨戴/阿Q正传__chunk005,蓝/离婚__chunk002,cross,0.783712
杨戴/阿Q正传__chunk005,蓝/肥皂__chunk001,cross,0.827779
杨戴/阿Q正传__chunk005,蓝/肥皂__chunk002,cross,0.821432
杨戴/阿Q正传__chunk005,蓝/药__chunk001,cross,0.841652
杨戴/阿Q正传__chunk005,蓝/铸剑__chunk001,cross,0.854406
杨戴/阿Q正传__chunk005,蓝/铸剑__chunk002,cross,0.856108
杨戴/阿Q正传__chunk005,蓝/铸剑__chunk003,cross,0.849276
杨戴/阿Q正传__chunk005,蓝/阿Q正传__chunk001,cross,0.927095
杨戴/阿Q正传__chunk005,蓝/阿Q正传__chunk002,cross,0.919688
杨戴/阿Q正传__chunk005,蓝/阿Q正传__chunk003,cross,0.927532
杨戴/阿Q正传__chunk005,蓝/阿Q正传__chunk004,cross,0.928201
杨戴/阿Q正传__chunk005,蓝/阿Q正传__chunk005,cross,0.941629
杨戴/阿Q正传__chunk005,蓝/阿Q正传__chunk006,cross,0.932721
杨戴/阿Q正传__chunk005,蓝/阿Q正传__chunk007,cross,0.924820
杨戴/阿Q正传__chunk005,蓝/阿Q正传__chunk008,cross,0.943546
杨戴/阿Q正传__chunk005,蓝/风波__chunk001,cross,0.846202
杨戴/阿Q正传__chunk006,杨戴/阿Q正传__chunk007,same,0.932930
杨戴/阿Q正传__chunk006,杨戴/阿Q正传__chunk008,same,0.960318
杨戴/阿Q正传__chunk006,杨戴/阿Q正传__chunk009,same,0.907052
杨戴/阿Q正传__chunk006,杨戴/风波__chunk001,same,0.858820
杨戴/阿Q正传__chunk006,杨戴/风波__chunk002,same,0.823795
杨戴/阿Q正传__chunk006,蓝/伤逝__chunk001,cross,0.792033
杨戴/阿Q正传__chunk006,蓝/伤逝__chunk002,cross,0.800601
杨戴/阿Q正传__chunk006,蓝/伤逝__chunk003,cross,0.786841
杨戴/阿Q正传__chunk006,蓝/在酒楼上__chunk001,cross,0.831659
杨戴/阿Q正传__chunk006,蓝/在酒楼上__chunk002,cross,0.797369
杨戴/阿Q正传__chunk006,蓝/奔月__chunk001,cross,0.837141
杨戴/阿Q正传__chunk006,蓝/奔月__chunk002,cross,0.824182
杨戴/阿Q正传__chunk006,蓝/孤独者__chunk001,cross,0.848095
杨戴/阿Q正传__chunk006,蓝/孤独者__chunk002,cross,0.828062
杨戴/阿Q正传__chunk006,蓝/孤独者__chunk003,cross,0.768148
杨戴/阿Q正传__chunk006,蓝/孤独者__chunk004,cross,0.824909
杨戴/阿Q正传__chunk006,蓝/幸福的家庭__chunk001,cross,0.832861
杨戴/阿Q正传__chunk006,蓝/故乡__chunk001,cross,0.846636
杨戴/阿Q正传__chunk006,蓝/故乡__chunk002,cross,0.816911
杨戴/阿Q正传__chunk006,蓝/明天__chunk001,cross,0.830092
杨戴/阿Q正传__chunk006,蓝/狂人日记__chunk001,cross,0.801538
杨戴/阿Q正传__chunk006,蓝/狂人日记__chunk002,cross,0.793294
杨戴/阿Q正传__chunk006,蓝/社戏__chunk001,cross,0.816122
杨戴/阿Q正传__chunk006,蓝/社戏__chunk002,cross,0.825151
杨戴/阿Q正传__chunk006,蓝/祝福__chunk001,cross,0.812525
杨戴/阿Q正传__chunk006,蓝/祝福__chunk002,cross,0.804143
杨戴/阿Q正传__chunk006,蓝/祝福__chunk003,cross,0.800059
杨戴/阿Q正传__chunk006,蓝/离婚__chunk001,cross,0.843348
杨戴/阿Q正传__chunk006,蓝/离婚__chunk002,cross,0.799504
杨戴/阿Q正传__chunk006,蓝/肥皂__chunk001,cross,0.822861
杨戴/阿Q正传__chunk006,蓝/肥皂__chunk002,cross,0.808937
杨戴/阿Q正传__chunk006,蓝/药__chunk001,cross,0.811764
杨戴/阿Q正传__chunk006,蓝/铸剑__chunk001,cross,0.837625
杨戴/阿Q正传__chunk006,蓝/铸剑__chunk002,cross,0.832223
杨戴/阿Q正传__chunk006,蓝/铸剑__chunk003,cross,0.814870
杨戴/阿Q正传__chunk006,蓝/阿Q正传__chunk001,cross,0.897409
杨戴/阿Q正传__chunk006,蓝/阿Q正传__chunk002,cross,0.910512
杨戴/阿Q正传__chunk006,蓝/阿Q正传__chunk003,cross,0.917690
杨戴/阿Q正传__chunk006,蓝/阿Q正传__chunk004,cross,0.924792
杨戴/阿Q正传__chunk006,蓝/阿Q正传__chunk005,cross,0.920078
杨戴/阿Q正传__chunk006,蓝/阿Q正传__chunk006,cross,0.934899
杨戴/阿Q正传__chunk006,蓝/阿Q正传__chunk007,cross,0.902917
杨戴/阿Q正传__chunk006,蓝/阿Q正传__chunk008,cross,0.938269
杨戴/阿Q正传__chunk006,蓝/风波__chunk001,cross,0.821774
杨戴/阿Q正传__chunk007,杨戴/阿Q正传__chunk008,same,0.939720
杨戴/阿Q正传__chunk007,杨戴/阿Q正传__chunk009,same,0.907106
杨戴/阿Q正传__chunk007,杨戴/风波__chunk001,same,0.874633
杨戴/阿Q正传__chunk007,杨戴/风波__chunk002,same,0.838078
杨戴/阿Q正传__chunk007,蓝/伤逝__chunk001,cross,0.786165
杨戴/阿Q正传__chunk007,蓝/伤逝__chunk002,cross,0.795178
杨戴/阿Q正传__chunk007,蓝/伤逝__chunk003,cross,0.764311
杨戴/阿Q正传__chunk007,蓝/在酒楼上__chunk001,cross,0.819723
杨戴/阿Q正传__chunk007,蓝/在酒楼上__chunk002,cross,0.790228
杨戴/阿Q正传__chunk007,蓝/奔月__chunk001,cross,0.840270
杨戴/阿Q正传__chunk007,蓝/奔月__chunk002,cross,0.832957
杨戴/阿Q正传__chunk007,蓝/孤独者__chunk001,cross,0.861756
杨戴/阿Q正传__chunk007,蓝/孤独者__chunk002,cross,0.808183
杨戴/阿Q正传__chunk007,蓝/孤独者__chunk003,cross,0.734947
杨戴/阿Q正传__chunk007,蓝/孤独者__chunk004,cross,0.845035
杨戴/阿Q正传__chunk007,蓝/幸福的家庭__chunk001,cross,0.836871
杨戴/阿Q正传__chunk007,蓝/故乡__chunk001,cross,0.829993
杨戴/阿Q正传__chunk007,蓝/故乡__chunk002,cross,0.814954
杨戴/阿Q正传__chunk007,蓝/明天__chunk001,cross,0.846267
杨戴/阿Q正传__chunk007,蓝/狂人日记__chunk001,cross,0.782244
杨戴/阿Q正传__chunk007,蓝/狂人日记__chunk002,cross,0.778714
杨戴/阿Q正传__chunk007,蓝/社戏__chunk001,cross,0.818382
杨戴/阿Q正传__chunk007,蓝/社戏__chunk002,cross,0.844341
杨戴/阿Q正传__chunk007,蓝/祝福__chunk001,cross,0.809135
杨戴/阿Q正传__chunk007,蓝/祝福__chunk002,cross,0.811929
杨戴/阿Q正传__chunk007,蓝/祝福__chunk003,cross,0.818135
杨戴/阿Q正传__chunk007,蓝/离婚__chunk001,cross,0.843449
杨戴/阿Q正传__chunk007,蓝/离婚__chunk002,cross,0.779389
杨戴/阿Q正传__chunk007,蓝/肥皂__chunk001,cross,0.808484
杨戴/阿Q正传__chunk007,蓝/肥皂__chunk002,cross,0.798389
杨戴/阿Q正传__chunk007,蓝/药__chunk001,cross,0.835321
杨戴/阿Q正传__chunk007,蓝/铸剑__chunk001,cross,0.849900
杨戴/阿Q正传__chunk007,蓝/铸剑__chunk002,cross,0.850416
杨戴/阿Q正传__chunk007,蓝/铸剑__chunk003,cross,0.834926
杨戴/阿Q正传__chunk007,蓝/阿Q正传__chunk001,cross,0.898386
杨戴/阿Q正传__chunk007,蓝/阿Q正传__chunk002,cross,0.897225
杨戴/阿Q正传__chunk007,蓝/阿Q正传__chunk003,cross,0.906217
杨戴/阿Q正传__chunk007,蓝/阿Q正传__chunk004,cross,0.897900
杨戴/阿Q正传__chunk007,蓝/阿Q正传__chunk005,cross,0.913977
杨戴/阿Q正传__chunk007,蓝/阿Q正传__chunk006,cross,0.905466
杨戴/阿Q正传__chunk007,蓝/阿Q正传__chunk007,cross,0.906018
杨戴/阿Q正传__chunk007,蓝/阿Q正传__chunk008,cross,0.914033
杨戴/阿Q正传__chunk007,蓝/风波__chunk001,cross,0.840826
杨戴/阿Q正传__chunk008,杨戴/阿Q正传__chunk009,same,0.907182
杨戴/阿Q正传__chunk008,杨戴/风波__chunk001,same,0.866745
杨戴/阿Q正传__chunk008,杨戴/风波__chunk002,same,0.836426
杨戴/阿Q正传__chunk008,蓝/伤逝__chunk001,cross,0.776075
杨戴/阿Q正传__chunk008,蓝/伤逝__chunk002,cross,0.795063
杨戴/阿Q正传__chunk008,蓝/伤逝__chunk003,cross,0.772721
杨戴/阿Q正传__chunk008,蓝/在酒楼上__chunk001,cross,0.818899
杨戴/阿Q正传__chunk008,蓝/在酒楼上__chunk002,cross,0.798534
杨戴/阿Q正传__chunk008,蓝/奔月__chunk001,cross,0.838988
杨戴/阿Q正传__chunk008,蓝/奔月__chunk002,cross,0.829431
杨戴/阿Q正传__chunk008,蓝/孤独者__chunk001,cross,0.848281
杨戴/阿Q正传__chunk008,蓝/孤独者__chunk002,cross,0.838638
杨戴/阿Q正传__chunk008,蓝/孤独者__chunk003,cross,0.761278
杨戴/阿Q正传__chunk008,蓝/孤独者__chunk004,cross,0.847916
杨戴/阿Q正传__chunk008,蓝/幸福的家庭__chunk001,cross,0.839780
杨戴/阿Q正传__chunk008,蓝/故乡__chunk001,cross,0.854295
杨戴/阿Q正传__chunk008,蓝/故乡__chunk002,cross,0.812888
杨戴/阿Q正传__chunk008,蓝/明天__chunk001,cross,0.825999
杨戴/阿Q正传__chunk008,蓝/狂人日记__chunk001,cross,0.791244
杨戴/阿Q正传__chunk008,蓝/狂人日记__chunk002,cross,0.787752
杨戴/阿Q正传__chunk008,蓝/社戏__chunk001,cross,0.806151
杨戴/阿Q正传__chunk008,蓝/社戏__chunk002,cross,0.829990
杨戴/阿Q正传__chunk008,蓝/祝福__chunk001,cross,0.811297
杨戴/阿Q正传__chunk008,蓝/祝福__chunk002,cross,0.811146
杨戴/阿Q正传__chunk008,蓝/祝福__chunk003,cross,0.819143
杨戴/阿Q正传__chunk008,蓝/离婚__chunk001,cross,0.839237
杨戴/阿Q正传__chunk008,蓝/离婚__chunk002,cross,0.784478
杨戴/阿Q正传__chunk008,蓝/肥皂__chunk001,cross,0.818244
杨戴/阿Q正传__chunk008,蓝/肥皂__chunk002,cross,0.813529
杨戴/阿Q正传__chunk008,蓝/药__chunk001,cross,0.828596
杨戴/阿Q正传__chunk008,蓝/铸剑__chunk001,cross,0.847303
杨戴/阿Q正传__chunk008,蓝/铸剑__chunk002,cross,0.842029
杨戴/阿Q正传__chunk008,蓝/铸剑__chunk003,cross,0.812039
杨戴/阿Q正传__chunk008,蓝/阿Q正传__chunk001,cross,0.889322
杨戴/阿Q正传__chunk008,蓝/阿Q正传__chunk002,cross,0.905899
杨戴/阿Q正传__chunk008,蓝/阿Q正传__chunk003,cross,0.917788
杨戴/阿Q正传__chunk008,蓝/阿Q正传__chunk004,cross,0.922440
杨戴/阿Q正传__chunk008,蓝/阿Q正传__chunk005,cross,0.918874
杨戴/阿Q正传__chunk008,蓝/阿Q正传__chunk006,cross,0.912039
杨戴/阿Q正传__chunk008,蓝/阿Q正传__chunk007,cross,0.905568
杨戴/阿Q正传__chunk008,蓝/阿Q正传__chunk008,cross,0.954579
杨戴/阿Q正传__chunk008,蓝/风波__chunk001,cross,0.836623
杨戴/阿Q正传__chunk009,杨戴/风波__chunk001,same,0.870557
杨戴/阿Q正传__chunk009,杨戴/风波__chunk002,same,0.831861
杨戴/阿Q正传__chunk009,蓝/伤逝__chunk001,cross,0.810245
杨戴/阿Q正传__chunk009,蓝/伤逝__chunk002,cross,0.796142
杨戴/阿Q正传__chunk009,蓝/伤逝__chunk003,cross,0.799549
杨戴/阿Q正传__chunk009,蓝/在酒楼上__chunk001,cross,0.843798
杨戴/阿Q正传__chunk009,蓝/在酒楼上__chunk002,cross,0.786525
杨戴/阿Q正传__chunk009,蓝/奔月__chunk001,cross,0.879389
杨戴/阿Q正传__chunk009,蓝/奔月__chunk002,cross,0.848156
杨戴/阿Q正传__chunk009,蓝/孤独者__chunk001,cross,0.891502
杨戴/阿Q正传__chunk009,蓝/孤独者__chunk002,cross,0.832745
杨戴/阿Q正传__chunk009,蓝/孤独者__chunk003,cross,0.784049
杨戴/阿Q正传__chunk009,蓝/孤独者__chunk004,cross,0.869714
杨戴/阿Q正传__chunk009,蓝/幸福的家庭__chunk001,cross,0.848373
杨戴/阿Q正传__chunk009,蓝/故乡__chunk001,cross,0.856731
杨戴/阿Q正传__chunk009,蓝/故乡__chunk002,cross,0.846612
杨戴/阿Q正传__chunk009,蓝/明天__chunk001,cross,0.861328
杨戴/阿Q正传__chunk009,蓝/狂人日记__chunk001,cross,0.812086
杨戴/阿Q正传__chunk009,蓝/狂人日记__chunk002,cross,0.802024
杨戴/阿Q正传__chunk009,蓝/社戏__chunk001,cross,0.832212
杨戴/阿Q正传__chunk009,蓝/社戏__chunk002,cross,0.848297
杨戴/阿Q正传__chunk009,蓝/祝福__chunk001,cross,0.839416
杨戴/阿Q正传__chunk009,蓝/祝福__chunk002,cross,0.792876
杨戴/阿Q正传__chunk009,蓝/祝福__chunk003,cross,0.788321
杨戴/阿Q正传__chunk009,蓝/离婚__chunk001,cross,0.864996
杨戴/阿Q正传__chunk009,蓝/离婚__chunk002,cross,0.788246
杨戴/阿Q正传__chunk009,蓝/肥皂__chunk001,cross,0.840889
杨戴/阿Q正传__chunk009,蓝/肥皂__chunk002,cross,0.834903
杨戴/阿Q正传__chunk009,蓝/药__chunk001,cross,0.862579
杨戴/阿Q正传__chunk009,蓝/铸剑__chunk001,cross,0.862026
杨戴/阿Q正传__chunk009,蓝/铸剑__chunk002,cross,0.868662
杨戴/阿Q正传__chunk009,蓝/铸剑__chunk003,cross,0.847344
杨戴/阿Q正传__chunk009,蓝/阿Q正传__chunk001,cross,0.895844
杨戴/阿Q正传__chunk009,蓝/阿Q正传__chunk002,cross,0.903651
杨戴/阿Q正传__chunk009,蓝/阿Q正传__chunk003,cross,0.919538
杨戴/阿Q正传__chunk009,蓝/阿Q正传__chunk004,cross,0.912407
杨戴/阿Q正传__chunk009,蓝/阿Q正传__chunk005,cross,0.912877
杨戴/阿Q正传__chunk009,蓝/阿Q正传__chunk006,cross,0.916025
杨戴/阿Q正传__chunk009,蓝/阿Q正传__chunk007,cross,0.928093
杨戴/阿Q正传__chunk009,蓝/阿Q正传__chunk008,cross,0.916138
杨戴/阿Q正传__chunk009,蓝/风波__chunk001,cross,0.843877
杨戴/风波__chunk001,杨戴/风波__chunk002,same,0.921020
杨戴/风波__chunk001,蓝/伤逝__chunk001,cross,0.820837
杨戴/风波__chunk001,蓝/伤逝__chunk002,cross,0.852346
杨戴/风波__chunk001,蓝/伤逝__chunk003,cross,0.825582
杨戴/风波__chunk001,蓝/在酒楼上__chunk001,cross,0.864550
杨戴/风波__chunk001,蓝/在酒楼上__chunk002,cross,0.839954
杨戴/风波__chunk001,蓝/奔月__chunk001,cross,0.914906
杨戴/风波__chunk001,蓝/奔月__chunk002,cross,0.882135
杨戴/风波__chunk001,蓝/孤独者__chunk001,cross,0.882743
杨戴/风波__chunk001,蓝/孤独者__chunk002,cross,0.874316
杨戴/风波__chunk001,蓝/孤独者__chunk003,cross,0.806952
杨戴/风波__chunk001,蓝/孤独者__chunk004,cross,0.887124
杨戴/风波__chunk001,蓝/幸福的家庭__chunk001,cross,0.904317
杨戴/风波__chunk001,蓝/故乡__chunk001,cross,0.889482
杨戴/风波__chunk001,蓝/故乡__chunk002,cross,0.852446
杨戴/风波__chunk001,蓝/明天__chunk001,cross,0.900757
杨戴/风波__chunk001,蓝/狂人日记__chunk001,cross,0.833012
杨戴/风波__chunk001,蓝/狂人日记__chunk002,cross,0.823359
杨戴/风波__chunk001,蓝/社戏__chunk001,cross,0.852787
杨戴/风波__chunk001,蓝/社戏__chunk002,cross,0.893350
杨戴/风波__chunk001,蓝/祝福__chunk001,cross,0.852393
杨戴/风波__chunk001,蓝/祝福__chunk002,cross,0.880207
杨戴/风波__chunk001,蓝/祝福__chunk003,cross,0.860136
杨戴/风波__chunk001,蓝/离婚__chunk001,cross,0.911217
杨戴/风波__chunk001,蓝/离婚__chunk002,cross,0.856677
杨戴/风波__chunk001,蓝/肥皂__chunk001,cross,0.895997
杨戴/风波__chunk001,蓝/肥皂__chunk002,cross,0.878306
杨戴/风波__chunk001,蓝/药__chunk001,cross,0.895378
杨戴/风波__chunk001,蓝/铸剑__chunk001,cross,0.901735
杨戴/风波__chunk001,蓝/铸剑__chunk002,cross,0.880982
杨戴/风波__chunk001,蓝/铸剑__chunk003,cross,0.876839
杨戴/风波__chunk001,蓝/阿Q正传__chunk001,cross,0.824669
杨戴/风波__chunk001,蓝/阿Q正传__chunk002,cross,0.811383
杨戴/风波__chunk001,蓝/阿Q正传__chunk003,cross,0.830136
杨戴/风波__chunk001,蓝/阿Q正传__chunk004,cross,0.847590
杨戴/风波__chunk001,蓝/阿Q正传__chunk005,cross,0.829923
杨戴/风波__chunk001,蓝/阿Q正传__chunk006,cross,0.851631
杨戴/风波__chunk001,蓝/阿Q正传__chunk007,cross,0.881906
杨戴/风波__chunk001,蓝/阿Q正传__chunk008,cross,0.868758
杨戴/风波__chunk001,蓝/风波__chunk001,cross,0.912914
杨戴/风波__chunk002,蓝/伤逝__chunk001,cross,0.817457
杨戴/风波__chunk002,蓝/伤逝__chunk002,cross,0.858324
杨戴/风波__chunk002,蓝/伤逝__chunk003,cross,0.818472
杨戴/风波__chunk002,蓝/在酒楼上__chunk001,cross,0.852217
杨戴/风波__chunk002,蓝/在酒楼上__chunk002,cross,0.806968
杨戴/风波__chunk002,蓝/奔月__chunk001,cross,0.901574
杨戴/风波__chunk002,蓝/奔月__chunk002,cross,0.909294
杨戴/风波__chunk002,蓝/孤独者__chunk001,cross,0.898590
杨戴/风波__chunk002,蓝/孤独者__chunk002,cross,0.890983
杨戴/风波__chunk002,蓝/孤独者__chunk003,cross,0.793816
杨戴/风波__chunk002,蓝/孤独者__chunk004,cross,0.909791
杨戴/风波__chunk002,蓝/幸福的家庭__chunk001,cross,0.899004
杨戴/风波__chunk002,蓝/故乡__chunk001,cross,0.867177
杨戴/风波__chunk002,蓝/故乡__chunk002,cross,0.868280
杨戴/风波__chunk002,蓝/明天__chunk001,cross,0.884841
杨戴/风波__chunk002,蓝/狂人日记__chunk001,cross,0.826041
杨戴/风波__chunk002,蓝/狂人日记__chunk002,cross,0.842320
杨戴/风波__chunk002,蓝/社戏__chunk001,cross,0.842181
杨戴/风波__chunk002,蓝/社戏__chunk002,cross,0.880839
杨戴/风波__chunk002,蓝/祝福__chunk001,cross,0.856822
杨戴/风波__chunk002,蓝/祝福__chunk002,cross,0.826843
杨戴/风波__chunk002,蓝/祝福__chunk003,cross,0.828453
杨戴/风波__chunk002,蓝/离婚__chunk001,cross,0.903706
杨戴/风波__chunk002,蓝/离婚__chunk002,cross,0.877414
杨戴/风波__chunk002,蓝/肥皂__chunk001,cross,0.883599
杨戴/风波__chunk002,蓝/肥皂__chunk002,cross,0.882897
杨戴/风波__chunk002,蓝/药__chunk001,cross,0.901500
杨戴/风波__chunk002,蓝/铸剑__chunk001,cross,0.902368
杨戴/风波__chunk002,蓝/铸剑__chunk002,cross,0.898138
杨戴/风波__chunk002,蓝/铸剑__chunk003,cross,0.861408
杨戴/风波__chunk002,蓝/阿Q正传__chunk001,cross,0.823451
杨戴/风波__chunk002,蓝/阿Q正传__chunk002,cross,0.819013
杨戴/风波__chunk002,蓝/阿Q正传__chunk003,cross,0.833706
杨戴/风波__chunk002,蓝/阿Q正传__chunk004,cross,0.850484
杨戴/风波__chunk002,蓝/阿Q正传__chunk005,cross,0.824233
杨戴/风波__chunk002,蓝/阿Q正传__chunk006,cross,0.839224
杨戴/风波__chunk002,蓝/阿Q正传__chunk007,cross,0.872164
杨戴/风波__chunk002,蓝/阿Q正传__chunk008,cross,0.845611
杨戴/风波__chunk002,蓝/风波__chunk001,cross,0.916207
蓝/伤逝__chunk001,蓝/伤逝__chunk002,same,0.915776
蓝/伤逝__chunk001,蓝/伤逝__chunk003,same,0.945908
蓝/伤逝__chunk001,蓝/在酒楼上__chunk001,same,0.912769
蓝/伤逝__chunk001,蓝/在酒楼上__chunk002,same,0.864158
蓝/伤逝__chunk001,蓝/奔月__chunk001,same,0.855123
蓝/伤逝__chunk001,蓝/奔月__chunk002,same,0.823079
蓝/伤逝__chunk001,蓝/孤独者__chunk001,same,0.870615
蓝/伤逝__chunk001,蓝/孤独者__chunk002,same,0.869814
蓝/伤逝__chunk001,蓝/孤独者__chunk003,same,0.882223
蓝/伤逝__chunk001,蓝/孤独者__chunk004,same,0.875854
蓝/伤逝__chunk001,蓝/幸福的家庭__chunk001,same,0.845704
蓝/伤逝__chunk001,蓝/故乡__chunk001,same,0.910355
蓝/伤逝__chunk001,蓝/故乡__chunk002,same,0.862811
蓝/伤逝__chunk001,蓝/明天__chunk001,same,0.880786
蓝/伤逝__chunk001,蓝/狂人日记__chunk001,same,0.872261
蓝/伤逝__chunk001,蓝/狂人日记__chunk002,same,0.828865
蓝/伤逝__chunk001,蓝/社戏__chunk001,same,0.929938
蓝/伤逝__chunk001,蓝/社戏__chunk002,same,0.869481
蓝/伤逝__chunk001,蓝/祝福__chunk001,same,0.917812
蓝/伤逝__chunk001,蓝/祝福__chunk002,same,0.848511
蓝/伤逝__chunk001,蓝/祝福__chunk003,same,0.842825
蓝/伤逝__chunk001,蓝/离婚__chunk001,same,0.854473
蓝/伤逝__chunk001,蓝/离婚__chunk002,same,0.821845
蓝/伤逝__chunk001,蓝/肥皂__chunk001,same,0.851621
蓝/伤逝__chunk001,蓝/肥皂__chunk002,same,0.852719
蓝/伤逝__chunk001,蓝/药__chunk001,same,0.811060
蓝/伤逝__chunk001,蓝/铸剑__chunk001,same,0.836647
蓝/伤逝__chunk001,蓝/铸剑__chunk002,same,0.826731
蓝/伤逝__chunk001,蓝/铸剑__chunk003,same,0.845828
蓝/伤逝__chunk001,蓝/阿Q正传__chunk001,same,0.832212
蓝/伤逝__chunk001,蓝/阿Q正传__chunk002,same,0.788512
蓝/伤逝__chunk001,蓝/阿Q正传__chunk003,same,0.795053
蓝/伤逝__chunk001,蓝/阿Q正传__chunk004,same,0.816785
蓝/伤逝__chunk001,蓝/阿Q正传__chunk005,same,0.797511
蓝/伤逝__chunk001,蓝/阿Q正传__chunk006,same,0.839784
蓝/伤逝__chunk001,蓝/阿Q正传__chunk007,same,0.849333
蓝/伤逝__chunk001,蓝/阿Q正传__chunk008,same,0.797130
蓝/伤逝__chunk001,蓝/风波__chunk001,same,0.854495
蓝/伤逝__chunk002,蓝/伤逝__chunk003,same,0.917441
蓝/伤逝__chunk002,蓝/在酒楼上__chunk001,same,0.918619
蓝/伤逝__chunk002,蓝/在酒楼上__chunk002,same,0.875640
蓝/伤逝__chunk002,蓝/奔月__chunk001,same,0.876379
蓝/伤逝__chunk002,蓝/奔月__chunk002,same,0.850694
蓝/伤逝__chunk002,蓝/孤独者__chunk001,same,0.869890
蓝/伤逝__chunk002,蓝/孤独者__chunk002,same,0.896409
蓝/伤逝__chunk002,蓝/孤独者__chunk003,same,0.910991
蓝/伤逝__chunk002,蓝/孤独者__chunk004,same,0.883353
蓝/伤逝__chunk002,蓝/幸福的家庭__chunk001,same,0.838582
蓝/伤逝__chunk002,蓝/故乡__chunk001,same,0.898640
蓝/伤逝__chunk002,蓝/故乡__chunk002,same,0.867860
蓝/伤逝__chunk002,蓝/明天__chunk001,same,0.852022
蓝/伤逝__chunk002,蓝/狂人日记__chunk001,same,0.862433
蓝/伤逝__chunk002,蓝/狂人日记__chunk002,same,0.865441
蓝/伤逝__chunk002,蓝/社戏__chunk001,same,0.888087
蓝/伤逝__chunk002,蓝/社戏__chunk002,same,0.894351
蓝/伤逝__chunk002,蓝/祝福__chunk001,same,0.895769
蓝/伤逝__chunk002,蓝/祝福__chunk002,same,0.843399
蓝/伤逝__chunk002,蓝/祝福__chunk003,same,0.855962
蓝/伤逝__chunk002,蓝/离婚__chunk001,same,0.870019
蓝/伤逝__chunk002,蓝/离婚__chunk002,same,0.840395
蓝/伤逝__chunk002,蓝/肥皂__chunk001,same,0.865125
蓝/伤逝__chunk002,蓝/肥皂__chunk002,same,0.836985
蓝/伤逝__chunk002,蓝/药__chunk001,same,0.831726
蓝/伤逝__chunk002,蓝/铸剑__chunk001,same,0.866098
蓝/伤逝__chunk002,蓝/铸剑__chunk002,same,0.835171
蓝/伤逝__chunk002,蓝/铸剑__chunk003,same,0.826971
蓝/伤逝__chunk002,蓝/阿Q正传__chunk001,same,0.797493
蓝/伤逝__chunk002,蓝/阿Q正传__chunk002,same,0.771701
蓝/伤逝__chunk002,蓝/阿Q正传__chunk003,same,0.781189
蓝/伤逝__chunk002,蓝/阿Q正传__chunk004,same,0.804254
蓝/伤逝__chunk002,蓝/阿Q正传__chunk005,same,0.784073
蓝/伤逝__chunk002,蓝/阿Q正传__chunk006,same,0.824677
蓝/伤逝__chunk002,蓝/阿Q正传__chunk007,same,0.837226
蓝/伤逝__chunk002,蓝/阿Q正传__chunk008,same,0.811653
蓝/伤逝__chunk002,蓝/风波__chunk001,same,0.853954
蓝/伤逝__chunk003,蓝/在酒楼上__chunk001,same,0.923891
蓝/伤逝__chunk003,蓝/在酒楼上__chunk002,same,0.888310
蓝/伤逝__chunk003,蓝/奔月__chunk001,same,0.864804
蓝/伤逝__chunk003,蓝/奔月__chunk002,same,0.838286
蓝/伤逝__chunk003,蓝/孤独者__chunk001,same,0.875197
蓝/伤逝__chunk003,蓝/孤独者__chunk002,same,0.894343
蓝/伤逝__chunk003,蓝/孤独者__chunk003,same,0.907019
蓝/伤逝__chunk003,蓝/孤独者__chunk004,same,0.883356
蓝/伤逝__chunk003,蓝/幸福的家庭__chunk001,same,0.858558
蓝/伤逝__chunk003,蓝/故乡__chunk001,same,0.921505
蓝/伤逝__chunk003,蓝/故乡__chunk002,same,0.874815
蓝/伤逝__chunk003,蓝/明天__chunk001,same,0.873113
蓝/伤逝__chunk003,蓝/狂人日记__chunk001,same,0.905275
蓝/伤逝__chunk003,蓝/狂人日记__chunk002,same,0.866269
蓝/伤逝__chunk003,蓝/社戏__chunk001,same,0.909970
蓝/伤逝__chunk003,蓝/社戏__chunk002,same,0.877087
蓝/伤逝__chunk003,蓝/祝福__chunk001,same,0.932458
蓝/伤逝__chunk003,蓝/祝福__chunk002,same,0.860619
蓝/伤逝__chunk003,蓝/祝福__chunk003,same,0.852246
蓝/伤逝__chunk003,蓝/离婚__chunk001,same,0.866353
蓝/伤逝__chunk003,蓝/离婚__chunk002,same,0.842861
蓝/伤逝__chunk003,蓝/肥皂__chunk001,same,0.874674
蓝/伤逝__chunk003,蓝/肥皂__chunk002,same,0.859984
蓝/伤逝__chunk003,蓝/药__chunk001,same,0.821727
蓝/伤逝__chunk003,蓝/铸剑__chunk001,same,0.848653
蓝/伤逝__chunk003,蓝/铸剑__chunk002,same,0.839601
蓝/伤逝__chunk003,蓝/铸剑__chunk003,same,0.839408
蓝/伤逝__chunk003,蓝/阿Q正传__chunk001,same,0.818603
蓝/伤逝__chunk003,蓝/阿Q正传__chunk002,same,0.773723
蓝/伤逝__chunk003,蓝/阿Q正传__chunk003,same,0.788651
蓝/伤逝__chunk003,蓝/阿Q正传__chunk004,same,0.809063
蓝/伤逝__chunk003,蓝/阿Q正传__chunk005,same,0.790609
蓝/伤逝__chunk003,蓝/阿Q正传__chunk006,same,0.843115
蓝/伤逝__chunk003,蓝/阿Q正传__chunk007,same,0.841099
蓝/伤逝__chunk003,蓝/阿Q正传__chunk008,same,0.801429
蓝/伤逝__chunk003,蓝/风波__chunk001,same,0.856019
蓝/在酒楼上__chunk001,蓝/在酒楼上__chunk002,same,0.891390
蓝/在酒楼上__chunk001,蓝/奔月__chunk001,same,0.900383
蓝/在酒楼上__chunk001,蓝/奔月__chunk002,same,0.882300
蓝/在酒楼上__chunk001,蓝/孤独者__chunk001,same,0.916567
蓝/在酒楼上__chunk001,蓝/孤独者__chunk002,same,0.922493
蓝/在酒楼上__chunk001,蓝/孤独者__chunk003,same,0.916301
蓝/在酒楼上__chunk001,蓝/孤独者__chunk004,same,0.914466
蓝/在酒楼上__chunk001,蓝/幸福的家庭__chunk001,same,0.890126
蓝/在酒楼上__chunk001,蓝/故乡__chunk001,same,0.942375
蓝/在酒楼上__chunk001,蓝/故乡__chunk002,same,0.896056
蓝/在酒楼上__chunk001,蓝/明天__chunk001,same,0.883210
蓝/在酒楼上__chunk001,蓝/狂人日记__chunk001,same,0.897756
蓝/在酒楼上__chunk001,蓝/狂人日记__chunk002,same,0.882500
蓝/在酒楼上__chunk001,蓝/社戏__chunk001,same,0.921062
蓝/在酒楼上__chunk001,蓝/社戏__chunk002,same,0.939406
蓝/在酒楼上__chunk001,蓝/祝福__chunk001,same,0.932395
蓝/在酒楼上__chunk001,蓝/祝福__chunk002,same,0.840661
蓝/在酒楼上__chunk001,蓝/祝福__chunk003,same,0.842627
蓝/在酒楼上__chunk001,蓝/离婚__chunk001,same,0.895524
蓝/在酒楼上__chunk001,蓝/离婚__chunk002,same,0.850609
蓝/在酒楼上__chunk001,蓝/肥皂__chunk001,same,0.900664
蓝/在酒楼上__chunk001,蓝/肥皂__chunk002,same,0.883982
蓝/在酒楼上__chunk001,蓝/药__chunk001,same,0.866259
蓝/在酒楼上__chunk001,蓝/铸剑__chunk001,same,0.900581
蓝/在酒楼上__chunk001,蓝/铸剑__chunk002,same,0.894302
蓝/在酒楼上__chunk001,蓝/铸剑__chunk003,same,0.888330
蓝/在酒楼上__chunk001,蓝/阿Q正传__chunk001,same,0.845985
蓝/在酒楼上__chunk001,蓝/阿Q正传__chunk002,same,0.818793
蓝/在酒楼上__chunk001,蓝/阿Q正传__chunk003,same,0.820173
蓝/在酒楼上__chunk001,蓝/阿Q正传__chunk004,same,0.850268
蓝/在酒楼上__chunk001,蓝/阿Q正传__chunk005,same,0.828573
蓝/在酒楼上__chunk001,蓝/阿Q正传__chunk006,same,0.870258
蓝/在酒楼上__chunk001,蓝/阿Q正传__chunk007,same,0.888768
蓝/在酒楼上__chunk001,蓝/阿Q正传__chunk008,same,0.852626
蓝/在酒楼上__chunk001,蓝/风波__chunk001,same,0.878160
蓝/在酒楼上__chunk002,蓝/奔月__chunk001,same,0.834321
蓝/在酒楼上__chunk002,蓝/奔月__chunk002,same,0.806846
蓝/在酒楼上__chunk002,蓝/孤独者__chunk001,same,0.865288
蓝/在酒楼上__chunk002,蓝/孤独者__chunk002,same,0.878884
蓝/在酒楼上__chunk002,蓝/孤独者__chunk003,same,0.898075
蓝/在酒楼上__chunk002,蓝/孤独者__chunk004,same,0.854287
蓝/在酒楼上__chunk002,蓝/幸福的家庭__chunk001,same,0.807763
蓝/在酒楼上__chunk002,蓝/故乡__chunk001,same,0.889002
蓝/在酒楼上__chunk002,蓝/故乡__chunk002,same,0.839271
蓝/在酒楼上__chunk002,蓝/明天__chunk001,same,0.836664
蓝/在酒楼上__chunk002,蓝/狂人日记__chunk001,same,0.843083
蓝/在酒楼上__chunk002,蓝/狂人日记__chunk002,same,0.857193
蓝/在酒楼上__chunk002,蓝/社戏__chunk001,same,0.836078
蓝/在酒楼上__chunk002,蓝/社戏__chunk002,same,0.827188
蓝/在酒楼上__chunk002,蓝/祝福__chunk001,same,0.876457
蓝/在酒楼上__chunk002,蓝/祝福__chunk002,same,0.864007
蓝/在酒楼上__chunk002,蓝/祝福__chunk003,same,0.888006
蓝/在酒楼上__chunk002,蓝/离婚__chunk001,same,0.829513
蓝/在酒楼上__chunk002,蓝/离婚__chunk002,same,0.838280
蓝/在酒楼上__chunk002,蓝/肥皂__chunk001,same,0.874402
蓝/在酒楼上__chunk002,蓝/肥皂__chunk002,same,0.828384
蓝/在酒楼上__chunk002,蓝/药__chunk001,same,0.779086
蓝/在酒楼上__chunk002,蓝/铸剑__chunk001,same,0.822308
蓝/在酒楼上__chunk002,蓝/铸剑__chunk002,same,0.785185
蓝/在酒楼上__chunk002,蓝/铸剑__chunk003,same,0.755734
蓝/在酒楼上__chunk002,蓝/阿Q正传__chunk001,same,0.766721
蓝/在酒楼上__chunk002,蓝/阿Q正传__chunk002,same,0.758465
蓝/在酒楼上__chunk002,蓝/阿Q正传__chunk003,same,0.758276
蓝/在酒楼上__chunk002,蓝/阿Q正传__chunk004,same,0.767742
蓝/在酒楼上__chunk002,蓝/阿Q正传__chunk005,same,0.744424
蓝/在酒楼上__chunk002,蓝/阿Q正传__chunk006,same,0.787240
蓝/在酒楼上__chunk002,蓝/阿Q正传__chunk007,same,0.790809
蓝/在酒楼上__chunk002,蓝/阿Q正传__chunk008,same,0.793313
蓝/在酒楼上__chunk002,蓝/风波__chunk001,same,0.805422
蓝/奔月__chunk001,蓝/奔月__chunk002,same,0.938910
蓝/奔月__chunk001,蓝/孤独者__chunk001,same,0.911370
蓝/奔月__chunk001,蓝/孤独者__chunk002,same,0.909298
蓝/奔月__chunk001,蓝/孤独者__chunk003,same,0.856694
蓝/奔月__chunk001,蓝/孤独者__chunk004,same,0.909963
蓝/奔月__chunk001,蓝/幸福的家庭__chunk001,same,0.926921
蓝/奔月__chunk001,蓝/故乡__chunk001,same,0.910724
蓝/奔月__chunk001,蓝/故乡__chunk002,same,0.886438
蓝/奔月__chunk001,蓝/明天__chunk001,same,0.903943
蓝/奔月__chunk001,蓝/狂人日记__chunk001,same,0.865768
蓝/奔月__chunk001,蓝/狂人日记__chunk002,same,0.877961
蓝/奔月__chunk001,蓝/社戏__chunk001,same,0.887431
蓝/奔月__chunk001,蓝/社戏__chunk002,same,0.903591
蓝/奔月__chunk001,蓝/祝福__chunk001,same,0.885283
蓝/奔月__chunk001,蓝/祝福__chunk002,same,0.849016
蓝/奔月__chunk001,蓝/祝福__chunk003,same,0.836337
蓝/奔月__chunk001,蓝/离婚__chunk001,same,0.944784
蓝/奔月__chunk001,蓝/离婚__chunk002,same,0.872269
蓝/奔月__chunk001,蓝/肥皂__chunk001,same,0.921752
蓝/奔月__chunk001,蓝/肥皂__chunk002,same,0.931166
蓝/奔月__chunk001,蓝/药__chunk001,same,0.930460
蓝/奔月__chunk001,蓝/铸剑__chunk001,same,0.946522
蓝/奔月__chunk001,蓝/铸剑__chunk002,same,0.923433
蓝/奔月__chunk001,蓝/铸剑__chunk003,same,0.901983
蓝/奔月__chunk001,蓝/阿Q正传__chunk001,same,0.856186
蓝/奔月__chunk001,蓝/阿Q正传__chunk002,same,0.829273
蓝/奔月__chunk001,蓝/阿Q正传__chunk003,same,0.848144
蓝/奔月__chunk001,蓝/阿Q正传__chunk004,same,0.869921
蓝/奔月__chunk001,蓝/阿Q正传__chunk005,same,0.842514
蓝/奔月__chunk001,蓝/阿Q正传__chunk006,same,0.882383
蓝/奔月__chunk001,蓝/阿Q正传__chunk007,same,0.913070
蓝/奔月__chunk001,蓝/阿Q正传__chunk008,same,0.868461
蓝/奔月__chunk001,蓝/风波__chunk001,same,0.915906
蓝/奔月__chunk002,蓝/孤独者__chunk001,same,0.917766
蓝/奔月__chunk002,蓝/孤独者__chunk002,same,0.899477
蓝/奔月__chunk002,蓝/孤独者__chunk003,same,0.821188
蓝/奔月__chunk002,蓝/孤独者__chunk004,same,0.916290
蓝/奔月__chunk002,蓝/幸福的家庭__chunk001,same,0.904797
蓝/奔月__chunk002,蓝/故乡__chunk001,same,0.882506
蓝/奔月__chunk002,蓝/故乡__chunk002,same,0.872878
蓝/奔月__chunk002,蓝/明天__chunk001,same,0.886916
蓝/奔月__chunk002,蓝/狂人日记__chunk001,same,0.841865
蓝/奔月__chunk002,蓝/狂人日记__chunk002,same,0.881804
蓝/奔月__chunk002,蓝/社戏__chunk001,same,0.862077
蓝/奔月__chunk002,蓝/社戏__chunk002,same,0.894371
蓝/奔月__chunk002,蓝/祝福__chunk001,same,0.868434
蓝/奔月__chunk002,蓝/祝福__chunk002,same,0.821840
蓝/奔月__chunk002,蓝/祝福__chunk003,same,0.827772
蓝/奔月__chunk002,蓝/离婚__chunk001,same,0.921602
蓝/奔月__chunk002,蓝/离婚__chunk002,same,0.875822
蓝/奔月__chunk002,蓝/肥皂__chunk001,same,0.916519
蓝/奔月__chunk002,蓝/肥皂__chunk002,same,0.920272
蓝/奔月__chunk002,蓝/药__chunk001,same,0.952109
蓝/奔月__chunk002,蓝/铸剑__chunk001,same,0.955165
蓝/奔月__chunk002,蓝/铸剑__chunk002,same,0.942618
蓝/奔月__chunk002,蓝/铸剑__chunk003,same,0.899417
蓝/奔月__chunk002,蓝/阿Q正传__chunk001,same,0.847958
蓝/奔月__chunk002,蓝/阿Q正传__chunk002,same,0.840976
蓝/奔月__chunk002,蓝/阿Q正传__chunk003,same,0.855790
蓝/奔月__chunk002,蓝/阿Q正传__chunk004,same,0.871237
蓝/奔月__chunk002,蓝/阿Q正传__chunk005,same,0.854415
蓝/奔月__chunk002,蓝/阿Q正传__chunk006,same,0.864916
蓝/奔月__chunk002,蓝/阿Q正传__chunk007,same,0.896461
蓝/奔月__chunk002,蓝/阿Q正传__chunk008,same,0.868018
蓝/奔月__chunk002,蓝/风波__chunk001,same,0.916089
蓝/孤独者__chunk001,蓝/孤独者__chunk002,same,0.914814
蓝/孤独者__chunk001,蓝/孤独者__chunk003,same,0.858707
蓝/孤独者__chunk001,蓝/孤独者__chunk004,same,0.942892
蓝/孤独者__chunk001,蓝/幸福的家庭__chunk001,same,0.887388
蓝/孤独者__chunk001,蓝/故乡__chunk001,same,0.911946
蓝/孤独者__chunk001,蓝/故乡__chunk002,same,0.901908
蓝/孤独者__chunk001,蓝/明天__chunk001,same,0.899198
蓝/孤独者__chunk001,蓝/狂人日记__chunk001,same,0.861896
蓝/孤独者__chunk001,蓝/狂人日记__chunk002,same,0.888122
蓝/孤独者__chunk001,蓝/社戏__chunk001,same,0.897415
蓝/孤独者__chunk001,蓝/社戏__chunk002,same,0.896994
蓝/孤独者__chunk001,蓝/祝福__chunk001,same,0.912710
蓝/孤独者__chunk001,蓝/祝福__chunk002,same,0.837396
蓝/孤独者__chunk001,蓝/祝福__chunk003,same,0.860050
蓝/孤独者__chunk001,蓝/离婚__chunk001,same,0.906689
蓝/孤独者__chunk001,蓝/离婚__chunk002,same,0.862681
蓝/孤独者__chunk001,蓝/肥皂__chunk001,same,0.913290
蓝/孤独者__chunk001,蓝/肥皂__chunk002,same,0.880550
蓝/孤独者__chunk001,蓝/药__chunk001,same,0.902601
蓝/孤独者__chunk001,蓝/铸剑__chunk001,same,0.911198
蓝/孤独者__chunk001,蓝/铸剑__chunk002,same,0.919003
蓝/孤独者__chunk001,蓝/铸剑__chunk003,same,0.886208
蓝/孤独者__chunk001,蓝/阿Q正传__chunk001,same,0.871865
蓝/孤独者__chunk001,蓝/阿Q正传__chunk002,same,0.868620
蓝/孤独者__chunk001,蓝/阿Q正传__chunk003,same,0.875637
蓝/孤独者__chunk001,蓝/阿Q正传__chunk004,same,0.883293
蓝/孤独者__chunk001,蓝/阿Q正传__chunk005,same,0.869002
蓝/孤独者__chunk001,蓝/阿Q正传__chunk006,same,0.886988
蓝/孤独者__chunk001,蓝/阿Q正传__chunk007,same,0.910133
蓝/孤独者__chunk001,蓝/阿Q正传__chunk008,same,0.874975
蓝/孤独者__chunk001,蓝/风波__chunk001,same,0.907652
蓝/孤独者__chunk002,蓝/孤独者__chunk003,same,0.912195
蓝/孤独者__chunk002,蓝/孤独者__chunk004,same,0.920869
蓝/孤独者__chunk002,蓝/幸福的家庭__chunk001,same,0.906204
蓝/孤独者__chunk002,蓝/故乡__chunk001,same,0.941514
蓝/孤独者__chunk002,蓝/故乡__chunk002,same,0.891471
蓝/孤独者__chunk002,蓝/明天__chunk001,same,0.857601
蓝/孤独者__chunk002,蓝/狂人日记__chunk001,same,0.909763
蓝/孤独者__chunk002,蓝/狂人日记__chunk002,same,0.903749
蓝/孤独者__chunk002,蓝/社戏__chunk001,same,0.880978
蓝/孤独者__chunk002,蓝/社戏__chunk002,same,0.888500
蓝/孤独者__chunk002,蓝/祝福__chunk001,same,0.891885
蓝/孤独者__chunk002,蓝/祝福__chunk002,same,0.821375
蓝/孤独者__chunk002,蓝/祝福__chunk003,same,0.853697
蓝/孤独者__chunk002,蓝/离婚__chunk001,same,0.912623
蓝/孤独者__chunk002,蓝/离婚__chunk002,same,0.873935
蓝/孤独者__chunk002,蓝/肥皂__chunk001,same,0.911435
蓝/孤独者__chunk002,蓝/肥皂__chunk002,same,0.893046
蓝/孤独者__chunk002,蓝/药__chunk001,same,0.877097
蓝/孤独者__chunk002,蓝/铸剑__chunk001,same,0.915787
蓝/孤独者__chunk002,蓝/铸剑__chunk002,same,0.887306
蓝/孤独者__chunk002,蓝/铸剑__chunk003,same,0.828213
蓝/孤独者__chunk002,蓝/阿Q正传__chunk001,same,0.833076
蓝/孤独者__chunk002,蓝/阿Q正传__chunk002,same,0.808281
蓝/孤独者__chunk002,蓝/阿Q正传__chunk003,same,0.815429
蓝/孤独者__chunk002,蓝/阿Q正传__chunk004,same,0.841271
蓝/孤独者__chunk002,蓝/阿Q正传__chunk005,same,0.809276
蓝/孤独者__chunk002,蓝/阿Q正传__chunk006,same,0.842451
蓝/孤独者__chunk002,蓝/阿Q正传__chunk007,same,0.866985
蓝/孤独者__chunk002,蓝/阿Q正传__chunk008,same,0.858489
蓝/孤独者__chunk002,蓝/风波__chunk001,same,0.880425
蓝/孤独者__chunk003,蓝/孤独者__chunk004,same,0.860082
蓝/孤独者__chunk003,蓝/幸福的家庭__chunk001,same,0.825943
蓝/孤独者__chunk003,蓝/故乡__chunk001,same,0.903246
蓝/孤独者__chunk003,蓝/故乡__chunk002,same,0.859989
蓝/孤独者__chunk003,蓝/明天__chunk001,same,0.801353
蓝/孤独者__chunk003,蓝/狂人日记__chunk001,same,0.898352
蓝/孤独者__chunk003,蓝/狂人日记__chunk002,same,0.884811
蓝/孤独者__chunk003,蓝/社戏__chunk001,same,0.871940
蓝/孤独者__chunk003,蓝/社戏__chunk002,same,0.841206
蓝/孤独者__chunk003,蓝/祝福__chunk001,same,0.894151
蓝/孤独者__chunk003,蓝/祝福__chunk002,same,0.796470
蓝/孤独者__chunk003,蓝/祝福__chunk003,same,0.820300
蓝/孤独者__chunk003,蓝/离婚__chunk001,same,0.850915
蓝/孤独者__chunk003,蓝/离婚__chunk002,same,0.832581
蓝/孤独者__chunk003,蓝/肥皂__chunk001,same,0.869686
蓝/孤独者__chunk003,蓝/肥皂__chunk002,same,0.847724
蓝/孤独者__chunk003,蓝/药__chunk001,same,0.792675
蓝/孤独者__chunk003,蓝/铸剑__chunk001,same,0.840632
蓝/孤独者__chunk003,蓝/铸剑__chunk002,same,0.798742
蓝/孤独者__chunk003,蓝/铸剑__chunk003,same,0.773165
蓝/孤独者__chunk003,蓝/阿Q正传__chunk001,same,0.778052
蓝/孤独者__chunk003,蓝/阿Q正传__chunk002,same,0.741194
蓝/孤独者__chunk003,蓝/阿Q正传__chunk003,same,0.746435
蓝/孤独者__chunk003,蓝/阿Q正传__chunk004,same,0.777832
蓝/孤独者__chunk003,蓝/阿Q正传__chunk005,same,0.741865
蓝/孤独者__chunk003,蓝/阿Q正传__chunk006,same,0.796629
蓝/孤独者__chunk003,蓝/阿Q正传__chunk007,same,0.802451
蓝/孤独者__chunk003,蓝/阿Q正传__chunk008,same,0.785565
蓝/孤独者__chunk003,蓝/风波__chunk001,same,0.797414
蓝/孤独者__chunk004,蓝/幸福的家庭__chunk001,same,0.899185
蓝/孤独者__chunk004,蓝/故乡__chunk001,same,0.916891
蓝/孤独者__chunk004,蓝/故乡__chunk002,same,0.898351
蓝/孤独者__chunk004,蓝/明天__chunk001,same,0.890685
蓝/孤独者__chunk004,蓝/狂人日记__chunk001,same,0.873353
蓝/孤独者__chunk004,蓝/狂人日记__chunk002,same,0.874021
蓝/孤独者__chunk004,蓝/社戏__chunk001,same,0.904805
蓝/孤独者__chunk004,蓝/社戏__chunk002,same,0.907507
蓝/孤独者__chunk004,蓝/祝福__chunk001,same,0.909901
蓝/孤独者__chunk004,蓝/祝福__chunk002,same,0.825702
蓝/孤独者__chunk004,蓝/祝福__chunk003,same,0.852534
蓝/孤独者__chunk004,蓝/离婚__chunk001,same,0.905899
蓝/孤独者__chunk004,蓝/离婚__chunk002,same,0.867245
蓝/孤独者__chunk004,蓝/肥皂__chunk001,same,0.892909
蓝/孤独者__chunk004,蓝/肥皂__chunk002,same,0.896548
蓝/孤独者__chunk004,蓝/药__chunk001,same,0.911851
蓝/孤独者__chunk004,蓝/铸剑__chunk001,same,0.907234
蓝/孤独者__chunk004,蓝/铸剑__chunk002,same,0.909824
蓝/孤独者__chunk004,蓝/铸剑__chunk003,same,0.891771
蓝/孤独者__chunk004,蓝/阿Q正传__chunk001,same,0.865647
蓝/孤独者__chunk004,蓝/阿Q正传__chunk002,same,0.857756
蓝/孤独者__chunk004,蓝/阿Q正传__chunk003,same,0.873549
蓝/孤独者__chunk004,蓝/阿Q正传__chunk004,same,0.883006
蓝/孤独者__chunk004,蓝/阿Q正传__chunk005,same,0.859419
蓝/孤独者__chunk004,蓝/阿Q正传__chunk006,same,0.877480
蓝/孤独者__chunk004,蓝/阿Q正传__chunk007,same,0.910993
蓝/孤独者__chunk004,蓝/阿Q正传__chunk008,same,0.878349
蓝/孤独者__chunk004,蓝/风波__chunk001,same,0.911754
蓝/幸福的家庭__chunk001,蓝/故乡__chunk001,same,0.898212
蓝/幸福的家庭__chunk001,蓝/故乡__chunk002,same,0.875449
蓝/幸福的家庭__chunk001,蓝/明天__chunk001,same,0.895635
蓝/幸福的家庭__chunk001,蓝/狂人日记__chunk001,same,0.869776
蓝/幸福的家庭__chunk001,蓝/狂人日记__chunk002,same,0.856134
蓝/幸福的家庭__chunk001,蓝/社戏__chunk001,same,0.870676
蓝/幸福的家庭__chunk001,蓝/社戏__chunk002,same,0.897787
蓝/幸福的家庭__chunk001,蓝/祝福__chunk001,same,0.871201
蓝/幸福的家庭__chunk001,蓝/祝福__chunk002,same,0.823497
蓝/幸福的家庭__chunk001,蓝/祝福__chunk003,same,0.800578
蓝/幸福的家庭__chunk001,蓝/离婚__chunk001,same,0.928847
蓝/幸福的家庭__chunk001,蓝/离婚__chunk002,same,0.879699
蓝/幸福的家庭__chunk001,蓝/肥皂__chunk001,same,0.900625
蓝/幸福的家庭__chunk001,蓝/肥皂__chunk002,same,0.906814
蓝/幸福的家庭__chunk001,蓝/药__chunk001,same,0.908163
蓝/幸福的家庭__chunk001,蓝/铸剑__chunk001,same,0.913881
蓝/幸福的家庭__chunk001,蓝/铸剑__chunk002,same,0.923135
蓝/幸福的家庭__chunk001,蓝/铸剑__chunk003,same,0.890883
蓝/幸福的家庭__chunk001,蓝/阿Q正传__chunk001,same,0.854286
蓝/幸福的家庭__chunk001,蓝/阿Q正传__chunk002,same,0.835682
蓝/幸福的家庭__chunk001,蓝/阿Q正传__chunk003,same,0.840893
蓝/幸福的家庭__chunk001,蓝/阿Q正传__chunk004,same,0.871684
蓝/幸福的家庭__chunk001,蓝/阿Q正传__chunk005,same,0.845864
蓝/幸福的家庭__chunk001,蓝/阿Q正传__chunk006,same,0.874330
蓝/幸福的家庭__chunk001,蓝/阿Q正传__chunk007,same,0.904128
蓝/幸福的家庭__chunk001,蓝/阿Q正传__chunk008,same,0.871223
蓝/幸福的家庭__chunk001,蓝/风波__chunk001,same,0.910399
蓝/故乡__chunk001,蓝/故乡__chunk002,same,0.893380
蓝/故乡__chunk001,蓝/明天__chunk001,same,0.901090
蓝/故乡__chunk001,蓝/狂人日记__chunk001,same,0.915227
蓝/故乡__chunk001,蓝/狂人日记__chunk002,same,0.881722
蓝/故乡__chunk001,蓝/社戏__chunk001,same,0.924907
蓝/故乡__chunk001,蓝/社戏__chunk002,same,0.909149
蓝/故乡__chunk001,蓝/祝福__chunk001,same,0.931500
蓝/故乡__chunk001,蓝/祝福__chunk002,same,0.874279
蓝/故乡__chunk001,蓝/祝福__chunk003,same,0.858782
蓝/故乡__chunk001,蓝/离婚__chunk001,same,0.910811
蓝/故乡__chunk001,蓝/离婚__chunk002,same,0.854912
蓝/故乡__chunk001,蓝/肥皂__chunk001,same,0.915154
蓝/故乡__chunk001,蓝/肥皂__chunk002,same,0.908754
蓝/故乡__chunk001,蓝/药__chunk001,same,0.862722
蓝/故乡__chunk001,蓝/铸剑__chunk001,same,0.900229
蓝/故乡__chunk001,蓝/铸剑__chunk002,same,0.882847
蓝/故乡__chunk001,蓝/铸剑__chunk003,same,0.865921
蓝/故乡__chunk001,蓝/阿Q正传__chunk001,same,0.855841
蓝/故乡__chunk001,蓝/阿Q正传__chunk002,same,0.820201
蓝/故乡__chunk001,蓝/阿Q正传__chunk003,same,0.835083
蓝/故乡__chunk001,蓝/阿Q正传__chunk004,same,0.862294
蓝/故乡__chunk001,蓝/阿Q正传__chunk005,same,0.831229
蓝/故乡__chunk001,蓝/阿Q正传__chunk006,same,0.874014
蓝/故乡__chunk001,蓝/阿Q正传__chunk007,same,0.888121
蓝/故乡__chunk001,蓝/阿Q正传__chunk008,same,0.874615
蓝/故乡__chunk001,蓝/风波__chunk001,same,0.899258
蓝/故乡__chunk002,蓝/明天__chunk001,same,0.848188
蓝/故乡__chunk002,蓝/狂人日记__chunk001,same,0.857560
蓝/故乡__chunk002,蓝/狂人日记__chunk002,same,0.840696
蓝/故乡__chunk002,蓝/社戏__chunk001,same,0.878873
蓝/故乡__chunk002,蓝/社戏__chunk002,same,0.873656
蓝/故乡__chunk002,蓝/祝福__chunk001,same,0.895928
蓝/故乡__chunk002,蓝/祝福__chunk002,same,0.796610
蓝/故乡__chunk002,蓝/祝福__chunk003,same,0.810168
蓝/故乡__chunk002,蓝/离婚__chunk001,same,0.891611
蓝/故乡__chunk002,蓝/离婚__chunk002,same,0.850573
蓝/故乡__chunk002,蓝/肥皂__chunk001,same,0.863107
蓝/故乡__chunk002,蓝/肥皂__chunk002,same,0.890214
蓝/故乡__chunk002,蓝/药__chunk001,same,0.848903
蓝/故乡__chunk002,蓝/铸剑__chunk001,same,0.860957
蓝/故乡__chunk002,蓝/铸剑__chunk002,same,0.880988
蓝/故乡__chunk002,蓝/铸剑__chunk003,same,0.853040
蓝/故乡__chunk002,蓝/阿Q正传__chunk001,same,0.836257
蓝/故乡__chunk002,蓝/阿Q正传__chunk002,same,0.831942
蓝/故乡__chunk002,蓝/阿Q正传__chunk003,same,0.851486
蓝/故乡__chunk002,蓝/阿Q正传__chunk004,same,0.850222
蓝/故乡__chunk002,蓝/阿Q正传__chunk005,same,0.821928
蓝/故乡__chunk002,蓝/阿Q正传__chunk006,same,0.852877
蓝/故乡__chunk002,蓝/阿Q正传__chunk007,same,0.878776
蓝/故乡__chunk002,蓝/阿Q正传__chunk008,same,0.836985
蓝/故乡__chunk002,蓝/风波__chunk001,same,0.868697
蓝/明天__chunk001,蓝/狂人日记__chunk001,same,0.829944
蓝/明天__chunk001,蓝/狂人日记__chunk002,same,0.805492
蓝/明天__chunk001,蓝/社戏__chunk001,same,0.895707
蓝/明天__chunk001,蓝/社戏__chunk002,same,0.909150
蓝/明天__chunk001,蓝/祝福__chunk001,same,0.894439
蓝/明天__chunk001,蓝/祝福__chunk002,same,0.911208
蓝/明天__chunk001,蓝/祝福__chunk003,same,0.854788
蓝/明天__chunk001,蓝/离婚__chunk001,same,0.908216
蓝/明天__chunk001,蓝/离婚__chunk002,same,0.839982
蓝/明天__chunk001,蓝/肥皂__chunk001,same,0.893410
蓝/明天__chunk001,蓝/肥皂__chunk002,same,0.887573
蓝/明天__chunk001,蓝/药__chunk001,same,0.878351
蓝/明天__chunk001,蓝/铸剑__chunk001,same,0.896814
蓝/明天__chunk001,蓝/铸剑__chunk002,same,0.892089
蓝/明天__chunk001,蓝/铸剑__chunk003,same,0.902262
蓝/明天__chunk001,蓝/阿Q正传__chunk001,same,0.864495
蓝/明天__chunk001,蓝/阿Q正传__chunk002,same,0.851065
蓝/明天__chunk001,蓝/阿Q正传__chunk003,same,0.852515
蓝/明天__chunk001,蓝/阿Q正传__chunk004,same,0.881149
蓝/明天__chunk001,蓝/阿Q正传__chunk005,same,0.855079
蓝/明天__chunk001,蓝/阿Q正传__chunk006,same,0.876669
蓝/明天__chunk001,蓝/阿Q正传__chunk007,same,0.905272
蓝/明天__chunk001,蓝/阿Q正传__chunk008,same,0.860714
蓝/明天__chunk001,蓝/风波__chunk001,same,0.915591
蓝/狂人日记__chunk001,蓝/狂人日记__chunk002,same,0.884800
蓝/狂人日记__chunk001,蓝/社戏__chunk001,same,0.902889
蓝/狂人日记__chunk001,蓝/社戏__chunk002,same,0.862122
蓝/狂人日记__chunk001,蓝/祝福__chunk001,same,0.878685
蓝/狂人日记__chunk001,蓝/祝福__chunk002,same,0.796584
蓝/狂人日记__chunk001,蓝/祝福__chunk003,same,0.794765
蓝/狂人日记__chunk001,蓝/离婚__chunk001,same,0.883230
蓝/狂人日记__chunk001,蓝/离婚__chunk002,same,0.814833
蓝/狂人日记__chunk001,蓝/肥皂__chunk001,same,0.860983
蓝/狂人日记__chunk001,蓝/肥皂__chunk002,same,0.855016
蓝/狂人日记__chunk001,蓝/药__chunk001,same,0.823102
蓝/狂人日记__chunk001,蓝/铸剑__chunk001,same,0.860478
蓝/狂人日记__chunk001,蓝/铸剑__chunk002,same,0.841520
蓝/狂人日记__chunk001,蓝/铸剑__chunk003,same,0.826237
蓝/狂人日记__chunk001,蓝/阿Q正传__chunk001,same,0.817911
蓝/狂人日记__chunk001,蓝/阿Q正传__chunk002,same,0.763655
蓝/狂人日记__chunk001,蓝/阿Q正传__chunk003,same,0.770352
蓝/狂人日记__chunk001,蓝/阿Q正传__chunk004,same,0.804874
蓝/狂人日记__chunk001,蓝/阿Q正传__chunk005,same,0.772492
蓝/狂人日记__chunk001,蓝/阿Q正传__chunk006,same,0.826271
蓝/狂人日记__chunk001,蓝/阿Q正传__chunk007,same,0.831929
蓝/狂人日记__chunk001,蓝/阿Q正传__chunk008,same,0.825522
蓝/狂人日记__chunk001,蓝/风波__chunk001,same,0.833510
蓝/狂人日记__chunk002,蓝/社戏__chunk001,same,0.855699
蓝/狂人日记__chunk002,蓝/社戏__chunk002,same,0.853257
蓝/狂人日记__chunk002,蓝/祝福__chunk001,same,0.867269
蓝/狂人日记__chunk002,蓝/祝福__chunk002,same,0.789096
蓝/狂人日记__chunk002,蓝/祝福__chunk003,same,0.809544
蓝/狂人日记__chunk002,蓝/离婚__chunk001,same,0.854913
蓝/狂人日记__chunk002,蓝/离婚__chunk002,same,0.873838
蓝/狂人日记__chunk002,蓝/肥皂__chunk001,same,0.903026
蓝/狂人日记__chunk002,蓝/肥皂__chunk002,same,0.860308
蓝/狂人日记__chunk002,蓝/药__chunk001,same,0.872331
蓝/狂人日记__chunk002,蓝/铸剑__chunk001,same,0.871729
蓝/狂人日记__chunk002,蓝/铸剑__chunk002,same,0.850014
蓝/狂人日记__chunk002,蓝/铸剑__chunk003,same,0.803574
蓝/狂人日记__chunk002,蓝/阿Q正传__chunk001,same,0.798955
蓝/狂人日记__chunk002,蓝/阿Q正传__chunk002,same,0.785188
蓝/狂人日记__chunk002,蓝/阿Q正传__chunk003,same,0.790901
蓝/狂人日记__chunk002,蓝/阿Q正传__chunk004,same,0.797832
蓝/狂人日记__chunk002,蓝/阿Q正传__chunk005,same,0.779866
蓝/狂人日记__chunk002,蓝/阿Q正传__chunk006,same,0.829265
蓝/狂人日记__chunk002,蓝/阿Q正传__chunk007,same,0.818955
蓝/狂人日记__chunk002,蓝/阿Q正传__chunk008,same,0.803243
蓝/狂人日记__chunk002,蓝/风波__chunk001,same,0.840564
蓝/社戏__chunk001,蓝/社戏__chunk002,same,0.917181
蓝/社戏__chunk001,蓝/祝福__chunk001,same,0.929472
蓝/社戏__chunk001,蓝/祝福__chunk002,same,0.839122
蓝/社戏__chunk001,蓝/祝福__chunk003,same,0.811662
蓝/社戏__chunk001,蓝/离婚__chunk001,same,0.885152
蓝/社戏__chunk001,蓝/离婚__chunk002,same,0.816548
蓝/社戏__chunk001,蓝/肥皂__chunk001,same,0.877033
蓝/社戏__chunk001,蓝/肥皂__chunk002,same,0.889359
蓝/社戏__chunk001,蓝/药__chunk001,same,0.844749
蓝/社戏__chunk001,蓝/铸剑__chunk001,same,0.861595
蓝/社戏__chunk001,蓝/铸剑__chunk002,same,0.862317
蓝/社戏__chunk001,蓝/铸剑__chunk003,same,0.893512
蓝/社戏__chunk001,蓝/阿Q正传__chunk001,same,0.885102
蓝/社戏__chunk001,蓝/阿Q正传__chunk002,same,0.817173
蓝/社戏__chunk001,蓝/阿Q正传__chunk003,same,0.826031
蓝/社戏__chunk001,蓝/阿Q正传__chunk004,same,0.854490
蓝/社戏__chunk001,蓝/阿Q正传__chunk005,same,0.840405
蓝/社戏__chunk001,蓝/阿Q正传__chunk006,same,0.880378
蓝/社戏__chunk001,蓝/阿Q正传__chunk007,same,0.890642
蓝/社戏__chunk001,蓝/阿Q正传__chunk008,same,0.831987
蓝/社戏__chunk001,蓝/风波__chunk001,same,0.889893
蓝/社戏__chunk002,蓝/祝福__chunk001,same,0.901213
蓝/社戏__chunk002,蓝/祝福__chunk002,same,0.858446
蓝/社戏__chunk002,蓝/祝福__chunk003,same,0.833654
蓝/社戏__chunk002,蓝/离婚__chunk001,same,0.913849
蓝/社戏__chunk002,蓝/离婚__chunk002,same,0.823666
蓝/社戏__chunk002,蓝/肥皂__chunk001,same,0.893621
蓝/社戏__chunk002,蓝/肥皂__chunk002,same,0.886349
蓝/社戏__chunk002,蓝/药__chunk001,same,0.898899
蓝/社戏__chunk002,蓝/铸剑__chunk001,same,0.911004
蓝/社戏__chunk002,蓝/铸剑__chunk002,same,0.911198
蓝/社戏__chunk002,蓝/铸剑__chunk003,same,0.931296
蓝/社戏__chunk002,蓝/阿Q正传__chunk001,same,0.856169
蓝/社戏__chunk002,蓝/阿Q正传__chunk002,same,0.831198
蓝/社戏__chunk002,蓝/阿Q正传__chunk003,same,0.837991
蓝/社戏__chunk002,蓝/阿Q正传__chunk004,same,0.864092
蓝/社戏__chunk002,蓝/阿Q正传__chunk005,same,0.850079
蓝/社戏__chunk002,蓝/阿Q正传__chunk006,same,0.878878
蓝/社戏__chunk002,蓝/阿Q正传__chunk007,same,0.907050
蓝/社戏__chunk002,蓝/阿Q正传__chunk008,same,0.866529
蓝/社戏__chunk002,蓝/风波__chunk001,same,0.905167
蓝/祝福__chunk001,蓝/祝福__chunk002,same,0.876527
蓝/祝福__chunk001,蓝/祝福__chunk003,same,0.848038
蓝/祝福__chunk001,蓝/离婚__chunk001,same,0.890866
蓝/祝福__chunk001,蓝/离婚__chunk002,same,0.849663
蓝/祝福__chunk001,蓝/肥皂__chunk001,same,0.898206
蓝/祝福__chunk001,蓝/肥皂__chunk002,same,0.904149
蓝/祝福__chunk001,蓝/药__chunk001,same,0.855285
蓝/祝福__chunk001,蓝/铸剑__chunk001,same,0.867528
蓝/祝福__chunk001,蓝/铸剑__chunk002,same,0.869403
蓝/祝福__chunk001,蓝/铸剑__chunk003,same,0.879310
蓝/祝福__chunk001,蓝/阿Q正传__chunk001,same,0.860944
蓝/祝福__chunk001,蓝/阿Q正传__chunk002,same,0.828799
蓝/祝福__chunk001,蓝/阿Q正传__chunk003,same,0.835937
蓝/祝福__chunk001,蓝/阿Q正传__chunk004,same,0.856072
蓝/祝福__chunk001,蓝/阿Q正传__chunk005,same,0.842729
蓝/祝福__chunk001,蓝/阿Q正传__chunk006,same,0.879548
蓝/祝福__chunk001,蓝/阿Q正传__chunk007,same,0.891505
蓝/祝福__chunk001,蓝/阿Q正传__chunk008,same,0.841213
蓝/祝福__chunk001,蓝/风波__chunk001,same,0.902408
蓝/祝福__chunk002,蓝/祝福__chunk003,same,0.907994
蓝/祝福__chunk002,蓝/离婚__chunk001,same,0.854048
蓝/祝福__chunk002,蓝/离婚__chunk002,same,0.803361
蓝/祝福__chunk002,蓝/肥皂__chunk001,same,0.876959
蓝/祝福__chunk002,蓝/肥皂__chunk002,same,0.839982
蓝/祝福__chunk002,蓝/药__chunk001,same,0.811979
蓝/祝福__chunk002,蓝/铸剑__chunk001,same,0.836071
蓝/祝福__chunk002,蓝/铸剑__chunk002,same,0.817176
蓝/祝福__chunk002,蓝/铸剑__chunk003,same,0.819779
蓝/祝福__chunk002,蓝/阿Q正传__chunk001,same,0.780996
蓝/祝福__chunk002,蓝/阿Q正传__chunk002,same,0.768195
蓝/祝福__chunk002,蓝/阿Q正传__chunk003,same,0.781266
蓝/祝福__chunk002,蓝/阿Q正传__chunk004,same,0.800983
蓝/祝福__chunk002,蓝/阿Q正传__chunk005,same,0.785330
蓝/祝福__chunk002,蓝/阿Q正传__chunk006,same,0.814100
蓝/祝福__chunk002,蓝/阿Q正传__chunk007,same,0.825173
蓝/祝福__chunk002,蓝/阿Q正传__chunk008,same,0.821842
蓝/祝福__chunk002,蓝/风波__chunk001,same,0.868556
蓝/祝福__chunk003,蓝/离婚__chunk001,same,0.834766
蓝/祝福__chunk003,蓝/离婚__chunk002,same,0.797449
蓝/祝福__chunk003,蓝/肥皂__chunk001,same,0.854345
蓝/祝福__chunk003,蓝/肥皂__chunk002,same,0.814957
蓝/祝福__chunk003,蓝/药__chunk001,same,0.813919
蓝/祝福__chunk003,蓝/铸剑__chunk001,same,0.845763
蓝/祝福__chunk003,蓝/铸剑__chunk002,same,0.808007
蓝/祝福__chunk003,蓝/铸剑__chunk003,same,0.792483
蓝/祝福__chunk003,蓝/阿Q正传__chunk001,same,0.761795
蓝/祝福__chunk003,蓝/阿Q正传__chunk002,same,0.758990
蓝/祝福__chunk003,蓝/阿Q正传__chunk003,same,0.776226
蓝/祝福__chunk003,蓝/阿Q正传__chunk004,same,0.779178
蓝/祝福__chunk003,蓝/阿Q正传__chunk005,same,0.775130
蓝/祝福__chunk003,蓝/阿Q正传__chunk006,same,0.792350
蓝/祝福__chunk003,蓝/阿Q正传__chunk007,same,0.809400
蓝/祝福__chunk003,蓝/阿Q正传__chunk008,same,0.803060
蓝/祝福__chunk003,蓝/风波__chunk001,same,0.843036
蓝/离婚__chunk001,蓝/离婚__chunk002,same,0.868330
蓝/离婚__chunk001,蓝/肥皂__chunk001,same,0.907701
蓝/离婚__chunk001,蓝/肥皂__chunk002,same,0.921213
蓝/离婚__chunk001,蓝/药__chunk001,same,0.919844
蓝/离婚__chunk001,蓝/铸剑__chunk001,same,0.935971
蓝/离婚__chunk001,蓝/铸剑__chunk002,same,0.931028
蓝/离婚__chunk001,蓝/铸剑__chunk003,same,0.916522
蓝/离婚__chunk001,蓝/阿Q正传__chunk001,same,0.862361
蓝/离婚__chunk001,蓝/阿Q正传__chunk002,same,0.831796
蓝/离婚__chunk001,蓝/阿Q正传__chunk003,same,0.844336
蓝/离婚__chunk001,蓝/阿Q正传__chunk004,same,0.882253
蓝/离婚__chunk001,蓝/阿Q正传__chunk005,same,0.839773
蓝/离婚__chunk001,蓝/阿Q正传__chunk006,same,0.883741
蓝/离婚__chunk001,蓝/阿Q正传__chunk007,same,0.912757
蓝/离婚__chunk001,蓝/阿Q正传__chunk008,same,0.884827
蓝/离婚__chunk001,蓝/风波__chunk001,same,0.901656
蓝/离婚__chunk002,蓝/肥皂__chunk001,same,0.899295
蓝/离婚__chunk002,蓝/肥皂__chunk002,same,0.885757
蓝/离婚__chunk002,蓝/药__chunk001,same,0.879749
蓝/离婚__chunk002,蓝/铸剑__chunk001,same,0.871709
蓝/离婚__chunk002,蓝/铸剑__chunk002,same,0.856484
蓝/离婚__chunk002,蓝/铸剑__chunk003,same,0.800996
蓝/离婚__chunk002,蓝/阿Q正传__chunk001,same,0.793732
蓝/离婚__chunk002,蓝/阿Q正传__chunk002,same,0.804810
蓝/离婚__chunk002,蓝/阿Q正传__chunk003,same,0.806292
蓝/离婚__chunk002,蓝/阿Q正传__chunk004,same,0.818098
蓝/离婚__chunk002,蓝/阿Q正传__chunk005,same,0.792993
蓝/离婚__chunk002,蓝/阿Q正传__chunk006,same,0.827583
蓝/离婚__chunk002,蓝/阿Q正传__chunk007,same,0.821895
蓝/离婚__chunk002,蓝/阿Q正传__chunk008,same,0.802326
蓝/离婚__chunk002,蓝/风波__chunk001,same,0.856611
蓝/肥皂__chunk001,蓝/肥皂__chunk002,same,0.925795
蓝/肥皂__chunk001,蓝/药__chunk001,same,0.908914
蓝/肥皂__chunk001,蓝/铸剑__chunk001,same,0.912899
蓝/肥皂__chunk001,蓝/铸剑__chunk002,same,0.888243
蓝/肥皂__chunk001,蓝/铸剑__chunk003,same,0.853419
蓝/肥皂__chunk001,蓝/阿Q正传__chunk001,same,0.838657
蓝/肥皂__chunk001,蓝/阿Q正传__chunk002,same,0.825864
蓝/肥皂__chunk001,蓝/阿Q正传__chunk003,same,0.836749
蓝/肥皂__chunk001,蓝/阿Q正传__chunk004,same,0.854118
蓝/肥皂__chunk001,蓝/阿Q正传__chunk005,same,0.830761
蓝/肥皂__chunk001,蓝/阿Q正传__chunk006,same,0.867912
蓝/肥皂__chunk001,蓝/阿Q正传__chunk007,same,0.873904
蓝/肥皂__chunk001,蓝/阿Q正传__chunk008,same,0.857637
蓝/肥皂__chunk001,蓝/风波__chunk001,same,0.906891
蓝/肥皂__chunk002,蓝/药__chunk001,same,0.902443
蓝/肥皂__chunk002,蓝/铸剑__chunk001,same,0.913314
蓝/肥皂__chunk002,蓝/铸剑__chunk002,same,0.912009
蓝/肥皂__chunk002,蓝/铸剑__chunk003,same,0.894466
蓝/肥皂__chunk002,蓝/阿Q正传__chunk001,same,0.858269
蓝/肥皂__chunk002,蓝/阿Q正传__chunk002,same,0.827161
蓝/肥皂__chunk002,蓝/阿Q正传__chunk003,same,0.850248
蓝/肥皂__chunk002,蓝/阿Q正传__chunk004,same,0.863454
蓝/肥皂__chunk002,蓝/阿Q正传__chunk005,same,0.836561
蓝/肥皂__chunk002,蓝/阿Q正传__chunk006,same,0.862599
蓝/肥皂__chunk002,蓝/阿Q正传__chunk007,same,0.893221
蓝/肥皂__chunk002,蓝/阿Q正传__chunk008,same,0.855753
蓝/肥皂__chunk002,蓝/风波__chunk001,same,0.914354
蓝/药__chunk001,蓝/铸剑__chunk001,same,0.944504
蓝/药__chunk001,蓝/铸剑__chunk002,same,0.938060
蓝/药__chunk001,蓝/铸剑__chunk003,same,0.899673
蓝/药__chunk001,蓝/阿Q正传__chunk001,same,0.835619
蓝/药__chunk001,蓝/阿Q正传__chunk002,same,0.838291
蓝/药__chunk001,蓝/阿Q正传__chunk003,same,0.852473
蓝/药__chunk001,蓝/阿Q正传__chunk004,same,0.870554
蓝/药__chunk001,蓝/阿Q正传__chunk005,same,0.853148
蓝/药__chunk001,蓝/阿Q正传__chunk006,same,0.871931
蓝/药__chunk001,蓝/阿Q正传__chunk007,same,0.898084
蓝/药__chunk001,蓝/阿Q正传__chunk008,same,0.865502
蓝/药__chunk001,蓝/风波__chunk001,same,0.905081
蓝/铸剑__chunk001,蓝/铸剑__chunk002,same,0.948925
蓝/铸剑__chunk001,蓝/铸剑__chunk003,same,0.906487
蓝/铸剑__chunk001,蓝/阿Q正传__chunk001,same,0.855176
蓝/铸剑__chunk001,蓝/阿Q正传__chunk002,same,0.833964
蓝/铸剑__chunk001,蓝/阿Q正传__chunk003,same,0.848287
蓝/铸剑__chunk001,蓝/阿Q正传__chunk004,same,0.869959
蓝/铸剑__chunk001,蓝/阿Q正传__chunk005,same,0.847991
蓝/铸剑__chunk001,蓝/阿Q正传__chunk006,same,0.868942
蓝/铸剑__chunk001,蓝/阿Q正传__chunk007,same,0.903846
蓝/铸剑__chunk001,蓝/阿Q正传__chunk008,same,0.877972
蓝/铸剑__chunk001,蓝/风波__chunk001,same,0.915435
蓝/铸剑__chunk002,蓝/铸剑__chunk003,same,0.932944
蓝/铸剑__chunk002,蓝/阿Q正传__chunk001,same,0.875487
蓝/铸剑__chunk002,蓝/阿Q正传__chunk002,same,0.863137
蓝/铸剑__chunk002,蓝/阿Q正传__chunk003,same,0.872751
蓝/铸剑__chunk002,蓝/阿Q正传__chunk004,same,0.891555
蓝/铸剑__chunk002,蓝/阿Q正传__chunk005,same,0.871314
蓝/铸剑__chunk002,蓝/阿Q正传__chunk006,same,0.886669
蓝/铸剑__chunk002,蓝/阿Q正传__chunk007,same,0.919054
蓝/铸剑__chunk002,蓝/阿Q正传__chunk008,same,0.883855
蓝/铸剑__chunk002,蓝/风波__chunk001,same,0.921647
蓝/铸剑__chunk003,蓝/阿Q正传__chunk001,same,0.866602
蓝/铸剑__chunk003,蓝/阿Q正传__chunk002,same,0.831086
蓝/铸剑__chunk003,蓝/阿Q正传__chunk003,same,0.843972
蓝/铸剑__chunk003,蓝/阿Q正传__chunk004,same,0.873983
蓝/铸剑__chunk003,蓝/阿Q正传__chunk005,same,0.852385
蓝/铸剑__chunk003,蓝/阿Q正传__chunk006,same,0.886055
蓝/铸剑__chunk003,蓝/阿Q正传__chunk007,same,0.919191
蓝/铸剑__chunk003,蓝/阿Q正传__chunk008,same,0.860578
蓝/铸剑__chunk003,蓝/风波__chunk001,same,0.907099
蓝/阿Q正传__chunk001,蓝/阿Q正传__chunk002,same,0.932533
蓝/阿Q正传__chunk001,蓝/阿Q正传__chunk003,same,0.931706
蓝/阿Q正传__chunk001,蓝/阿Q正传__chunk004,same,0.949004
蓝/阿Q正传__chunk001,蓝/阿Q正传__chunk005,same,0.944906
蓝/阿Q正传__chunk001,蓝/阿Q正传__chunk006,same,0.951595
蓝/阿Q正传__chunk001,蓝/阿Q正传__chunk007,same,0.945971
蓝/阿Q正传__chunk001,蓝/阿Q正传__chunk008,same,0.919209
蓝/阿Q正传__chunk001,蓝/风波__chunk001,same,0.867950
蓝/阿Q正传__chunk002,蓝/阿Q正传__chunk003,same,0.968131
蓝/阿Q正传__chunk002,蓝/阿Q正传__chunk004,same,0.960867
蓝/阿Q正传__chunk002,蓝/阿Q正传__chunk005,same,0.954596
蓝/阿Q正传__chunk002,蓝/阿Q正传__chunk006,same,0.939794
蓝/阿Q正传__chunk002,蓝/阿Q正传__chunk007,same,0.936768
蓝/阿Q正传__chunk002,蓝/阿Q正传__chunk008,same,0.929492
蓝/阿Q正传__chunk002,蓝/风波__chunk001,same,0.853236
蓝/阿Q正传__chunk003,蓝/阿Q正传__chunk004,same,0.958728
蓝/阿Q正传__chunk003,蓝/阿Q正传__chunk005,same,0.960414
蓝/阿Q正传__chunk003,蓝/阿Q正传__chunk006,same,0.948382
蓝/阿Q正传__chunk003,蓝/阿Q正传__chunk007,same,0.941928
蓝/阿Q正传__chunk003,蓝/阿Q正传__chunk008,same,0.937419
蓝/阿Q正传__chunk003,蓝/风波__chunk001,same,0.864138
蓝/阿Q正传__chunk004,蓝/阿Q正传__chunk005,same,0.957550
蓝/阿Q正传__chunk004,蓝/阿Q正传__chunk006,same,0.963862
蓝/阿Q正传__chunk004,蓝/阿Q正传__chunk007,same,0.959238
蓝/阿Q正传__chunk004,蓝/阿Q正传__chunk008,same,0.954682
蓝/阿Q正传__chunk004,蓝/风波__chunk001,same,0.884748
蓝/阿Q正传__chunk005,蓝/阿Q正传__chunk006,same,0.960312
蓝/阿Q正传__chunk005,蓝/阿Q正传__chunk007,same,0.940609
蓝/阿Q正传__chunk005,蓝/阿Q正传__chunk008,same,0.937859
蓝/阿Q正传__chunk005,蓝/风波__chunk001,same,0.874721
蓝/阿Q正传__chunk006,蓝/阿Q正传__chunk007,same,0.950550
蓝/阿Q正传__chunk006,蓝/阿Q正传__chunk008,same,0.936591
蓝/阿Q正传__chunk006,蓝/风波__chunk001,same,0.878605
蓝/阿Q正传__chunk007,蓝/阿Q正传__chunk008,same,0.938733
蓝/阿Q正传__chunk007,蓝/风波__chunk001,same,0.915085
蓝/阿Q正传__chunk008,蓝/风波__chunk001,same,0.870785
