,杨戴/伤逝__chunk001,杨戴/伤逝__chunk002,杨戴/伤逝__chunk003,杨戴/伤逝__chunk004,杨戴/伤逝__chunk005,杨戴/伤逝__chunk006,杨戴/伤逝__chunk007,杨戴/在酒楼上__chunk001,杨戴/在酒楼上__chunk002,杨戴/在酒楼上__chunk003,杨戴/在酒楼上__chunk004,杨戴/在酒楼上__chunk005,杨戴/奔月__chunk001,杨戴/奔月__chunk002,杨戴/奔月__chunk003,杨戴/奔月__chunk004,杨戴/孤独者__chunk001,杨戴/孤独者__chunk002,杨戴/孤独者__chunk003,杨戴/孤独者__chunk004,杨戴/孤独者__chunk005,杨戴/孤独者__chunk006,杨戴/孤独者__chunk007,杨戴/孤独者__chunk008,杨戴/幸福的家庭__chunk001,杨戴/幸福的家庭__chunk002,杨戴/幸福的家庭__chunk003,杨戴/故乡__chunk001,杨戴/故乡__chunk002,杨戴/故乡__chunk003,杨戴/故乡__chunk004,杨戴/明天__chunk001,杨戴/明天__chunk002,杨戴/明天__chunk003,杨戴/狂人日记__chunk001,杨戴/狂人日记__chunk002,杨戴/狂人日记__chunk003,杨戴/狂人日记__chunk004,杨戴/社戏__chunk001,杨戴/社戏__chunk002,杨戴/社戏__chunk003,杨戴/社戏__chunk004,杨戴/祝福__chunk001,杨戴/祝福__chunk002,杨戴/祝福__chunk003,杨戴/祝福__chunk004,杨戴/祝福__chunk005,杨戴/祝福__chunk006,杨戴/祝福__chunk007,杨戴/离婚__chunk001,杨戴/离婚__chunk002,杨戴/离婚__chunk003,杨戴/肥皂__chunk001,杨戴/肥皂__chunk002,杨戴/肥皂__chunk003,杨戴/肥皂__chunk004,杨戴/药__chunk001,杨戴/药__chunk002,杨戴/药__chunk003,杨戴/铸剑__chunk001,杨戴/铸剑__chunk002,杨戴/铸剑__chunk003,杨戴/铸剑__chunk004,杨戴/铸剑__chunk005,杨戴/铸剑__chunk006,杨戴/铸剑__chunk007,杨戴/阿Q正传__chunk001,杨戴/阿Q正传__chunk002,杨戴/阿Q正传__chunk003,杨戴/阿Q正传__chunk004,杨戴/阿Q正传__chunk005,杨戴/阿Q正传__chunk006,杨戴/阿Q正传__chunk007,杨戴/阿Q正传__chunk008,杨戴/阿Q正传__chunk009,杨戴/阿Q正传__chunk010,杨戴/阿Q正传__chunk011,杨戴/阿Q正传__chunk012,杨戴/阿Q正传__chunk013,杨戴/阿Q正传__chunk014,杨戴/阿Q正传__chunk015,杨戴/阿Q正传__chunk016,杨戴/阿Q正传__chunk017,杨戴/风波__chunk001,杨戴/风波__chunk002,杨戴/风波__chunk003,蓝/伤逝__chunk001,蓝/伤逝__chunk002,蓝/伤逝__chunk003,蓝/伤逝__chunk004,蓝/伤逝__chunk005,蓝/伤逝__chunk006,蓝/伤逝__chunk007,蓝/在酒楼上__chunk001,蓝/在酒楼上__chunk002,蓝/在酒楼上__chunk003,蓝/在酒楼上__chunk004,蓝/奔月__chunk001,蓝/奔月__chunk002,蓝/奔月__chunk003,蓝/奔月__chunk004,蓝/孤独者__chunk001,蓝/孤独者__chunk002,蓝/孤独者__chunk003,蓝/孤独者__chunk004,蓝/孤独者__chunk005,蓝/孤独者__chunk006,蓝/孤独者__chunk007,蓝/孤独者__chunk008,蓝/幸福的家庭__chunk001,蓝/幸福的家庭__chunk002,蓝/幸福的家庭__chunk003,蓝/故乡__chunk001,蓝/故乡__chunk002,蓝/故乡__chunk003,蓝/明天__chunk001,蓝/明天__chunk002,蓝/狂人日记__chunk001,蓝/狂人日记__chunk002,蓝/狂人日记__chunk003,蓝/社戏__chunk001,蓝/社戏__chunk002,蓝/社戏__chunk003,蓝/社戏__chunk004,蓝/祝福__chunk001,蓝/祝福__chunk002,蓝/祝福__chunk003,蓝/祝福__chunk004,蓝/祝福__chunk005,蓝/祝福__chunk006,蓝/祝福__chunk007,蓝/离婚__chunk001,蓝/离婚__chunk002,蓝/离婚__chunk003,蓝/肥皂__chunk001,蓝/肥皂__chunk002,蓝/肥皂__chunk003,蓝/肥皂__chunk004,蓝/药__chunk001,蓝/药__chunk002,蓝/药__chunk003,蓝/铸剑__chunk001,蓝/铸剑__chunk002,蓝/铸剑__chunk003,蓝/铸剑__chunk004,蓝/铸剑__chunk005,蓝/铸剑__chunk006,蓝/铸剑__chunk007,蓝/阿Q正传__chunk001,蓝/阿Q正传__chunk002,蓝/阿Q正传__chunk003,蓝/阿Q正传__chunk004,蓝/阿Q正传__chunk005,蓝/阿Q正传__chunk006,蓝/阿Q正传__chunk007,蓝/阿Q正传__chunk008,蓝/阿Q正传__chunk009,蓝/阿Q正传__chunk010,蓝/阿Q正传__chunk011,蓝/阿Q正传__chunk012,蓝/阿Q正传__chunk013,蓝/阿Q正传__chunk014,蓝/阿Q正传__chunk015,蓝/阿Q正传__chunk016,蓝/阿Q正传__chunk017,蓝/风波__chunk001,蓝/风波__chunk002,蓝/风波__chunk003
杨戴/伤逝__chunk001,0.000000,0.913815,0.997717,1.106563,0.933802,0.926219,0.914350,1.067735,1.061808,1.083872,1.029258,1.086311,1.016179,1.062683,1.091825,1.140706,0.959136,0.979485,0.993023,1.088064,1.061093,1.288519,1.090602,1.151117,1.379632,1.212288,1.117472,1.005467,1.010019,1.312099,1.185693,0.961183,1.068779,1.240171,1.069108,1.309190,1.301896,1.227880,1.099955,0.959007,1.046094,1.072663,0.952264,1.024784,1.025065,1.098996,1.098782,1.163383,1.011159,1.063563,0.998888,0.887814,0.990528,1.136208,1.102044,0.924152,1.135525,1.106380,0.961374,1.172350,0.991516,1.113218,1.132510,1.118744,1.069728,1.174514,1.236902,1.126160,1.060597,1.137508,1.092746,1.076151,1.146169,1.288370,1.108270,1.035046,1.362951,1.024661,1.091846,1.228295,1.264571,1.168478,1.262308,0.952202,1.151466,1.016923,0.781798,0.934438,0.983690,1.010474,0.979511,1.001997,0.975378,0.988032,0.955485,1.219300,1.145837,1.034650,0.970177,1.083576,1.291961,1.060271,1.018090,0.997185,1.085416,1.019622,1.189665,0.881784,1.263342,1.200510,1.073528,1.346329,0.918951,1.129145,1.069098,1.043910,1.148961,1.099417,1.182536,1.086017,0.939616,1.022230,1.137726,1.146194,0.962560,1.000318,0.946216,1.099473,1.286996,1.093296,1.092078,1.066676,1.110055,1.000739,1.010521,1.074861,1.248490,1.091988,1.137424,1.208260,0.996216,1.266891,1.055070,1.139523,1.032521,1.139318,1.125935,1.095363,1.098807,1.072091,1.163824,1.135496,1.272667,0.987490,1.225074,1.128120,1.088444,1.104731,1.109279,1.079018,1.148669,1.080436,1.164459,1.193898,1.268580,0.905768,1.101021,1.134717
杨戴/伤逝__chunk002,0.913815,0.000000,0.817035,0.891913,0.882432,0.824077,0.889106,1.031322,0.824458,0.958725,0.831560,1.048864,1.050714,1.106558,1.138223,1.211088,0.999838,0.986918,1.114810,0.946283,0.909639,1.245196,1.073832,1.182027,1.299211,1.272780,1.195879,1.008354,1.098873,1.298227,1.056233,1.005035,1.044149,1.002871,1.126396,1.193225,1.279020,1.276247,0.942205,0.983132,1.051324,0.974545,1.088626,1.043328,0.981428,1.028238,1.045552,1.175968,0.998802,1.253935,0.941576,0.904400,1.029440,1.051067,1.049402,0.950493,1.150491,1.092976,1.049250,1.169700,1.113630,1.102418,1.185617,1.161058,1.203723,1.181322,1.246074,1.265846,1.174444,1.099969,1.104218,1.182324,1.184581,1.119590,1.165415,1.230914,1.302487,1.056019,1.111790,1.162955,1.178101,1.232478,1.164675,1.014114,1.214789,1.182839,1.097204,0.814618,0.980877,1.025404,0.965062,1.034592,1.195038,1.150461,0.898366,0.976436,0.990500,1.097224,1.198074,1.266852,1.265950,1.222345,1.168724,1.081905,1.143625,1.171472,1.177534,1.137186,1.266063,1.286497,1.216181,1.508689,1.068177,1.159392,1.173133,1.068785,1.194096,1.149111,1.215399,1.216509,1.082762,1.160109,1.185823,1.244069,1.222896,0.941397,1.053938,1.140258,1.197291,1.108019,1.258267,1.294440,1.173703,1.189222,1.133849,1.160377,1.299432,1.204325,1.447610,1.272962,1.195570,1.310053,1.137392,1.210945,1.209884,1.231884,1.381096,1.201246,1.192674,1.131830,1.406234,1.193158,1.419693,1.158868,1.308903,1.320459,1.187028,1.178461,1.219286,1.096830,1.271572,1.252286,1.252807,1.276330,1.316254,1.109811,1.221760,1.333269
杨戴/伤逝__chunk003,0.997717,0.817035,0.000000,0.933346,0.929539,0.858861,0.939243,1.082461,0.823351,0.924612,0.776862,1.159393,0.964995,1.063845,1.045465,1.205207,1.044460,0.969379,0.946062,0.907782,0.905802,1.232737,0.982201,1.190714,1.343513,1.137176,1.093824,0.957869,0.980549,1.102095,1.078894,0.972811,1.104020,1.114797,1.175758,1.313412,1.270581,1.351838,0.918086,0.978422,1.013639,0.947613,0.983078,0.971473,0.935783,0.992617,0.951060,1.123687,0.997000,1.174047,0.985210,0.961693,0.886557,1.151851,1.027412,0.870234,1.081487,0.968145,1.005912,1.034459,1.066219,1.180902,1.180772,1.110507,1.245850,1.178680,1.156849,1.168027,1.142759,1.218987,1.089931,1.122656,1.082841,1.228661,1.054088,1.030717,1.207493,1.146947,0.995727,1.104193,1.203416,1.134284,1.243467,0.949572,1.196922,0.903258,0.973298,0.871162,0.835012,1.043383,0.931778,0.891430,1.112552,1.065994,0.825050,1.047725,0.990396,1.041917,1.100063,1.051423,1.216109,1.051358,1.010886,0.972975,1.051913,0.959398,1.024391,1.030062,1.106199,1.198295,1.048311,1.314313,0.957300,1.038032,1.025443,0.953567,1.027026,1.168089,1.134968,1.183609,0.974942,1.008584,1.058755,1.090186,1.004706,0.895408,0.927467,1.038584,1.061712,1.191318,1.082468,1.192482,1.094125,1.046663,0.964637,1.105530,1.125365,1.173705,1.306268,1.172213,1.093311,1.134538,1.030683,1.103362,1.125268,1.069527,1.255631,1.254977,1.136927,1.107073,1.259633,1.116893,1.136487,1.121906,1.159416,1.255823,1.014984,1.116354,1.111145,1.057771,1.101828,1.184754,1.152529,1.139219,1.296671,0.960568,1.145440,1.194042
杨戴/伤逝__chunk004,1.106563,0.891913,0.933346,0.000000,0.934814,0.876556,0.909849,1.004107,0.898905,0.866816,0.891772,1.133561,1.182267,1.078046,1.159694,1.228256,1.070272,0.938385,1.100771,0.948939,0.865556,1.126505,0.939013,1.071920,1.392272,1.257822,1.186543,0.950048,0.952696,1.056513,1.041373,1.084119,1.000529,1.132339,1.276465,1.287284,1.185161,1.220821,1.011632,0.798229,1.046147,1.098711,1.088033,1.011194,0.962887,1.122766,1.048889,1.118751,1.026685,1.208709,1.036673,0.930548,0.976866,0.990635,1.074247,0.957689,1.259206,1.170869,1.069999,1.016410,1.088615,1.216050,1.221062,1.214531,1.307314,1.128265,1.204699,1.150883,1.179143,1.092656,1.085095,1.190695,1.154404,1.163717,1.056450,1.057226,1.142359,1.174015,1.060263,1.089047,1.127792,1.157962,1.120151,1.060567,1.085428,1.086355,1.143328,1.006079,0.999651,0.840665,1.060518,1.037608,1.090197,1.185601,0.930286,1.096058,1.090095,1.075660,1.146228,1.106661,1.340998,1.115929,1.195112,1.056803,1.049702,0.990504,1.059850,1.139342,1.139520,1.269842,1.201449,1.430400,0.986779,1.146373,1.005322,1.088680,1.122617,1.272329,1.224837,1.085414,1.100141,1.004655,1.151030,1.260772,1.148789,0.962105,1.142553,1.162010,1.204756,1.224053,1.295842,1.247606,1.206211,1.158205,1.136736,1.110956,1.169093,1.233252,1.418492,1.265253,1.242109,1.184252,1.152037,1.181703,1.183121,1.274483,1.404536,1.096272,1.218046,1.167374,1.410816,1.149284,1.346340,1.179984,1.267544,1.227311,1.140981,1.107151,1.070648,1.209642,1.014970,1.147696,1.158494,1.174240,1.272058,1.093478,1.202898,1.339022
杨戴/伤逝__chunk005,0.933802,0.882432,0.929539,0.934814,0.000000,0.669320,0.772607,0.999838,0.964293,0.954689,0.935279,1.203343,1.077615,0.965539,1.079625,1.108693,1.018869,0.981474,1.000007,1.046488,0.824263,1.102081,0.965467,1.192897,1.366008,1.196289,1.190662,0.996408,0.994233,1.194067,1.134541,0.942729,1.090464,1.144729,1.125887,1.159941,1.305147,1.267573,0.856775,0.771699,0.966039,1.181599,1.009099,0.992022,0.949665,1.061321,1.017658,1.012526,1.045687,1.163781,1.024632,0.915371,1.044045,0.977220,1.127801,0.993799,1.233621,1.064661,1.084793,1.141851,1.132881,1.093566,1.120496,1.139986,1.191425,1.245587,1.218187,0.994190,1.122319,1.229541,1.192669,1.171812,1.095334,1.119078,1.114598,1.102082,1.223661,1.066706,1.142255,1.133062,1.186739,1.106125,1.218996,1.016250,1.079449,1.094993,0.957690,0.973065,0.968147,0.785743,0.871566,1.021456,1.037917,1.050673,1.028094,1.040233,1.063898,1.050623,1.024768,1.165611,1.255914,1.157666,1.094628,0.965598,1.063383,0.860662,1.040409,1.013473,1.214425,1.190082,1.162887,1.368489,1.007221,1.267681,1.146361,0.996195,1.223143,1.118643,1.156232,1.159940,0.921723,0.889052,1.115679,1.237845,1.052044,0.987470,1.054433,1.122030,1.187371,1.198442,1.223025,1.179878,1.227503,1.086068,1.098137,0.965767,1.216993,1.190952,1.369674,1.305599,1.209006,1.216680,1.107495,1.143856,1.110900,1.103872,1.367634,1.289375,1.212770,1.125465,1.306375,1.172816,1.248569,1.206898,1.228781,1.190242,1.107299,1.114179,1.111913,1.212160,1.136354,1.096164,1.151003,1.194277,1.174104,1.017146,1.116171,1.205186
杨戴/伤逝__chunk006,0.926219,0.824077,0.858861,0.876556,0.669320,0.000000,0.752961,0.949434,0.800492,0.853124,0.857641,1.029803,0.949852,0.879883,0.930271,1.046499,0.967053,0.847347,0.884407,0.920836,0.823266,1.048460,0.881139,1.116697,1.290180,1.203529,1.076822,0.924257,0.876597,1.049884,0.899706,0.965736,1.032981,1.052842,1.115602,1.108459,1.200252,1.257847,0.814279,0.886486,0.950959,0.965433,0.888956,1.022882,0.841328,1.027356,0.989180,1.197915,0.974256,1.083064,0.920088,0.775603,0.893649,0.903899,0.895250,0.940027,1.167075,0.983928,0.930898,0.941652,0.978234,1.057019,1.057902,1.027417,1.165296,1.107882,1.147717,1.117047,1.155695,1.118645,1.008420,1.085204,0.977814,1.157605,1.007975,1.043205,1.145336,0.983429,1.030965,1.107447,1.123183,1.116893,1.074243,0.877145,1.029855,0.901492,0.885168,0.853602,0.901670,0.787667,0.743903,0.835802,0.966004,1.032837,0.833907,0.935823,0.923053,0.962676,0.902235,0.986985,1.139726,1.074915,1.037157,0.975271,0.946644,0.929874,0.810236,0.990723,1.095584,1.123897,1.036040,1.285647,0.884586,1.060996,0.954649,0.997310,1.062988,1.030046,1.107031,1.084655,0.874762,0.972450,1.015210,1.077282,0.937601,0.860843,0.982330,0.984101,1.134913,1.237305,1.142509,1.090854,1.030435,1.031020,0.991761,0.838570,1.033374,1.067782,1.333280,1.064778,1.061011,1.060899,1.004683,1.053219,0.976613,1.045157,1.304703,1.120546,1.116924,1.123921,1.231044,1.113876,1.136788,1.140711,1.142299,1.116376,1.059506,1.086370,1.057888,0.959370,1.127655,1.071877,1.127755,1.063455,1.138698,0.861283,1.009303,1.121660
杨戴/伤逝__chunk007,0.914350,0.889106,0.939243,0.909849,0.772607,0.752961,0.000000,0.933499,0.895220,0.923887,0.873964,1.040291,0.978071,0.905858,1.050450,1.047819,1.057083,0.964258,1.008369,0.895815,0.786878,1.093568,0.944266,1.081840,1.348889,1.186046,1.131660,0.967964,0.900362,1.014347,1.075488,0.934375,1.084860,1.161804,1.076329,1.121808,1.222204,1.176282,0.860477,0.926104,1.010365,1.030898,0.888338,0.868218,0.924059,0.957686,0.886848,1.037297,1.036637,1.152969,0.858593,0.957108,0.971531,0.939249,1.100946,0.899896,1.132004,1.084874,0.974927,1.086755,1.020381,1.082274,1.155197,1.133223,1.192975,1.176355,1.123281,1.182879,1.177593,1.230348,1.115185,1.061348,1.073013,1.064401,1.017017,1.106803,1.189233,1.137048,1.061516,1.187336,1.082684,1.262704,1.153528,0.980407,1.122804,0.955014,0.893715,0.971743,0.740192,0.819592,0.840589,0.783904,0.810948,1.020136,0.880763,0.965814,0.972959,0.939672,0.986515,1.012571,1.113021,1.124855,1.071599,0.951654,0.980100,0.898301,0.922056,0.946862,1.091244,1.248113,1.152960,1.293353,0.890711,1.033887,1.067600,1.053632,1.026540,1.010748,1.032611,1.046337,0.991116,1.066478,1.061093,1.126781,0.996098,0.870798,1.056959,1.127014,0.985954,1.101177,1.073655,1.186227,1.136468,1.001832,1.075544,0.967063,1.197684,1.084493,1.271370,1.126481,1.096690,1.108759,1.093930,1.125462,1.118118,1.098252,1.277522,1.254787,1.072989,1.132743,1.311261,1.171372,1.266017,1.044877,1.152696,1.177671,1.185411,1.148421,1.102900,1.184131,1.113071,1.181695,1.190766,1.088291,1.190061,1.001060,1.182171,1.125464
杨戴/在酒楼上__chunk001,1.067735,1.031322,1.082461,1.004107,0.999838,0.949434,0.933499,0.000000,1.013278,1.085088,0.997668,1.234950,0.971050,1.067824,0.985813,0.996598,0.977167,1.065103,1.094957,1.040434,0.890732,1.144766,1.004971,1.119302,1.376187,1.216372,1.185649,0.962885,1.193152,1.219788,1.122122,0.871267,0.963570,1.208846,1.185927,1.268773,1.313495,1.233561,0.900004,1.023939,0.993724,1.101637,0.933706,1.042593,0.954858,1.212751,1.084546,1.114180,1.170937,1.285738,1.038175,1.041263,1.192360,1.133134,1.216879,1.087721,1.063436,1.049024,0.980457,1.028479,1.005048,1.087905,1.111688,1.093654,0.997247,1.015273,1.176681,1.213065,1.242763,1.083783,1.121737,1.094977,0.995031,1.151467,0.982528,0.957493,1.268167,1.094794,1.069787,1.072807,1.133194,1.050103,0.999432,0.984128,1.089464,1.065480,1.075924,1.177758,1.120843,1.049373,1.015442,1.020172,1.075712,0.853703,0.990467,1.260985,1.246606,0.989841,1.189275,1.086499,1.155670,1.111624,1.173871,1.131101,1.102437,1.153836,1.102014,0.980985,1.112412,1.237576,1.162186,1.390638,0.954861,1.314074,1.206558,0.957642,1.153747,1.200985,1.227016,1.324359,0.904930,1.129990,1.053583,1.145126,1.057279,1.087266,1.122550,1.216401,1.228203,1.310092,1.348614,1.215674,1.284080,1.204130,1.214812,1.160017,1.264131,1.155703,1.207634,1.275799,1.120207,1.093853,1.080791,1.102662,1.050019,1.030013,1.165012,1.141750,1.082166,1.107244,1.315009,1.142834,1.276348,1.119493,1.049171,1.109992,1.057907,1.061944,1.071523,1.161676,1.020755,1.115069,1.012801,1.187819,1.173233,0.982343,1.205323,1.117698
杨戴/在酒楼上__chunk002,1.061808,0.824458,0.823351,0.898905,0.964293,0.800492,0.895220,1.013278,0.000000,0.721736,0.846882,0.956820,0.961552,0.970960,0.876671,0.935519,0.959151,0.869105,0.890467,0.825740,0.788580,1.066650,0.899201,1.043949,1.171165,1.100451,1.045930,0.796312,0.916951,1.065939,0.900285,0.927429,0.959776,1.118703,0.985823,1.051446,1.020115,1.166774,0.821451,0.878277,1.013028,0.954209,0.877077,1.003183,0.922899,0.949230,0.854065,1.151699,1.001745,1.105504,0.840931,0.877090,0.889827,0.966177,0.918010,0.934784,1.032682,0.966794,0.928385,0.943314,0.947372,1.014818,0.989747,1.021103,1.132154,1.118282,1.099231,1.089501,1.152483,1.053970,1.018821,1.080695,0.926828,1.027876,1.018376,0.982714,1.133416,0.937371,0.871724,1.042278,1.020228,1.101177,0.990866,0.900065,0.975914,0.923739,0.950166,0.866957,0.878687,0.946094,0.801549,0.885243,0.979766,1.026067,0.652827,0.974264,1.003404,0.897051,0.867496,0.973376,1.009627,0.949228,1.022576,0.982950,0.868973,1.014015,0.889783,0.918109,1.024118,1.095112,0.998202,1.331384,0.775437,1.068907,0.998534,0.899390,1.047267,0.891625,1.079185,0.974091,0.982001,0.997491,1.037078,1.058401,0.969739,0.896074,1.034979,1.002291,1.019774,1.098171,1.207387,1.065469,1.045752,1.001330,0.955699,0.922109,1.124563,1.072078,1.186939,1.087886,1.074874,0.998449,0.903030,1.006468,0.974127,1.011647,1.213041,1.161458,1.063552,1.038019,1.256151,1.086900,1.114454,1.068171,1.168774,1.073304,1.032968,0.955949,1.049750,0.985200,1.050405,1.054514,1.038853,1.058900,1.117577,1.011010,0.945199,0.982220
杨戴/在酒楼上__chunk003,1.083872,0.958725,0.924612,0.866816,0.954689,0.853124,0.923887,1.085088,0.721736,0.000000,0.841656,1.035233,1.104084,0.995622,1.098817,1.138754,1.097658,1.013445,0.911590,0.915493,0.828151,0.991054,0.960797,1.141433,1.331847,1.304510,1.167680,0.898315,1.015264,0.999761,1.003464,0.990536,1.076160,1.239291,1.066699,1.071585,1.012068,1.126253,1.011461,0.999216,1.239195,1.187180,0.988337,0.947913,0.970405,0.984335,0.944001,1.049661,0.945406,1.217595,0.907715,0.953930,0.957459,1.033477,1.113801,0.985894,1.263254,1.173450,1.079234,1.023586,1.159077,1.274678,1.205816,1.101574,1.366128,1.283400,1.100100,1.164387,1.227802,1.142600,1.121811,1.155769,1.101308,1.143210,1.102661,1.139219,1.131392,1.124221,0.974479,1.181276,1.082944,1.233426,0.962675,0.998180,1.095254,1.048245,1.096316,1.052212,0.981943,1.047350,0.930625,1.010535,1.050376,1.128048,0.890312,0.927184,1.061446,1.051941,0.982962,1.241575,1.223650,1.157230,1.244395,1.076804,1.025599,1.037606,1.018311,1.173527,1.257412,1.371835,1.257943,1.454082,0.945197,1.183248,1.125376,1.079971,1.153385,1.120461,1.207696,1.053645,1.125612,1.204052,1.319250,1.331828,1.059083,0.936519,1.256354,1.148982,1.201974,1.187067,1.285871,1.220418,1.218799,1.108903,1.126746,1.073883,1.291053,1.238427,1.497559,1.237218,1.310714,1.141246,1.149323,1.239082,1.148338,1.211786,1.487012,1.302829,1.122532,1.202238,1.484907,1.159767,1.296515,1.157027,1.367274,1.230032,1.234411,1.159050,1.180704,1.238107,1.120360,1.240916,1.246495,1.133060,1.314475,1.151537,1.110046,1.230735
杨戴/在酒楼上__chunk004,1.029258,0.831560,0.776862,0.891772,0.935279,0.857641,0.873964,0.997668,0.846882,0.841656,0.000000,1.043204,1.040014,1.101047,1.138330,1.072005,1.003766,0.926906,0.970237,0.879983,0.835506,1.224379,0.942930,1.166345,1.341748,1.222079,1.158910,0.945439,1.006529,1.053403,1.061057,0.948735,1.013895,1.078563,1.065538,1.181806,1.167135,1.238863,0.928320,1.012734,1.074349,1.015078,1.040348,0.992043,0.906190,0.935543,0.894637,0.943555,0.929223,1.060973,1.000565,0.898920,0.926335,1.003044,1.042357,0.967994,1.130475,1.005734,0.989353,1.095020,1.070410,1.104459,1.163315,1.112663,1.213051,1.132447,1.155026,1.111271,1.139041,1.090717,1.037953,1.149491,1.108076,1.115535,1.018918,1.039209,1.095598,1.000767,0.938247,1.009763,1.141101,1.139152,1.146762,0.937495,1.041794,0.903430,1.011383,1.012953,0.983471,1.056313,0.884972,0.929300,1.008477,1.039887,0.931737,0.973818,0.910650,1.005015,1.154433,1.089443,1.189522,1.065924,1.065330,0.977407,1.037733,0.946575,1.132117,1.085208,1.102230,1.238908,1.109282,1.360870,0.914540,1.147058,1.058909,0.933298,1.000347,1.057164,1.131337,1.149926,1.029359,1.061408,1.154219,1.043625,1.076227,0.862120,0.980180,1.036862,1.127502,1.099447,1.035319,1.069480,1.150173,1.116020,1.023427,0.996720,1.165238,1.154520,1.329216,1.165032,1.182011,1.148028,1.014805,1.125654,1.106094,1.053378,1.235344,1.090204,1.117668,1.119383,1.278529,1.044554,1.246815,1.143052,1.227838,1.112017,1.060275,0.993451,1.034944,1.105756,1.122085,1.106085,1.151677,1.184389,1.176718,0.965666,1.079530,1.184888
杨戴/在酒楼上__chunk005,1.086311,1.048864,1.159393,1.133561,1.203343,1.029803,1.040291,1.234950,0.956820,1.035233,1.043204,0.000000,1.198677,1.121531,1.253394,1.257853,1.158397,0.987815,1.074569,0.995512,0.983941,1.231307,1.052339,1.180151,1.266302,1.357889,1.243004,1.265544,1.152396,1.182390,1.185076,1.111690,1.333510,1.456420,1.150599,1.210421,1.196195,1.337562,1.083985,1.104165,1.161557,1.205220,1.287368,1.129540,1.127095,1.121242,1.163195,1.290079,1.137933,1.138202,1.136076,0.985481,1.026476,1.039207,1.108329,1.071501,1.342589,1.115320,1.194888,1.241165,1.153225,1.207003,1.176311,1.180513,1.279803,1.191081,1.203903,1.250163,1.303455,1.161379,1.144554,1.174425,1.259354,1.193457,1.187431,1.087216,1.240750,1.091205,1.124234,1.138759,1.302257,1.307009,1.235462,1.169000,1.264469,1.027652,1.191821,1.073007,1.142409,1.104348,1.129444,1.264061,1.249105,1.196664,0.987652,1.180788,1.021224,1.214996,1.189852,1.210789,1.326604,1.143621,1.111566,1.028490,1.178266,1.210611,1.135608,1.117692,1.238092,1.359672,1.195080,1.360482,1.119491,1.129486,1.111200,1.153350,1.246122,1.019297,1.218816,1.064121,1.167984,1.169394,1.137939,1.254651,1.292229,1.017882,1.145563,1.184262,1.252546,1.231733,1.177573,1.095524,1.220562,1.099715,1.159603,1.101017,1.128106,1.187428,1.396684,1.145276,1.318530,1.268469,1.033333,1.318437,1.046655,1.240583,1.279925,1.174032,1.194070,1.128057,1.536152,1.316719,1.475173,1.152211,1.317367,1.235764,1.195643,1.122799,1.130294,1.118404,1.340187,1.199910,1.317742,1.322377,1.343488,1.281192,1.227871,1.275527
杨戴/奔月__chunk001,1.016179,1.050714,0.964995,1.182267,1.077615,0.949852,0.978071,0.971050,0.961552,1.104084,1.040014,1.198677,0.000000,0.870313,0.823103,0.791373,0.933019,0.887140,1.039324,0.999575,1.034938,1.215353,0.934339,1.112833,1.197401,1.062689,0.944231,1.064273,1.086355,1.040287,1.034141,0.846143,1.024549,1.222474,1.171696,1.166891,1.146930,1.323600,0.940202,0.993815,1.040944,0.971067,0.966199,1.188754,1.048335,1.094332,0.967557,1.186306,1.031197,0.987547,0.901775,0.896720,0.828242,0.890730,0.927663,0.848030,0.945353,0.842431,0.961752,0.882079,0.831028,0.897943,0.964511,0.917674,0.891405,0.997524,1.096555,1.177753,1.018341,1.141027,0.972229,1.004691,0.924564,1.080043,1.040519,0.992679,1.174678,0.881644,0.922639,0.981996,1.122901,0.968373,1.049077,0.654601,0.923966,0.706528,0.963298,1.011249,0.989507,1.048073,0.972005,1.080710,1.098033,0.955167,0.876491,1.108666,1.028391,0.758249,0.932993,0.850151,0.941105,0.969303,0.967253,0.933669,1.044591,1.084061,1.101835,0.918630,1.075811,0.983748,0.961931,1.134336,0.889089,0.993929,0.855376,0.898340,0.925956,1.178047,1.143959,1.002030,0.982924,1.072218,1.072510,0.913353,1.056602,1.099889,0.921418,1.036716,1.067822,1.014213,1.094032,0.939955,0.963635,0.978498,0.815050,0.955659,1.057532,0.933711,1.076440,0.939880,0.989422,0.901393,0.851854,0.913751,0.844264,0.871992,0.995406,1.076410,0.969383,1.059950,1.010643,1.077386,1.062948,0.991641,0.897012,0.986012,1.018589,1.000341,1.045324,0.882490,0.937798,0.969908,0.980745,0.978071,1.010626,0.792156,0.947984,0.884810
杨戴/奔月__chunk002,1.062683,1.106558,1.063845,1.078046,0.965539,0.879883,0.905858,1.067824,0.970960,0.995622,1.101047,1.121531,0.870313,0.000000,0.869618,0.962913,1.013200,0.805619,0.969646,0.827758,0.919899,1.138035,0.839425,1.047898,1.099398,0.977876,1.019626,0.983635,0.829180,0.977137,1.019012,0.961757,0.938272,1.264786,1.145148,1.109360,1.110169,1.205211,0.957819,1.013336,0.989392,1.097727,0.923936,1.086348,1.081176,1.042117,1.013968,1.204422,1.017972,0.927588,0.909309,0.877537,0.848830,0.818077,0.828487,0.741558,1.082768,0.905339,0.949217,0.812780,0.874633,0.981790,0.993409,0.918134,1.011043,1.216051,1.011855,1.067532,1.060438,1.188600,1.037080,0.987530,0.943117,1.105294,1.107718,1.052192,1.218881,1.065376,1.031984,1.069913,1.142382,1.074428,1.151750,0.946287,0.896085,0.914758,0.953970,1.025132,0.940261,0.910073,0.938793,1.074066,1.047812,1.020073,0.900435,0.914406,1.051330,0.791964,0.622815,0.890014,0.975469,0.969608,0.902490,0.936598,0.834424,0.944812,0.957917,0.955140,0.993386,0.987672,0.917317,1.113760,0.896497,0.920957,0.921959,0.925167,0.994335,1.085890,1.031131,1.026130,0.955018,0.982266,1.021035,1.116609,0.939336,0.958890,0.993359,1.007647,1.144048,1.142016,1.213728,0.976380,1.050813,0.870252,0.993918,0.907396,0.899042,0.832386,1.185028,0.935600,1.096020,0.825265,0.860222,0.974421,0.917393,0.976476,1.176911,1.298593,1.009290,1.006205,1.119607,1.068352,1.194475,1.065896,1.063950,1.001732,0.994207,1.123415,1.081270,0.958181,1.035134,0.955630,1.014727,1.043339,1.276460,0.929027,0.913829,1.026742
杨戴/奔月__chunk003,1.091825,1.138223,1.045465,1.159694,1.079625,0.930271,1.050450,0.985813,0.876671,1.098817,1.138330,1.253394,0.823103,0.869618,0.000000,0.942406,0.926790,0.961675,0.976419,1.073157,1.005712,1.249493,0.939630,1.102249,1.187162,1.074438,0.949575,1.055895,1.060542,1.002181,1.018971,0.813613,1.010079,1.181916,1.198057,1.247941,1.148429,1.380155,0.853514,1.167926,1.046087,1.001801,0.931388,1.238046,1.052516,1.096138,0.976399,1.213657,1.059778,1.090437,0.895967,0.931432,0.888148,0.952800,0.942867,0.837966,0.870693,0.874495,0.947124,0.705000,0.809958,0.941811,0.912378,1.022017,0.932155,1.222698,1.095290,1.200547,1.056599,1.139999,0.990878,1.108594,0.767135,1.035613,1.023481,0.966611,1.251211,0.956816,0.934638,1.027210,1.019534,0.909662,0.994331,0.853252,1.050333,0.831539,0.963094,0.996608,1.008172,1.068783,0.958975,1.072947,1.121052,0.958066,0.824508,1.155552,1.072507,0.783795,0.831838,0.591787,0.900065,0.923622,0.978354,1.002683,0.978096,1.112070,1.069780,0.876504,0.964457,0.890615,0.826234,1.119411,0.925656,0.997116,0.917713,0.838754,0.955796,1.240882,1.242140,1.087235,0.849372,1.112155,0.934049,1.019985,0.963407,1.045032,0.975546,0.982814,1.034686,1.096883,1.243664,0.988646,1.023063,0.981348,0.941440,0.914431,0.969238,0.913343,0.883429,0.957386,0.964310,0.832409,0.830799,0.857725,0.892068,0.910335,1.053459,1.186568,1.016588,1.123244,1.074681,0.980824,0.977873,1.051122,0.911700,1.071940,0.873692,0.942858,1.010729,0.969009,0.997346,0.868575,0.772683,0.863979,1.057523,0.868273,0.823707,0.863869
杨戴/奔月__chunk004,1.140706,1.211088,1.205207,1.228256,1.108693,1.046499,1.047819,0.996598,0.935519,1.138754,1.072005,1.257853,0.791373,0.962913,0.942406,0.000000,0.926740,0.941558,1.052969,1.072295,1.037498,1.212259,0.865220,1.045434,1.295431,1.124571,1.069620,1.115883,1.033020,1.069598,1.038105,0.948066,1.018638,1.191341,1.250756,1.158175,1.114064,1.303087,0.973410,0.986229,1.024693,1.078080,0.977339,1.128801,1.073388,1.166071,0.988883,1.082229,1.100670,1.070791,1.043254,0.958902,1.010596,0.945001,1.041282,0.949708,1.077610,0.955969,0.902645,0.946680,0.932103,1.006085,0.991238,0.991668,1.053090,1.095277,1.211126,1.185516,1.139223,1.081811,1.092615,1.159917,0.876700,1.110299,1.055656,1.043181,1.077055,1.006417,0.962931,1.092391,0.997952,0.981854,1.035290,0.937783,1.018036,0.889675,1.174662,1.186330,1.163770,1.183543,1.066616,1.192456,1.095513,1.039032,1.002201,1.196039,1.107482,0.901592,1.008215,1.012591,0.799118,0.948920,1.128840,1.092705,0.939966,1.119928,1.167636,1.058154,1.058269,1.128308,1.086697,1.285736,1.019239,1.149086,0.965754,1.013709,1.170205,1.198631,1.209734,1.080318,1.120732,1.126208,1.196013,1.178019,0.995281,1.121967,1.095092,1.125440,1.145792,1.185340,1.290066,1.124074,1.141768,1.096633,1.126994,1.011823,1.202821,1.082042,1.176430,1.095248,1.000597,0.970821,0.954986,1.009962,0.983270,1.012144,1.180681,1.077420,1.148688,1.136702,1.172848,1.133768,1.245155,1.088834,1.073530,1.048027,1.062448,1.065637,1.037906,1.128694,1.041664,1.003775,0.934761,1.083047,1.082929,1.010412,1.071471,0.964348
杨戴/孤独者__chunk001,0.959136,0.999838,1.044460,1.070272,1.018869,0.967053,1.057083,0.977167,0.959151,1.097658,1.003766,1.158397,0.933019,1.013200,0.926790,0.926740,0.000000,0.740824,0.953621,1.100767,0.881443,1.146089,0.760460,1.091490,1.212669,1.132233,1.033293,0.936182,1.046861,1.179828,1.065699,0.987933,0.878847,1.106064,1.190197,1.137642,1.143611,1.297489,0.924550,0.995149,0.915002,1.030825,0.852846,1.042382,0.984995,1.106028,0.966950,1.050893,1.193634,1.078677,0.918691,0.854427,0.994498,1.068788,1.089798,1.017030,0.951858,0.886982,0.978461,0.934530,0.981964,0.826707,0.978128,0.972029,0.950649,0.824425,1.030679,1.029667,0.905405,1.015754,0.855577,0.909837,0.902591,0.894550,1.063079,0.847489,1.004351,0.929523,0.866907,0.905908,1.058494,0.969719,0.978125,0.924104,1.015761,0.875340,1.104245,0.993048,1.173103,1.068778,1.004109,1.136846,1.124446,0.942235,1.007267,1.244249,1.043497,1.028504,1.013069,0.892630,1.135784,0.628764,0.880378,0.994231,1.105710,1.073978,1.148362,0.775870,1.070855,1.121585,0.999636,1.307306,0.849119,1.176584,0.993222,0.937390,1.018257,1.132126,1.152864,1.036475,0.967472,0.999715,1.025181,1.185223,0.892518,1.029025,0.967328,1.049622,1.178823,1.109357,1.113117,1.072555,1.024667,1.109380,1.055231,1.008980,1.209370,1.218051,1.087320,1.002879,1.023210,1.010335,0.998154,0.873469,0.951282,1.054835,1.014424,0.904152,1.082931,1.056594,1.089821,0.980081,1.026080,0.845775,1.060557,0.860701,0.993895,0.849238,0.865059,1.006714,0.930615,0.975778,0.935837,1.034218,1.146614,0.968217,1.014384,0.988119
杨戴/孤独者__chunk002,0.979485,0.986918,0.969379,0.938385,0.981474,0.847347,0.964258,1.065103,0.869105,1.013445,0.926906,0.987815,0.887140,0.805619,0.961675,0.941558,0.740824,0.000000,0.859787,0.808456,0.878165,1.098514,0.737666,1.020580,1.117747,1.022946,1.017925,0.926300,0.861235,0.948063,0.940735,0.925320,0.993780,1.276726,0.936811,0.987775,0.952848,1.131935,0.846528,0.776086,0.905713,0.989525,0.855687,1.033831,0.954083,0.884441,0.972117,1.042718,0.973757,0.958547,0.836578,0.815292,0.953157,0.917376,0.858857,0.761469,0.991500,0.844835,0.905537,0.882825,0.930332,0.803210,0.941588,0.915746,0.895747,0.934210,0.897127,0.932387,0.854882,0.935049,0.966983,0.951559,0.943389,0.943023,1.020779,0.916872,1.024507,0.873264,0.868104,1.041917,1.042862,0.991383,1.048797,0.916619,0.943636,0.816871,1.019712,0.909531,0.968539,0.932264,0.923657,0.987491,1.130409,0.983525,0.928940,1.061520,0.948537,0.859854,0.838813,0.846856,1.041635,0.890905,0.763243,0.757038,0.864730,0.926087,0.944300,0.848711,0.902075,0.915557,0.857190,1.160435,0.900849,1.004198,0.854650,0.874685,1.019147,0.926299,1.019344,0.877238,0.939568,0.915724,0.920051,1.045927,0.900601,0.974672,0.914747,0.967045,1.179886,1.087439,1.135737,0.954411,0.939044,1.038569,0.916457,0.929626,0.883590,1.005395,1.098039,0.976656,1.065866,0.993033,0.813057,0.815361,0.875894,1.002107,0.971127,0.948752,0.942858,0.959775,1.087631,0.861876,1.098485,0.887187,1.106893,0.984027,0.927136,0.929347,0.872841,0.904691,0.992551,0.894500,0.960724,1.045920,1.077959,0.944042,0.971815,0.986221
杨戴/孤独者__chunk003,0.993023,1.114810,0.946062,1.100771,1.000007,0.884407,1.008369,1.094957,0.890467,0.911590,0.970237,1.074569,1.039324,0.969646,0.976419,1.052969,0.953621,0.859787,0.000000,0.932854,0.929022,1.094423,0.912399,1.114520,1.371328,1.167581,1.195363,0.905831,0.890026,0.991223,1.079776,1.094589,1.080415,1.394318,0.966514,1.011963,1.118869,1.225380,0.949985,0.947606,1.064488,1.115734,1.049465,0.965081,0.968787,1.045534,0.955525,1.203799,1.085045,1.080654,0.959137,0.921498,1.003934,1.044060,1.126664,0.994999,1.218591,0.973347,1.001575,0.940796,0.968810,1.137902,0.947210,1.077036,1.233472,1.153479,1.048015,1.083517,1.169394,1.102527,0.956473,1.022849,0.940794,1.098399,0.996325,0.985454,1.084021,1.028000,0.904710,1.014424,1.029725,1.035776,1.121911,0.906966,1.137775,0.950877,1.109623,1.130949,1.047895,1.080993,1.032023,1.042156,1.088445,1.070519,0.937038,1.145785,1.039370,1.047279,1.010888,1.025672,1.163823,1.023214,1.026612,0.870662,0.992333,1.022132,1.019810,1.018113,1.172204,1.180409,1.099669,1.358635,0.916534,1.141993,1.062377,1.019665,1.108574,1.089951,1.142925,1.006903,0.971754,1.040368,1.146948,1.221125,1.011956,1.000374,1.016188,1.163043,1.275907,1.160721,1.246517,1.157050,1.084388,1.098065,1.065166,1.059722,1.174767,1.105062,1.303847,1.214274,1.141562,1.041780,0.916556,1.123128,0.939746,1.221062,1.253132,1.139485,1.042351,1.082135,1.253546,1.144514,1.197414,1.035921,1.178278,1.144518,1.007365,1.076133,1.033241,1.078683,1.055624,1.008170,1.065538,1.063968,1.263649,1.095844,1.102905,1.170418
杨戴/孤独者__chunk004,1.088064,0.946283,0.907782,0.948939,1.046488,0.920836,0.895815,1.040434,0.825740,0.915493,0.879983,0.995512,0.999575,0.827758,1.073157,1.072295,1.100767,0.808456,0.932854,0.000000,0.850095,1.088890,0.942801,1.077696,1.248839,1.082636,1.099738,0.925626,0.895998,0.932136,1.091708,1.036138,1.041320,1.174869,1.005531,1.032958,1.073736,1.047582,0.953400,0.941217,1.035759,1.084137,0.944700,0.958076,0.891581,0.898183,0.918283,1.084713,1.016302,1.067026,0.888891,0.878874,0.912919,0.922242,0.889804,0.976911,1.069632,0.991381,0.927055,1.005035,0.991113,1.137040,1.032461,1.080870,1.100717,1.140554,1.112328,1.204006,1.245920,1.170455,1.052530,1.129830,1.145291,1.197432,1.082088,1.001759,1.181594,1.118961,0.971459,1.097840,1.058648,1.152739,1.133736,0.943666,1.036651,0.923637,1.030789,1.140021,0.993123,0.992525,0.950257,1.013414,1.104993,1.061857,0.896475,0.970974,1.069048,1.014173,0.942278,1.060085,1.018329,1.003267,1.044761,0.886885,0.842564,0.963209,0.972132,1.083371,1.037446,1.128652,1.081424,1.283302,0.985630,0.993445,0.983817,1.081706,1.058757,1.004835,1.082118,1.013511,1.087131,1.034331,1.140478,1.161217,0.989812,0.966426,1.000065,1.011256,1.101128,1.098750,1.278538,1.012570,1.065730,1.006688,0.977167,0.950507,1.080994,0.990563,1.302034,1.119566,1.213248,1.077466,0.956422,1.114711,1.082208,1.128476,1.273993,1.177271,1.065638,1.185561,1.291611,1.204795,1.334016,1.132902,1.273084,1.130814,1.067515,1.114422,1.084004,1.042422,1.119126,1.206762,1.126059,1.195144,1.284456,0.988137,1.051625,1.019323
杨戴/孤独者__chunk005,1.061093,0.909639,0.905802,0.865556,0.824263,0.823266,0.786878,0.890732,0.788580,0.828151,0.835506,0.983941,1.034938,0.919899,1.005712,1.037498,0.881443,0.878165,0.929022,0.850095,0.000000,1.001341,0.782917,1.109738,1.104176,1.101403,1.091483,1.025196,0.910665,1.024647,1.009761,0.961306,1.044176,1.141687,1.030017,1.008360,1.114444,1.194908,0.780044,0.861707,1.032528,1.100528,0.888381,0.884090,0.907329,0.997814,0.872492,1.052525,0.981993,1.114275,0.948199,0.919957,0.964403,0.967150,1.034984,0.895493,1.085351,0.973688,0.889675,0.909701,1.017844,0.991804,1.064775,1.018890,1.129171,1.067184,1.062510,0.915057,1.008149,1.141250,0.949393,0.963842,0.920006,1.016882,1.030490,1.046413,1.015149,1.006776,0.903677,0.940322,1.034518,1.124662,1.024100,0.953896,1.001241,0.953176,0.987879,0.977690,0.965344,0.815794,0.908997,0.967898,0.970277,0.882601,0.820539,1.002633,0.972308,0.903330,1.020717,0.994210,1.189054,0.928488,1.036581,0.946779,0.884079,0.816631,0.907208,1.062962,1.023478,1.098131,1.064904,1.228611,0.913259,1.149068,1.045946,0.983292,1.079019,0.990076,0.980520,1.060217,0.875945,0.966501,0.991295,1.087265,0.962825,0.871240,1.025741,1.023325,1.078162,1.110126,1.089467,1.126080,1.164732,0.979880,1.135408,0.999632,1.179239,1.048572,1.228345,1.147526,1.143771,0.945581,0.976420,1.052680,0.957752,0.992919,1.176402,1.064995,0.947256,1.055612,1.298952,1.125729,1.153836,0.982943,1.053352,1.111504,0.971843,1.020339,1.056141,1.047543,0.903051,1.085357,1.117641,1.119398,1.045991,0.964714,1.069834,1.060175
杨戴/孤独者__chunk006,1.288519,1.245196,1.232737,1.126505,1.102081,1.048460,1.093568,1.144766,1.066650,0.991054,1.224379,1.231307,1.215353,1.138035,1.249493,1.212259,1.146089,1.098514,1.094423,1.088890,1.001341,0.000000,1.182089,1.135071,1.341754,1.201516,1.383838,1.118004,1.183209,1.203889,1.202988,1.205634,1.283754,1.523413,1.241840,1.195151,1.090194,1.193259,0.980837,1.059549,1.285278,1.348362,1.202906,0.939792,1.128818,1.168570,1.295326,1.355433,1.244298,1.231491,1.267257,1.071038,1.232263,1.039024,1.217508,1.135197,1.307516,1.261146,1.303251,1.193238,1.283430,1.291731,1.238492,1.229084,1.429241,1.247174,0.989251,1.090549,1.247612,1.175218,1.293730,1.219404,1.209569,1.276158,1.189498,1.229740,1.075046,1.178824,1.220694,1.222052,1.171611,1.295076,1.212397,1.204299,1.294745,1.247664,1.274203,1.222374,1.165153,1.089888,1.033259,1.206772,1.233268,1.223693,1.083585,1.275236,1.255129,1.238373,1.100358,1.242859,1.317013,1.148881,1.352494,1.186357,1.205346,1.224866,0.811296,1.213339,1.274200,1.322244,1.239725,1.574710,1.135722,1.243822,1.226655,1.277722,1.358939,1.166670,1.130804,1.173677,1.061509,1.195839,1.409978,1.430519,1.200395,1.104501,1.364865,1.287053,1.402325,1.383168,1.566592,1.298057,1.358724,1.145640,1.222103,1.184432,1.232605,1.329700,1.476089,1.408028,1.436236,1.207807,1.205738,1.344458,1.181083,1.330512,1.529134,1.396189,1.076114,1.140128,1.465891,1.221585,1.330137,1.237430,1.367669,1.191428,1.294731,1.287261,1.241627,1.263637,1.214431,1.226134,1.248698,1.316743,1.503205,1.241689,1.228167,1.327603
杨戴/孤独者__chunk007,1.090602,1.073832,0.982201,0.939013,0.965467,0.881139,0.944266,1.004971,0.899201,0.960797,0.942930,1.052339,0.934339,0.839425,0.939630,0.865220,0.760460,0.737666,0.912399,0.942801,0.782917,1.182089,0.000000,1.048133,1.178778,1.075966,1.098322,0.918187,0.859395,0.937215,0.972613,0.978363,0.901822,1.262654,1.092030,1.021458,1.082029,1.192368,0.820506,0.909677,0.959034,0.969337,0.823661,1.026698,0.962423,0.917807,0.895981,1.031227,1.046908,1.056312,0.882119,0.863687,1.040085,0.914425,1.094083,0.968942,0.957938,0.916281,0.983547,0.903769,0.955418,0.848649,1.030329,1.015692,1.076440,1.059240,1.125661,1.100703,1.012905,1.063851,0.966115,0.996911,0.863686,0.947624,0.998361,0.949800,1.006492,0.904318,0.873929,1.030579,1.008179,0.948503,1.077162,0.928594,0.957409,0.803556,1.114972,1.049289,0.969770,0.926858,0.963865,1.040977,0.982568,1.013470,0.944836,1.010051,0.942591,0.938179,1.017833,0.927079,1.051001,0.754159,0.784584,0.901641,0.896376,0.873624,1.015201,0.777923,0.859474,1.120625,1.020609,1.223402,0.857991,1.072213,0.864849,0.939354,0.966309,1.079805,1.039129,0.963261,0.933521,0.921504,0.967493,1.113133,0.895613,0.896649,1.007705,1.014524,1.041270,1.024258,1.176386,1.036098,0.947104,1.005492,1.067824,0.939283,1.087135,1.049588,1.113938,1.023808,1.103962,0.918819,0.944228,0.884274,0.947925,0.975583,1.071710,1.045674,1.087311,1.099225,1.178130,1.072057,1.147689,1.035063,1.102456,1.054517,0.936193,0.962225,1.005561,0.892499,0.974016,1.010286,0.926517,1.028296,1.078329,1.048986,0.947398,1.010803
杨戴/孤独者__chunk008,1.151117,1.182027,1.190714,1.071920,1.192897,1.116697,1.081840,1.119302,1.043949,1.141433,1.166345,1.180151,1.112833,1.047898,1.102249,1.045434,1.091490,1.020580,1.114520,1.077696,1.109738,1.135071,1.048133,0.000000,1.251031,1.134234,1.159878,1.139082,1.094379,1.136239,1.145973,1.114124,1.047267,1.443155,1.207726,1.161390,1.139164,1.111401,1.037081,1.018019,1.120886,1.146675,1.168331,1.086416,1.140880,1.115384,1.247308,1.268994,1.263995,1.253562,1.090577,1.030278,1.051113,1.114916,1.145530,1.030115,1.018132,1.090848,1.012546,1.058804,1.104923,1.064486,1.325677,1.071577,1.194923,1.095427,1.200772,1.153464,1.183346,1.092308,1.259653,1.152727,1.125690,1.171809,1.064046,1.133269,1.124443,1.012469,0.972044,1.057056,1.122144,0.999985,1.092818,1.005732,1.121678,1.032469,1.218794,1.125060,1.064656,1.103227,1.159382,1.094882,1.271252,1.227945,1.013007,1.253116,1.174969,1.037328,1.001630,1.090069,1.161286,1.067811,1.156785,1.066576,0.966564,1.296183,1.226249,1.151895,0.854558,1.223597,1.079959,1.317777,1.017531,1.177015,1.022942,1.148482,1.127065,1.193182,1.142846,1.095607,1.076558,1.242821,1.261509,1.297237,1.251341,1.066319,1.232940,1.146920,1.156978,1.191225,1.324188,1.169016,1.246170,1.207505,1.159482,0.982584,1.124409,1.169602,1.277116,1.105286,1.234704,1.102023,0.986711,1.141123,1.188446,1.175135,1.273548,1.397723,1.307370,1.156912,1.264494,1.285143,1.340301,1.132927,1.296189,1.192342,1.011056,1.158572,1.137571,1.156639,1.103763,1.136506,1.018637,1.119775,1.325256,1.034897,1.245883,1.207418
杨戴/幸福的家庭__chunk001,1.379632,1.299211,1.343513,1.392272,1.366008,1.290180,1.348889,1.376187,1.171165,1.331847,1.341748,1.266302,1.197401,1.099398,1.187162,1.295431,1.212669,1.117747,1.371328,1.248839,1.104176,1.341754,1.178778,1.251031,0.000000,0.950277,1.169733,1.379719,1.249787,1.320472,1.335261,1.211715,1.339248,1.496843,1.318272,1.280896,1.214919,1.308250,1.261386,1.323765,1.284212,1.346400,1.223227,1.315647,1.367599,1.283104,1.307186,1.451030,1.335479,1.176008,1.175228,1.182504,1.195517,1.221394,1.087370,0.977771,1.292834,1.187408,1.220667,1.130118,1.171217,1.199566,1.236360,1.200480,1.255432,1.294694,1.150800,1.205892,1.199547,1.321059,1.274499,1.159566,1.218852,1.260630,1.378391,1.235496,1.294910,1.267171,1.210776,1.312805,1.429135,1.268302,1.213473,1.193096,1.194819,1.142712,1.427667,1.391557,1.353786,1.277825,1.205732,1.394010,1.410229,1.304101,1.190458,1.433884,1.311346,1.086541,1.162739,1.178121,1.431180,1.198009,1.175321,1.067585,1.174391,1.343230,1.265741,1.276294,1.197144,0.810973,0.904240,1.295967,1.326022,1.369074,1.253492,1.145875,1.274686,1.221531,1.194353,1.289537,1.136009,1.279212,1.277932,1.414066,1.201367,1.271852,1.290925,1.202674,1.387221,1.311689,1.430253,1.186802,1.253524,1.219050,1.161601,1.183040,1.112023,1.183262,1.388432,1.248012,1.318026,1.238078,1.086908,1.204505,1.158688,1.199497,1.299745,1.337542,1.187826,1.268964,1.332896,1.382776,1.391025,1.239195,1.306904,1.287380,1.241974,1.154659,1.235364,1.151153,1.145803,1.236600,1.268162,1.247324,1.325913,1.152524,1.169140,1.211424
杨戴/幸福的家庭__chunk002,1.212288,1.272780,1.137176,1.257822,1.196289,1.203529,1.186046,1.216372,1.100451,1.304510,1.222079,1.357889,1.062689,0.977876,1.074438,1.124571,1.132233,1.022946,1.167581,1.082636,1.101403,1.201516,1.075966,1.134234,0.950277,0.000000,1.069376,1.211724,1.062795,1.168770,1.225868,0.999948,1.146412,1.491393,1.276869,1.240154,1.186020,1.323013,1.073683,1.171196,1.109792,1.179308,1.060655,1.080288,1.213363,1.186817,1.103426,1.284824,1.248494,1.072832,1.091900,1.081609,1.127238,1.019817,1.159892,0.932177,1.079792,1.036868,1.148025,0.982982,0.982405,1.082176,1.165335,1.153635,1.160134,1.154835,1.089965,1.005665,1.129045,1.214284,1.181455,1.049046,1.062653,1.157641,1.137934,1.126172,1.200737,1.064447,1.080274,1.137295,1.240042,1.068924,1.262004,1.090988,1.045840,1.113317,1.290166,1.305607,1.211801,1.249307,1.140693,1.287190,1.274685,1.225387,1.053918,1.432227,1.312547,0.981231,1.092687,1.083117,1.190961,1.105737,1.136174,1.162848,1.001622,1.193644,1.153316,1.192687,1.034536,0.852784,0.833212,1.238921,1.189527,1.233154,1.154197,1.088900,1.107088,1.181237,1.098482,1.293578,1.053370,1.204588,1.180115,1.265622,1.080213,1.246275,1.200188,1.155281,1.296968,1.278671,1.383546,1.133236,1.115482,1.171957,1.112141,1.100275,1.166184,1.107925,1.150651,1.191508,1.189348,1.033476,0.940195,1.038014,1.123759,1.092704,1.236998,1.303961,1.091176,1.114522,1.202051,1.137571,1.348283,1.051510,1.156233,1.208959,1.057251,1.070830,1.198264,1.085083,1.016669,1.175648,1.057661,1.167852,1.381584,1.018272,1.098116,1.086116
杨戴/幸福的家庭__chunk003,1.117472,1.195879,1.093824,1.186543,1.190662,1.076822,1.131660,1.185649,1.045930,1.167680,1.158910,1.243004,0.944231,1.019626,0.949575,1.069620,1.033293,1.017925,1.195363,1.099738,1.091483,1.383838,1.098322,1.159878,1.169733,1.069376,0.000000,1.183669,1.166989,1.173233,1.112270,1.027317,1.036894,1.313145,1.307706,1.229837,1.232121,1.344443,1.017634,1.298262,1.132780,1.116796,1.079631,1.188912,1.122062,1.215562,1.098911,1.230843,1.007149,0.983516,0.985374,0.984494,0.962394,0.995754,1.025814,0.912770,0.992401,0.860832,1.096912,0.877960,0.940039,1.100944,1.067249,0.979804,1.074108,1.250870,1.192728,1.233559,1.058024,1.222773,1.016699,1.127802,0.918155,1.080064,1.192573,1.066005,1.308331,1.084489,1.029275,1.146241,1.224417,1.101763,1.083268,1.005308,1.052436,1.032167,1.027385,1.148270,1.191312,1.055803,1.036149,1.150896,1.263036,1.109174,1.088747,1.257383,1.172986,0.888318,1.008969,0.872468,1.208416,1.054919,1.125372,1.097688,1.162504,1.207095,1.124148,1.100081,1.132111,1.111423,0.913508,0.884133,1.174725,1.171865,0.990473,0.959045,0.979819,1.231436,1.184650,1.100052,1.092321,1.231782,1.174322,1.207753,1.049376,1.152966,1.072627,1.081553,1.086375,1.113277,1.195852,1.036884,1.135408,1.017199,0.922564,1.050984,1.082059,1.165137,1.078121,0.924264,1.044166,0.913159,0.953545,1.026312,0.975724,0.939502,1.019209,1.284047,1.176683,1.217137,1.096367,1.050593,1.120035,1.037970,1.045027,1.154112,1.089622,1.140623,1.129365,0.960435,1.105941,1.072047,1.074551,1.008351,1.114516,0.925156,1.026033,0.984670
杨戴/故乡__chunk001,1.005467,1.008354,0.957869,0.950048,0.996408,0.924257,0.967964,0.962885,0.796312,0.898315,0.945439,1.265544,1.064273,0.983635,1.055895,1.115883,0.936182,0.926300,0.905831,0.925626,1.025196,1.118004,0.918187,1.139082,1.379719,1.211724,1.183669,0.000000,0.968646,1.191350,1.000447,1.016659,0.949600,1.130160,1.140977,1.129614,1.140189,1.207110,0.902205,0.908188,1.055990,1.064576,0.941601,0.986909,0.966887,1.101660,1.013322,1.192713,1.126667,1.174327,0.972487,0.989870,1.080771,1.105595,1.086130,1.018833,1.039577,1.029315,1.056753,1.032582,1.024870,1.150825,1.164487,1.093709,1.160257,1.133613,1.118152,1.124177,1.121850,1.042823,1.072268,1.035203,1.028876,1.190128,0.978628,0.936524,1.089990,0.995523,0.942455,1.017274,1.133676,1.104833,1.102878,0.912229,1.079398,1.034648,1.047951,1.156985,1.038472,1.047386,0.985184,1.047908,1.010322,1.002696,0.993678,1.096187,1.211596,1.083187,1.020403,1.119717,1.230764,0.912142,1.067176,1.029531,1.090770,1.090048,1.123226,0.944398,1.178367,1.282870,1.140658,1.421081,0.742587,1.245255,1.136654,1.044885,1.145872,1.157324,1.048326,1.119539,1.025412,1.014823,1.181921,1.226674,0.953450,0.980265,1.100587,1.177950,1.262744,1.312410,1.348127,1.151662,1.285412,1.188095,1.141616,1.038191,1.107883,1.171669,1.276655,1.176831,1.274993,1.116977,1.035688,1.154590,1.110829,1.041083,1.260668,1.237277,1.099597,1.117661,1.301682,1.090733,1.152201,1.023753,1.275395,1.069902,1.065085,1.033503,0.975148,1.091505,1.084116,1.140406,1.062323,1.095573,1.309712,1.003658,1.097037,1.142509
杨戴/故乡__chunk002,1.010019,1.098873,0.980549,0.952696,0.994233,0.876597,0.900362,1.193152,0.916951,1.015264,1.006529,1.152396,1.086355,0.829180,1.060542,1.033020,1.046861,0.861235,0.890026,0.895998,0.910665,1.183209,0.859395,1.094379,1.249787,1.062795,1.166989,0.968646,0.000000,0.859634,0.877621,1.047800,1.006830,1.225541,1.021080,1.073990,1.129374,1.102747,1.026880,0.961195,0.900298,0.965250,1.009920,0.995723,0.928439,0.885905,0.974439,1.127865,1.037150,1.008853,0.990643,0.887883,1.025096,1.063733,1.065348,0.918618,1.105070,0.957702,0.883432,0.941073,0.973257,1.051338,1.122167,1.028484,1.225543,1.155685,1.156776,1.081036,1.245287,1.224743,0.998174,1.111135,1.068297,1.197072,1.088247,1.064134,1.102721,1.026118,1.010869,1.166430,1.196999,1.038165,1.211567,0.917769,0.850933,0.888181,1.072232,1.147151,1.106437,0.979898,1.034662,1.112002,0.979500,1.103933,0.942522,1.197246,0.996988,0.984994,0.964212,1.082396,1.117655,1.063416,1.003664,0.883571,0.938844,1.046634,0.998049,1.111204,1.018053,1.172320,1.064212,1.304279,0.929438,0.913082,0.961537,1.055806,1.126936,1.140553,1.035103,1.126332,1.060416,1.103524,1.050505,1.180199,1.014783,1.010461,1.035329,1.049686,1.107712,1.196338,1.247599,1.057405,1.194625,0.950237,1.061318,0.916142,1.096708,1.073610,1.262602,1.180612,1.153778,1.029399,1.043562,1.114689,1.045990,1.119840,1.337685,1.245375,1.135662,1.192845,1.257402,1.264122,1.296275,1.112495,1.235026,1.198558,1.110922,1.138227,1.075391,1.091207,1.087829,1.209878,1.031093,1.130474,1.316785,1.039576,1.042450,1.174989
杨戴/故乡__chunk003,1.312099,1.298227,1.102095,1.056513,1.194067,1.049884,1.014347,1.219788,1.065939,0.999761,1.053403,1.182390,1.040287,0.977137,1.002181,1.069598,1.179828,0.948063,0.991223,0.932136,1.024647,1.203889,0.937215,1.136239,1.320472,1.168770,1.173233,1.191350,0.859634,0.000000,1.027845,1.131414,1.204673,1.446075,1.219101,1.177317,1.103211,1.162002,1.120668,1.120608,1.113927,1.123135,1.114917,1.110683,1.022279,1.086113,0.989512,1.183531,1.126254,1.163141,1.015495,1.046150,1.046242,1.084678,1.032866,1.038334,1.096467,1.059928,1.086974,0.974896,1.073230,1.109106,1.151839,1.118990,1.284344,1.231984,1.178842,1.391518,1.209380,1.286393,1.048691,1.231016,1.174507,1.130613,1.145459,1.194626,1.214879,1.085821,1.021056,1.104220,1.092629,1.158475,1.172625,1.008398,1.195848,0.956302,1.199288,1.243879,1.196815,1.151826,1.257595,1.127137,1.187022,1.243864,1.070164,1.186978,1.142983,1.033388,1.089532,1.101194,1.083259,1.210637,1.159991,1.089661,1.007703,1.145063,1.043430,1.235949,1.002337,1.179069,1.179115,1.269831,1.192259,0.937487,0.931534,1.181013,1.170140,1.336693,1.219530,1.085895,1.299919,1.377011,1.251731,1.242364,1.242022,1.087304,1.234199,1.161196,1.124569,1.281284,1.324607,1.164370,1.162648,1.034410,1.174180,1.135938,1.172316,1.172687,1.325568,1.179966,1.278787,1.027284,1.072768,1.182880,1.102978,1.119134,1.333779,1.293139,1.208152,1.357800,1.363057,1.331846,1.307190,1.152464,1.179468,1.328540,1.195369,1.281045,1.184304,1.184947,1.132505,1.247670,1.215663,1.089462,1.324211,1.202144,1.194037,1.213499
杨戴/故乡__chunk004,1.185693,1.056233,1.078894,1.041373,1.134541,0.899706,1.075488,1.122122,0.900285,1.003464,1.061057,1.185076,1.034141,1.019012,1.018971,1.038105,1.065699,0.940735,1.079776,1.091708,1.009761,1.202988,0.972613,1.145973,1.335261,1.225868,1.112270,1.000447,0.877621,1.027845,0.000000,1.122301,1.049291,1.294945,1.094170,1.049734,1.088705,1.108004,0.998397,1.034412,1.047360,1.049628,0.967462,1.099186,0.986703,1.026475,1.063249,1.095508,1.123302,1.077607,1.034288,1.022251,1.128635,1.089378,1.026152,1.015308,1.121070,1.066290,1.052761,0.988772,1.026098,1.130259,1.163648,1.195674,1.222297,1.148233,1.200015,1.173011,1.218102,1.242874,1.112479,1.060809,1.028355,1.005222,1.025071,1.209793,1.157373,0.952277,0.899359,1.098850,1.149323,1.206927,1.013761,1.000261,1.017027,0.975767,1.145986,1.063991,1.115837,1.057205,1.043472,1.074198,1.060435,1.095315,0.976671,1.133129,1.176664,1.064327,1.035336,1.053239,1.166092,1.075904,1.161019,1.093093,1.157842,1.197387,1.123621,1.138134,1.039962,1.282463,1.176314,1.469942,0.974368,1.090422,0.947118,1.088958,1.163242,1.148752,1.131464,1.097910,0.977294,1.099688,1.051571,1.162541,1.070560,1.080028,1.160445,1.156561,1.111177,1.292864,1.340760,1.184809,1.181767,1.207152,1.091488,0.988017,1.224524,1.120666,1.281534,1.209207,1.206168,1.086888,1.031900,1.117247,1.067791,1.205038,1.338053,1.245517,1.115790,1.202095,1.231539,1.232254,1.298901,1.110090,1.188468,1.164098,1.070286,1.168426,1.133587,1.063727,1.101848,1.220595,1.128157,1.094849,1.313233,1.071369,1.131609,1.195332
杨戴/明天__chunk001,0.961183,1.005035,0.972811,1.084119,0.942729,0.965736,0.934375,0.871267,0.927429,0.990536,0.948735,1.111690,0.846143,0.961757,0.813613,0.948066,0.987933,0.925320,1.094589,1.036138,0.961306,1.205634,0.978363,1.114124,1.211715,0.999948,1.027317,1.016659,1.047800,1.131414,1.122301,0.000000,0.829697,1.121590,1.194076,1.273202,1.288652,1.396065,0.989547,1.070540,1.095344,1.002645,0.943531,1.127686,0.903046,1.015367,0.918365,1.028842,0.913996,0.982678,0.901664,0.899782,0.844422,0.904995,1.005728,0.883240,0.936279,0.901117,0.829190,0.899225,0.941441,0.995097,0.943179,1.046676,0.979830,1.098888,1.094831,1.021146,1.101475,1.085983,0.990147,1.076273,0.981411,1.117078,0.947408,0.945210,1.178900,0.896156,0.908172,1.058721,1.114283,1.047623,1.095644,0.832153,0.900655,0.793210,1.065779,1.011493,1.026164,1.047910,0.939304,1.067134,1.058723,0.971626,0.879153,1.217348,0.967906,0.795491,0.970806,0.900417,1.123038,1.053523,1.035845,1.047232,1.043311,1.009236,1.069689,0.909043,1.099114,0.950859,0.983509,1.257317,0.970091,1.091702,0.999321,0.734021,0.981971,1.162335,1.151238,1.147423,0.996622,1.223518,1.099210,0.994903,0.919581,1.076721,0.952969,0.954666,1.146338,1.116343,1.133160,1.056616,1.032029,0.998569,0.976767,0.981273,1.094969,0.974203,1.035832,1.040595,0.975664,0.952896,0.929017,1.003007,0.933329,1.026952,1.184097,1.156035,1.022050,0.996141,1.205803,1.049011,1.137828,1.089069,0.984450,1.113765,1.044975,0.955418,1.021950,1.044996,1.019730,0.974899,0.926616,1.085365,1.144734,0.858887,0.965398,0.951487
杨戴/明天__chunk002,1.068779,1.044149,1.104020,1.000529,1.090464,1.032981,1.084860,0.963570,0.959776,1.076160,1.013895,1.333510,1.024549,0.938272,1.010079,1.018638,0.878847,0.993780,1.080415,1.041320,1.044176,1.283754,0.901822,1.047267,1.339248,1.146412,1.036894,0.949600,1.006830,1.204673,1.049291,0.829697,0.000000,1.100393,1.262339,1.284515,1.348840,1.337681,1.102162,1.167959,0.969834,0.986455,0.903392,1.154577,1.028417,1.028520,0.983654,1.031280,1.008947,1.127790,0.876430,0.967530,0.997337,1.058808,1.052329,0.969678,0.986604,0.992093,0.901091,0.961383,0.960679,0.985703,1.092530,0.917043,0.967078,0.998833,1.238734,1.161803,1.193185,1.168628,1.034306,1.054521,0.950587,1.040289,0.967649,0.994317,1.161663,0.829535,0.896406,1.070892,1.104926,0.970066,1.065141,0.812673,0.894809,0.919849,1.080408,1.131545,1.046714,1.050604,1.149657,0.998910,1.082290,1.073860,1.006536,1.136396,1.095217,0.898413,0.959315,0.914307,1.096617,0.927000,1.084048,1.091981,1.050173,1.122716,1.179295,0.919873,1.091749,1.102418,1.079826,1.181813,0.981213,1.162709,1.040736,0.846515,0.794183,1.253257,1.239620,1.141732,1.045871,1.179245,1.152055,1.123452,1.023130,1.060255,1.044610,1.033614,1.056015,1.156171,1.167620,1.088495,1.002854,1.102301,0.951158,1.026995,1.104899,1.004425,1.133592,1.050699,0.958711,0.903487,1.004417,0.981375,1.002161,1.031792,1.062724,1.169335,1.120800,1.173241,1.097549,1.067531,1.013975,1.128854,1.015555,0.960701,0.985374,1.041639,0.884854,0.879899,1.006316,1.029183,0.937720,1.039208,1.260833,0.892750,0.986810,1.013342
杨戴/明天__chunk003,1.240171,1.002871,1.114797,1.132339,1.144729,1.052842,1.161804,1.208846,1.118703,1.239291,1.078563,1.456420,1.222474,1.264786,1.181916,1.191341,1.106064,1.276726,1.394318,1.174869,1.141687,1.523413,1.262654,1.443155,1.496843,1.491393,1.313145,1.130160,1.225541,1.446075,1.294945,1.121590,1.100393,0.000000,1.492644,1.473817,1.525020,1.620292,1.259585,1.264056,1.223037,1.209645,1.205477,1.344699,1.087758,1.187647,1.135370,1.230301,1.241127,1.375461,1.211202,1.170513,1.158791,1.294031,1.184249,1.174625,1.240199,1.297701,1.050803,1.293914,1.286052,1.243559,1.355713,1.256887,1.320781,1.268308,1.514008,1.406805,1.366458,1.323761,1.208481,1.442275,1.207980,1.287137,1.321595,1.226740,1.360694,1.210803,1.219189,1.255856,1.280277,1.450593,1.280617,1.164842,1.177829,1.139586,1.286911,1.278857,1.313889,1.261426,1.194210,1.200931,1.146487,1.245747,1.199624,1.309860,1.295794,1.207928,1.288141,1.193463,1.305573,1.245533,1.320055,1.312569,1.265571,1.335291,1.391864,1.224195,1.420984,1.321388,1.267936,1.511540,1.223104,1.428067,1.270018,1.136792,1.201232,1.368485,1.381042,1.436406,1.307276,1.330214,1.328973,1.339235,1.197744,1.175061,1.169218,1.175222,1.253425,1.389159,1.227755,1.343935,1.277056,1.306397,1.248364,1.270365,1.407866,1.311514,1.478955,1.406518,1.224806,1.347836,1.307619,1.209661,1.326411,1.236067,1.413500,1.287861,1.394057,1.325334,1.447025,1.262881,1.333556,1.297972,1.316295,1.375840,1.344923,1.144939,1.185557,1.353786,1.265799,1.269643,1.317692,1.379692,1.240977,1.194194,1.252727,1.208645
杨戴/狂人日记__chunk001,1.069108,1.126396,1.175758,1.276465,1.125887,1.115602,1.076329,1.185927,0.985823,1.066699,1.065538,1.150599,1.171696,1.145148,1.198057,1.250756,1.190197,0.936811,0.966514,1.005531,1.030017,1.241840,1.092030,1.207726,1.318272,1.276869,1.307706,1.140977,1.021080,1.219101,1.094170,1.194076,1.262339,1.492644,0.000000,1.046813,1.177587,0.979064,1.120859,1.029918,1.155797,1.221448,1.106931,1.074839,1.061809,1.139513,1.109572,1.195050,1.129769,1.161972,1.010343,1.065004,1.157710,1.165579,1.129076,1.053621,1.202418,1.147387,1.073480,1.128421,1.047109,1.038071,1.274523,1.241122,1.106055,1.233653,1.193631,1.181151,1.284228,1.110918,1.273091,1.228379,1.235160,1.239506,1.203457,1.143224,1.196638,1.014258,1.107746,1.301299,1.324753,1.270897,1.115569,1.127904,1.135782,1.103275,1.089091,1.291164,1.162847,1.269806,1.137003,1.141134,1.146574,1.185963,1.146350,1.319383,1.286756,1.146702,1.151232,1.260572,1.296663,1.243972,1.074385,0.996650,1.127320,1.104689,1.285387,1.111265,1.092933,1.283021,1.243667,1.575067,1.122659,1.176353,1.227391,1.213279,1.308350,0.719998,1.052956,1.076397,1.126029,1.069662,1.218685,1.348853,1.176163,1.153583,1.233799,1.250726,1.374313,1.217816,1.355598,1.145559,1.180753,1.176631,1.213364,1.165775,1.258282,1.231771,1.341297,1.331274,1.201083,1.290376,1.085327,1.188187,1.205072,1.276250,1.215434,1.256842,1.068703,1.154021,1.371348,1.297554,1.443867,1.203231,1.429853,1.351590,1.148432,1.181301,1.148770,1.131175,1.236980,1.335420,1.170878,1.273229,1.315843,1.188663,1.175607,1.187698
杨戴/狂人日记__chunk002,1.309190,1.193225,1.313412,1.287284,1.159941,1.108459,1.121808,1.268773,1.051446,1.071585,1.181806,1.210421,1.166891,1.109360,1.247941,1.158175,1.137642,0.987775,1.011963,1.032958,1.008360,1.195151,1.021458,1.161390,1.280896,1.240154,1.229837,1.129614,1.073990,1.177317,1.049734,1.273202,1.284515,1.473817,1.046813,0.000000,0.970756,0.962383,1.058653,1.181907,1.281994,1.298710,1.173685,1.015036,1.058421,1.070190,1.177534,1.181555,1.295163,1.174216,1.146929,1.124884,1.293345,1.144575,1.217380,1.068980,1.224493,1.124975,1.086723,1.192454,1.205902,1.130021,1.283105,1.197152,1.277541,1.354882,1.172945,1.207691,1.299557,1.364489,1.276909,1.211890,1.115520,1.178026,1.256383,1.250008,1.134026,1.122707,1.112922,1.319337,1.232792,1.167905,1.266887,1.181764,1.188172,1.159806,1.230628,1.256630,1.203454,1.203628,1.056104,1.238070,1.178356,1.259718,1.205688,1.220463,1.254189,1.242927,1.204345,1.281321,1.279438,1.229156,1.326181,1.122454,1.137842,1.247937,1.214736,1.289396,1.249534,1.347608,1.281100,1.480919,1.200743,1.254776,1.217238,1.348315,1.348031,1.121013,0.833588,1.020179,1.144677,1.264973,1.359596,1.411603,1.212951,1.121971,1.422176,1.278030,1.442866,1.293051,1.474639,1.200178,1.301733,1.202439,1.321517,1.274514,1.273925,1.388904,1.477043,1.269686,1.455682,1.339240,1.181314,1.217952,1.156817,1.243604,1.411370,1.474073,1.217462,1.306664,1.403624,1.371207,1.509309,1.375929,1.430564,1.342035,1.253035,1.288246,1.316116,1.199852,1.299859,1.355814,1.308912,1.175726,1.451810,1.282443,1.245711,1.376648
杨戴/狂人日记__chunk003,1.301896,1.279020,1.270581,1.185161,1.305147,1.200252,1.222204,1.313495,1.020115,1.012068,1.167135,1.196195,1.146930,1.110169,1.148429,1.114064,1.143611,0.952848,1.118869,1.073736,1.114444,1.090194,1.082029,1.139164,1.214919,1.186020,1.232121,1.140189,1.129374,1.103211,1.088705,1.288652,1.348840,1.525020,1.177587,0.970756,0.000000,0.965226,1.185990,1.058016,1.328120,1.433868,1.199235,1.090208,1.209456,1.111125,1.145716,1.198117,1.259631,1.189096,1.144227,1.024220,1.134122,1.028435,1.030577,1.170130,1.204461,1.180880,1.118856,1.182010,1.226741,1.224842,1.149476,1.129690,1.234283,1.312603,1.123432,1.197834,1.219778,1.273893,1.324377,1.207286,1.254630,1.223321,1.263802,1.152397,1.132403,1.180695,1.147505,1.291015,1.187687,1.149119,1.304140,1.253751,1.269901,1.115311,1.233572,1.309650,1.187069,1.222852,1.107092,1.303991,1.222520,1.255177,1.086478,1.234222,1.214107,1.120096,1.167826,1.232103,1.242237,1.182258,1.222080,0.993755,1.136851,1.282164,1.111431,1.277902,1.185740,1.179447,1.109191,1.487159,1.164856,1.189174,1.189232,1.184595,1.345739,1.234039,0.962162,0.785615,1.298734,1.227972,1.367946,1.456211,1.243224,1.126760,1.331384,1.211022,1.438126,1.262168,1.424350,1.116776,1.323973,1.128233,1.261722,1.078745,1.197581,1.291660,1.446242,1.240456,1.354238,1.254022,1.071657,1.207476,1.144612,1.189599,1.360283,1.475783,1.135684,1.212430,1.435139,1.197661,1.470206,1.163142,1.465880,1.230507,1.211973,1.253282,1.252250,1.265160,1.229576,1.276249,1.197187,1.247191,1.430714,1.294406,1.242557,1.265286
杨戴/狂人日记__chunk004,1.227880,1.276247,1.351838,1.220821,1.267573,1.257847,1.176282,1.233561,1.166774,1.126253,1.238863,1.337562,1.323600,1.205211,1.380155,1.303087,1.297489,1.131935,1.225380,1.047582,1.194908,1.193259,1.192368,1.111401,1.308250,1.323013,1.344443,1.207110,1.102747,1.162002,1.108004,1.396065,1.337681,1.620292,0.979064,0.962383,0.965226,0.000000,1.301348,1.130003,1.347079,1.374232,1.228574,0.966384,1.190131,1.130329,1.235813,1.217638,1.305620,1.167400,1.176622,1.130992,1.304178,1.271277,1.252580,1.159596,1.358252,1.269294,1.147596,1.327721,1.292039,1.278181,1.408583,1.342314,1.293985,1.283387,1.108264,1.278956,1.399588,1.279522,1.463864,1.245862,1.342679,1.330705,1.340962,1.286685,1.267104,1.240354,1.232509,1.451985,1.310192,1.256878,1.289815,1.299342,1.244466,1.259331,1.209143,1.390226,1.246968,1.248741,1.199057,1.153044,1.208989,1.309446,1.283211,1.343048,1.408298,1.269198,1.228288,1.355244,1.431872,1.319640,1.303850,1.057016,1.161921,1.323770,1.283832,1.324925,1.201955,1.355378,1.264010,1.618625,1.208983,1.208073,1.297734,1.344233,1.437985,1.148396,1.001088,1.006017,1.244339,1.227832,1.431111,1.552752,1.293828,1.112999,1.392479,1.284954,1.373211,1.276992,1.530252,1.160393,1.365828,1.258924,1.324139,1.216116,1.290259,1.338091,1.531883,1.388712,1.372036,1.433466,1.264843,1.324105,1.299447,1.348343,1.416607,1.441564,1.232289,1.293373,1.444580,1.447371,1.635377,1.249760,1.568964,1.350514,1.312620,1.312698,1.317695,1.269272,1.294466,1.451262,1.334067,1.308381,1.517111,1.314498,1.291971,1.417668
杨戴/社戏__chunk001,1.099955,0.942205,0.918086,1.011632,0.856775,0.814279,0.860477,0.900004,0.821451,1.011461,0.928320,1.083985,0.940202,0.957819,0.853514,0.973410,0.924550,0.846528,0.949985,0.953400,0.780044,0.980837,0.820506,1.037081,1.261386,1.073683,1.017634,0.902205,1.026880,1.120668,0.998397,0.989547,1.102162,1.259585,1.120859,1.058653,1.185990,1.301348,0.000000,0.843329,0.936921,0.949545,0.882406,0.996430,0.997955,1.003678,0.945796,1.110663,1.105136,1.171989,1.039009,0.953716,1.078850,0.946770,1.095126,0.932426,0.957716,0.914338,1.044739,0.960198,0.991052,1.007239,1.055225,1.081463,1.091734,1.037307,1.028186,1.068555,1.145284,1.086594,1.124503,1.092829,0.838428,1.073742,0.987978,1.005785,1.151459,0.965885,0.869769,1.048957,1.081340,1.061695,1.097871,0.893257,1.149405,0.946952,0.990118,0.907274,0.918553,0.845782,0.836525,0.962482,1.050236,0.884106,0.842325,1.015811,0.952437,1.026962,0.974489,0.933382,1.074104,0.938474,1.047874,1.024868,0.946669,0.953113,0.902135,0.951559,0.975482,1.088387,0.981519,1.314683,0.869985,1.129894,1.042323,0.927477,1.027775,1.042968,1.160753,1.092086,0.692510,0.914182,0.886973,1.111642,0.915814,0.880738,0.947321,1.041151,1.074942,1.156254,1.248329,1.133198,1.168074,1.080758,1.090188,0.966930,1.099573,1.072241,1.069478,1.118793,1.107904,0.961787,0.958738,1.084354,0.980485,1.033070,1.170756,1.171903,1.123534,1.116501,1.276853,1.041615,1.235397,1.032488,1.023171,1.135425,0.957006,0.973351,1.097930,0.989127,1.032600,1.046720,0.946207,1.063148,1.163302,0.962354,1.097477,1.080247
杨戴/社戏__chunk002,0.959007,0.983132,0.978422,0.798229,0.771699,0.886486,0.926104,1.023939,0.878277,0.999216,1.012734,1.104165,0.993815,1.013336,1.167926,0.986229,0.995149,0.776086,0.947606,0.941217,0.861707,1.059549,0.909677,1.018019,1.323765,1.171196,1.298262,0.908188,0.961195,1.120608,1.034412,1.070540,1.167959,1.264056,1.029918,1.181907,1.058016,1.130003,0.843329,0.000000,0.923923,1.137548,1.068903,0.938834,0.936666,1.056923,1.045499,1.014702,1.072965,1.201949,1.080879,0.966229,1.111644,1.016873,1.069325,1.046734,1.209525,1.110207,1.041840,1.084802,1.097372,1.042991,1.118029,1.126195,1.158944,0.999014,1.144653,1.050499,1.135796,1.072932,1.181334,1.020590,1.076030,1.113666,1.076418,0.928457,1.129955,1.050411,1.008042,1.130764,1.094474,1.137074,1.239518,0.971668,1.149530,1.010663,1.016856,0.972380,0.975824,0.890223,0.967355,1.029359,1.062960,1.055122,0.915090,1.166083,1.125926,1.082962,1.013234,1.129313,1.258164,1.006540,1.096510,0.973722,0.993878,1.007006,1.045919,1.039435,1.126342,1.143797,1.129828,1.504789,0.953793,1.164392,1.046797,1.077117,1.167220,0.988820,1.093735,0.959659,0.983973,0.711667,1.052041,1.252915,1.080177,0.985338,1.005847,1.125385,1.179988,1.195580,1.264612,1.156340,1.248492,1.162397,1.140756,0.918746,1.142955,1.190336,1.341937,1.273372,1.197027,1.131726,0.994288,1.168501,1.132476,1.162610,1.239355,1.033011,1.152544,1.069165,1.311946,1.085332,1.353843,0.960734,1.269100,1.145623,1.076339,1.054470,1.028161,1.140126,1.040467,1.074969,1.116921,1.165409,1.168193,1.079365,1.167235,1.154028
杨戴/社戏__chunk003,1.046094,1.051324,1.013639,1.046147,0.966039,0.950959,1.010365,0.993724,1.013028,1.239195,1.074349,1.161557,1.040944,0.989392,1.046087,1.024693,0.915002,0.905713,1.064488,1.035759,1.032528,1.285278,0.959034,1.120886,1.284212,1.109792,1.132780,1.055990,0.900298,1.113927,1.047360,1.095344,0.969834,1.223037,1.155797,1.281994,1.328120,1.347079,0.936921,0.923923,0.000000,0.839654,0.976140,1.124868,1.000206,1.000308,1.021324,1.124890,1.201543,1.074880,0.972976,0.995312,1.095856,1.044396,1.145230,0.951840,1.109717,0.955152,0.979837,0.987865,0.883485,0.858491,1.082512,0.922858,0.922268,0.921750,1.249418,1.231965,1.155767,1.155764,1.144788,1.183231,1.031171,1.158421,1.036064,0.950240,1.216953,0.994327,1.000799,1.150704,1.248531,1.036131,1.228700,0.890032,1.102953,0.889506,1.061253,1.009798,1.005245,0.934809,1.100251,1.107207,1.119423,0.951874,0.971342,1.236263,1.150389,0.970803,0.996270,0.953347,1.051795,0.994287,0.973500,1.126661,0.975650,1.030604,1.047270,0.930019,1.000517,1.086851,1.042693,1.231798,0.914682,1.124526,0.920590,0.942124,0.937403,1.154831,1.244743,1.148884,0.891134,0.852463,0.740628,0.951624,1.074677,1.052130,0.945344,0.980345,1.185655,1.131181,1.090088,0.967653,1.099103,1.073372,1.073977,0.915289,1.149351,1.015549,1.072498,1.063471,1.076577,0.997253,0.956554,1.004921,0.949738,0.934784,1.024806,0.987149,1.153933,1.256645,1.167799,1.101062,1.223836,1.041739,1.087144,1.059683,0.940940,1.006182,0.884197,1.025745,1.088384,1.076577,0.984200,1.118232,1.188098,0.905315,1.095895,0.993298
杨戴/社戏__chunk004,1.072663,0.974545,0.947613,1.098711,1.181599,0.965433,1.030898,1.101637,0.954209,1.187180,1.015078,1.205220,0.971067,1.097727,1.001801,1.078080,1.030825,0.989525,1.115734,1.084137,1.100528,1.348362,0.969337,1.146675,1.346400,1.179308,1.116796,1.064576,0.965250,1.123135,1.049628,1.002645,0.986455,1.209645,1.221448,1.298710,1.433868,1.374232,0.949545,1.137548,0.839654,0.000000,1.037785,1.242874,1.057762,0.972559,1.010762,1.206657,1.175875,1.041667,1.031022,1.059302,1.070686,1.150102,1.188688,0.921163,0.905282,0.889357,0.957072,0.952441,0.943728,0.949398,1.141233,0.906839,1.015374,0.993135,1.301088,1.253535,1.179497,1.219099,1.021527,1.111031,0.999645,1.097636,1.081578,1.096337,1.246692,0.928107,0.892919,1.132400,1.188043,1.000660,1.190727,0.851287,1.067019,0.892115,1.223253,0.993081,1.041565,1.063168,1.211591,1.104477,1.162664,1.029999,0.868541,1.173033,1.047086,1.014564,1.104287,0.938997,1.144015,1.054305,1.046563,1.136667,1.056749,1.164122,1.081273,1.042307,1.063179,1.191196,1.084582,1.274422,1.043264,1.093186,0.899516,1.029372,0.983698,1.263304,1.270448,1.243109,0.940700,1.193970,0.978059,0.939332,1.105278,1.100042,0.996134,1.073176,0.995431,1.202812,1.191833,1.148158,1.132799,1.152666,1.047746,1.119356,1.267817,1.027768,1.125745,1.108356,1.049205,1.073223,1.050994,1.062180,1.102483,1.028514,1.067198,1.103859,1.135583,1.269136,1.236899,1.222916,1.272225,1.139393,1.028708,1.189597,1.037923,1.161905,1.078846,1.026496,1.085528,1.134295,1.014109,1.033158,1.206183,0.950852,1.127051,1.074123
杨戴/祝福__chunk001,0.952264,1.088626,0.983078,1.088033,1.009099,0.888956,0.888338,0.933706,0.877077,0.988337,1.040348,1.287368,0.966199,0.923936,0.931388,0.977339,0.852846,0.855687,1.049465,0.944700,0.888381,1.202906,0.823661,1.168331,1.223227,1.060655,1.079631,0.941601,1.009920,1.114917,0.967462,0.943531,0.903392,1.205477,1.106931,1.173685,1.199235,1.228574,0.882406,1.068903,0.976140,1.037785,0.000000,1.080788,0.966254,0.985045,0.847192,1.146576,1.011553,1.106094,0.857041,0.946290,0.977996,1.087104,1.095385,0.913031,0.935967,1.042179,0.886396,0.871307,1.019632,0.964541,1.069901,1.080135,1.014239,1.063411,1.115391,1.085735,1.080346,1.201546,1.040541,1.031240,0.920991,1.100319,0.986716,1.043213,1.183866,1.071303,0.878200,1.155040,1.130463,1.099623,1.084597,0.952938,1.053920,0.891149,0.946584,1.007402,1.002394,0.959771,0.825149,0.876926,1.001904,0.959030,0.905879,1.085249,1.082384,0.925947,0.921040,0.922371,1.080697,0.782497,0.973507,1.011001,0.908064,0.909829,1.058168,0.813775,1.049155,1.009866,1.009673,1.240377,0.850894,1.091682,1.038616,0.911830,0.933430,1.120253,1.195668,1.103390,0.841136,1.008741,0.951318,1.000109,0.603240,0.991307,0.918773,0.955382,1.121159,1.152178,1.026915,1.118848,1.013277,1.152997,1.051986,0.970041,1.129017,1.121879,1.064184,1.024896,0.913915,0.921728,1.041448,0.967573,0.961878,0.954165,0.997659,1.085870,0.995712,1.157805,1.196547,1.065282,1.093394,1.030394,1.065064,1.102615,1.010822,1.021666,0.976328,0.913875,0.969778,1.048212,1.032519,1.041986,1.177080,0.813690,1.026220,1.009686
杨戴/祝福__chunk002,1.024784,1.043328,0.971473,1.011194,0.992022,1.022882,0.868218,1.042593,1.003183,0.947913,0.992043,1.129540,1.188754,1.086348,1.238046,1.128801,1.042382,1.033831,0.965081,0.958076,0.884090,0.939792,1.026698,1.086416,1.315647,1.080288,1.188912,0.986909,0.995723,1.110683,1.099186,1.127686,1.154577,1.344699,1.074839,1.015036,1.090208,0.966384,0.996430,0.938834,1.124868,1.242874,1.080788,0.000000,0.928886,1.034112,1.147502,1.083471,1.121382,1.115203,1.074558,0.908755,1.190645,1.012889,1.128608,1.084514,1.225427,1.080200,1.164336,1.138033,1.139112,1.216327,1.219407,1.184174,1.306490,1.131168,0.983363,0.952193,1.112915,1.089707,1.128416,1.089130,1.087688,1.120976,1.064683,1.127018,0.908192,1.092893,1.028120,1.253424,1.138625,1.179473,1.162717,1.142806,1.077640,1.129677,0.962031,1.059792,0.904361,1.020696,0.925309,1.068418,0.997301,1.159365,1.107072,1.169862,1.129186,1.165902,1.151241,1.192888,1.223979,1.101281,1.191028,0.977263,1.098506,1.019399,1.051545,1.152697,1.144761,1.321631,1.134687,1.430313,1.096409,1.180161,1.190805,1.200667,1.238636,1.117217,1.032753,1.113358,1.117577,1.128483,1.293365,1.400411,1.109457,0.804156,1.176380,1.171342,1.296993,1.246324,1.316683,1.168929,1.298930,1.035606,1.248790,1.157624,1.186080,1.285082,1.421543,1.323703,1.355838,1.202885,1.109242,1.244113,1.208411,1.206481,1.381025,1.291894,1.070759,1.063583,1.325709,1.156118,1.245533,1.065493,1.362136,1.213878,1.147089,1.142232,1.113728,1.241031,1.120448,1.242332,1.187272,1.263633,1.416425,1.155049,1.202244,1.200158
杨戴/祝福__chunk003,1.025065,0.981428,0.935783,0.962887,0.949665,0.841328,0.924059,0.954858,0.922899,0.970405,0.906190,1.127095,1.048335,1.081176,1.052516,1.073388,0.984995,0.954083,0.968787,0.891581,0.907329,1.128818,0.962423,1.140880,1.367599,1.213363,1.122062,0.966887,0.928439,1.022279,0.986703,0.903046,1.028417,1.087758,1.061809,1.058421,1.209456,1.190131,0.997955,0.936666,1.000206,1.057762,0.966254,0.928886,0.000000,0.843947,0.809076,0.998561,0.971386,1.107411,0.906076,0.814638,0.997009,1.086768,0.988758,1.058446,1.137966,1.035416,0.842817,1.067236,1.044249,1.090113,1.096867,1.130393,1.170702,1.149594,1.105114,1.147572,1.024124,1.003262,1.015228,1.034495,1.085258,1.027726,0.958774,0.954760,1.009109,1.039051,1.012454,1.073752,1.123240,1.138064,1.053448,0.863068,1.011445,0.944774,1.050582,1.014755,1.134169,0.997957,1.013403,0.993141,1.062444,1.068561,1.021339,1.186252,1.094439,1.080915,1.054787,1.044195,1.184992,0.941828,1.090327,1.060983,1.125446,1.020692,1.083677,1.046315,1.123956,1.270716,1.086154,1.348442,1.000420,1.207828,1.106588,0.976738,1.116824,1.094654,1.169309,1.206456,1.004567,1.093255,1.141199,1.096403,0.908517,0.951905,0.856002,1.019790,1.157470,1.154479,1.155261,1.180144,1.132238,1.082559,1.076457,1.064337,1.130731,1.159411,1.249610,1.221179,1.115989,1.226020,1.100075,1.085979,1.089241,1.132863,1.241650,1.093722,1.058752,1.106235,1.337353,1.169947,1.183994,1.119318,1.206452,1.218369,1.005198,1.010139,1.014808,1.129702,1.090824,1.179501,1.132176,1.115196,1.197809,0.947782,1.150193,1.124952
杨戴/祝福__chunk004,1.098996,1.028238,0.992617,1.122766,1.061321,1.027356,0.957686,1.212751,0.949230,0.984335,0.935543,1.121242,1.094332,1.042117,1.096138,1.166071,1.106028,0.884441,1.045534,0.898183,0.997814,1.168570,0.917807,1.115384,1.283104,1.186817,1.215562,1.101660,0.885905,1.086113,1.026475,1.015367,1.028520,1.187647,1.139513,1.070190,1.111125,1.130329,1.003678,1.056923,1.000308,0.972559,0.985045,1.034112,0.843947,0.000000,0.785180,0.994306,0.940136,1.158491,1.018227,0.967004,1.109417,1.029072,1.141490,1.052200,1.119885,1.095029,0.875658,1.108422,1.134422,1.139171,1.219533,1.097417,1.177008,1.195058,1.138962,1.205005,1.178897,1.191832,1.021001,1.101351,1.069197,1.083181,1.083302,1.095820,1.141609,1.025166,0.958301,1.111219,1.029918,1.062174,1.165811,0.942444,0.938944,0.888507,1.092018,1.101323,1.085455,1.095342,0.971491,1.102202,1.065499,1.203079,0.992495,1.156333,1.059932,1.017071,1.139321,1.059257,1.135746,1.100886,1.132413,1.011981,1.019557,1.117124,1.122714,1.118023,1.041389,1.248048,1.092264,1.315690,1.053591,1.079249,1.072816,0.926598,1.045238,1.153496,1.121099,1.048335,1.111710,1.145007,1.149770,1.192777,1.126249,1.037081,0.985933,0.834587,0.972574,1.019144,1.174482,1.088929,1.093756,1.075527,1.107524,1.052581,1.223971,1.122708,1.274810,1.254693,1.135316,1.176217,1.041695,1.197296,1.162168,1.170972,1.279170,1.233097,1.109051,1.229069,1.210933,1.116735,1.292660,1.106880,1.300860,1.176232,1.068480,1.154628,1.136548,1.209439,1.197545,1.162734,1.065642,1.189533,1.348570,1.045684,0.967837,1.171113
杨戴/祝福__chunk005,1.098782,1.045552,0.951060,1.048889,1.017658,0.989180,0.886848,1.084546,0.854065,0.944001,0.894637,1.163195,0.967557,1.013968,0.976399,0.988883,0.966950,0.972117,0.955525,0.918283,0.872492,1.295326,0.895981,1.247308,1.307186,1.103426,1.098911,1.013322,0.974439,0.989512,1.063249,0.918365,0.983654,1.135370,1.109572,1.177534,1.145716,1.235813,0.945796,1.045499,1.021324,1.010762,0.847192,1.147502,0.809076,0.785180,0.000000,0.857454,0.949721,1.150721,0.880676,0.945930,0.999928,1.000891,1.125362,1.008971,1.051240,1.079093,0.844080,1.059000,1.081240,1.072899,1.138987,1.106853,1.082695,1.070577,1.174880,1.259805,1.147826,1.278770,0.959578,1.060139,1.065582,1.080900,1.074558,1.007036,1.118545,1.088932,0.882247,1.019881,1.047022,1.118219,1.068819,0.917652,0.984891,0.852354,1.116481,1.109155,1.108370,1.106098,1.103223,1.068372,1.044041,1.128264,0.957083,1.189636,1.098380,0.962752,1.070075,1.046387,1.073970,0.942858,1.165592,1.076971,0.990858,1.024175,1.125832,1.058428,1.150528,1.141332,1.073103,1.325072,1.010863,1.240136,1.111702,0.955438,1.044412,1.141219,1.105153,1.100081,1.090642,1.145221,1.101802,1.143112,0.992636,1.110149,0.990104,0.956440,0.987503,1.033036,1.089735,1.219188,1.099747,1.099859,1.116880,1.005744,1.337857,1.123905,1.273664,1.220944,1.067706,1.078214,1.122634,1.104906,1.079139,1.105096,1.256921,1.131133,1.125685,1.204100,1.344827,1.226187,1.301030,1.056597,1.204759,1.168504,1.096578,1.036956,1.145861,1.191746,1.013541,1.232283,1.147922,1.170256,1.239229,1.024141,1.124848,1.023121
杨戴/祝福__chunk006,1.163383,1.175968,1.123687,1.118751,1.012526,1.197915,1.037297,1.114180,1.151699,1.049661,0.943555,1.290079,1.186306,1.204422,1.213657,1.082229,1.050893,1.042718,1.203799,1.084713,1.052525,1.355433,1.031227,1.268994,1.451030,1.284824,1.230843,1.192713,1.127865,1.183531,1.095508,1.028842,1.031280,1.230301,1.195050,1.181555,1.198117,1.217638,1.110663,1.014702,1.124890,1.206657,1.146576,1.083471,0.998561,0.994306,0.857454,0.000000,0.917936,1.329985,1.168199,1.124948,1.267578,1.189103,1.292072,1.107154,1.176689,1.194479,0.995307,1.213928,1.185689,1.285114,1.263576,1.239551,1.244263,1.179952,1.313615,1.146606,1.277183,1.333432,1.298577,1.164772,1.144314,1.120789,1.140660,1.090444,1.129289,1.069947,1.040842,1.138290,1.164204,1.186982,1.303384,1.065376,1.136588,1.084173,1.131081,1.214626,1.191262,1.202055,1.192979,1.195613,1.132113,1.230739,1.169803,1.318629,1.246224,1.152947,1.279827,1.215956,1.297616,1.165829,1.217572,1.132076,1.175784,1.136878,1.335036,1.167766,1.259579,1.336044,1.381814,1.485997,1.243966,1.347676,1.237852,1.075284,1.172794,1.253231,1.137115,1.177002,1.228653,1.178066,1.295455,1.337678,1.206464,1.144993,1.234579,1.246758,1.102770,1.008447,1.229530,1.312042,1.326108,1.307178,1.197884,1.207662,1.326355,1.329819,1.439178,1.375213,1.286258,1.280569,1.168310,1.285897,1.259897,1.311911,1.371875,1.286657,1.327851,1.218293,1.252465,1.227902,1.446989,1.198098,1.279361,1.232526,1.189296,1.158874,1.110706,1.296539,1.183857,1.272783,1.235616,1.277840,1.427074,1.106641,1.229432,1.193567
杨戴/祝福__chunk007,1.011159,0.998802,0.997000,1.026685,1.045687,0.974256,1.036637,1.170937,1.001745,0.945406,0.929223,1.137933,1.031197,1.017972,1.059778,1.100670,1.193634,0.973757,1.085045,1.016302,0.981993,1.244298,1.046908,1.263995,1.335479,1.248494,1.007149,1.126667,1.037150,1.126254,1.123302,0.913996,1.008947,1.241127,1.129769,1.295163,1.259631,1.305620,1.105136,1.072965,1.201543,1.175875,1.011553,1.121382,0.971386,0.940136,0.949721,0.917936,0.000000,1.121071,0.998216,0.981987,0.936205,1.049258,0.961083,0.945562,1.183800,1.097152,0.977666,0.886303,1.022979,1.198348,1.044778,1.106814,1.265028,1.302549,1.260184,1.166254,1.109131,1.222761,1.114184,1.149502,1.071518,1.159809,1.042791,1.113350,1.202612,1.045406,0.989209,1.163171,1.121235,1.069677,1.115784,1.014989,1.017379,0.983827,1.075279,1.018007,1.082225,1.121370,1.018126,1.060590,1.189773,1.231406,1.034372,1.141913,1.078020,1.006652,1.022072,1.069361,1.223676,1.158283,1.171203,1.021705,1.055923,1.127040,1.127650,1.168162,1.224074,1.259100,1.170671,1.283509,1.179204,1.157240,1.048003,0.981474,1.084081,1.191479,1.221827,1.181452,1.153554,1.204377,1.262439,1.231336,1.063211,1.064058,0.984198,0.953177,1.219699,0.907921,1.090757,1.180150,1.154633,1.108544,0.973431,1.123773,1.085625,1.170238,1.340511,1.180125,1.072406,1.063526,1.012058,1.181976,1.107113,1.181102,1.245063,1.277398,1.147300,1.120022,1.193707,1.111092,1.229930,1.108141,1.257215,1.230451,1.106892,1.154290,1.163164,1.048686,1.179131,1.134193,1.174205,1.079576,1.235283,0.994679,1.055353,1.223257
杨戴/离婚__chunk001,1.063563,1.253935,1.174047,1.208709,1.163781,1.083064,1.152969,1.285738,1.105504,1.217595,1.060973,1.138202,0.987547,0.927588,1.090437,1.070791,1.078677,0.958547,1.080654,1.067026,1.114275,1.231491,1.056312,1.253562,1.176008,1.072832,0.983516,1.174327,1.008853,1.163141,1.077607,0.982678,1.127790,1.375461,1.161972,1.174216,1.189096,1.167400,1.171989,1.201949,1.074880,1.041667,1.106094,1.115203,1.107411,1.158491,1.150721,1.329985,1.121071,0.000000,1.004812,0.872254,1.005514,0.940290,0.950733,0.874897,1.177800,0.917721,1.155998,0.974497,0.898903,1.044478,0.998680,1.097833,1.075839,1.249036,1.098924,1.053581,1.087609,1.188788,1.075960,1.109851,1.031577,1.206713,1.072342,1.031754,1.167891,1.096696,1.025959,1.210439,1.271715,1.063093,1.267430,0.991754,0.842389,0.836894,1.139962,1.213471,1.157402,1.066161,1.043380,1.241463,1.253510,1.108163,1.042030,1.192625,1.107725,1.033714,0.966706,0.947466,1.219088,1.032056,0.977691,0.914515,1.116175,1.053647,1.119721,1.035808,1.080822,1.096228,0.922081,1.211208,1.037723,1.010678,0.913908,1.088533,1.103544,1.116133,1.107241,0.941945,1.014676,1.122665,1.179304,1.081797,1.056169,1.150241,0.975187,1.052768,1.309010,1.182270,1.240847,0.735200,1.026230,0.979723,0.881172,1.014864,1.016700,0.945577,1.167484,0.973665,1.106199,1.100272,0.941523,1.002553,0.928890,1.073285,1.081711,1.230228,0.944042,1.169958,1.122628,1.123517,1.144536,1.116095,1.119983,1.087178,1.000980,1.072823,1.106880,0.951056,1.139987,1.104376,1.069315,1.045153,1.235866,0.932660,0.874638,1.000674
杨戴/离婚__chunk002,0.998888,0.941576,0.985210,1.036673,1.024632,0.920088,0.858593,1.038175,0.840931,0.907715,1.000565,1.136076,0.901775,0.909309,0.895967,1.043254,0.918691,0.836578,0.959137,0.888891,0.948199,1.267257,0.882119,1.090577,1.175228,1.091900,0.985374,0.972487,0.990643,1.015495,1.034288,0.901664,0.876430,1.211202,1.010343,1.146929,1.144227,1.176622,1.039009,1.080879,0.972976,1.031022,0.857041,1.074558,0.906076,1.018227,0.880676,1.168199,0.998216,1.004812,0.000000,0.837268,0.883586,0.864452,0.886795,0.793861,0.981137,0.884343,0.897468,0.916241,0.984831,0.901233,1.044621,0.949813,0.994728,1.091516,1.106704,1.106471,1.044193,1.022722,1.004796,0.957005,0.933408,1.138762,0.978717,0.926119,1.138385,0.943547,0.993170,1.070879,1.082602,1.025684,0.962718,0.838559,0.878821,0.845318,1.053423,1.084460,0.997915,1.082005,0.989958,1.045303,1.107575,1.081949,0.954406,1.092366,1.076829,0.900642,0.952729,0.978839,1.066251,0.968235,0.973122,0.981069,1.007377,1.123143,1.040213,0.978913,1.027599,1.118216,0.934087,1.259278,0.987471,1.147959,1.016781,0.969822,0.970996,1.074298,1.191391,1.054645,1.064950,1.127049,1.092288,1.163198,1.059379,1.049468,1.080622,1.006496,1.199968,1.118437,1.196966,1.044159,0.752533,1.003511,0.940180,0.922897,1.059800,0.895593,1.111726,0.978919,1.048572,1.021652,1.031900,0.958745,1.046935,1.043844,1.116562,1.156439,1.019618,1.164991,1.221532,1.117729,1.127348,0.992644,1.084354,1.148044,1.022719,0.962064,0.969007,0.956877,1.080278,1.069390,1.044356,1.034189,1.101774,0.928201,0.954257,0.958948
杨戴/离婚__chunk003,0.887814,0.904400,0.961693,0.930548,0.915371,0.775603,0.957108,1.041263,0.877090,0.953930,0.898920,0.985481,0.896720,0.877537,0.931432,0.958902,0.854427,0.815292,0.921498,0.878874,0.919957,1.071038,0.863687,1.030278,1.182504,1.081609,0.984494,0.989870,0.887883,1.046150,1.022251,0.899782,0.967530,1.170513,1.065004,1.124884,1.024220,1.130992,0.953716,0.966229,0.995312,1.059302,0.946290,0.908755,0.814638,0.967004,0.945930,1.124948,0.981987,0.872254,0.837268,0.000000,0.832601,0.915736,0.738926,0.814378,1.085153,0.815257,0.881969,1.001081,0.889246,1.056862,0.989392,0.991903,1.044758,1.110290,0.925675,0.994884,0.945916,1.058479,0.928234,1.013639,0.918074,0.979530,1.021750,0.801540,0.995948,0.904578,0.954733,1.056766,1.070507,1.006758,1.118873,0.804028,0.893384,0.780751,0.950901,0.935877,1.077905,0.857867,0.876037,1.035344,1.048840,1.089064,0.928376,1.097188,0.884462,0.893900,0.931194,0.951794,1.129926,0.910755,0.994952,0.910849,0.878185,0.973900,0.887832,0.980321,0.948260,1.035446,0.912780,1.256591,0.912080,0.974170,0.950483,0.927292,1.088309,1.008216,1.102187,0.950444,0.987936,1.059934,1.098147,1.066553,0.902962,0.859295,0.946165,0.908934,1.099386,1.065564,1.144210,0.923165,0.976197,0.790389,0.931677,0.840883,0.930637,0.943922,1.189130,1.012578,1.046061,1.119180,0.955214,1.033861,1.010261,1.050699,1.211703,1.130769,0.960205,1.017710,1.151124,1.029301,1.085905,0.999031,1.148985,0.992312,0.976148,0.891897,0.986629,0.943228,1.065314,1.008808,0.994988,1.023127,1.156738,0.865751,0.917402,0.989579
杨戴/肥皂__chunk001,0.990528,1.029440,0.886557,0.976866,1.044045,0.893649,0.971531,1.192360,0.889827,0.957459,0.926335,1.026476,0.828242,0.848830,0.888148,1.010596,0.994498,0.953157,1.003934,0.912919,0.964403,1.232263,1.040085,1.051113,1.195517,1.127238,0.962394,1.080771,1.025096,1.046242,1.128635,0.844422,0.997337,1.158791,1.157710,1.293345,1.134122,1.304178,1.078850,1.111644,1.095856,1.070686,0.977996,1.190645,0.997009,1.109417,0.999928,1.267578,0.936205,1.005514,0.883586,0.832601,0.000000,0.895844,0.794033,0.744802,1.123622,0.934062,0.887185,0.843097,0.920190,1.072469,0.994736,0.941486,1.038435,1.177321,1.106836,1.077796,1.109635,1.172055,0.923790,1.027504,0.981225,1.148900,1.033664,0.995296,1.197284,1.005785,1.001033,1.000372,1.256595,1.080008,1.111596,0.864326,1.055313,0.814451,0.933904,0.937944,1.035126,0.989204,0.942780,0.969202,1.100494,1.010699,0.815347,0.909529,0.861426,0.875495,0.852840,0.858402,1.041518,0.990957,1.037278,0.910285,0.922601,1.041921,0.970725,0.977580,0.961932,1.063878,0.944052,1.200521,0.901558,0.908030,0.976659,0.819040,0.949999,1.047368,1.164055,1.019249,1.051544,1.128542,1.038098,1.095768,0.967706,0.912457,0.909943,0.880017,1.109096,1.113789,1.059499,0.974659,1.017066,0.911442,0.660739,0.832043,0.981788,0.895782,1.142620,0.942653,0.938333,0.908648,0.859874,0.951294,0.919290,0.963814,1.116547,1.142048,1.021629,1.010101,1.194853,1.068567,1.096416,1.045520,1.008601,1.079342,1.008299,1.047151,1.039728,0.959962,1.005501,0.956320,0.993908,0.935794,1.208097,0.893607,0.925875,0.974282
杨戴/肥皂__chunk002,1.136208,1.051067,1.151851,0.990635,0.977220,0.903899,0.939249,1.133134,0.966177,1.033477,1.003044,1.039207,0.890730,0.818077,0.952800,0.945001,1.068788,0.917376,1.044060,0.922242,0.967150,1.039024,0.914425,1.114916,1.221394,1.019817,0.995754,1.105595,1.063733,1.084678,1.089378,0.904995,1.058808,1.294031,1.165579,1.144575,1.028435,1.271277,0.946770,1.016873,1.044396,1.150102,1.087104,1.012889,1.086768,1.029072,1.000891,1.189103,1.049258,0.940290,0.864452,0.915736,0.895844,0.000000,0.970490,0.863114,1.187661,0.969113,1.093009,0.892717,0.999533,1.148697,1.042677,1.062189,1.181949,1.142885,1.019278,1.045581,1.120296,0.974619,1.109491,1.136781,1.038660,1.168270,1.081906,1.049281,1.190350,1.053871,1.086699,1.101924,1.158922,1.085771,1.108995,0.992595,0.954217,0.888785,1.148011,1.123998,1.059476,0.983048,0.960813,1.282067,1.241256,1.114910,1.007563,1.041792,1.020733,0.925748,0.963347,1.074552,1.069950,1.051240,1.075028,1.036478,1.034577,1.069407,1.024868,1.134534,1.058265,1.081159,1.012689,1.286463,1.040601,1.029364,0.984724,1.010114,1.139923,1.186745,1.160734,0.954268,1.082531,1.057574,1.202278,1.234929,1.139135,1.034516,1.073548,0.989522,1.201862,1.101155,1.373738,1.021432,1.074355,1.003571,1.011335,0.776992,1.049389,0.991003,1.312499,1.145676,1.185201,0.943850,0.939199,1.137359,1.021097,1.132740,1.242029,1.261360,1.067832,1.085801,1.269736,1.104882,1.285263,1.115589,1.234692,1.135949,1.059686,1.124399,1.167961,1.087549,1.111320,1.114590,1.107132,1.101327,1.243397,1.024800,0.997536,1.078201
杨戴/肥皂__chunk003,1.102044,1.049402,1.027412,1.074247,1.127801,0.895250,1.100946,1.216879,0.918010,1.113801,1.042357,1.108329,0.927663,0.828487,0.942867,1.041282,1.089798,0.858857,1.126664,0.889804,1.034984,1.217508,1.094083,1.145530,1.087370,1.159892,1.025814,1.086130,1.065348,1.032866,1.026152,1.005728,1.052329,1.184249,1.129076,1.217380,1.030577,1.252580,1.095126,1.069325,1.145230,1.188688,1.095385,1.128608,0.988758,1.141490,1.125362,1.292072,0.961083,0.950733,0.886795,0.738926,0.794033,0.970490,0.000000,0.881154,1.129274,0.901967,0.949904,0.963298,0.936453,1.125654,1.014147,1.067908,1.041709,1.156168,1.109992,1.219510,1.090495,1.226358,1.162921,1.162572,1.099815,1.203392,1.163585,1.027109,1.246307,1.123790,1.017178,1.169141,1.261259,1.143289,1.137067,0.877147,0.980012,0.890563,0.925468,1.089942,1.053786,1.067573,0.980328,1.088376,1.141235,1.146607,0.953419,1.059386,1.078957,0.931590,0.891807,0.991791,1.087727,1.036498,1.064401,0.960920,0.945245,1.113443,0.897816,1.047516,1.004290,1.072990,0.972935,1.179737,1.060944,0.989677,0.960906,0.951618,0.988476,1.049314,1.204980,1.062297,1.106250,1.123966,1.128892,1.139103,1.023293,0.967200,0.973953,1.002959,1.282195,1.113630,1.199739,0.957548,0.979522,0.868777,0.856737,0.956940,0.739862,0.913149,1.188911,0.959149,1.063103,1.099486,0.901773,0.954396,0.905562,1.070789,1.164704,1.217522,1.030849,1.041653,1.222434,1.132338,1.155134,1.147426,1.086944,1.102212,1.058461,0.999609,1.017461,0.993497,1.124299,1.010160,1.106667,1.093403,1.223436,0.873527,0.973537,0.974385
杨戴/肥皂__chunk004,0.924152,0.950493,0.870234,0.957689,0.993799,0.940027,0.899896,1.087721,0.934784,0.985894,0.967994,1.071501,0.848030,0.741558,0.837966,0.949708,1.017030,0.761469,0.994999,0.976911,0.895493,1.135197,0.968942,1.030115,0.977771,0.932177,0.912770,1.018833,0.918618,1.038334,1.015308,0.883240,0.969678,1.174625,1.053621,1.068980,1.170130,1.159596,0.932426,1.046734,0.951840,0.921163,0.913031,1.084514,1.058446,1.052200,1.008971,1.107154,0.945562,0.874897,0.793861,0.814378,0.744802,0.863114,0.881154,0.000000,0.995120,0.879851,0.880875,0.815591,0.777279,0.870941,0.986840,0.877290,1.020336,1.110454,0.938016,1.009008,1.005640,1.086831,1.010007,1.013912,0.840322,1.008209,1.002997,0.991931,1.103770,0.900524,0.922333,1.062398,1.154810,0.971276,1.119830,0.828565,0.952101,0.791261,0.999066,0.938240,0.937996,0.856645,0.931409,0.955084,1.071854,0.977913,0.792868,1.031227,0.935895,0.776609,0.847503,0.815524,0.985056,0.986902,0.962015,0.940267,0.870559,0.938996,1.006923,1.004733,0.920247,0.895946,0.806637,1.044966,0.921706,0.895793,0.852678,0.865360,0.907789,0.992854,0.994370,1.042401,0.820932,0.995432,0.911969,1.068262,0.988910,0.914372,0.995493,0.970106,1.153115,1.068029,1.055063,0.932726,0.889720,0.946382,0.796427,0.933919,0.845368,0.746764,1.057457,0.946355,0.918644,0.919612,0.792802,0.879780,0.914089,0.936005,1.054144,1.149701,0.929520,1.019381,1.100417,1.047680,1.118088,1.024045,0.966161,1.094897,0.908223,0.976590,0.926189,0.882662,0.935470,0.952545,0.953190,0.937857,1.125511,0.792581,0.823245,0.903685
杨戴/药__chunk001,1.135525,1.150491,1.081487,1.259206,1.233621,1.167075,1.132004,1.063436,1.032682,1.263254,1.130475,1.342589,0.945353,1.082768,0.870693,1.077610,0.951858,0.991500,1.218591,1.069632,1.085351,1.307516,0.957938,1.018132,1.292834,1.079792,0.992401,1.039577,1.105070,1.096467,1.121070,0.936279,0.986604,1.240199,1.202418,1.224493,1.204461,1.358252,0.957716,1.209525,1.109717,0.905282,0.935967,1.225427,1.137966,1.119885,1.051240,1.176689,1.183800,1.177800,0.981137,1.085153,1.123622,1.187661,1.129274,0.995120,0.000000,0.714436,0.935159,0.910413,0.935665,0.881774,1.090045,1.107192,0.957539,0.935906,1.244568,1.241185,1.094514,1.251267,1.007369,1.211341,0.982041,1.061945,0.932708,1.124398,1.143219,0.961361,0.917390,1.113271,1.130813,0.982422,1.078404,0.939290,1.121954,0.958205,1.116818,1.188033,1.093175,1.171584,1.155921,1.159305,1.141087,1.028228,0.933883,1.304653,1.085560,1.027517,1.099431,0.839191,1.021625,0.995644,1.009032,1.018324,1.070953,1.209076,1.239693,1.034149,1.003458,1.047909,1.056570,1.251301,1.009357,1.145702,0.987364,1.090063,0.966748,1.223722,1.175413,1.181319,0.996588,1.225915,1.064237,1.005417,1.121850,1.142511,1.074719,1.138603,1.135681,1.137701,1.198268,1.136884,1.094497,1.123109,1.114666,1.077187,1.224504,1.047671,0.893365,0.914970,1.118566,0.942085,0.910392,0.949132,1.041031,1.021684,0.922587,1.236635,1.162223,1.184962,1.186996,1.134103,1.207465,1.112602,1.003012,1.075964,0.936409,1.070331,1.026907,1.017020,0.989977,1.028782,0.889793,1.025058,1.145781,0.937664,1.092204,0.979201
杨戴/药__chunk002,1.106380,1.092976,0.968145,1.170869,1.064661,0.983928,1.084874,1.049024,0.966794,1.173450,1.005734,1.115320,0.842431,0.905339,0.874495,0.955969,0.886982,0.844835,0.973347,0.991381,0.973688,1.261146,0.916281,1.090848,1.187408,1.036868,0.860832,1.029315,0.957702,1.059928,1.066290,0.901117,0.992093,1.297701,1.147387,1.124975,1.180880,1.269294,0.914338,1.110207,0.955152,0.889357,1.042179,1.080200,1.035416,1.095029,1.079093,1.194479,1.097152,0.917721,0.884343,0.815257,0.934062,0.969113,0.901967,0.879851,0.714436,0.000000,0.902749,0.756254,0.825743,0.921828,0.847205,0.867560,0.955235,0.998678,1.082266,1.066955,1.013573,1.063048,0.899123,1.087447,0.811434,1.000873,1.023012,0.973408,1.145693,0.959245,0.964638,0.984145,1.069038,0.864631,1.090313,0.772938,0.964122,0.846850,1.012745,1.009428,1.089261,1.058888,1.005936,1.114073,1.200692,0.940876,0.928812,1.130487,0.932151,0.885192,1.019631,0.812010,1.002304,0.982580,0.909205,0.931351,0.988611,1.000300,0.963103,0.956628,0.934187,1.007796,0.908523,1.082683,0.859860,1.080076,0.921521,0.860265,0.981980,1.142069,1.102837,1.096431,0.972545,1.108528,0.981934,1.030834,1.020700,1.042446,0.867457,1.008738,1.163804,1.032203,1.155825,0.924314,1.053030,0.902273,0.879732,0.964895,1.009580,0.951638,0.875419,0.676876,1.012148,0.822983,0.784671,0.839281,0.763775,0.854552,0.984594,1.089816,1.016032,1.014819,1.141619,0.945283,1.014369,1.074541,0.905955,0.925267,0.852803,0.992723,0.946122,0.933962,0.949419,0.923369,0.818248,0.922566,1.045172,0.825900,0.938850,0.918666
杨戴/药__chunk003,0.961374,1.049250,1.005912,1.069999,1.084793,0.930898,0.974927,0.980457,0.928385,1.079234,0.989353,1.194888,0.961752,0.949217,0.947124,0.902645,0.978461,0.905537,1.001575,0.927055,0.889675,1.303251,0.983547,1.012546,1.220667,1.148025,1.096912,1.056753,0.883432,1.086974,1.052761,0.829190,0.901091,1.050803,1.073480,1.086723,1.118856,1.147596,1.044739,1.041840,0.979837,0.957072,0.886396,1.164336,0.842817,0.875658,0.844080,0.995307,0.977666,1.155998,0.897468,0.881969,0.887185,1.093009,0.949904,0.880875,0.935159,0.902749,0.000000,0.954609,0.970754,0.944250,0.992269,0.950343,0.961599,1.041539,1.181312,1.160976,1.125130,1.192612,0.987854,1.007130,0.996542,1.120668,1.046972,0.961198,1.124185,0.973049,0.827864,0.998693,1.076030,1.028585,1.043885,0.788074,0.913440,0.776711,0.975219,1.082989,1.096660,1.070800,1.039751,0.980662,1.003493,0.933891,0.890173,1.180665,1.017268,0.864547,1.046544,0.936768,1.055270,1.024229,0.994764,0.958678,0.861514,1.114453,1.058223,0.953708,0.961014,1.059151,1.029690,1.216425,0.920426,1.058546,0.995471,0.793111,0.961092,1.089644,1.026163,1.015138,1.021032,1.109731,1.023197,1.017082,0.942998,0.930453,0.886975,0.953145,1.105394,1.037899,1.050426,1.068763,0.940559,0.923222,0.975546,0.953706,1.046576,0.969095,1.085034,1.051446,0.860228,1.043103,0.968785,0.986868,0.936360,0.957229,1.076937,1.078225,1.086207,1.072718,1.181504,1.147083,1.167170,1.025246,1.061947,1.084871,0.961738,1.059249,0.924627,1.014866,0.921928,1.079648,0.971823,1.048885,1.121184,0.758703,0.919750,0.993268
杨戴/铸剑__chunk001,1.172350,1.169700,1.034459,1.016410,1.141851,0.941652,1.086755,1.028479,0.943314,1.023586,1.095020,1.241165,0.882079,0.812780,0.705000,0.946680,0.934530,0.882825,0.940796,1.005035,0.909701,1.193238,0.903769,1.058804,1.130118,0.982982,0.877960,1.032582,0.941073,0.974896,0.988772,0.899225,0.961383,1.293914,1.128421,1.192454,1.182010,1.327721,0.960198,1.084802,0.987865,0.952441,0.871307,1.138033,1.067236,1.108422,1.059000,1.213928,0.886303,0.974497,0.916241,1.001081,0.843097,0.892717,0.963298,0.815591,0.910413,0.756254,0.954609,0.000000,0.750113,0.944434,0.893070,0.893503,1.037229,1.154327,1.058623,1.054982,1.035692,0.979618,0.875804,1.019270,0.728961,1.044613,0.891155,0.976253,1.183396,0.998152,0.884678,0.979238,1.020086,0.891602,0.888181,0.838618,0.912910,0.794168,1.027784,1.085678,0.995512,1.075571,0.917157,1.050968,1.156229,0.870362,0.861706,1.034223,1.044290,0.792972,0.861028,0.740115,0.981609,0.898540,0.859226,0.999250,0.946770,0.976744,0.954097,0.982338,0.877252,1.029387,0.942676,1.065559,0.932801,1.038604,0.939443,0.791771,0.841445,1.184935,1.156619,1.127116,0.887669,1.171442,0.958396,1.043142,0.878926,1.039848,0.964287,0.981235,1.121822,1.061018,1.186866,1.059623,1.028664,1.005732,0.898352,0.987224,0.992638,0.944499,0.937312,0.832292,0.930423,0.521120,0.711737,0.820469,0.863272,0.911062,0.986556,1.112772,0.916728,1.059951,1.097690,0.894914,0.931378,1.034963,0.907179,1.001398,0.838586,1.003996,0.991652,0.885525,0.848745,0.872029,0.812473,0.873737,1.053183,0.787060,0.877346,0.989291
杨戴/铸剑__chunk002,0.991516,1.113630,1.066219,1.088615,1.132881,0.978234,1.020381,1.005048,0.947372,1.159077,1.070410,1.153225,0.831028,0.874633,0.809958,0.932103,0.981964,0.930332,0.968810,0.991113,1.017844,1.283430,0.955418,1.104923,1.171217,0.982405,0.940039,1.024870,0.973257,1.073230,1.026098,0.941441,0.960679,1.286052,1.047109,1.205902,1.226741,1.292039,0.991052,1.097372,0.883485,0.943728,1.019632,1.139112,1.044249,1.134422,1.081240,1.185689,1.022979,0.898903,0.984831,0.889246,0.920190,0.999533,0.936453,0.777279,0.935665,0.825743,0.970754,0.750113,0.000000,0.894076,0.779901,1.026166,0.910863,1.036890,1.086474,1.139248,1.078075,1.097610,0.962254,1.082781,0.844393,1.040647,0.949483,1.008234,1.216212,0.923589,0.978398,1.048687,1.212028,0.929911,1.038380,0.787454,1.041197,0.836754,0.974890,1.073001,1.072913,1.019529,0.996407,1.042780,1.042121,0.898361,0.834466,1.163891,1.114841,0.865708,0.877791,0.798728,0.932300,0.990408,0.914931,0.971051,0.963443,1.043205,1.080631,0.802823,0.914896,1.020167,0.889166,1.037088,0.935454,1.048330,0.749497,0.995781,0.876714,1.042001,1.203945,1.044885,0.891387,0.986553,0.889889,0.975554,0.987685,0.884923,1.067664,1.068454,1.112308,1.098415,1.011737,0.948553,0.899365,0.952485,0.864386,0.960027,1.070360,0.843359,0.939045,0.906701,0.915377,0.840508,0.587156,0.853629,0.765613,0.896918,0.938301,1.031973,0.866053,1.044034,1.116024,1.031361,0.955742,1.018737,0.816145,0.925597,0.880201,1.015415,0.884619,0.845222,0.953792,0.888590,0.897066,0.906808,0.990041,0.824669,0.902845,0.838453
杨戴/铸剑__chunk003,1.113218,1.102418,1.180902,1.216050,1.093566,1.057019,1.082274,1.087905,1.014818,1.274678,1.104459,1.207003,0.897943,0.981790,0.941811,1.006085,0.826707,0.803210,1.137902,1.137040,0.991804,1.291731,0.848649,1.064486,1.199566,1.082176,1.100944,1.150825,1.051338,1.109106,1.130259,0.995097,0.985703,1.243559,1.038071,1.130021,1.224842,1.278181,1.007239,1.042991,0.858491,0.949398,0.964541,1.216327,1.090113,1.139171,1.072899,1.285114,1.198348,1.044478,0.901233,1.056862,1.072469,1.148697,1.125654,0.870941,0.881774,0.921828,0.944250,0.944434,0.894076,0.000000,0.911854,0.894346,0.775291,0.953831,1.157026,1.080868,0.975319,0.992925,1.008211,1.086598,0.887086,0.960628,0.919921,1.007974,1.169013,0.827146,0.923043,0.950330,1.068720,0.993638,1.047596,0.988370,0.992861,0.940557,1.121866,1.059222,1.104746,1.115242,1.074592,1.064339,1.083529,0.957426,0.934689,1.287600,0.936569,0.956033,0.985316,0.822884,1.007749,0.893863,0.873960,1.080058,1.008437,1.066450,1.162735,0.904339,0.894079,1.057326,0.941291,1.165305,0.993712,1.118167,0.914876,0.999889,0.923866,0.957180,1.059791,1.077694,0.969429,1.035143,0.842745,1.065035,1.041247,1.038809,1.030390,1.040505,1.224904,1.175395,1.047982,0.911073,0.923949,1.026386,1.002113,1.051557,1.070550,1.003818,0.930288,0.907329,0.906176,0.963321,0.900461,0.585278,0.892841,0.835260,0.789870,0.991646,1.018148,1.136672,1.067750,1.016278,1.061059,1.036522,0.916216,1.036712,0.881866,0.977295,0.999464,0.853374,0.897122,0.949314,0.810523,1.049840,0.963655,0.968808,0.964219,0.919858
杨戴/铸剑__chunk004,1.132510,1.185617,1.180772,1.221062,1.120496,1.057902,1.155197,1.111688,0.989747,1.205816,1.163315,1.176311,0.964511,0.993409,0.912378,0.991238,0.978128,0.941588,0.947210,1.032461,1.064775,1.238492,1.030329,1.325677,1.236360,1.165335,1.067249,1.164487,1.122167,1.151839,1.163648,0.943179,1.092530,1.355713,1.274523,1.283105,1.149476,1.408583,1.055225,1.118029,1.082512,1.141233,1.069901,1.219407,1.096867,1.219533,1.138987,1.263576,1.044778,0.998680,1.044621,0.989392,0.994736,1.042677,1.014147,0.986840,1.090045,0.847205,0.992269,0.893070,0.779901,0.911854,0.000000,0.946380,1.030930,1.102757,1.070788,1.154133,1.092200,1.142888,0.984331,1.138134,0.994567,1.092843,1.037658,1.029560,1.297739,1.091790,1.017005,1.081768,1.157340,1.026093,1.198090,0.927503,1.107801,1.058674,1.122580,1.075141,1.178324,1.089497,1.020737,1.150839,1.203722,0.967056,0.876392,1.190741,0.976931,0.943107,0.913740,0.852196,0.978551,1.085837,0.943150,0.997099,1.008167,1.038307,0.890715,0.954808,1.119367,1.043230,0.947364,1.174384,1.061467,1.088653,0.952480,0.901571,0.974201,1.193542,1.184850,1.057365,0.962140,1.142921,0.917975,1.055290,0.918107,1.060264,0.918679,1.049292,1.363250,1.215041,1.157645,0.981757,1.005209,0.989164,0.968769,0.997422,1.036305,0.925749,0.992533,0.961831,0.900276,0.932518,0.782861,0.845545,0.585953,0.964355,0.981155,0.962953,0.974809,1.062525,1.166175,1.027837,0.951935,1.018897,0.860596,1.020872,0.933231,1.063216,1.041859,0.938993,1.109695,0.892993,1.013422,1.001630,1.045450,1.019106,0.877539,0.971996
杨戴/铸剑__chunk005,1.118744,1.161058,1.110507,1.214531,1.139986,1.027417,1.133223,1.093654,1.021103,1.101574,1.112663,1.180513,0.917674,0.918134,1.022017,0.991668,0.972029,0.915746,1.077036,1.080870,1.018890,1.229084,1.015692,1.071577,1.200480,1.153635,0.979804,1.093709,1.028484,1.118990,1.195674,1.046676,0.917043,1.256887,1.241122,1.197152,1.129690,1.342314,1.081463,1.126195,0.922858,0.906839,1.080135,1.184174,1.130393,1.097417,1.106853,1.239551,1.106814,1.097833,0.949813,0.991903,0.941486,1.062189,1.067908,0.877290,1.107192,0.867560,0.950343,0.893503,1.026166,0.894346,0.946380,0.000000,0.849312,1.077951,1.254281,1.202777,1.110975,1.196107,1.079125,1.065490,1.029526,1.084269,1.142671,0.977260,1.225722,0.987604,0.985829,1.117925,1.166362,0.923386,1.193174,0.890614,0.997331,0.899017,1.109918,1.207811,1.173725,1.229867,1.186163,1.134011,1.207773,1.095940,1.018121,1.184655,1.126852,0.839100,1.052707,1.054379,1.096682,1.066855,1.075439,1.064465,1.092611,1.226478,1.109140,1.070195,1.059175,1.141446,0.937152,1.145300,1.111285,1.209310,1.121717,1.006461,1.002366,1.193064,1.134876,1.119492,1.065585,1.205097,1.038232,1.135783,1.134998,1.132784,1.098028,1.109576,1.217575,1.218179,1.203458,0.978204,1.184301,0.928925,0.977068,1.019974,1.085280,1.070763,1.101577,0.997523,1.150110,0.955804,0.954845,0.961963,0.952333,0.631681,0.920262,1.193853,1.110490,1.154478,1.226657,1.113112,1.110687,1.106138,1.135659,1.053307,1.073123,1.095368,1.102679,1.088082,1.128560,1.012277,1.006908,1.091787,1.211136,0.904546,1.035816,1.014237
杨戴/铸剑__chunk006,1.069728,1.203723,1.245850,1.307314,1.191425,1.165296,1.192975,0.997247,1.132154,1.366128,1.213051,1.279803,0.891405,1.011043,0.932155,1.053090,0.950649,0.895747,1.233472,1.100717,1.129171,1.429241,1.076440,1.194923,1.255432,1.160134,1.074108,1.160257,1.225543,1.284344,1.222297,0.979830,0.967078,1.320781,1.106055,1.277541,1.234283,1.293985,1.091734,1.158944,0.922268,1.015374,1.014239,1.306490,1.170702,1.177008,1.082695,1.244263,1.265028,1.075839,0.994728,1.044758,1.038435,1.181949,1.041709,1.020336,0.957539,0.955235,0.961599,1.037229,0.910863,0.775291,1.030930,0.849312,0.000000,0.955893,1.289639,1.266853,1.128350,1.214124,1.148355,1.148688,0.983145,1.109005,1.077299,0.951862,1.300889,1.015372,1.049298,1.108844,1.200613,1.021635,1.131363,0.981243,1.026113,1.009204,1.035487,1.217502,1.143670,1.206030,1.219325,1.148709,1.231358,0.965656,0.998640,1.286802,1.219296,0.927024,1.120614,0.893688,1.046406,0.964316,1.017965,1.092049,1.115388,1.180611,1.285709,0.925945,1.075360,1.085963,1.034920,1.202548,1.036811,1.228748,1.053460,1.024228,0.990587,1.114837,1.191667,1.105625,1.037841,1.164886,0.973494,1.017398,1.153418,1.209350,1.059603,1.119865,1.214047,1.105826,1.125991,0.931583,1.021228,1.028901,1.025608,1.074813,1.124230,1.032405,0.990850,0.992842,1.030926,1.033409,0.955961,0.820023,0.946023,0.741128,0.668218,1.010213,1.059309,1.217397,1.129939,1.108854,1.202639,1.131584,1.017701,1.017251,1.006311,1.022293,1.008341,0.984021,1.097259,1.053837,0.921540,1.178460,1.166412,0.887914,0.977315,0.877065
杨戴/铸剑__chunk007,1.174514,1.181322,1.178680,1.128265,1.245587,1.107882,1.176355,1.015273,1.118282,1.283400,1.132447,1.191081,0.997524,1.216051,1.222698,1.095277,0.824425,0.934210,1.153479,1.140554,1.067184,1.247174,1.059240,1.095427,1.294694,1.154835,1.250870,1.133613,1.155685,1.231984,1.148233,1.098888,0.998833,1.268308,1.233653,1.354882,1.312603,1.283387,1.037307,0.999014,0.921750,0.993135,1.063411,1.131168,1.149594,1.195058,1.070577,1.179952,1.302549,1.249036,1.091516,1.110290,1.177321,1.142885,1.156168,1.110454,0.935906,0.998678,1.041539,1.154327,1.036890,0.953831,1.102757,1.077951,0.955893,0.000000,1.176546,1.259391,1.245147,1.231619,1.099756,1.157849,1.160833,1.190386,1.092194,1.053088,1.163233,1.042164,0.968707,1.089345,1.264142,1.138141,1.190878,0.923298,1.101365,0.990606,1.179599,1.141720,1.161228,1.131595,1.266932,1.187086,1.193141,1.053700,1.092654,1.374591,1.221561,1.201196,1.183026,1.084914,1.296445,1.022205,1.070624,1.056001,1.109580,1.207451,1.162839,1.038651,1.069005,1.137354,1.119107,1.426987,1.067804,1.278629,0.992866,1.053299,1.033556,1.179395,1.256763,1.164778,1.053005,1.084360,0.968510,1.205352,1.160929,1.054453,1.047987,1.064935,1.231116,1.259956,1.102453,1.114608,1.067248,1.221337,1.174765,1.078562,1.264405,1.148973,1.162532,1.149601,1.123919,1.129789,1.051443,1.003641,0.986256,1.067020,0.894535,0.696734,1.207994,1.121180,1.235262,1.218625,1.264822,1.010175,1.101296,1.037704,1.068695,1.015389,0.938037,1.112918,1.003740,1.122007,1.129082,1.249076,1.281723,0.965257,1.173701,0.991683
杨戴/阿Q正传__chunk001,1.236902,1.246074,1.156849,1.204699,1.218187,1.147717,1.123281,1.176681,1.099231,1.100100,1.155026,1.203903,1.096555,1.011855,1.095290,1.211126,1.030679,0.897127,1.048015,1.112328,1.062510,0.989251,1.125661,1.200772,1.150800,1.089965,1.192728,1.118152,1.156776,1.178842,1.200015,1.094831,1.238734,1.514008,1.193631,1.172945,1.123432,1.108264,1.028186,1.144653,1.249418,1.301088,1.115391,0.983363,1.105114,1.138962,1.174880,1.313615,1.260184,1.098924,1.106704,0.925675,1.106836,1.019278,1.109992,0.938016,1.244568,1.082266,1.181312,1.058623,1.086474,1.157026,1.070788,1.254281,1.289639,1.176546,0.000000,0.826027,0.903506,0.937168,0.998779,0.907522,0.944108,1.019291,1.063471,0.876173,0.957174,1.058227,1.072752,1.102820,1.027815,1.080038,1.091300,1.103877,1.162291,1.085851,1.208284,1.125265,1.126194,1.188199,1.112450,1.257739,1.293688,1.095007,1.087517,1.320201,1.182582,1.142666,1.013499,1.079352,1.284971,1.007534,1.166726,1.159960,1.195205,1.204558,1.083894,1.127716,1.169878,1.121322,1.027834,1.403408,1.136291,1.198252,1.115235,1.051397,1.198601,1.182247,1.157761,1.150661,1.084020,1.207341,1.182396,1.321855,1.107413,1.046043,1.176217,1.185586,1.403008,1.365715,1.372382,1.164141,1.228203,1.120082,1.203862,1.200343,1.146449,1.123594,1.282941,1.148275,1.221350,1.174489,0.996780,1.083822,1.051512,1.235917,1.286243,1.223819,0.629425,0.897593,1.157970,1.004133,1.196446,0.932996,1.127028,1.020655,1.075849,0.921355,0.997985,1.052267,1.069218,1.019632,1.036738,1.063268,1.221017,1.159370,1.112582,1.243844
杨戴/阿Q正传__chunk002,1.126160,1.265846,1.168027,1.150883,0.994190,1.117047,1.182879,1.213065,1.089501,1.164387,1.111271,1.250163,1.177753,1.067532,1.200547,1.185516,1.029667,0.932387,1.083517,1.204006,0.915057,1.090549,1.100703,1.153464,1.205892,1.005665,1.233559,1.124177,1.081036,1.391518,1.173011,1.021146,1.161803,1.406805,1.181151,1.207691,1.197834,1.278956,1.068555,1.050499,1.231965,1.253535,1.085735,0.952193,1.147572,1.205005,1.259805,1.146606,1.166254,1.053581,1.106471,0.994884,1.077796,1.045581,1.219510,1.009008,1.241185,1.066955,1.160976,1.054982,1.139248,1.080868,1.154133,1.202777,1.266853,1.259391,0.826027,0.000000,0.880640,0.966767,1.018230,0.915395,0.852505,1.027825,0.913730,1.003954,1.003889,0.937879,1.009404,1.040761,1.061805,1.092570,1.116631,1.184055,0.998198,1.087715,1.134898,1.093470,1.163670,1.064901,1.030572,1.227349,1.181887,1.145214,1.133383,1.294906,1.178573,1.131662,1.117807,1.116904,1.447603,1.064063,1.053024,1.048178,1.114614,1.092367,1.178896,1.110366,1.204298,1.184472,1.094327,1.528096,1.125881,1.366940,1.205628,1.062311,1.290680,1.121246,1.135870,1.205625,1.056869,1.127749,1.189077,1.322419,1.059062,1.103396,1.235512,1.284477,1.438843,1.320267,1.365125,1.170069,1.266694,1.207519,1.202394,1.178338,1.204721,1.270066,1.313620,1.246234,1.162177,1.094669,1.040679,1.094547,1.043339,1.222510,1.285281,1.260680,0.856881,0.738432,1.070478,0.959639,1.104841,1.036266,1.092089,0.990711,0.936609,1.006167,1.002057,1.074819,0.976897,0.971403,0.997980,1.065617,1.188248,1.158256,1.122952,1.251180
杨戴/阿Q正传__chunk003,1.060597,1.174444,1.142759,1.179143,1.122319,1.155695,1.177593,1.242763,1.152483,1.227802,1.139041,1.303455,1.018341,1.060438,1.056599,1.139223,0.905405,0.854882,1.169394,1.245920,1.008149,1.247612,1.012905,1.183346,1.199547,1.129045,1.058024,1.121850,1.245287,1.209380,1.218102,1.101475,1.193185,1.366458,1.284228,1.299557,1.219778,1.399588,1.145284,1.135796,1.155767,1.179497,1.080346,1.112915,1.024124,1.178897,1.147826,1.277183,1.109131,1.087609,1.044193,0.945916,1.109635,1.120296,1.090495,1.005640,1.094514,1.013573,1.125130,1.035692,1.078075,0.975319,1.092200,1.110975,1.128350,1.245147,0.903506,0.880640,0.000000,0.946122,0.813029,0.857773,0.868506,0.881655,1.002560,0.895223,0.967286,0.956830,0.894428,0.948838,1.016238,0.984370,1.062499,1.032653,1.094420,1.023353,1.136611,1.061912,1.244828,1.151991,1.144499,1.263482,1.328631,1.149286,1.119543,1.361517,1.111776,0.971122,1.105614,1.037822,1.285543,1.001658,1.076903,1.110743,1.166919,1.197145,1.218517,1.086038,1.140512,1.218976,1.013325,1.273403,1.120046,1.279385,1.047558,1.048181,1.163952,1.271513,1.129462,1.158792,1.116187,1.146249,1.215618,1.206853,1.038581,1.126504,1.111035,1.152382,1.373950,1.159276,1.321361,1.182027,1.197645,1.131502,1.178621,1.180959,1.145019,1.250830,1.151328,1.091794,1.203314,1.133361,1.003214,0.954438,1.039735,1.050458,1.104052,1.198962,0.951096,0.957100,0.887838,0.934572,1.002676,0.844591,1.083704,0.982868,0.882701,0.891069,0.969247,1.026076,0.881104,0.941753,0.993954,0.899733,1.069617,1.056186,1.057249,1.129849
杨戴/阿Q正传__chunk004,1.137508,1.099969,1.218987,1.092656,1.229541,1.118645,1.230348,1.083783,1.053970,1.142600,1.090717,1.161379,1.141027,1.188600,1.139999,1.081811,1.015754,0.935049,1.102527,1.170455,1.141250,1.175218,1.063851,1.092308,1.321059,1.214284,1.222773,1.042823,1.224743,1.286393,1.242874,1.085983,1.168628,1.323761,1.110918,1.364489,1.273893,1.279522,1.086594,1.072932,1.155764,1.219099,1.201546,1.089707,1.003262,1.191832,1.278770,1.333432,1.222761,1.188788,1.022722,1.058479,1.172055,0.974619,1.226358,1.086831,1.251267,1.063048,1.192612,0.979618,1.097610,0.992925,1.142888,1.196107,1.214124,1.231619,0.937168,0.966767,0.946122,0.000000,0.998551,0.957464,0.878066,1.085272,0.983944,0.999411,1.053991,0.964486,1.056328,0.918970,0.924280,1.082331,0.946448,1.171275,1.096463,1.144833,1.298449,1.128144,1.221763,1.269756,1.124352,1.258509,1.401294,1.141515,1.174990,1.397826,1.218174,1.137498,1.216037,1.131751,1.221921,0.990227,1.029615,1.230947,1.247103,1.302795,1.331745,1.109826,1.114848,1.349585,1.125431,1.394699,1.097592,1.354925,1.126425,1.073507,1.253464,1.185842,1.377098,1.272517,1.217730,1.242357,1.296034,1.342404,1.199074,1.100585,1.130966,1.244481,1.370521,1.305675,1.462825,1.212313,1.155824,1.257989,1.179045,1.229951,1.210453,1.269255,1.315595,1.207299,1.205358,1.117933,1.035333,1.113732,1.168049,1.259898,1.196590,1.120187,0.957228,0.981951,1.189506,0.811576,1.155157,0.998271,1.167697,1.105764,1.030686,0.954787,1.001451,1.064860,1.073479,0.995146,0.976142,1.148971,1.137127,1.169509,1.153720,1.216189
杨戴/阿Q正传__chunk005,1.092746,1.104218,1.089931,1.085095,1.192669,1.008420,1.115185,1.121737,1.018821,1.121811,1.037953,1.144554,0.972229,1.037080,0.990878,1.092615,0.855577,0.966983,0.956473,1.052530,0.949393,1.293730,0.966115,1.259653,1.274499,1.181455,1.016699,1.072268,0.998174,1.048691,1.112479,0.990147,1.034306,1.208481,1.273091,1.276909,1.324377,1.463864,1.124503,1.181334,1.144788,1.021527,1.040541,1.128416,1.015228,1.021001,0.959578,1.298577,1.114184,1.075960,1.004796,0.928234,0.923790,1.109491,1.162921,1.010007,1.007369,0.899123,0.987854,0.875804,0.962254,1.008211,0.984331,1.079125,1.148355,1.099756,0.998779,1.018230,0.813029,0.998551,0.000000,0.904980,0.699831,0.923445,0.869048,0.864254,0.957643,0.815238,0.842034,0.754380,0.867558,0.960904,0.917942,0.888362,0.926247,0.899502,1.160425,1.128546,1.254224,1.096939,1.086511,1.139383,1.151162,1.114786,1.027002,1.314358,1.042945,0.989909,1.134870,0.927370,1.173773,0.981190,1.087506,1.154119,1.191616,1.211142,1.163510,1.053355,1.149916,1.241403,1.130894,1.248248,1.021797,1.239230,0.941678,0.990526,1.060546,1.239495,1.234240,1.174327,1.142286,1.293176,1.145324,1.167292,1.050008,1.107153,1.048265,1.164554,1.165969,1.222210,1.256935,1.248459,1.119290,1.097409,1.191890,1.113961,1.309446,1.152470,1.146650,1.041528,1.145797,0.982341,0.990946,0.979214,0.996174,1.098591,1.169636,1.072740,0.907440,1.040276,1.003713,0.954876,0.879430,0.923746,0.905410,0.893024,0.876259,0.932500,1.003681,0.936367,0.887533,0.910939,0.880179,0.926000,0.967310,1.036972,0.975719,1.065292
杨戴/阿Q正传__chunk006,1.076151,1.182324,1.122656,1.190695,1.171812,1.085204,1.061348,1.094977,1.080695,1.155769,1.149491,1.174425,1.004691,0.987530,1.108594,1.159917,0.909837,0.951559,1.022849,1.129830,0.963842,1.219404,0.996911,1.152727,1.159566,1.049046,1.127802,1.035203,1.111135,1.231016,1.060809,1.076273,1.054521,1.442275,1.228379,1.211890,1.207286,1.245862,1.092829,1.020590,1.183231,1.111031,1.031240,1.089130,1.034495,1.101351,1.060139,1.164772,1.149502,1.109851,0.957005,1.013639,1.027504,1.136781,1.162572,1.013912,1.211341,1.087447,1.007130,1.019270,1.082781,1.086598,1.138134,1.065490,1.148688,1.157849,0.907522,0.915395,0.857773,0.957464,0.904980,0.000000,0.873200,0.929230,0.931825,0.889058,1.069900,1.012239,0.922279,0.897599,1.026467,1.079862,1.063554,1.024425,1.072616,0.931213,1.174878,1.075766,1.178234,1.242089,1.152328,1.160565,1.196174,1.077759,1.040646,1.353736,1.209201,1.068711,1.084760,1.073292,1.397646,0.938135,1.066122,1.118922,1.149485,1.250326,1.188601,1.026399,1.137449,1.165223,1.074923,1.359103,1.048672,1.268012,1.131846,1.032769,1.154097,1.146884,1.129079,1.111387,1.104306,1.151008,1.183383,1.241196,1.037432,1.118234,1.127241,1.227253,1.199989,1.176592,1.322914,1.168788,1.144053,1.072288,1.087971,1.125479,1.168841,1.226897,1.233600,1.130652,1.116198,1.114897,1.001524,1.032735,1.101077,1.195535,1.145068,1.167002,0.921715,0.884779,1.106580,1.028994,1.152039,0.700356,1.028275,0.986541,1.021080,1.016339,1.063408,1.031207,0.974203,1.034448,1.012012,1.016793,1.247059,1.022125,1.096797,1.161108
杨戴/阿Q正传__chunk007,1.146169,1.184581,1.082841,1.154404,1.095334,0.977814,1.073013,0.995031,0.926828,1.101308,1.108076,1.259354,0.924564,0.943117,0.767135,0.876700,0.902591,0.943389,0.940794,1.145291,0.920006,1.209569,0.863686,1.125690,1.218852,1.062653,0.918155,1.028876,1.068297,1.174507,1.028355,0.981411,0.950587,1.207980,1.235160,1.115520,1.254630,1.342679,0.838428,1.076030,1.031171,0.999645,0.920991,1.087688,1.085258,1.069197,1.065582,1.144314,1.071518,1.031577,0.933408,0.918074,0.981225,1.038660,1.099815,0.840322,0.982041,0.811434,0.996542,0.728961,0.844393,0.887086,0.994567,1.029526,0.983145,1.160833,0.944108,0.852505,0.868506,0.878066,0.699831,0.873200,0.000000,0.799021,0.755090,0.840155,0.991527,0.837708,0.862804,0.869215,0.794503,0.861692,0.886753,0.931865,0.926344,0.855930,1.047421,1.074935,1.090544,1.037126,0.921707,1.078213,1.057982,0.963236,0.923198,1.193179,1.083708,0.903206,0.948120,0.796100,1.037400,0.900250,1.024958,1.107704,1.020696,1.101522,1.069239,0.999568,1.028053,1.102865,0.978696,1.124201,0.976708,1.226120,0.928662,0.872126,0.982190,1.168070,1.215514,1.140728,0.871041,1.102205,1.054422,1.107367,0.975374,1.035957,1.065557,1.110495,1.032533,1.134808,1.179424,1.064278,1.083765,1.022726,1.085759,1.042949,1.133627,1.093490,1.019217,0.913430,0.970201,0.898937,0.851684,0.870192,0.918629,0.959557,1.048096,1.128537,0.845783,0.991712,0.888370,0.755752,0.844010,0.929217,0.727164,0.897391,0.747351,0.854367,0.948098,0.791979,0.895519,0.770937,0.757002,0.836595,0.927711,0.944866,0.882413,0.903920
杨戴/阿Q正传__chunk008,1.288370,1.119590,1.228661,1.163717,1.119078,1.157605,1.064401,1.151467,1.027876,1.143210,1.115535,1.193457,1.080043,1.105294,1.035613,1.110299,0.894550,0.943023,1.098399,1.197432,1.016882,1.276158,0.947624,1.171809,1.260630,1.157641,1.080064,1.190128,1.197072,1.130613,1.005222,1.117078,1.040289,1.287137,1.239506,1.178026,1.223321,1.330705,1.073742,1.113666,1.158421,1.097636,1.100319,1.120976,1.027726,1.083181,1.080900,1.120789,1.159809,1.206713,1.138762,0.979530,1.148900,1.168270,1.203392,1.008209,1.061945,1.000873,1.120668,1.044613,1.040647,0.960628,1.092843,1.084269,1.109005,1.190386,1.019291,1.027825,0.881655,1.085272,0.923445,0.929230,0.799021,0.000000,0.950455,0.952315,0.918304,0.873415,0.883210,0.894814,0.885078,0.989800,1.127956,1.096708,1.085903,1.020379,1.197681,1.145528,1.301785,1.070502,1.128746,1.179701,1.226108,1.057779,1.014958,1.215474,1.051447,1.046180,1.136224,0.975175,1.128116,0.999840,1.194765,1.026119,1.182487,1.219391,1.139175,1.157949,1.015206,1.228339,1.061266,1.343235,1.136030,1.261244,1.098577,1.040530,1.181326,1.166585,1.149909,1.224837,1.048946,1.248782,1.160439,1.173886,1.154303,1.109665,1.194017,1.164402,1.091509,1.169164,1.256192,1.180472,1.196326,1.143599,1.153017,1.108930,1.226435,1.265923,1.227678,1.124247,1.233616,1.068695,0.956380,1.002131,1.086761,1.159276,1.165424,1.188041,0.959042,1.042857,1.155667,0.957506,1.079398,1.036513,1.022697,0.910399,1.023820,0.915524,0.990974,1.047699,0.960297,0.974901,0.969177,0.991308,1.199907,1.079793,1.121232,1.051722
杨戴/阿Q正传__chunk009,1.108270,1.165415,1.054088,1.056450,1.114598,1.007975,1.017017,0.982528,1.018376,1.102661,1.018918,1.187431,1.040519,1.107718,1.023481,1.055656,1.063079,1.020779,0.996325,1.082088,1.030490,1.189498,0.998361,1.064046,1.378391,1.137934,1.192573,0.978628,1.088247,1.145459,1.025071,0.947408,0.967649,1.321595,1.203457,1.256383,1.263802,1.340962,0.987978,1.076418,1.036064,1.081578,0.986716,1.064683,0.958774,1.083302,1.074558,1.140660,1.042791,1.072342,0.978717,1.021750,1.033664,1.081906,1.163585,1.002997,0.932708,1.023012,1.046972,0.891155,0.949483,0.919921,1.037658,1.142671,1.077299,1.092194,1.063471,0.913730,1.002560,0.983944,0.869048,0.931825,0.755090,0.950455,0.000000,0.925743,0.939012,0.953003,0.770019,0.882998,0.853738,0.894839,0.947070,0.940033,1.009504,0.907270,1.196501,1.141613,1.075847,1.102165,1.031903,1.095662,1.005671,1.061905,0.900412,1.218447,1.086607,1.022976,1.059859,0.935402,1.157887,1.064294,1.093207,1.105392,1.074800,1.152556,1.136558,1.087388,1.067054,1.172241,1.147520,1.345395,0.936638,1.177012,0.998262,0.982756,0.990903,1.156581,1.199828,1.181994,1.017582,1.103839,1.017156,1.011940,0.971576,1.002073,1.057469,1.157349,1.183009,1.226668,1.249469,1.078918,1.058358,1.177344,1.108300,1.045860,1.216734,1.119465,1.102958,1.080625,1.139424,0.946028,0.944965,0.991138,1.032353,1.194021,1.130342,1.145781,0.972285,0.967896,1.078470,0.917647,0.998796,1.009397,0.920749,0.928301,0.622780,1.014729,0.965611,0.960832,0.930573,0.921065,0.874684,0.924161,1.075988,0.927893,1.039859,1.063635
杨戴/阿Q正传__chunk010,1.035046,1.230914,1.030717,1.057226,1.102082,1.043205,1.106803,0.957493,0.982714,1.139219,1.039209,1.087216,0.992679,1.052192,0.966611,1.043181,0.847489,0.916872,0.985454,1.001759,1.046413,1.229740,0.949800,1.133269,1.235496,1.126172,1.066005,0.936524,1.064134,1.194626,1.209793,0.945210,0.994317,1.226740,1.143224,1.250008,1.152397,1.286685,1.005785,0.928457,0.950240,1.096337,1.043213,1.127018,0.954760,1.095820,1.007036,1.090444,1.113350,1.031754,0.926119,0.801540,0.995296,1.049281,1.027109,0.991931,1.124398,0.973408,0.961198,0.976253,1.008234,1.007974,1.029560,0.977260,0.951862,1.053088,0.876173,1.003954,0.895223,0.999411,0.864254,0.889058,0.840155,0.952315,0.925743,0.000000,0.895452,0.877867,0.941489,0.939356,1.002782,0.845107,1.055126,0.907030,0.983193,0.873294,1.094551,1.201470,1.151100,1.133887,1.075043,1.153395,1.131979,0.926021,0.982342,1.329525,1.195678,0.946583,1.050913,1.002197,1.203237,0.805077,1.077555,1.040828,1.027662,1.129753,1.088647,0.910438,1.053091,1.007145,0.889259,1.347668,1.012833,1.227381,1.085413,0.851001,0.992139,1.090235,1.027326,0.988022,0.952454,1.039956,1.002555,1.137100,1.035250,1.071902,1.028268,1.045475,1.248313,1.183670,1.192298,1.008377,1.100189,0.998028,1.081895,0.987252,1.055870,1.132492,1.152574,1.057563,1.045929,1.079684,1.014721,0.998025,0.938819,1.077624,1.061778,1.024661,0.876567,1.012434,0.993611,0.899644,1.048187,0.841559,0.930256,0.883268,0.925032,0.672606,0.788656,0.978393,0.968961,0.848038,0.963569,0.985892,1.019717,0.930932,0.986943,0.972457
杨戴/阿Q正传__chunk011,1.362951,1.302487,1.207493,1.142359,1.223661,1.145336,1.189233,1.268167,1.133416,1.131392,1.095598,1.240750,1.174678,1.218881,1.251211,1.077055,1.004351,1.024507,1.084021,1.181594,1.015149,1.075046,1.006492,1.124443,1.294910,1.200737,1.308331,1.089990,1.102721,1.214879,1.157373,1.178900,1.161663,1.360694,1.196638,1.134026,1.132403,1.267104,1.151459,1.129955,1.216953,1.246692,1.183866,0.908192,1.009109,1.141609,1.118545,1.129289,1.202612,1.167891,1.138385,0.995948,1.197284,1.190350,1.246307,1.103770,1.143219,1.145693,1.124185,1.183396,1.216212,1.169013,1.297739,1.225722,1.300889,1.163233,0.957174,1.003889,0.967286,1.053991,0.957643,1.069900,0.991527,0.918304,0.939012,0.895452,0.000000,1.014783,0.944090,0.991862,0.996993,1.027326,1.115338,1.103458,1.083193,1.006513,1.396657,1.298204,1.265411,1.174751,1.241963,1.283742,1.247268,1.207834,1.127951,1.290379,1.192120,1.102981,1.205805,1.122357,1.261910,0.995565,1.261009,1.064788,1.133776,1.212017,1.211510,1.197438,1.147861,1.297505,1.140417,1.521867,1.099612,1.336055,1.114896,1.173978,1.188710,1.222128,1.026172,1.195065,1.131049,1.215202,1.315195,1.251677,1.167368,1.057637,1.299857,1.224273,1.430948,1.278533,1.309732,1.202044,1.221136,1.214325,1.273722,1.188865,1.243062,1.303734,1.365913,1.212527,1.360432,1.208390,1.165466,1.231160,1.231846,1.297748,1.343504,1.260675,1.012726,1.082197,1.269059,1.058456,1.166166,1.045423,1.119084,1.029419,1.012027,0.838221,0.844936,1.109178,1.032078,1.093368,1.036809,1.074263,1.212366,1.131879,1.182599,1.206980
杨戴/阿Q正传__chunk012,1.024661,1.056019,1.146947,1.174015,1.066706,0.983429,1.137048,1.094794,0.937371,1.124221,1.000767,1.091205,0.881644,1.065376,0.956816,1.006417,0.929523,0.873264,1.028000,1.118961,1.006776,1.178824,0.904318,1.012469,1.267171,1.064447,1.084489,0.995523,1.026118,1.085821,0.952277,0.896156,0.829535,1.210803,1.014258,1.122707,1.180695,1.240354,0.965885,1.050411,0.994327,0.928107,1.071303,1.092893,1.039051,1.025166,1.088932,1.069947,1.045406,1.096696,0.943547,0.904578,1.005785,1.053871,1.123790,0.900524,0.961361,0.959245,0.973049,0.998152,0.923589,0.827146,1.091790,0.987604,1.015372,1.042164,1.058227,0.937879,0.956830,0.964486,0.815238,1.012239,0.837708,0.873415,0.953003,0.877867,1.014783,0.000000,0.827167,0.916470,1.016683,0.913357,0.934139,0.883148,0.947045,0.824173,1.078294,1.034850,1.101884,1.058657,1.107137,1.097976,1.143641,1.055269,1.041189,1.336921,1.075563,0.950912,1.081595,0.942107,1.126472,1.019401,1.043271,1.071671,1.134279,1.290878,1.204903,1.018725,1.021288,1.157327,1.064857,1.348010,1.091839,1.130568,0.992044,0.986634,1.079640,0.994237,1.150760,1.032703,1.017108,1.135260,1.138419,1.107080,1.132209,1.095908,1.187530,1.086810,1.174268,1.184458,1.266717,1.033885,1.017307,1.078290,1.072139,0.998573,1.181831,1.078816,1.171015,1.094752,1.127822,1.004212,0.861118,0.945488,0.984528,1.025471,1.147192,1.189007,0.931554,0.997661,1.023611,0.978384,1.030378,0.911193,0.925191,0.992622,0.876904,0.945085,0.925760,0.767940,0.957431,0.940446,0.895597,0.907483,1.048146,1.062031,0.958805,1.012083
杨戴/阿Q正传__chunk013,1.091846,1.111790,0.995727,1.060263,1.142255,1.030965,1.061516,1.069787,0.871724,0.974479,0.938247,1.124234,0.922639,1.031984,0.934638,0.962931,0.866907,0.868104,0.904710,0.971459,0.903677,1.220694,0.873929,0.972044,1.210776,1.080274,1.029275,0.942455,1.010869,1.021056,0.899359,0.908172,0.896406,1.219189,1.107746,1.112922,1.147505,1.232509,0.869769,1.008042,1.000799,0.892919,0.878200,1.028120,1.012454,0.958301,0.882247,1.040842,0.989209,1.025959,0.993170,0.954733,1.001033,1.086699,1.017178,0.922333,0.917390,0.964638,0.827864,0.884678,0.978398,0.923043,1.017005,0.985829,1.049298,0.968707,1.072752,1.009404,0.894428,1.056328,0.842034,0.922279,0.862804,0.883210,0.770019,0.941489,0.944090,0.827167,0.000000,0.837257,0.922608,0.914581,0.942198,0.771742,0.853713,0.721521,1.168584,1.079862,1.067318,1.106055,1.017468,1.040015,1.069548,1.068105,0.928560,1.225827,1.006692,0.947008,1.012475,0.892532,1.097309,0.933825,1.060819,1.045731,1.022893,1.159377,1.181158,1.079958,0.925920,1.146211,0.986695,1.305841,0.920426,1.183787,0.847185,0.856756,0.993947,1.053060,1.052126,1.049307,1.012238,1.103549,0.985142,1.017019,0.903252,1.025617,0.982007,0.990256,1.155155,1.083366,1.130488,1.090794,1.061731,1.118076,0.980630,1.024885,1.142767,1.143583,1.141319,1.005368,1.021762,0.947561,0.933600,0.979439,0.956998,1.075905,1.072513,1.055041,1.082162,1.033921,1.032075,1.047117,1.058385,0.868041,0.940738,0.951444,0.872834,0.874635,0.926068,0.937366,0.683343,0.949262,0.876625,0.938806,1.128743,0.826722,1.000423,0.901433
杨戴/阿Q正传__chunk014,1.228295,1.162955,1.104193,1.089047,1.133062,1.107447,1.187336,1.072807,1.042278,1.181276,1.009763,1.138759,0.981996,1.069913,1.027210,1.092391,0.905908,1.041917,1.014424,1.097840,0.940322,1.222052,1.030579,1.057056,1.312805,1.137295,1.146241,1.017274,1.166430,1.104220,1.098850,1.058721,1.070892,1.255856,1.301299,1.319337,1.291015,1.451985,1.048957,1.130764,1.150704,1.132400,1.155040,1.253424,1.073752,1.111219,1.019881,1.138290,1.163171,1.210439,1.070879,1.056766,1.000372,1.101924,1.169141,1.062398,1.113271,0.984145,0.998693,0.979238,1.048687,0.950330,1.081768,1.117925,1.108844,1.089345,1.102820,1.040761,0.948838,0.918970,0.754380,0.897599,0.869215,0.894814,0.882998,0.939356,0.991862,0.916470,0.837257,0.000000,0.875146,1.001359,0.945344,0.944470,1.003824,0.936684,1.196881,1.136231,1.256400,1.107019,1.201673,1.237989,1.309367,1.041883,0.955199,1.276382,1.133772,0.996026,1.174715,0.903267,1.206492,0.932136,1.057090,1.032584,1.056799,1.211658,1.205160,1.057379,1.020102,1.249603,1.085947,1.254668,1.012318,1.217599,1.016296,0.969142,1.044907,1.196474,1.228260,1.196205,1.068356,1.198713,1.126471,1.184787,1.129409,1.138444,1.134865,1.161022,1.106748,1.220289,1.294674,1.217226,1.132072,1.268200,1.173798,1.126887,1.213724,1.123631,1.237958,1.139620,1.209840,1.037940,0.959550,0.985824,1.052784,1.075344,1.177027,1.084970,1.105022,1.004249,1.038097,0.974318,0.994616,0.917766,0.865243,0.910496,0.941553,0.934724,0.961522,0.967921,0.868373,0.854392,0.845576,1.043221,1.088776,0.984442,1.095545,1.032336
杨戴/阿Q正传__chunk015,1.264571,1.178101,1.203416,1.127792,1.186739,1.123183,1.082684,1.133194,1.020228,1.082944,1.141101,1.302257,1.122901,1.142382,1.019534,0.997952,1.058494,1.042862,1.029725,1.058648,1.034518,1.171611,1.008179,1.122144,1.429135,1.240042,1.224417,1.133676,1.196999,1.092629,1.149323,1.114283,1.104926,1.280277,1.324753,1.232792,1.187687,1.310192,1.081340,1.094474,1.248531,1.188043,1.130463,1.138625,1.123240,1.029918,1.047022,1.164204,1.121235,1.271715,1.082602,1.070507,1.256595,1.158922,1.261259,1.154810,1.130813,1.069038,1.076030,1.020086,1.212028,1.068720,1.157340,1.166362,1.200613,1.264142,1.027815,1.061805,1.016238,0.924280,0.867558,1.026467,0.794503,0.885078,0.853738,1.002782,0.996993,1.016683,0.922608,0.875146,0.000000,1.004376,0.980855,1.123238,1.118689,1.054381,1.252171,1.202488,1.208441,1.128653,1.129923,1.153720,1.196132,1.276768,1.000450,1.246349,1.102635,1.056087,1.157700,1.095781,1.149967,1.098049,1.119171,1.147660,1.052934,1.225243,1.129365,1.185156,1.141332,1.277496,1.253990,1.387849,1.136023,1.302345,1.012365,1.096825,1.175296,1.318884,1.276491,1.206409,1.237429,1.340278,1.214097,1.319832,1.165001,1.185434,1.275634,1.220916,1.155021,1.168065,1.421287,1.238024,1.215687,1.167510,1.290872,1.152002,1.394251,1.282642,1.341965,1.186385,1.266297,1.121410,1.132169,1.090039,1.167601,1.232610,1.378122,1.279966,1.001207,1.021148,1.089931,0.938814,1.089889,1.033296,1.139909,1.025764,0.969173,1.043657,1.071952,1.062041,0.985229,0.909262,0.842549,1.059471,1.132382,1.181074,1.040753,1.171541
杨戴/阿Q正传__chunk016,1.168478,1.232478,1.134284,1.157962,1.106125,1.116893,1.262704,1.050103,1.101177,1.233426,1.139152,1.307009,0.968373,1.074428,0.909662,0.981854,0.969719,0.991383,1.035776,1.152739,1.124662,1.295076,0.948503,0.999985,1.268302,1.068924,1.101763,1.104833,1.038165,1.158475,1.206927,1.047623,0.970066,1.450593,1.270897,1.167905,1.149119,1.256878,1.061695,1.137074,1.036131,1.000660,1.099623,1.179473,1.138064,1.062174,1.118219,1.186982,1.069677,1.063093,1.025684,1.006758,1.080008,1.085771,1.143289,0.971276,0.982422,0.864631,1.028585,0.891602,0.929911,0.993638,1.026093,0.923386,1.021635,1.138141,1.080038,1.092570,0.984370,1.082331,0.960904,1.079862,0.861692,0.989800,0.894839,0.845107,1.027326,0.913357,0.914581,1.001359,1.004376,0.000000,1.011122,0.857945,0.935890,0.967639,1.195787,1.152326,1.203782,1.164778,1.130735,1.249139,1.241556,0.992301,0.982122,1.307096,1.130119,0.858009,1.117951,0.969542,1.024668,1.013458,1.069579,0.953419,1.015405,1.166748,1.207071,1.063902,0.988843,1.098156,0.979482,1.276044,1.059139,1.266752,1.056431,0.929008,1.017352,1.322450,1.125303,1.172930,0.914141,1.206897,1.074428,1.134627,1.108794,1.128742,1.154178,1.109388,1.273158,1.148545,1.301070,0.962893,1.127430,1.093443,1.043277,0.946490,1.175654,1.076563,1.059477,0.999851,1.075267,1.015071,0.895690,0.954533,0.993527,0.971349,1.122317,1.247330,1.033291,1.057557,0.942410,1.059779,1.057821,1.082239,0.936230,0.920192,0.856231,0.946851,0.979485,0.964395,1.060875,0.873488,0.730716,0.693846,1.106737,0.952616,1.022947,1.143311
杨戴/阿Q正传__chunk017,1.262308,1.164675,1.243467,1.120151,1.218996,1.074243,1.153528,0.999432,0.990866,0.962675,1.146762,1.235462,1.049077,1.151750,0.994331,1.035290,0.978125,1.048797,1.121911,1.133736,1.024100,1.212397,1.077162,1.092818,1.213473,1.262004,1.083268,1.102878,1.211567,1.172625,1.013761,1.095644,1.065141,1.280617,1.115569,1.266887,1.304140,1.289815,1.097871,1.239518,1.228700,1.190727,1.084597,1.162717,1.053448,1.165811,1.068819,1.303384,1.115784,1.267430,0.962718,1.118873,1.111596,1.108995,1.137067,1.119830,1.078404,1.090313,1.043885,0.888181,1.038380,1.047596,1.198090,1.193174,1.131363,1.190878,1.091300,1.116631,1.062499,0.946448,0.917942,1.063554,0.886753,1.127956,0.947070,1.055126,1.115338,0.934139,0.942198,0.945344,0.980855,1.011122,0.000000,1.099433,1.003173,1.083196,1.284142,1.255255,1.196342,1.217604,1.152963,1.218592,1.264314,1.121910,1.105103,1.277093,1.233147,1.024404,1.101402,1.033342,1.132362,1.023846,1.178271,1.171134,1.121817,1.293404,1.300181,1.094952,1.114788,1.391853,1.213700,1.316291,1.064496,1.365254,1.065201,1.037776,1.129847,1.162001,1.398624,1.254722,1.075024,1.282014,1.292971,1.264226,1.137167,1.219307,1.307528,1.301653,1.302563,1.293227,1.436514,1.317045,1.105400,1.302118,1.223387,1.139681,1.326349,1.295325,1.304751,1.166879,1.174354,1.108851,1.137456,1.028114,1.097020,1.185868,1.275263,1.171396,1.082958,1.082118,1.130397,1.063648,1.041332,1.022417,1.058923,1.085781,0.990828,1.022570,1.007393,1.083795,0.963334,0.929915,0.940480,0.929996,0.939373,1.152800,1.090216,1.178955
杨戴/风波__chunk001,0.952202,1.014114,0.949572,1.060567,1.016250,0.877145,0.980407,0.984128,0.900065,0.998180,0.937495,1.169000,0.654601,0.946287,0.853252,0.937783,0.924104,0.916619,0.906966,0.943666,0.953896,1.204299,0.928594,1.005732,1.193096,1.090988,1.005308,0.912229,0.917769,1.008398,1.000261,0.832153,0.812673,1.164842,1.127904,1.181764,1.253751,1.299342,0.893257,0.971668,0.890032,0.851287,0.952938,1.142806,0.863068,0.942444,0.917652,1.065376,1.014989,0.991754,0.838559,0.804028,0.864326,0.992595,0.877147,0.828565,0.939290,0.772938,0.788074,0.838618,0.787454,0.988370,0.927503,0.890614,0.981243,0.923298,1.103877,1.184055,1.032653,1.171275,0.888362,1.024425,0.931865,1.096708,0.940033,0.907030,1.103458,0.883148,0.771742,0.944470,1.123238,0.857945,1.099433,0.000000,0.874291,0.634211,0.986127,0.983519,1.065327,0.995120,0.964843,0.964635,1.044651,0.952811,0.887332,1.134256,0.961985,0.799450,0.916816,0.923258,1.054915,0.970437,0.941347,0.982629,0.983874,1.073217,1.053949,0.882679,0.970877,1.077305,0.913356,1.143810,0.869812,1.037997,0.866727,0.846632,0.804796,1.169909,1.127358,1.063171,0.838805,1.059225,0.944314,0.944933,0.927119,0.957598,0.815335,0.935204,1.074760,0.961151,1.062927,1.000891,0.963628,0.987212,0.835637,0.847651,1.076582,0.832510,1.003028,0.894412,0.942600,0.950519,0.792037,0.910165,0.783546,0.981855,1.053000,1.026723,1.012021,1.097047,1.045185,1.068823,1.045764,0.948079,0.829790,0.933969,0.836024,0.935832,0.916045,0.928106,0.995401,0.951817,0.894541,0.945535,1.065618,0.573383,0.902149,0.850031
杨戴/风波__chunk002,1.151466,1.214789,1.196922,1.085428,1.079449,1.029855,1.122804,1.089464,0.975914,1.095254,1.041794,1.264469,0.923966,0.896085,1.050333,1.018036,1.015761,0.943636,1.137775,1.036651,1.001241,1.294745,0.957409,1.121678,1.194819,1.045840,1.052436,1.079398,0.850933,1.195848,1.017027,0.900655,0.894809,1.177829,1.135782,1.188172,1.269901,1.244466,1.149405,1.149530,1.102953,1.067019,1.053920,1.077640,1.011445,0.938944,0.984891,1.136588,1.017379,0.842389,0.878821,0.893384,1.055313,0.954217,0.980012,0.952101,1.121954,0.964122,0.913440,0.912910,1.041197,0.992861,1.107801,0.997331,1.026113,1.101365,1.162291,0.998198,1.094420,1.096463,0.926247,1.072616,0.926344,1.085903,1.009504,0.983193,1.083193,0.947045,0.853713,1.003824,1.118689,0.935890,1.003173,0.874291,0.000000,0.765151,1.178823,1.250010,1.193696,1.074728,1.088783,1.257066,1.127119,1.094779,1.040086,1.233921,1.239467,0.876823,1.020813,1.030850,1.166331,0.958149,1.059433,0.965189,1.093550,1.155591,1.166517,1.114959,1.079971,1.199014,0.968342,1.304570,1.013544,1.176395,1.019463,0.967972,1.065555,1.094567,1.151462,1.191183,1.078404,1.140919,1.199607,1.096588,1.025018,1.170443,1.086485,1.069561,1.208108,1.107891,1.251692,0.896957,1.011918,1.017246,1.009466,0.961327,1.098260,1.053038,1.219765,1.145883,1.137239,1.037415,1.056659,0.971682,1.005155,1.034012,1.102933,1.127996,1.053474,1.094197,1.039930,1.056055,1.096026,1.139806,1.134029,1.053441,1.012565,0.922216,1.014587,1.013222,1.024375,1.010240,0.989872,1.062878,1.191510,0.863996,0.769451,0.959048
杨戴/风波__chunk003,1.016923,1.182839,0.903258,1.086355,1.094993,0.901492,0.955014,1.065480,0.923739,1.048245,0.903430,1.027652,0.706528,0.914758,0.831539,0.889675,0.875340,0.816871,0.950877,0.923637,0.953176,1.247664,0.803556,1.032469,1.142712,1.113317,1.032167,1.034648,0.888181,0.956302,0.975767,0.793210,0.919849,1.139586,1.103275,1.159806,1.115311,1.259331,0.946952,1.010663,0.889506,0.892115,0.891149,1.129677,0.944774,0.888507,0.852354,1.084173,0.983827,0.836894,0.845318,0.780751,0.814451,0.888785,0.890563,0.791261,0.958205,0.846850,0.776711,0.794168,0.836754,0.940557,1.058674,0.899017,1.009204,0.990606,1.085851,1.087715,1.023353,1.144833,0.899502,0.931213,0.855930,1.020379,0.907270,0.873294,1.006513,0.824173,0.721521,0.936684,1.054381,0.967639,1.083196,0.634211,0.765151,0.000000,0.989829,1.022286,0.927325,0.974656,0.970569,1.007102,1.024441,0.917972,0.816959,1.105374,0.948852,0.791548,0.835064,0.780074,1.035353,0.870665,0.860386,0.935180,0.950281,1.036173,1.021662,0.862750,0.861787,1.008492,0.818250,1.220111,0.859677,0.947285,0.811720,0.721411,0.799118,0.992856,1.035942,0.925024,0.884770,1.000168,0.966203,0.900131,0.888585,0.961917,0.880239,0.892695,0.980101,0.989841,1.001188,0.875704,0.890291,0.892969,0.867592,0.846206,1.046656,0.923303,1.037118,0.857703,0.892548,0.874779,0.835657,0.872413,0.870548,0.915989,1.043359,1.040504,0.955514,1.016165,1.037359,1.008269,0.971819,0.958606,0.936980,0.910893,0.851924,0.885198,0.945232,0.819397,0.922992,0.962740,0.861493,0.930572,1.068243,0.736982,0.883155,0.775266
蓝/伤逝__chunk001,0.781798,1.097204,0.973298,1.143328,0.957690,0.885168,0.893715,1.075924,0.950166,1.096316,1.011383,1.191821,0.963298,0.953970,0.963094,1.174662,1.104245,1.019712,1.109623,1.030789,0.987879,1.274203,1.114972,1.218794,1.427667,1.290166,1.027385,1.047951,1.072232,1.199288,1.145986,1.065779,1.080408,1.286911,1.089091,1.230628,1.233572,1.209143,0.990118,1.016856,1.061253,1.223253,0.946584,0.962031,1.050582,1.092018,1.116481,1.131081,1.075279,1.139962,1.053423,0.950901,0.933904,1.148011,0.925468,0.999066,1.116818,1.012745,0.975219,1.027784,0.974890,1.121866,1.122580,1.109918,1.035487,1.179599,1.208284,1.134898,1.136611,1.298449,1.160425,1.174878,1.047421,1.197681,1.196501,1.094551,1.396657,1.078294,1.168584,1.196881,1.252171,1.195787,1.284142,0.986127,1.178823,0.989829,0.000000,0.885347,0.820813,0.960088,0.772331,0.790830,0.894481,0.878501,0.880402,1.056741,1.124124,0.889953,0.902727,0.896118,1.112237,1.060259,1.056663,1.015273,1.051186,0.981311,1.039935,0.891770,1.088704,1.144665,1.078412,1.199595,0.890935,1.052793,1.098035,0.852471,0.891313,1.076074,1.144064,0.997040,0.850509,1.011234,0.991132,1.132557,0.931888,0.842954,0.904896,1.039972,1.143277,1.121469,0.981410,0.988439,1.032130,0.940686,0.932969,0.971722,1.001860,0.985959,1.061833,1.033610,0.968769,1.010661,0.968551,0.972402,0.921826,0.907974,1.062150,1.167527,1.025860,1.030153,1.080961,1.052168,1.025172,1.084111,1.080977,0.984116,1.084886,1.078047,1.076887,1.043439,1.119567,0.984710,1.017529,1.147624,1.208001,0.815592,1.032558,0.962862
蓝/伤逝__chunk002,0.934438,0.814618,0.871162,1.006079,0.973065,0.853602,0.971743,1.177758,0.866957,1.052212,1.012953,1.073007,1.011249,1.025132,0.996608,1.186330,0.993048,0.909531,1.130949,1.140021,0.977690,1.222374,1.049289,1.125060,1.391557,1.305607,1.148270,1.156985,1.147151,1.243879,1.063991,1.011493,1.131545,1.278857,1.291164,1.256630,1.309650,1.390226,0.907274,0.972380,1.009798,0.993081,1.007402,1.059792,1.014755,1.101323,1.109155,1.214626,1.018007,1.213471,1.084460,0.935877,0.937944,1.123998,1.089942,0.938240,1.188033,1.009428,1.082989,1.085678,1.073001,1.059222,1.075141,1.207811,1.217502,1.141720,1.125265,1.093470,1.061912,1.128144,1.128546,1.075766,1.074935,1.145528,1.141613,1.201470,1.298204,1.034850,1.079862,1.136231,1.202488,1.152326,1.255255,0.983519,1.250010,1.022286,0.885347,0.000000,0.790526,0.836380,0.860301,0.908326,1.166920,0.969671,0.811172,0.989568,0.880109,1.000301,0.921641,0.961391,1.196418,1.047429,0.993545,1.084413,1.014671,1.009158,0.955373,0.905790,1.136770,1.194061,1.119281,1.216903,0.912002,1.037719,0.966143,0.988973,1.060333,1.155005,1.239880,1.076930,0.880596,1.063868,0.919009,1.040360,0.995344,0.930701,0.959292,0.928235,1.100819,1.020846,1.113276,1.177201,1.148258,1.112016,0.973571,1.014018,1.097090,1.095195,1.218931,1.056862,1.005743,1.093596,1.011212,1.065086,1.052602,1.101758,1.240882,1.151969,1.168566,1.070126,1.183330,1.107625,1.133505,1.131877,1.128331,1.172965,1.052410,1.150614,1.148125,0.944875,1.089555,1.024885,1.128322,1.143437,1.256980,0.950419,1.156722,1.139689
蓝/伤逝__chunk003,0.983690,0.980877,0.835012,0.999651,0.968147,0.901670,0.740192,1.120843,0.878687,0.981943,0.983471,1.142409,0.989507,0.940261,1.008172,1.163770,1.173103,0.968539,1.047895,0.993123,0.965344,1.165153,0.969770,1.064656,1.353786,1.211801,1.191312,1.038472,1.106437,1.196815,1.115837,1.026164,1.046714,1.313889,1.162847,1.203454,1.187069,1.246968,0.918553,0.975824,1.005245,1.041565,1.002394,0.904361,1.134169,1.085455,1.108370,1.191262,1.082225,1.157402,0.997915,1.077905,1.035126,1.059476,1.053786,0.937996,1.093175,1.089261,1.096660,0.995512,1.072913,1.104746,1.178324,1.173725,1.143670,1.161228,1.126194,1.163670,1.244828,1.221763,1.254224,1.178234,1.090544,1.301785,1.075847,1.151100,1.265411,1.101884,1.067318,1.256400,1.208441,1.203782,1.196342,1.065327,1.193696,0.927325,0.820813,0.790526,0.000000,0.876857,0.834554,0.826562,0.895560,0.989441,0.858070,0.994031,1.096406,0.956676,0.906636,0.936330,1.087448,1.058805,1.041475,1.012100,0.963768,0.960154,1.060466,0.936574,1.101951,1.190492,1.120089,1.351778,0.914170,1.057993,1.033022,0.996863,0.904305,1.120932,1.132212,1.053478,0.939742,0.956815,0.994915,1.092834,1.117584,0.936201,1.063073,1.084564,1.200909,1.129241,1.115790,1.117659,1.072700,1.047812,1.123598,1.052712,1.124285,0.992656,1.264495,1.100364,1.047993,1.025366,1.027179,1.054188,1.138249,1.095403,1.245822,1.223782,1.045024,1.137256,1.242016,1.142205,1.195930,1.182920,1.118644,1.162509,1.064330,1.156012,1.185616,1.041974,1.131295,1.081010,1.123543,1.180363,1.308939,1.026034,1.153361,1.030425
蓝/伤逝__chunk004,1.010474,1.025404,1.043383,0.840665,0.785743,0.787667,0.819592,1.049373,0.946094,1.047350,1.056313,1.104348,1.048073,0.910073,1.068783,1.183543,1.068778,0.932264,1.080993,0.992525,0.815794,1.089888,0.926858,1.103227,1.277825,1.249307,1.055803,1.047386,0.979898,1.151826,1.057205,1.047910,1.050604,1.261426,1.269806,1.203628,1.222852,1.248741,0.845782,0.890223,0.934809,1.063168,0.959771,1.020696,0.997957,1.095342,1.106098,1.202055,1.121370,1.066161,1.082005,0.857867,0.989204,0.983048,1.067573,0.856645,1.171584,1.058888,1.070800,1.075571,1.019529,1.115242,1.089497,1.229867,1.206030,1.131595,1.188199,1.064901,1.151991,1.269756,1.096939,1.242089,1.037126,1.070502,1.102165,1.133887,1.174751,1.058657,1.106055,1.107019,1.128653,1.164778,1.217604,0.995120,1.074728,0.974656,0.960088,0.836380,0.876857,0.000000,0.867767,0.918087,0.994399,0.996490,0.908752,0.892380,0.879076,0.908808,0.905495,0.910127,1.233890,1.040320,0.997231,0.899190,0.912011,0.819170,0.853523,0.969580,1.014412,1.130651,1.051735,1.206594,0.864193,1.024897,0.907573,1.018824,0.980947,1.102748,1.157276,1.016405,0.804568,0.842732,0.953030,1.006310,0.956624,0.808670,1.044580,1.000188,1.092314,1.163997,1.137609,1.054178,1.138676,1.071620,1.092380,0.895479,1.052535,0.930651,1.277894,1.180461,1.120174,1.056232,1.079203,1.074417,1.020363,1.088240,1.228167,1.184037,1.176655,1.052158,1.222200,1.167436,1.148649,1.142878,1.128170,1.091496,1.004641,1.114064,1.010277,0.909404,1.008503,0.988016,1.062865,1.028437,1.179683,0.938782,1.014388,1.133016
蓝/伤逝__chunk005,0.979511,0.965062,0.931778,1.060518,0.871566,0.743903,0.840589,1.015442,0.801549,0.930625,0.884972,1.129444,0.972005,0.938793,0.958975,1.066616,1.004109,0.923657,1.032023,0.950257,0.908997,1.033259,0.963865,1.159382,1.205732,1.140693,1.036149,0.985184,1.034662,1.257595,1.043472,0.939304,1.149657,1.194210,1.137003,1.056104,1.107092,1.199057,0.836525,0.967355,1.100251,1.211591,0.825149,0.925309,1.013403,0.971491,1.103223,1.192979,1.018126,1.043380,0.989958,0.876037,0.942780,0.960813,0.980328,0.931409,1.155921,1.005936,1.039751,0.917157,0.996407,1.074592,1.020737,1.186163,1.219325,1.266932,1.112450,1.030572,1.144499,1.124352,1.086511,1.152328,0.921707,1.128746,1.031903,1.075043,1.241963,1.107137,1.017468,1.201673,1.129923,1.130735,1.152963,0.964843,1.088783,0.970569,0.772331,0.860301,0.834554,0.867767,0.000000,0.784708,0.918096,0.849552,0.888603,0.920387,0.946671,0.875396,0.914572,0.900718,1.103054,0.978879,1.031150,0.920307,0.968055,0.899652,0.871153,0.857510,1.056020,1.143952,0.985089,1.252941,0.887886,1.002311,1.076401,0.897743,0.965929,0.957713,1.003234,0.983737,0.790266,0.937248,1.006991,1.105978,0.762424,0.790700,1.004999,0.929290,1.141793,1.159619,1.075373,1.076811,1.006037,0.955811,0.865476,0.938258,1.013079,1.034392,1.127223,1.052373,0.963858,0.956927,0.925129,0.973260,0.993230,0.994209,1.212774,1.207999,1.020342,1.089568,1.091628,0.988794,1.041675,1.061456,1.110565,1.087430,1.035446,1.067175,1.073440,0.965452,1.055719,0.947513,1.051055,1.023601,1.165897,0.872933,0.950061,1.044820
蓝/伤逝__chunk006,1.001997,1.034592,0.891430,1.037608,1.021456,0.835802,0.783904,1.020172,0.885243,1.010535,0.929300,1.264061,1.080710,1.074066,1.072947,1.192456,1.136846,0.987491,1.042156,1.013414,0.967898,1.206772,1.040977,1.094882,1.394010,1.287190,1.150896,1.047908,1.112002,1.127137,1.074198,1.067134,0.998910,1.200931,1.141134,1.238070,1.303991,1.153044,0.962482,1.029359,1.107207,1.104477,0.876926,1.068418,0.993141,1.102202,1.068372,1.195613,1.060590,1.241463,1.045303,1.035344,0.969202,1.282067,1.088376,0.955084,1.159305,1.114073,0.980662,1.050968,1.042780,1.064339,1.150839,1.134011,1.148709,1.187086,1.257739,1.227349,1.263482,1.258509,1.139383,1.160565,1.078213,1.179701,1.095662,1.153395,1.283742,1.097976,1.040015,1.237989,1.153720,1.249139,1.218592,0.964635,1.257066,1.007102,0.790830,0.908326,0.826562,0.918087,0.784708,0.000000,0.850328,1.047783,0.909047,1.019225,1.032986,0.861211,0.932662,0.984772,1.046275,1.131042,1.021703,1.097118,0.912827,0.952864,0.941479,0.891719,1.069170,1.212563,1.009700,1.232240,0.838889,1.098938,1.047948,1.036213,0.892648,0.969893,1.163494,1.094000,0.868051,1.057311,0.964198,1.131401,0.872215,0.838919,0.939002,1.008243,1.086747,1.176729,1.038875,1.180118,1.027878,1.065825,0.919955,1.042289,1.116110,1.007879,1.139721,1.068287,0.907047,1.021780,1.015021,0.976776,1.017438,1.039896,1.176321,1.246347,1.097808,1.114798,1.158836,1.039403,1.102780,1.117361,1.096327,1.096720,1.043645,1.106794,1.048078,0.957985,1.043510,1.060553,1.083823,1.057227,1.194077,0.902241,1.047323,1.084839
蓝/伤逝__chunk007,0.975378,1.195038,1.112552,1.090197,1.037917,0.966004,0.810948,1.075712,0.979766,1.050376,1.008477,1.249105,1.098033,1.047812,1.121052,1.095513,1.124446,1.130409,1.088445,1.104993,0.970277,1.233268,0.982568,1.271252,1.410229,1.274685,1.263036,1.010322,0.979500,1.187022,1.060435,1.058723,1.082290,1.146487,1.146574,1.178356,1.222520,1.208989,1.050236,1.062960,1.119423,1.162664,1.001904,0.997301,1.062444,1.065499,1.044041,1.132113,1.189773,1.253510,1.107575,1.048840,1.100494,1.241256,1.141235,1.071854,1.141087,1.200692,1.003493,1.156229,1.042121,1.083529,1.203722,1.207773,1.231358,1.193141,1.293688,1.181887,1.328631,1.401294,1.151162,1.196174,1.057982,1.226108,1.005671,1.131979,1.247268,1.143641,1.069548,1.309367,1.196132,1.241556,1.264314,1.044651,1.127119,1.024441,0.894481,1.166920,0.895560,0.994399,0.918096,0.850328,0.000000,1.001069,1.036004,1.119820,1.266782,1.015077,1.027678,1.104590,1.131314,1.147930,1.061593,1.080924,0.999331,1.052114,1.086578,0.981581,1.215256,1.228451,1.169158,1.428213,0.974226,1.239751,1.152088,1.072214,1.083587,1.084548,1.079951,1.047924,1.005809,1.086382,1.084066,1.181274,0.978159,0.910620,1.190792,1.191244,1.168239,1.320016,1.167312,1.125690,1.153385,1.074089,1.132833,1.030371,1.334699,1.047007,1.226174,1.236544,1.161107,1.110947,1.076955,1.088347,1.056657,1.158524,1.235103,1.191539,1.109032,1.164964,1.285681,1.198967,1.200871,1.239000,1.124775,1.168842,1.051586,1.147273,1.092471,1.158473,1.088743,1.135385,1.199771,1.193469,1.194269,1.034401,1.120947,1.034774
蓝/在酒楼上__chunk001,0.988032,1.150461,1.065994,1.185601,1.050673,1.032837,1.020136,0.853703,1.026067,1.128048,1.039887,1.196664,0.955167,1.020073,0.958066,1.039032,0.942235,0.983525,1.070519,1.061857,0.882601,1.223693,1.013470,1.227945,1.304101,1.225387,1.109174,1.002696,1.103933,1.243864,1.095315,0.971626,1.073860,1.245747,1.185963,1.259718,1.255177,1.309446,0.884106,1.055122,0.951874,1.029999,0.959030,1.159365,1.068561,1.203079,1.128264,1.230739,1.231406,1.108163,1.081949,1.089064,1.010699,1.114910,1.146607,0.977913,1.028228,0.940876,0.933891,0.870362,0.898361,0.957426,0.967056,1.095940,0.965656,1.053700,1.095007,1.145214,1.149286,1.141515,1.114786,1.077759,0.963236,1.057779,1.061905,0.926021,1.207834,1.055269,1.068105,1.041883,1.276768,0.992301,1.121910,0.952811,1.094779,0.917972,0.878501,0.969671,0.989441,0.996490,0.849552,1.047783,1.001069,0.000000,0.802259,1.016418,1.086400,0.938218,0.999130,0.898672,1.069110,0.856971,0.959192,0.905932,0.972938,0.981450,0.974659,0.835620,1.011431,1.101628,1.009475,1.301410,0.806508,1.108528,1.026355,0.826725,0.918365,1.099135,1.024636,1.090117,0.681820,0.988463,0.860922,0.942547,0.819240,0.856458,0.975712,1.093188,1.188978,1.231671,1.094909,1.020988,1.178625,1.077815,1.003716,1.014775,1.110894,0.977674,0.971976,1.015035,0.941908,0.922433,0.895396,0.918548,0.905497,0.952105,0.906006,1.006824,0.939820,1.072782,1.235952,1.002222,1.024046,0.989841,0.878651,0.954944,1.030750,0.961476,0.909519,0.974760,0.979179,0.888185,1.015409,1.045440,1.054596,0.882414,1.037496,0.970042
蓝/在酒楼上__chunk002,0.955485,0.898366,0.825050,0.930286,1.028094,0.833907,0.880763,0.990467,0.652827,0.890312,0.931737,0.987652,0.876491,0.900435,0.824508,1.002201,1.007267,0.928940,0.937038,0.896475,0.820539,1.083585,0.944836,1.013007,1.190458,1.053918,1.088747,0.993678,0.942522,1.070164,0.976671,0.879153,1.006536,1.199624,1.146350,1.205688,1.086478,1.283211,0.842325,0.915090,0.971342,0.868541,0.905879,1.107072,1.021339,0.992495,0.957083,1.169803,1.034372,1.042030,0.954406,0.928376,0.815347,1.007563,0.953419,0.792868,0.933883,0.928812,0.890173,0.861706,0.834466,0.934689,0.876392,1.018121,0.998640,1.092654,1.087517,1.133383,1.119543,1.174990,1.027002,1.040646,0.923198,1.014958,0.900412,0.982342,1.127951,1.041189,0.928560,0.955199,1.000450,0.982122,1.105103,0.887332,1.040086,0.816959,0.880402,0.811172,0.858070,0.908752,0.888603,0.909047,1.036004,0.802259,0.000000,0.830156,0.811432,0.805176,0.765938,0.781107,0.908641,0.940466,0.916736,0.894222,0.789016,0.896900,0.740120,0.829534,0.949285,0.990198,0.881895,1.160488,0.674686,0.911231,0.768382,0.812671,0.800056,1.051528,1.036878,0.995542,0.776647,0.970149,0.876283,0.830878,0.870519,0.898881,0.861419,0.885413,0.945739,1.056952,0.985120,0.876134,0.990481,0.969382,0.850887,0.803826,0.992516,0.867139,1.014840,0.884333,0.914126,0.889302,0.826239,0.902930,0.845485,0.965971,1.103990,1.108951,0.987287,1.073259,1.176127,0.998381,1.058573,1.023039,0.896028,0.918181,0.894246,0.953502,0.966396,0.889905,0.935950,0.879464,0.894795,0.977883,1.087074,0.883145,0.889894,0.910000
蓝/在酒楼上__chunk003,1.219300,0.976436,1.047725,1.096058,1.040233,0.935823,0.965814,1.260985,0.974264,0.927184,0.973818,1.180788,1.108666,0.914406,1.155552,1.196039,1.244249,1.061520,1.145785,0.970974,1.002633,1.275236,1.010051,1.253116,1.433884,1.432227,1.257383,1.096187,1.197246,1.186978,1.133129,1.217348,1.136396,1.309860,1.319383,1.220463,1.234222,1.343048,1.015811,1.166083,1.236263,1.173033,1.085249,1.169862,1.186252,1.156333,1.189636,1.318629,1.141913,1.192625,1.092366,1.097188,0.909529,1.041792,1.059386,1.031227,1.304653,1.130487,1.180665,1.034223,1.163891,1.287600,1.190741,1.184655,1.286802,1.374591,1.320201,1.294906,1.361517,1.397826,1.314358,1.353736,1.193179,1.215474,1.218447,1.329525,1.290379,1.336921,1.225827,1.276382,1.246349,1.307096,1.277093,1.134256,1.233921,1.105374,1.056741,0.989568,0.994031,0.892380,0.920387,1.019225,1.119820,1.016418,0.830156,0.000000,0.868154,1.087306,0.968240,1.145801,1.126271,1.089941,1.023905,0.939953,0.910097,0.904512,0.903926,1.009764,1.037721,1.410087,1.320704,1.401142,0.897162,1.014399,1.122328,1.041855,1.053886,1.280964,1.261396,1.145732,1.053213,1.086338,1.209890,1.177534,1.028301,0.926739,1.093073,1.119079,1.107569,1.085285,1.158546,1.144060,1.152191,1.169464,1.005712,0.986115,1.098523,1.050063,1.410853,1.146473,1.236678,1.066549,1.113887,1.142354,1.182213,1.168965,1.386052,1.361476,1.133129,1.271743,1.415508,1.212584,1.246967,1.361882,1.271678,1.112016,1.165694,1.225310,1.155082,1.066952,1.186652,1.141037,1.244364,1.138509,1.350260,1.129606,1.172660,1.206518
蓝/在酒楼上__chunk004,1.145837,0.990500,0.990396,1.090095,1.063898,0.923053,0.972959,1.246606,1.003404,1.061446,0.910650,1.021224,1.028391,1.051330,1.072507,1.107482,1.043497,0.948537,1.039370,1.069048,0.972308,1.255129,0.942591,1.174969,1.311346,1.312547,1.172986,1.211596,0.996988,1.142983,1.176664,0.967906,1.095217,1.295794,1.286756,1.254189,1.214107,1.408298,0.952437,1.125926,1.150389,1.047086,1.082384,1.129186,1.094439,1.059932,1.098380,1.246224,1.078020,1.107725,1.076829,0.884462,0.861426,1.020733,1.078957,0.935895,1.085560,0.932151,1.017268,1.044290,1.114841,0.936569,0.976931,1.126852,1.219296,1.221561,1.182582,1.178573,1.111776,1.218174,1.042945,1.209201,1.083708,1.051447,1.086607,1.195678,1.192120,1.075563,1.006692,1.133772,1.102635,1.130119,1.233147,0.961985,1.239467,0.948852,1.124124,0.880109,1.096406,0.879076,0.946671,1.032986,1.266782,1.086400,0.811432,0.868154,0.000000,0.965951,0.994648,1.000441,1.112436,1.083024,0.985275,1.028886,0.927800,0.914204,0.915125,1.046928,0.931330,1.227382,1.112113,1.238874,0.867344,0.968443,0.919470,0.935907,1.029409,1.154987,1.146639,1.147990,1.064601,1.137534,1.041794,1.111759,1.026998,0.946354,0.847704,0.915507,1.067578,1.129741,1.137457,1.071166,1.179466,0.990042,0.892839,0.934648,0.998558,1.050404,1.161596,1.058863,1.087150,1.019232,1.031113,0.968411,1.051288,1.094022,1.324232,1.265839,1.152166,1.183082,1.243349,1.076065,1.189968,1.198243,1.122467,1.092262,1.057639,1.122996,1.136418,0.970672,1.000204,1.004400,0.940323,1.080832,1.206393,0.997568,1.108943,1.133132
蓝/奔月__chunk001,1.034650,1.097224,1.041917,1.075660,1.050623,0.962676,0.939672,0.989841,0.897051,1.051941,1.005015,1.214996,0.758249,0.791964,0.783795,0.901592,1.028504,0.859854,1.047279,1.014173,0.903330,1.238373,0.938179,1.037328,1.086541,0.981231,0.888318,1.083187,0.984994,1.033388,1.064327,0.795491,0.898413,1.207928,1.146702,1.242927,1.120096,1.269198,1.026962,1.082962,0.970803,1.014564,0.925947,1.165902,1.080915,1.017071,0.962752,1.152947,1.006652,1.033714,0.900642,0.893900,0.875495,0.925748,0.931590,0.776609,1.027517,0.885192,0.864547,0.792972,0.865708,0.956033,0.943107,0.839100,0.927024,1.201196,1.142666,1.131662,0.971122,1.137498,0.989909,1.068711,0.903206,1.046180,1.022976,0.946583,1.102981,0.950912,0.947008,0.996026,1.056087,0.858009,1.024404,0.799450,0.876823,0.791548,0.889953,1.000301,0.956676,0.908808,0.875396,0.861211,1.015077,0.938218,0.805176,1.087306,0.965951,0.000000,0.839215,0.791334,0.835394,0.967571,0.858336,0.995815,0.743174,1.006069,0.899240,0.867348,0.857514,0.914640,0.797467,0.926498,0.875147,1.063207,0.907724,0.768441,0.823675,1.131338,1.097634,0.984613,0.875739,1.087429,0.966586,0.875454,0.911708,1.008132,0.969012,0.885120,1.056537,1.058817,1.097381,0.917880,0.971006,0.890619,0.784050,0.843807,0.969546,0.827888,0.962114,0.925958,0.840587,0.723667,0.779331,0.776878,0.820042,0.784573,1.050866,1.147090,0.983096,1.095227,0.933008,0.922879,1.020248,0.990457,0.875825,0.945752,0.907861,0.973338,0.981618,0.905718,0.898601,0.794514,0.839849,0.841170,0.964885,0.702304,0.890366,0.812401
蓝/奔月__chunk002,0.970177,1.198074,1.100063,1.146228,1.024768,0.902235,0.986515,1.189275,0.867496,0.982962,1.154433,1.189852,0.932993,0.622815,0.831838,1.008215,1.013069,0.838813,1.010888,0.942278,1.020717,1.100358,1.017833,1.001630,1.162739,1.092687,1.008969,1.020403,0.964212,1.089532,1.035336,0.970806,0.959315,1.288141,1.151232,1.204345,1.167826,1.228288,0.974489,1.013234,0.996270,1.104287,0.921040,1.151241,1.054787,1.139321,1.070075,1.279827,1.022072,0.966706,0.952729,0.931194,0.852840,0.963347,0.891807,0.847503,1.099431,1.019631,1.046544,0.861028,0.877791,0.985316,0.913740,1.052707,1.120614,1.183026,1.013499,1.117807,1.105614,1.216037,1.134870,1.084760,0.948120,1.136224,1.059859,1.050913,1.205805,1.081595,1.012475,1.174715,1.157700,1.117951,1.101402,0.916816,1.020813,0.835064,0.902727,0.921641,0.906636,0.905495,0.914572,0.932662,1.027678,0.999130,0.765938,0.968240,0.994648,0.839215,0.000000,0.792204,0.966225,0.931910,0.910896,0.985819,0.855644,0.941141,0.873125,0.865771,0.992192,0.944377,0.866155,1.038977,0.801331,0.985569,0.848992,0.827361,0.863537,1.042630,1.143108,0.955616,0.891572,0.948104,1.008611,1.119824,0.813649,0.973118,0.890535,0.868957,1.106313,1.207818,1.163167,0.928959,1.020934,0.999163,0.879479,0.828344,0.931878,0.877484,1.028617,0.923158,0.951208,0.845648,0.884281,0.906991,0.843119,0.995703,1.136879,1.267744,0.979535,1.072362,1.139194,0.995804,1.048186,0.982608,1.043030,1.023301,0.961754,1.004424,1.040665,0.867268,1.030552,0.899700,0.977007,1.003317,1.101696,0.843117,0.931355,0.928704
蓝/奔月__chunk003,1.083576,1.266852,1.051423,1.106661,1.165611,0.986985,1.012571,1.086499,0.973376,1.241575,1.089443,1.210789,0.850151,0.890014,0.591787,1.012591,0.892630,0.846856,1.025672,1.060085,0.994210,1.242859,0.927079,1.090069,1.178121,1.083117,0.872468,1.119717,1.082396,1.101194,1.053239,0.900417,0.914307,1.193463,1.260572,1.281321,1.232103,1.355244,0.933382,1.129313,0.953347,0.938997,0.922371,1.192888,1.044195,1.059257,1.046387,1.215956,1.069361,0.947466,0.978839,0.951794,0.858402,1.074552,0.991791,0.815524,0.839191,0.812010,0.936768,0.740115,0.798728,0.822884,0.852196,1.054379,0.893688,1.084914,1.079352,1.116904,1.037822,1.131751,0.927370,1.073292,0.796100,0.975175,0.935402,1.002197,1.122357,0.942107,0.892532,0.903267,1.095781,0.969542,1.033342,0.923258,1.030850,0.780074,0.896118,0.961391,0.936330,0.910127,0.900718,0.984772,1.104590,0.898672,0.781107,1.145801,1.000441,0.791334,0.792204,0.000000,0.937862,0.855030,0.852411,0.886774,0.972542,0.926651,1.023334,0.783925,0.877828,0.934183,0.844367,0.991310,0.830498,0.991246,0.780501,0.782403,0.733094,1.099018,1.203184,1.012011,0.807939,0.950616,0.816040,0.884208,0.858120,0.986756,0.878214,0.881433,1.052698,1.118558,0.998756,0.851553,0.948309,0.971784,0.826549,0.918726,0.845069,0.845482,0.763089,0.771209,0.819953,0.731175,0.729851,0.695678,0.811668,0.836223,0.875844,1.070813,0.947680,1.076937,0.954687,0.876852,0.816133,0.968715,0.779589,0.898359,0.817981,0.941219,0.849878,0.777264,0.902770,0.773556,0.758103,0.811574,0.953274,0.801557,0.918364,0.786837
蓝/奔月__chunk004,1.291961,1.265950,1.216109,1.340998,1.255914,1.139726,1.113021,1.155670,1.009627,1.223650,1.189522,1.326604,0.941105,0.975469,0.900065,0.799118,1.135784,1.041635,1.163823,1.018329,1.189054,1.317013,1.051001,1.161286,1.431180,1.190961,1.208416,1.230764,1.117655,1.083259,1.166092,1.123038,1.096617,1.305573,1.296663,1.279438,1.242237,1.431872,1.074104,1.258164,1.051795,1.144015,1.080697,1.223979,1.184992,1.135746,1.073970,1.297616,1.223676,1.219088,1.066251,1.129926,1.041518,1.069950,1.087727,0.985056,1.021625,1.002304,1.055270,0.981609,0.932300,1.007749,0.978551,1.096682,1.046406,1.296445,1.284971,1.447603,1.285543,1.221921,1.173773,1.397646,1.037400,1.128116,1.157887,1.203237,1.261910,1.126472,1.097309,1.206492,1.149967,1.024668,1.132362,1.054915,1.166331,1.035353,1.112237,1.196418,1.087448,1.233890,1.103054,1.046275,1.131314,1.069110,0.908641,1.126271,1.112436,0.835394,0.966225,0.937862,0.000000,1.043786,1.112984,1.181820,0.950186,1.168353,1.131586,1.037075,1.031009,1.181305,1.035641,1.197022,1.018858,1.085102,1.032047,1.000487,0.959803,1.217972,1.234163,1.183460,1.099113,1.241618,1.096176,1.134655,1.068628,1.147766,1.107676,1.056804,1.145263,1.183024,1.250654,1.004621,1.044635,1.076640,1.050429,0.937371,1.161365,0.953567,1.023877,0.968916,1.075749,0.939013,0.830286,0.929713,0.919594,1.031370,1.168295,1.193966,1.146083,1.333492,1.274455,1.134544,1.222884,1.262744,1.079287,1.094655,1.086468,1.088350,1.122524,1.119949,1.146976,1.030402,0.952209,1.095945,1.204276,1.093032,1.069097,0.852789
蓝/孤独者__chunk001,1.060271,1.222345,1.051358,1.115929,1.157666,1.074915,1.124855,1.111624,0.949228,1.157230,1.065924,1.143621,0.969303,0.969608,0.923622,0.948920,0.628764,0.890905,1.023214,1.003267,0.928488,1.148881,0.754159,1.067811,1.198009,1.105737,1.054919,0.912142,1.063416,1.210637,1.075904,1.053523,0.927000,1.245533,1.243972,1.229156,1.182258,1.319640,0.938474,1.006540,0.994287,1.054305,0.782497,1.101281,0.941828,1.100886,0.942858,1.165829,1.158283,1.032056,0.968235,0.910755,0.990957,1.051240,1.036498,0.986902,0.995644,0.982580,1.024229,0.898540,0.990408,0.893863,1.085837,1.066855,0.964316,1.022205,1.007534,1.064063,1.001658,0.990227,0.981190,0.938135,0.900250,0.999840,1.064294,0.805077,0.995565,1.019401,0.933825,0.932136,1.098049,1.013458,1.023846,0.970437,0.958149,0.870665,1.060259,1.047429,1.058805,1.040320,0.978879,1.131042,1.147930,0.856971,0.940466,1.089941,1.083024,0.967571,0.931910,0.855030,1.043786,0.000000,0.890864,0.923624,0.978096,0.967223,1.078828,0.799660,0.982277,1.121435,0.956173,1.252341,0.771087,1.141024,0.956642,0.898507,0.873816,1.106460,1.127281,1.127217,0.900648,0.918208,1.046412,1.119136,0.780953,0.952789,0.890464,0.973598,1.062691,1.154206,1.104783,1.000359,0.981246,1.057401,0.994742,0.951846,1.017928,1.075864,1.088647,1.024273,1.028982,0.926090,0.994445,0.925520,1.001420,0.978914,0.948597,0.975312,0.995228,1.093149,1.130677,0.987629,1.044196,0.894238,1.017009,0.882259,0.957854,0.787363,0.840791,0.951661,0.878296,0.924046,0.914191,1.029318,1.093671,0.899792,0.987517,0.927340
蓝/孤独者__chunk002,1.018090,1.168724,1.010886,1.195112,1.094628,1.037157,1.071599,1.173871,1.022576,1.244395,1.065330,1.111566,0.967253,0.902490,0.978354,1.128840,0.880378,0.763243,1.026612,1.044761,1.036581,1.352494,0.784584,1.156785,1.175321,1.136174,1.125372,1.067176,1.003664,1.159991,1.161019,1.035845,1.084048,1.320055,1.074385,1.326181,1.222080,1.303850,1.047874,1.096510,0.973500,1.046563,0.973507,1.191028,1.090327,1.132413,1.165592,1.217572,1.171203,0.977691,0.973122,0.994952,1.037278,1.075028,1.064401,0.962015,1.009032,0.909205,0.994764,0.859226,0.914931,0.873960,0.943150,1.075439,1.017965,1.070624,1.166726,1.053024,1.076903,1.029615,1.087506,1.066122,1.024958,1.194765,1.093207,1.077555,1.261009,1.043271,1.060819,1.057090,1.119171,1.069579,1.178271,0.941347,1.059433,0.860386,1.056663,0.993545,1.041475,0.997231,1.031150,1.021703,1.061593,0.959192,0.916736,1.023905,0.985275,0.858336,0.910896,0.852411,1.112984,0.890864,0.000000,0.821387,0.875406,0.861587,0.989279,0.709324,0.871597,1.092596,0.980632,1.084504,0.946657,1.014890,0.879785,0.890553,0.900789,1.070726,1.221929,1.005028,0.897951,0.933774,0.922445,0.960860,0.913113,0.998549,0.912093,1.013819,1.107472,1.053633,1.094435,0.947203,0.903915,1.081528,0.900297,0.967781,1.007106,0.912882,0.991845,0.983395,0.955658,0.926176,0.863985,0.737028,0.904285,0.979374,0.901034,0.999649,1.035200,1.044299,1.031445,1.018815,1.076742,1.024954,0.980447,1.010180,0.816030,0.977758,0.948152,0.762892,1.054501,0.961113,0.922407,1.107638,1.090013,0.904384,0.928442,0.942819
蓝/孤独者__chunk003,0.997185,1.081905,0.972975,1.056803,0.965598,0.975271,0.951654,1.131101,0.982950,1.076804,0.977407,1.028490,0.933669,0.936598,1.002683,1.092705,0.994231,0.757038,0.870662,0.886885,0.946779,1.186357,0.901641,1.066576,1.067585,1.162848,1.097688,1.029531,0.883571,1.089661,1.093093,1.047232,1.091981,1.312569,0.996650,1.122454,0.993755,1.057016,1.024868,0.973722,1.126661,1.136667,1.011001,0.977263,1.060983,1.011981,1.076971,1.132076,1.021705,0.914515,0.981069,0.910849,0.910285,1.036478,0.960920,0.940267,1.018324,0.931351,0.958678,0.999250,0.971051,1.080058,0.997099,1.064465,1.092049,1.056001,1.159960,1.048178,1.110743,1.230947,1.154119,1.118922,1.107704,1.026119,1.105392,1.040828,1.064788,1.071671,1.045731,1.032584,1.147660,0.953419,1.171134,0.982629,0.965189,0.935180,1.015273,1.084413,1.012100,0.899190,0.920307,1.097118,1.080924,0.905932,0.894222,0.939953,1.028886,0.995815,0.985819,0.886774,1.181820,0.923624,0.821387,0.000000,0.848373,0.893623,0.993384,0.885666,0.946337,1.062662,0.948918,1.283735,0.880984,0.926478,0.960700,1.022145,1.023053,1.031811,0.995719,0.926712,0.944431,0.941329,1.107022,1.111919,1.044943,0.840326,1.019385,0.993431,1.188703,1.037273,1.082919,0.854611,1.050984,0.986396,0.868023,0.865416,0.878792,0.983515,1.215990,1.018440,1.145564,1.055640,0.877460,1.031776,0.923615,1.035259,1.074371,1.184709,1.014410,0.990945,1.160318,1.096876,1.104641,1.065133,1.117522,1.007940,0.947529,0.998437,0.817916,0.893137,1.070043,0.947435,1.042388,1.002864,1.159013,0.900770,0.938108,1.093304
蓝/孤独者__chunk004,1.085416,1.143625,1.051913,1.049702,1.063383,0.946644,0.980100,1.102437,0.868973,1.025599,1.037733,1.178266,1.044591,0.834424,0.978096,0.939966,1.105710,0.864730,0.992333,0.842564,0.884079,1.205346,0.896376,0.966564,1.174391,1.001622,1.162504,1.090770,0.938844,1.007703,1.157842,1.043311,1.050173,1.265571,1.127320,1.137842,1.136851,1.161921,0.946669,0.993878,0.975650,1.056749,0.908064,1.098506,1.125446,1.019557,0.990858,1.175784,1.055923,1.116175,1.007377,0.878185,0.922601,1.034577,0.945245,0.870559,1.070953,0.988611,0.861514,0.946770,0.963443,1.008437,1.008167,1.092611,1.115388,1.109580,1.195205,1.114614,1.166919,1.247103,1.191616,1.149485,1.020696,1.182487,1.074800,1.027662,1.133776,1.134279,1.022893,1.056799,1.052934,1.015405,1.121817,0.983874,1.093550,0.950281,1.051186,1.014671,0.963768,0.912011,0.968055,0.912827,0.999331,0.972938,0.789016,0.910097,0.927800,0.743174,0.855644,0.972542,0.950186,0.978096,0.875406,0.848373,0.000000,0.853481,0.771812,0.867079,0.889399,0.921971,0.966790,1.106993,0.834707,0.974714,0.839173,0.946584,1.007321,1.095740,1.060858,0.976298,0.904624,0.993159,0.991123,1.011471,0.961125,0.803081,1.072077,0.864461,1.019564,1.070963,1.123056,0.895223,0.990184,0.991396,0.957391,0.870823,0.934649,0.919328,1.200273,1.006450,1.038588,0.957688,0.934011,0.974800,0.994847,0.980100,1.168087,1.154119,1.031473,1.087258,1.102493,1.076784,1.183360,1.101757,1.041323,1.104675,0.940498,0.971112,0.981025,0.924852,0.956241,0.905350,0.980609,1.032266,1.165799,0.885171,0.983588,0.991549
蓝/孤独者__chunk005,1.019622,1.171472,0.959398,0.990504,0.860662,0.929874,0.898301,1.153836,1.014015,1.037606,0.946575,1.210611,1.084061,0.944812,1.112070,1.119928,1.073978,0.926087,1.022132,0.963209,0.816631,1.224866,0.873624,1.296183,1.343230,1.193644,1.207095,1.090048,1.046634,1.145063,1.197387,1.009236,1.122716,1.335291,1.104689,1.247937,1.282164,1.323770,0.953113,1.007006,1.030604,1.164122,0.909829,1.019399,1.020692,1.117124,1.024175,1.136878,1.127040,1.053647,1.123143,0.973900,1.041921,1.069407,1.113443,0.938996,1.209076,1.000300,1.114453,0.976744,1.043205,1.066450,1.038307,1.226478,1.180611,1.207451,1.204558,1.092367,1.197145,1.302795,1.211142,1.250326,1.101522,1.219391,1.152556,1.129753,1.212017,1.290878,1.159377,1.211658,1.225243,1.166748,1.293404,1.073217,1.155591,1.036173,0.981311,1.009158,0.960154,0.819170,0.899652,0.952864,1.052114,0.981450,0.896900,0.904512,0.914204,1.006069,0.941141,0.926651,1.168353,0.967223,0.861587,0.893623,0.853481,0.000000,0.896860,0.934304,1.070910,1.140612,1.151605,1.260367,0.850364,1.090742,1.031437,0.988782,1.015372,1.075012,1.167377,1.086636,0.843931,0.869989,0.999519,1.142362,0.900119,0.909819,0.948991,0.995168,1.141058,1.095171,1.074253,1.016629,1.177410,1.026770,1.028194,1.081983,1.058004,1.012310,1.121469,1.118352,1.014455,1.045391,1.072757,1.002477,1.057890,1.053918,1.182155,1.137966,1.138121,1.135466,1.262044,1.153671,1.226145,1.227539,1.121895,1.135906,1.052976,1.138782,1.021664,1.099471,1.019096,1.079350,1.045359,1.146214,1.215988,0.984341,1.080951,1.093659
蓝/孤独者__chunk006,1.189665,1.177534,1.024391,1.059850,1.040409,0.810236,0.922056,1.102014,0.889783,1.018311,1.132117,1.135608,1.101835,0.957917,1.069780,1.167636,1.148362,0.944300,1.019810,0.972132,0.907208,0.811296,1.015201,1.226249,1.265741,1.153316,1.124148,1.123226,0.998049,1.043430,1.123621,1.069689,1.179295,1.391864,1.285387,1.214736,1.111431,1.283832,0.902135,1.045919,1.047270,1.081273,1.058168,1.051545,1.083677,1.122714,1.125832,1.335036,1.127650,1.119721,1.040213,0.887832,0.970725,1.024868,0.897816,1.006923,1.239693,0.963103,1.058223,0.954097,1.080631,1.162735,0.890715,1.109140,1.285709,1.162839,1.083894,1.178896,1.218517,1.331745,1.163510,1.188601,1.069239,1.139175,1.136558,1.088647,1.211510,1.204903,1.181158,1.205160,1.129365,1.207071,1.300181,1.053949,1.166517,1.021662,1.039935,0.955373,1.060466,0.853523,0.871153,0.941479,1.086578,0.974659,0.740120,0.903926,0.915125,0.899240,0.873125,1.023334,1.131586,1.078828,0.989279,0.993384,0.771812,0.896860,0.000000,1.009208,1.006985,1.065534,1.037673,1.169148,0.949936,0.964723,0.977955,1.011029,1.070129,1.144172,1.059247,1.025817,0.932849,1.048443,1.041322,1.026935,0.920690,0.894983,1.023803,0.906742,1.106321,1.210706,1.221246,1.014345,1.114278,0.861184,0.886951,0.855406,0.966960,0.975621,1.214752,1.050658,1.108184,0.966860,0.986334,1.060491,0.952694,1.064797,1.272731,1.290702,1.045755,1.143360,1.247017,1.079027,1.104176,1.172647,1.097734,1.037998,1.057300,1.158183,1.089866,0.963788,1.055060,1.045360,1.106094,1.081115,1.223712,0.956336,0.993724,1.074010
蓝/孤独者__chunk007,0.881784,1.137186,1.030062,1.139342,1.013473,0.990723,0.946862,0.980985,0.918109,1.173527,1.085208,1.117692,0.918630,0.955140,0.876504,1.058154,0.775870,0.848711,1.018113,1.083371,1.062962,1.213339,0.777923,1.151895,1.276294,1.192687,1.100081,0.944398,1.111204,1.235949,1.138134,0.909043,0.919873,1.224195,1.111265,1.289396,1.277902,1.324925,0.951559,1.039435,0.930019,1.042307,0.813775,1.152697,1.046315,1.118023,1.058428,1.167766,1.168162,1.035808,0.978913,0.980321,0.977580,1.134534,1.047516,1.004733,1.034149,0.956628,0.953708,0.982338,0.802823,0.904339,0.954808,1.070195,0.925945,1.038651,1.127716,1.110366,1.086038,1.109826,1.053355,1.026399,0.999568,1.157949,1.087388,0.910438,1.197438,1.018725,1.079958,1.057379,1.185156,1.063902,1.094952,0.882679,1.114959,0.862750,0.891770,0.905790,0.936574,0.969580,0.857510,0.891719,0.981581,0.835620,0.829534,1.009764,1.046928,0.867348,0.865771,0.783925,1.037075,0.799660,0.709324,0.885666,0.867079,0.934304,1.009208,0.000000,0.949747,1.020665,0.929761,1.144521,0.728631,1.090327,0.911268,0.809024,0.741891,1.034639,1.117846,1.001016,0.763794,0.863803,0.897282,0.993470,0.799062,0.889300,0.920917,0.982167,1.148045,1.079932,1.022247,0.885149,0.904588,0.969180,0.859107,0.909137,0.947102,0.959338,0.895424,0.908246,0.850262,0.951004,0.877284,0.829578,0.848516,0.851469,0.919927,1.030740,0.957338,1.040895,1.071706,0.964776,0.959382,0.968332,0.841889,0.927665,0.944910,0.807358,0.783250,0.756620,0.991207,0.827699,0.883014,0.954839,1.097311,0.881115,0.964935,0.883874
蓝/孤独者__chunk008,1.263342,1.266063,1.106199,1.139520,1.214425,1.095584,1.091244,1.112412,1.024118,1.257412,1.102230,1.238092,1.075811,0.993386,0.964457,1.058269,1.070855,0.902075,1.172204,1.037446,1.023478,1.274200,0.859474,0.854558,1.197144,1.034536,1.132111,1.178367,1.018053,1.002337,1.039962,1.099114,1.091749,1.420984,1.092933,1.249534,1.185740,1.201955,0.975482,1.126342,1.000517,1.063179,1.049155,1.144761,1.123956,1.041389,1.150528,1.259579,1.224074,1.080822,1.027599,0.948260,0.961932,1.058265,1.004290,0.920247,1.003458,0.934187,0.961014,0.877252,0.914896,0.894079,1.119367,1.059175,1.075360,1.069005,1.169878,1.204298,1.140512,1.114848,1.149916,1.137449,1.028053,1.015206,1.067054,1.053091,1.147861,1.021288,0.925920,1.020102,1.141332,0.988843,1.114788,0.970877,1.079971,0.861787,1.088704,1.136770,1.101951,1.014412,1.056020,1.069170,1.215256,1.011431,0.949285,1.037721,0.931330,0.857514,0.992192,0.877828,1.031009,0.982277,0.871597,0.946337,0.889399,1.070910,1.006985,0.949747,0.000000,1.140637,0.943719,1.141919,0.913315,1.030927,0.929177,0.924781,1.013489,1.045846,1.079085,1.115417,0.954466,1.063962,0.916192,1.024541,1.042331,0.930597,1.018397,0.884855,1.136663,1.156729,1.237681,0.958831,1.061510,0.977835,0.903234,0.846321,0.988483,0.902635,0.995541,0.950308,1.049346,0.934500,0.870926,0.863230,1.050539,0.971790,1.082546,1.231159,1.097250,1.085651,1.152806,1.050634,1.112072,1.006640,1.050369,0.951441,0.929898,0.988889,1.052412,0.954653,0.931772,0.928494,0.831141,1.014897,1.140569,0.880025,0.988571,0.925876
蓝/幸福的家庭__chunk001,1.200510,1.286497,1.198295,1.269842,1.190082,1.123897,1.248113,1.237576,1.095112,1.371835,1.238908,1.359672,0.983748,0.987672,0.890615,1.128308,1.121585,0.915557,1.180409,1.128652,1.098131,1.322244,1.120625,1.223597,0.810973,0.852784,1.111423,1.282870,1.172320,1.179069,1.282463,0.950859,1.102418,1.321388,1.283021,1.347608,1.179447,1.355378,1.088387,1.143797,1.086851,1.191196,1.009866,1.321631,1.270716,1.248048,1.141332,1.336044,1.259100,1.096228,1.118216,1.035446,1.063878,1.081159,1.072990,0.895946,1.047909,1.007796,1.059151,1.029387,1.020167,1.057326,1.043230,1.141446,1.085963,1.137354,1.121322,1.184472,1.218976,1.349585,1.241403,1.165223,1.102865,1.228339,1.172241,1.007145,1.297505,1.157327,1.146211,1.249603,1.277496,1.098156,1.391853,1.077305,1.199014,1.008492,1.144665,1.194061,1.190492,1.130651,1.143952,1.212563,1.228451,1.101628,0.990198,1.410087,1.227382,0.914640,0.944377,0.934183,1.181305,1.121435,1.092596,1.062662,0.921971,1.140612,1.065534,1.020665,1.140637,0.000000,0.767378,1.143327,1.138283,1.194737,1.049821,0.966162,1.070513,1.220177,1.202925,1.061149,0.964840,1.174110,1.044847,1.127876,1.086616,1.104773,1.011168,0.974196,1.215098,1.317450,1.219665,1.031547,1.064678,1.116969,0.994466,0.984651,1.010315,0.949110,1.117984,1.003463,1.080620,1.055767,0.957776,1.067507,1.012518,1.029331,1.073260,1.222864,1.091127,1.221685,1.188860,1.135084,1.219383,1.092889,1.056943,1.185709,1.021731,1.048574,1.093557,0.970277,1.067723,1.017127,1.091739,1.189105,1.149783,0.962026,0.999182,0.993207
蓝/幸福的家庭__chunk002,1.073528,1.216181,1.048311,1.201449,1.162887,1.036040,1.152960,1.162186,0.998202,1.257943,1.109282,1.195080,0.961931,0.917317,0.826234,1.086697,0.999636,0.857190,1.099669,1.081424,1.064904,1.239725,1.020609,1.079959,0.904240,0.833212,0.913508,1.140658,1.064212,1.179115,1.176314,0.983509,1.079826,1.267936,1.243667,1.281100,1.109191,1.264010,0.981519,1.129828,1.042693,1.084582,1.009673,1.134687,1.086154,1.092264,1.073103,1.381814,1.170671,0.922081,0.934087,0.912780,0.944052,1.012689,0.972935,0.806637,1.056570,0.908523,1.029690,0.942676,0.889166,0.941291,0.947364,0.937152,1.034920,1.119107,1.027834,1.094327,1.013325,1.125431,1.130894,1.074923,0.978696,1.061266,1.147520,0.889259,1.140417,1.064857,0.986695,1.085947,1.253990,0.979482,1.213700,0.913356,0.968342,0.818250,1.078412,1.119281,1.120089,1.051735,0.985089,1.009700,1.169158,1.009475,0.881895,1.320704,1.112113,0.797467,0.866155,0.844367,1.035641,0.956173,0.980632,0.948918,0.966790,1.151605,1.037673,0.929761,0.943719,0.767378,0.000000,1.171257,0.958471,1.135519,0.923924,0.840206,0.967909,1.021316,1.014245,1.049648,0.854695,1.026705,0.901038,1.079547,0.932983,0.981428,0.945362,0.872412,1.288092,1.152235,1.157304,0.859802,1.007579,1.014278,0.896402,0.914013,0.934057,0.879417,0.942669,0.957685,0.977879,0.996463,0.878586,0.891105,0.849079,0.923568,0.996846,1.100096,0.995925,1.028809,0.973444,0.943966,1.068861,0.972568,1.006752,1.050460,0.937376,0.791548,0.964855,0.922717,0.984402,0.867998,0.959509,1.033222,1.100923,0.844452,0.897001,0.846424
蓝/幸福的家庭__chunk003,1.346329,1.508689,1.314313,1.430400,1.368489,1.285647,1.293353,1.390638,1.331384,1.454082,1.360870,1.360482,1.134336,1.113760,1.119411,1.285736,1.307306,1.160435,1.358635,1.283302,1.228611,1.574710,1.223402,1.317777,1.295967,1.238921,0.884133,1.421081,1.304279,1.269831,1.469942,1.257317,1.181813,1.511540,1.575067,1.480919,1.487159,1.618625,1.314683,1.504789,1.231798,1.274422,1.240377,1.430313,1.348442,1.315690,1.325072,1.485997,1.283509,1.211208,1.259278,1.256591,1.200521,1.286463,1.179737,1.044966,1.251301,1.082683,1.216425,1.065559,1.037088,1.165305,1.174384,1.145300,1.202548,1.426987,1.403408,1.528096,1.273403,1.394699,1.248248,1.359103,1.124201,1.343235,1.345395,1.347668,1.521867,1.348010,1.305841,1.254668,1.387849,1.276044,1.316291,1.143810,1.304570,1.220111,1.199595,1.216903,1.351778,1.206594,1.252941,1.232240,1.428213,1.301410,1.160488,1.401142,1.238874,0.926498,1.038977,0.991310,1.197022,1.252341,1.084504,1.283735,1.106993,1.260367,1.169148,1.144521,1.141919,1.143327,1.171257,0.000000,1.308205,1.232700,1.013118,1.102455,0.985805,1.501369,1.420401,1.285196,1.208314,1.422387,1.183034,1.210154,1.222712,1.237721,1.097563,1.145125,1.133598,1.233833,1.200634,1.143979,1.244233,1.180100,1.020018,1.179177,1.019881,1.125581,1.188429,0.922901,1.135611,1.084649,0.994671,1.071112,1.114992,1.000845,1.072930,1.453823,1.370561,1.455664,1.257771,1.215263,1.138749,1.259421,1.060771,1.270375,1.149437,1.310669,1.243357,1.060391,1.218237,1.075408,1.167817,1.231033,1.028458,1.027281,1.061768,1.029157
蓝/故乡__chunk001,0.918951,1.068177,0.957300,0.986779,1.007221,0.884586,0.890711,0.954861,0.775437,0.945197,0.914540,1.119491,0.889089,0.896497,0.925656,1.019239,0.849119,0.900849,0.916534,0.985630,0.913259,1.135722,0.857991,1.017531,1.326022,1.189527,1.174725,0.742587,0.929438,1.192259,0.974368,0.970091,0.981213,1.223104,1.122659,1.200743,1.164856,1.208983,0.869985,0.953793,0.914682,1.043264,0.850894,1.096409,1.000420,1.053591,1.010863,1.243966,1.179204,1.037723,0.987471,0.912080,0.901558,1.040601,1.060944,0.921706,1.009357,0.859860,0.920426,0.932801,0.935454,0.993712,1.061467,1.111285,1.036811,1.067804,1.136291,1.125881,1.120046,1.097592,1.021797,1.048672,0.976708,1.136030,0.936638,1.012833,1.099612,1.091839,0.920426,1.012318,1.136023,1.059139,1.064496,0.869812,1.013544,0.859677,0.890935,0.912002,0.914170,0.864193,0.887886,0.838889,0.974226,0.806508,0.674686,0.897162,0.867344,0.875147,0.801331,0.830498,1.018858,0.771087,0.946657,0.880984,0.834707,0.850364,0.949936,0.728631,0.913315,1.138283,0.958471,1.308205,0.000000,1.000206,0.886205,0.820489,0.943706,0.985412,1.076191,0.963079,0.859860,0.786584,0.900607,0.972705,0.823220,0.844841,0.795147,0.900724,1.113057,1.066563,1.084372,0.905166,1.052227,1.062173,0.872158,0.796521,1.000829,0.931097,0.995575,0.968181,1.090358,0.950128,0.923902,1.016663,0.890065,1.017394,1.112931,1.121358,1.022365,1.031885,1.138112,1.016724,1.022337,1.010755,1.094732,0.837140,0.932172,0.886065,0.876351,0.965811,0.813342,0.934513,0.921679,0.974002,1.162361,0.820203,0.921840,0.985395
蓝/故乡__chunk002,1.129145,1.159392,1.038032,1.146373,1.267681,1.060996,1.033887,1.314074,1.068907,1.183248,1.147058,1.129486,0.993929,0.920957,0.997116,1.149086,1.176584,1.004198,1.141993,0.993445,1.149068,1.243822,1.072213,1.177015,1.369074,1.233154,1.171865,1.245255,0.913082,0.937487,1.090422,1.091702,1.162709,1.428067,1.176353,1.254776,1.189174,1.208073,1.129894,1.164392,1.124526,1.093186,1.091682,1.180161,1.207828,1.079249,1.240136,1.347676,1.157240,1.010678,1.147959,0.974170,0.908030,1.029364,0.989677,0.895793,1.145702,1.080076,1.058546,1.038604,1.048330,1.118167,1.088653,1.209310,1.228748,1.278629,1.198252,1.366940,1.279385,1.354925,1.239230,1.268012,1.226120,1.261244,1.177012,1.227381,1.336055,1.130568,1.183787,1.217599,1.302345,1.266752,1.365254,1.037997,1.176395,0.947285,1.052793,1.037719,1.057993,1.024897,1.002311,1.098938,1.239751,1.108528,0.911231,1.014399,0.968443,1.063207,0.985569,0.991246,1.085102,1.141024,1.014890,0.926478,0.974714,1.090742,0.964723,1.090327,1.030927,1.194737,1.135519,1.232700,1.000206,0.000000,0.920555,1.113183,1.047344,1.141631,1.166126,0.932382,1.059237,1.114346,1.128369,1.109879,1.056744,1.002758,0.949192,0.949000,1.085832,1.106990,1.250624,0.972757,1.051457,0.983098,0.939908,0.948876,0.923619,1.013112,1.286494,1.183226,1.137838,1.082324,1.022086,1.132794,1.087780,1.136986,1.224461,1.308038,1.177780,1.297628,1.219786,1.251593,1.288846,1.134282,1.227576,1.212950,1.117429,1.243472,1.192402,0.943656,1.210336,1.267285,1.108539,1.108187,1.461453,1.051052,1.011279,1.093573
蓝/故乡__chunk003,1.069098,1.173133,1.025443,1.005322,1.146361,0.954649,1.067600,1.206558,0.998534,1.125376,1.058909,1.111200,0.855376,0.921959,0.917713,0.965754,0.993222,0.854650,1.062377,0.983817,1.045946,1.226655,0.864849,1.022942,1.253492,1.154197,0.990473,1.136654,0.961537,0.931534,0.947118,0.999321,1.040736,1.270018,1.227391,1.217238,1.189232,1.297734,1.042323,1.046797,0.920590,0.899516,1.038616,1.190805,1.106588,1.072816,1.111702,1.237852,1.048003,0.913908,1.016781,0.950483,0.976659,0.984724,0.960906,0.852678,0.987364,0.921521,0.995471,0.939443,0.749497,0.914876,0.952480,1.121717,1.053460,0.992866,1.115235,1.205628,1.047558,1.126425,0.941678,1.131846,0.928662,1.098577,0.998262,1.085413,1.114896,0.992044,0.847185,1.016296,1.012365,1.056431,1.065201,0.866727,1.019463,0.811720,1.098035,0.966143,1.033022,0.907573,1.076401,1.047948,1.152088,1.026355,0.768382,1.122328,0.919470,0.907724,0.848992,0.780501,1.032047,0.956642,0.879785,0.960700,0.839173,1.031437,0.977955,0.911268,0.929177,1.049821,0.923924,1.013118,0.886205,0.920555,0.000000,1.005216,0.920137,1.194473,1.153423,0.951622,0.971797,1.000430,0.909463,0.968253,1.070799,0.954242,1.031760,0.901343,1.048228,1.046659,1.005524,0.919645,0.922365,0.988064,0.919601,0.948113,0.968563,0.955324,1.101130,0.872350,1.032100,0.966432,0.826700,0.851650,0.914268,1.000774,1.040545,1.109150,1.041898,1.146529,1.020026,1.079322,0.991284,1.037036,0.916358,1.024594,0.868444,1.051218,0.887586,0.875839,0.954820,0.952899,0.977420,1.001332,1.034532,0.798295,0.898994,0.908164
蓝/明天__chunk001,1.043910,1.068785,0.953567,1.088680,0.996195,0.997310,1.053632,0.957642,0.899390,1.079971,0.933298,1.153350,0.898340,0.925167,0.838754,1.013709,0.937390,0.874685,1.019665,1.081706,0.983292,1.277722,0.939354,1.148482,1.145875,1.088900,0.959045,1.044885,1.055806,1.181013,1.088958,0.734021,0.846515,1.136792,1.213279,1.348315,1.184595,1.344233,0.927477,1.077117,0.942124,1.029372,0.911830,1.200667,0.976738,0.926598,0.955438,1.075284,0.981474,1.088533,0.969822,0.927292,0.819040,1.010114,0.951618,0.865360,1.090063,0.860265,0.793111,0.791771,0.995781,0.999889,0.901571,1.006461,1.024228,1.053299,1.051397,1.062311,1.048181,1.073507,0.990526,1.032769,0.872126,1.040530,0.982756,0.851001,1.173978,0.986634,0.856756,0.969142,1.096825,0.929008,1.037776,0.846632,0.967972,0.721411,0.852471,0.988973,0.996863,1.018824,0.897743,1.036213,1.072214,0.826725,0.812671,1.041855,0.935907,0.768441,0.827361,0.782403,1.000487,0.898507,0.890553,1.022145,0.946584,0.988782,1.011029,0.809024,0.924781,0.966162,0.840206,1.102455,0.820489,1.113183,1.005216,0.000000,0.731652,1.119077,1.118781,1.016171,0.863782,0.968787,0.820404,1.040548,0.794339,0.957458,0.754650,0.807039,1.062914,1.051324,1.039385,0.948772,0.916924,1.032021,0.823736,0.909658,0.994771,0.970911,0.933305,0.911086,0.840244,0.850102,0.878023,0.867921,0.823021,0.903788,0.969243,0.996111,0.975406,0.912545,0.987302,0.842352,0.923957,1.000678,0.869203,0.915361,0.874542,0.794699,0.894887,0.934491,0.917033,0.798206,0.821786,0.972935,0.990804,0.765628,0.857202,0.876179
蓝/明天__chunk002,1.148961,1.194096,1.027026,1.122617,1.223143,1.062988,1.026540,1.153747,1.047267,1.153385,1.000347,1.246122,0.925956,0.994335,0.955796,1.170205,1.018257,1.019147,1.108574,1.058757,1.079019,1.358939,0.966309,1.127065,1.274686,1.107088,0.979819,1.145872,1.126936,1.170140,1.163242,0.981971,0.794183,1.201232,1.308350,1.348031,1.345739,1.437985,1.027775,1.167220,0.937403,0.983698,0.933430,1.238636,1.116824,1.045238,1.044412,1.172794,1.084081,1.103544,0.970996,1.088309,0.949999,1.139923,0.988476,0.907789,0.966748,0.981980,0.961092,0.841445,0.876714,0.923866,0.974201,1.002366,0.990587,1.033556,1.198601,1.290680,1.163952,1.253464,1.060546,1.154097,0.982190,1.181326,0.990903,0.992139,1.188710,1.079640,0.993947,1.044907,1.175296,1.017352,1.129847,0.804796,1.065555,0.799118,0.891313,1.060333,0.904305,0.980947,0.965929,0.892648,1.083587,0.918365,0.800056,1.053886,1.029409,0.823675,0.863537,0.733094,0.959803,0.873816,0.900789,1.023053,1.007321,1.015372,1.070129,0.741891,1.013489,1.070513,0.967909,0.985805,0.943706,1.047344,0.920137,0.731652,0.000000,1.175037,1.194698,1.164309,0.878446,1.045249,0.864682,1.007122,0.950509,0.971240,0.886229,0.954278,1.096575,1.009176,0.947883,0.945654,0.896150,1.012932,0.905250,0.985930,0.938796,0.829976,0.907635,0.893497,0.848007,0.804783,0.902649,0.830240,0.913399,0.848212,0.944791,1.110476,1.053163,1.182750,1.062650,0.972600,0.911363,0.979656,0.785237,0.925461,0.906217,0.925224,0.850057,0.816283,1.044178,0.879886,0.899434,0.925549,1.050377,0.759917,0.940038,0.876987
蓝/狂人日记__chunk001,1.099417,1.149111,1.168089,1.272329,1.118643,1.030046,1.010748,1.200985,0.891625,1.120461,1.057164,1.019297,1.178047,1.085890,1.240882,1.198631,1.132126,0.926299,1.089951,1.004835,0.990076,1.166670,1.079805,1.193182,1.221531,1.181237,1.231436,1.157324,1.140553,1.336693,1.148752,1.162335,1.253257,1.368485,0.719998,1.121013,1.234039,1.148396,1.042968,0.988820,1.154831,1.263304,1.120253,1.117217,1.094654,1.153496,1.141219,1.253231,1.191479,1.116133,1.074298,1.008216,1.047368,1.186745,1.049314,0.992854,1.223722,1.142069,1.089644,1.184935,1.042001,0.957180,1.193542,1.193064,1.114837,1.179395,1.182247,1.121246,1.271513,1.185842,1.239495,1.146884,1.168070,1.166585,1.156581,1.090235,1.222128,0.994237,1.053060,1.196474,1.318884,1.322450,1.162001,1.169909,1.094567,0.992856,1.076074,1.155005,1.120932,1.102748,0.957713,0.969893,1.084548,1.099135,1.051528,1.280964,1.154987,1.131338,1.042630,1.099018,1.217972,1.106460,1.070726,1.031811,1.095740,1.075012,1.144172,1.034639,1.045846,1.220177,1.021316,1.501369,0.985412,1.141631,1.194473,1.119077,1.175037,0.000000,0.960127,0.975888,1.009408,0.867920,1.072390,1.268980,1.032527,0.965089,1.145041,1.176285,1.367968,1.245787,1.316995,1.043287,1.071447,1.075214,1.010313,1.019411,1.123243,1.162751,1.234946,1.204994,1.139639,1.207534,1.037471,1.005067,1.086626,1.174778,1.172396,1.133508,1.112436,0.966097,1.296023,1.133335,1.322212,1.051194,1.242753,1.175544,1.103803,1.022485,1.023172,0.983516,1.031268,1.139479,1.112280,1.238606,1.197244,1.108930,0.996318,1.043962
蓝/狂人日记__chunk002,1.182536,1.215399,1.134968,1.224837,1.156232,1.107031,1.032611,1.227016,1.079185,1.207696,1.131337,1.218816,1.143959,1.031131,1.242140,1.209734,1.152864,1.019344,1.142925,1.082118,0.980520,1.130804,1.039129,1.142846,1.194353,1.098482,1.184650,1.048326,1.035103,1.219530,1.131464,1.151238,1.239620,1.381042,1.052956,0.833588,0.962162,1.001088,1.160753,1.093735,1.244743,1.270448,1.195668,1.032753,1.169309,1.121099,1.105153,1.137115,1.221827,1.107241,1.191391,1.102187,1.164055,1.160734,1.204980,0.994370,1.175413,1.102837,1.026163,1.156619,1.203945,1.059791,1.184850,1.134876,1.191667,1.256763,1.157761,1.135870,1.129462,1.377098,1.234240,1.129079,1.215514,1.149909,1.199828,1.027326,1.026172,1.150760,1.052126,1.228260,1.276491,1.125303,1.398624,1.127358,1.151462,1.035942,1.144064,1.239880,1.132212,1.157276,1.003234,1.163494,1.079951,1.024636,1.036878,1.261396,1.146639,1.097634,1.143108,1.203184,1.234163,1.127281,1.221929,0.995719,1.060858,1.167377,1.059247,1.117846,1.079085,1.202925,1.014245,1.420401,1.076191,1.166126,1.153423,1.118781,1.194698,0.960127,0.000000,0.943495,1.081826,1.150642,1.221217,1.266518,1.135899,0.988535,1.295233,1.187140,1.437523,1.227264,1.275836,1.039474,1.278935,1.048708,1.201610,1.111309,1.141330,1.201632,1.327649,1.142890,1.209159,1.195101,1.065316,1.093609,1.071645,1.094275,1.236989,1.387282,1.099334,1.134447,1.223456,1.257316,1.417339,1.106757,1.291309,1.158349,1.176879,1.082895,1.144101,1.147332,1.152553,1.292467,1.189671,1.184671,1.379898,1.141336,1.109370,1.251079
蓝/狂人日记__chunk003,1.086017,1.216509,1.183609,1.085414,1.159940,1.084655,1.046337,1.324359,0.974091,1.053645,1.149926,1.064121,1.002030,1.026130,1.087235,1.080318,1.036475,0.877238,1.006903,1.013511,1.060217,1.173677,0.963261,1.095607,1.289537,1.293578,1.100052,1.119539,1.126332,1.085895,1.097910,1.147423,1.141732,1.436406,1.076397,1.020179,0.785615,1.006017,1.092086,0.959659,1.148884,1.243109,1.103390,1.113358,1.206456,1.048335,1.100081,1.177002,1.181452,0.941945,1.054645,0.950444,1.019249,0.954268,1.062297,1.042401,1.181319,1.096431,1.015138,1.127116,1.044885,1.077694,1.057365,1.119492,1.105625,1.164778,1.150661,1.205625,1.158792,1.272517,1.174327,1.111387,1.140728,1.224837,1.181994,0.988022,1.195065,1.032703,1.049307,1.196205,1.206409,1.172930,1.254722,1.063171,1.191183,0.925024,0.997040,1.076930,1.053478,1.016405,0.983737,1.094000,1.047924,1.090117,0.995542,1.145732,1.147990,0.984613,0.955616,1.012011,1.183460,1.127217,1.005028,0.926712,0.976298,1.086636,1.025817,1.001016,1.115417,1.061149,1.049648,1.285196,0.963079,0.932382,0.951622,1.016171,1.164309,0.975888,0.943495,0.000000,1.078165,0.950020,1.166581,1.192317,1.140183,1.003172,1.120369,1.040245,1.231752,1.113092,1.220872,0.967449,1.042822,1.033222,1.055077,0.969284,1.113890,1.122859,1.284144,0.984930,1.132713,1.076452,0.963980,1.071192,0.952481,1.135277,1.093362,1.256305,1.120561,1.113723,1.071409,1.106670,1.247655,0.972308,1.246773,1.109711,1.106793,1.194483,1.077493,0.928178,1.122405,1.106308,1.220641,1.046132,1.214881,1.073237,0.947794,1.141478
蓝/社戏__chunk001,0.939616,1.082762,0.974942,1.100141,0.921723,0.874762,0.991116,0.904930,0.982001,1.125612,1.029359,1.167984,0.982924,0.955018,0.849372,1.120732,0.967472,0.939568,0.971754,1.087131,0.875945,1.061509,0.933521,1.076558,1.136009,1.053370,1.092321,1.025412,1.060416,1.299919,0.977294,0.996622,1.045871,1.307276,1.126029,1.144677,1.298734,1.244339,0.692510,0.983973,0.891134,0.940700,0.841136,1.117577,1.004567,1.111710,1.090642,1.228653,1.153554,1.014676,1.064950,0.987936,1.051544,1.082531,1.106250,0.820932,0.996588,0.972545,1.021032,0.887669,0.891387,0.969429,0.962140,1.065585,1.037841,1.053005,1.084020,1.056869,1.116187,1.217730,1.142286,1.104306,0.871041,1.048946,1.017582,0.952454,1.131049,1.017108,1.012238,1.068356,1.237429,0.914141,1.075024,0.838805,1.078404,0.884770,0.850509,0.880596,0.939742,0.804568,0.790266,0.868051,1.005809,0.681820,0.776647,1.053213,1.064601,0.875739,0.891572,0.807939,1.099113,0.900648,0.897951,0.944431,0.904624,0.843931,0.932849,0.763794,0.954466,0.964840,0.854695,1.208314,0.859860,1.059237,0.971797,0.863782,0.878446,1.009408,1.081826,1.078165,0.000000,0.803227,0.794640,0.920666,0.723187,0.892957,0.924792,0.963523,1.158807,1.163185,1.088038,0.971010,1.060488,1.065545,0.940125,0.954225,1.002395,0.922143,0.954991,1.025463,0.893550,0.980677,0.909660,0.924992,0.838443,0.899754,0.979043,1.012856,1.015540,1.050463,1.073072,1.072577,1.038327,1.036263,0.841483,1.050390,0.899866,0.899373,0.921029,0.862896,0.988811,0.884316,0.872404,0.967148,1.058745,0.750519,0.961525,0.921591
蓝/社戏__chunk002,1.022230,1.160109,1.008584,1.004655,0.889052,0.972450,1.066478,1.129990,0.997491,1.204052,1.061408,1.169394,1.072218,0.982266,1.112155,1.126208,0.999715,0.915724,1.040368,1.034331,0.966501,1.195839,0.921504,1.242821,1.279212,1.204588,1.231782,1.014823,1.103524,1.377011,1.099688,1.223518,1.179245,1.330214,1.069662,1.264973,1.227972,1.227832,0.914182,0.711667,0.852463,1.193970,1.008741,1.128483,1.093255,1.145007,1.145221,1.178066,1.204377,1.122665,1.127049,1.059934,1.128542,1.057574,1.123966,0.995432,1.225915,1.108528,1.109731,1.171442,0.986553,1.035143,1.142921,1.205097,1.164886,1.084360,1.207341,1.127749,1.146249,1.242357,1.293176,1.151008,1.102205,1.248782,1.103839,1.039956,1.215202,1.135260,1.103549,1.198713,1.340278,1.206897,1.282014,1.059225,1.140919,1.000168,1.011234,1.063868,0.956815,0.842732,0.937248,1.057311,1.086382,0.988463,0.970149,1.086338,1.137534,1.087429,0.948104,0.950616,1.241618,0.918208,0.933774,0.941329,0.993159,0.869989,1.048443,0.863803,1.063962,1.174110,1.026705,1.422387,0.786584,1.114346,1.000430,0.968787,1.045249,0.867920,1.150642,0.950020,0.803227,0.000000,0.910402,1.145227,0.920737,0.922088,0.973045,1.020974,1.277871,1.178484,1.150043,0.987436,1.135236,1.146720,1.044930,0.953983,1.018386,1.052398,1.234594,1.253499,1.146591,1.156987,1.035803,1.090943,1.062862,1.104824,1.141491,1.036069,1.124347,1.065192,1.202397,1.075080,1.215674,1.073994,1.176075,1.031900,0.996979,0.990096,0.907305,1.042001,1.020091,1.007439,1.098874,1.147647,1.120600,0.926108,1.011596,1.039607
蓝/社戏__chunk003,1.137726,1.185823,1.058755,1.151030,1.115679,1.015210,1.061093,1.053583,1.037078,1.319250,1.154219,1.137939,1.072510,1.021035,0.934049,1.196013,1.025181,0.920051,1.146948,1.140478,0.991295,1.409978,0.967493,1.261509,1.277932,1.180115,1.174322,1.181921,1.050505,1.251731,1.051571,1.099210,1.152055,1.328973,1.218685,1.359596,1.367946,1.431111,0.886973,1.052041,0.740628,0.978059,0.951318,1.293365,1.141199,1.149770,1.101802,1.295455,1.262439,1.179304,1.092288,1.098147,1.038098,1.202278,1.128892,0.911969,1.064237,0.981934,1.023197,0.958396,0.889889,0.842745,0.917975,1.038232,0.973494,0.968510,1.182396,1.189077,1.215618,1.296034,1.145324,1.183383,1.054422,1.160439,1.017156,1.002555,1.315195,1.138419,0.985142,1.126471,1.214097,1.074428,1.292971,0.944314,1.199607,0.966203,0.991132,0.919009,0.994915,0.953030,1.006991,0.964198,1.084066,0.860922,0.876283,1.209890,1.041794,0.966586,1.008611,0.816040,1.096176,1.046412,0.922445,1.107022,0.991123,0.999519,1.041322,0.897282,0.916192,1.044847,0.901038,1.183034,0.900607,1.128369,0.909463,0.820404,0.864682,1.072390,1.221217,1.166581,0.794640,0.910402,0.000000,0.957288,0.849209,0.982513,0.918022,0.973195,1.206511,1.207357,1.072075,1.026999,1.102954,1.089854,1.005563,0.891271,1.040993,0.914259,0.787498,0.953829,0.952959,0.948308,0.862818,0.855674,0.795817,0.926355,0.920870,0.957192,1.063693,1.124333,1.118328,1.040531,1.106070,1.060342,0.958716,0.988313,0.902235,0.937190,0.987356,0.976884,0.947822,0.938346,0.920246,1.139266,1.064881,0.833790,0.966949,0.928259
蓝/社戏__chunk004,1.146194,1.244069,1.090186,1.260772,1.237845,1.077282,1.126781,1.145126,1.058401,1.331828,1.043625,1.254651,0.913353,1.116609,1.019985,1.178019,1.185223,1.045927,1.221125,1.161217,1.087265,1.430519,1.113133,1.297237,1.414066,1.265622,1.207753,1.226674,1.180199,1.242364,1.162541,0.994903,1.123452,1.339235,1.348853,1.411603,1.456211,1.552752,1.111642,1.252915,0.951624,0.939332,1.000109,1.400411,1.096403,1.192777,1.143112,1.337678,1.231336,1.081797,1.163198,1.066553,1.095768,1.234929,1.139103,1.068262,1.005417,1.030834,1.017082,1.043142,0.975554,1.065035,1.055290,1.135783,1.017398,1.205352,1.321855,1.322419,1.206853,1.342404,1.167292,1.241196,1.107367,1.173886,1.011940,1.137100,1.251677,1.107080,1.017019,1.184787,1.319832,1.134627,1.264226,0.944933,1.096588,0.900131,1.132557,1.040360,1.092834,1.006310,1.105978,1.131401,1.181274,0.942547,0.830878,1.177534,1.111759,0.875454,1.119824,0.884208,1.134655,1.119136,0.960860,1.111919,1.011471,1.142362,1.026935,0.993470,1.024541,1.127876,1.079547,1.210154,0.972705,1.109879,0.968253,1.040548,1.007122,1.268980,1.266518,1.192317,0.920666,1.145227,0.957288,0.000000,0.992887,1.119850,1.007627,0.993956,1.150569,1.215106,0.981866,0.986505,1.046277,1.092633,0.938388,0.986835,1.152332,0.993625,1.025300,1.014312,1.049147,1.082797,0.980924,1.020481,1.009162,0.959251,0.980631,1.114241,1.093761,1.207424,1.158406,1.130389,1.127527,1.196630,0.951690,1.045630,0.994264,1.099094,1.077340,0.880037,1.078706,0.990333,1.107593,1.039073,1.110496,0.854583,1.049538,0.935783
蓝/祝福__chunk001,0.962560,1.222896,1.004706,1.148789,1.052044,0.937601,0.996098,1.057279,0.969739,1.059083,1.076227,1.292229,1.056602,0.939336,0.963407,0.995281,0.892518,0.900601,1.011956,0.989812,0.962825,1.200395,0.895613,1.251341,1.201367,1.080213,1.049376,0.953450,1.014783,1.242022,1.070560,0.919581,1.023130,1.197744,1.176163,1.212951,1.243224,1.293828,0.915814,1.080177,1.074677,1.105278,0.603240,1.109457,0.908517,1.126249,0.992636,1.206464,1.063211,1.056169,1.059379,0.902962,0.967706,1.139135,1.023293,0.988910,1.121850,1.020700,0.942998,0.878926,0.987685,1.041247,0.918107,1.134998,1.153418,1.160929,1.107413,1.059062,1.038581,1.199074,1.050008,1.037432,0.975374,1.154303,0.971576,1.035250,1.167368,1.132209,0.903252,1.129409,1.165001,1.108794,1.137167,0.927119,1.025018,0.888585,0.931888,0.995344,1.117584,0.956624,0.762424,0.872215,0.978159,0.819240,0.870519,1.028301,1.026998,0.911708,0.813649,0.858120,1.068628,0.780953,0.913113,1.044943,0.961125,0.900119,0.920690,0.799062,1.042331,1.086616,0.932983,1.222712,0.823220,1.056744,1.070799,0.794339,0.950509,1.032527,1.135899,1.140183,0.723187,0.920737,0.849209,0.992887,0.000000,0.939378,0.849708,0.949891,1.178429,1.233092,1.096060,1.035674,1.025787,1.048402,0.939797,0.901929,1.047674,1.031681,0.924496,1.059782,0.855644,0.950669,1.001611,0.918590,0.879586,0.957137,1.073695,1.015185,0.980228,1.052502,1.139767,0.956681,0.997654,1.002032,1.000344,0.996322,0.987946,0.907837,0.958421,0.943293,0.851181,0.938636,0.946490,0.967232,1.105336,0.816836,0.958528,0.959405
蓝/祝福__chunk002,1.000318,0.941397,0.895408,0.962105,0.987470,0.860843,0.870798,1.087266,0.896074,0.936519,0.862120,1.017882,1.099889,0.958890,1.045032,1.121967,1.029025,0.974672,1.000374,0.966426,0.871240,1.104501,0.896649,1.066319,1.271852,1.246275,1.152966,0.980265,1.010461,1.087304,1.080028,1.076721,1.060255,1.175061,1.153583,1.121971,1.126760,1.112999,0.880738,0.985338,1.052130,1.100042,0.991307,0.804156,0.951905,1.037081,1.110149,1.144993,1.064058,1.150241,1.049468,0.859295,0.912457,1.034516,0.967200,0.914372,1.142511,1.042446,0.930453,1.039848,0.884923,1.038809,1.060264,1.132784,1.209350,1.054453,1.046043,1.103396,1.126504,1.100585,1.107153,1.118234,1.035957,1.109665,1.002073,1.071902,1.057637,1.095908,1.025617,1.138444,1.185434,1.128742,1.219307,0.957598,1.170443,0.961917,0.842954,0.930701,0.936201,0.808670,0.790700,0.838919,0.910620,0.856458,0.898881,0.926739,0.946354,1.008132,0.973118,0.986756,1.147766,0.952789,0.998549,0.840326,0.803081,0.909819,0.894983,0.889300,0.930597,1.104773,0.981428,1.237721,0.844841,1.002758,0.954242,0.957458,0.971240,0.965089,0.988535,1.003172,0.892957,0.922088,0.982513,1.119850,0.939378,0.000000,0.929875,0.964742,1.099395,1.147923,0.995938,0.959076,1.018281,0.905361,0.952116,0.915727,0.949613,1.029263,1.220876,1.057935,1.079000,1.040274,0.926077,1.015553,0.987896,1.026672,1.092429,1.130515,0.961925,0.917616,1.269720,1.003133,1.049512,1.009845,1.098495,1.031251,0.961026,0.964613,0.868797,0.934289,0.956518,0.914791,1.034230,1.055044,1.132505,0.959468,0.917381,1.077802
蓝/祝福__chunk003,0.946216,1.053938,0.927467,1.142553,1.054433,0.982330,1.056959,1.122550,1.034979,1.256354,0.980180,1.145563,0.921418,0.993359,0.975546,1.095092,0.967328,0.914747,1.016188,1.000065,1.025741,1.364865,1.007705,1.232940,1.290925,1.200188,1.072627,1.100587,1.035329,1.234199,1.160445,0.952969,1.044610,1.169218,1.233799,1.422176,1.331384,1.392479,0.947321,1.005847,0.945344,0.996134,0.918773,1.176380,0.856002,0.985933,0.990104,1.234579,0.984198,0.975187,1.080622,0.946165,0.909943,1.073548,0.973953,0.995493,1.074719,0.867457,0.886975,0.964287,1.067664,1.030390,0.918679,1.098028,1.059603,1.047987,1.176217,1.235512,1.111035,1.130966,1.048265,1.127241,1.065557,1.194017,1.057469,1.028268,1.299857,1.187530,0.982007,1.134865,1.275634,1.154178,1.307528,0.815335,1.086485,0.880239,0.904896,0.959292,1.063073,1.044580,1.004999,0.939002,1.190792,0.975712,0.861419,1.093073,0.847704,0.969012,0.890535,0.878214,1.107676,0.890464,0.912093,1.019385,1.072077,0.948991,1.023803,0.920917,1.018397,1.011168,0.945362,1.097563,0.795147,0.949192,1.031760,0.754650,0.886229,1.145041,1.295233,1.120369,0.924792,0.973045,0.918022,1.007627,0.849708,0.929875,0.000000,0.761245,0.986269,1.066186,0.995730,0.962762,1.043303,1.009747,0.823058,0.949505,0.986097,0.925219,0.975229,1.002366,0.955122,1.000153,0.993035,0.993200,0.889205,1.006337,0.996377,1.010645,1.082106,1.130583,1.134208,0.993866,1.121544,1.024429,1.053363,1.010033,0.961998,1.001253,1.051351,0.918680,1.001502,0.995758,0.978806,1.100248,1.131561,0.802209,0.959400,0.934941
蓝/祝福__chunk004,1.099473,1.140258,1.038584,1.162010,1.122030,0.984101,1.127014,1.216401,1.002291,1.148982,1.036862,1.184262,1.036716,1.007647,0.982814,1.125440,1.049622,0.967045,1.163043,1.011256,1.023325,1.287053,1.014524,1.146920,1.202674,1.155281,1.081553,1.177950,1.049686,1.161196,1.156561,0.954666,1.033614,1.175222,1.250726,1.278030,1.211022,1.284954,1.041151,1.125385,0.980345,1.073176,0.955382,1.171342,1.019790,0.834587,0.956440,1.246758,0.953177,1.052768,1.006496,0.908934,0.880017,0.989522,1.002959,0.970106,1.138603,1.008738,0.953145,0.981235,1.068454,1.040505,1.049292,1.109576,1.119865,1.064935,1.185586,1.284477,1.152382,1.244481,1.164554,1.227253,1.110495,1.164402,1.157349,1.045475,1.224273,1.086810,0.990256,1.161022,1.220916,1.109388,1.301653,0.935204,1.069561,0.892695,1.039972,0.928235,1.084564,1.000188,0.929290,1.008243,1.191244,1.093188,0.885413,1.119079,0.915507,0.885120,0.868957,0.881433,1.056804,0.973598,1.013819,0.993431,0.864461,0.995168,0.906742,0.982167,0.884855,0.974196,0.872412,1.145125,0.900724,0.949000,0.901343,0.807039,0.954278,1.176285,1.187140,1.040245,0.963523,1.020974,0.973195,0.993956,0.949891,0.964742,0.761245,0.000000,1.012846,1.042499,1.017414,0.815656,1.037094,0.935457,0.822754,0.867680,0.979296,0.886817,1.079791,1.036954,0.946453,0.991127,0.975993,1.082399,1.000259,0.939135,1.133086,1.182167,1.163631,1.278387,1.189083,1.107823,1.149178,1.138379,1.149952,1.171821,0.957202,0.997856,1.084904,0.963935,1.023616,1.037478,1.039802,1.087484,1.254014,0.792378,0.903477,0.914773
蓝/祝福__chunk005,1.286996,1.197291,1.061712,1.204756,1.187371,1.134913,0.985954,1.228203,1.019774,1.201974,1.127502,1.252546,1.067822,1.144048,1.034686,1.145792,1.178823,1.179886,1.275907,1.101128,1.078162,1.402325,1.041270,1.156978,1.387221,1.296968,1.086375,1.262744,1.107712,1.124569,1.111177,1.146338,1.056015,1.253425,1.374313,1.442866,1.438126,1.373211,1.074942,1.179988,1.185655,0.995431,1.121159,1.296993,1.157470,0.972574,0.987503,1.102770,1.219699,1.309010,1.199968,1.099386,1.109096,1.201862,1.282195,1.153115,1.135681,1.163804,1.105394,1.121822,1.112308,1.224904,1.363250,1.217575,1.214047,1.231116,1.403008,1.438843,1.373950,1.370521,1.165969,1.199989,1.032533,1.091509,1.183009,1.248313,1.430948,1.174268,1.155155,1.106748,1.155021,1.273158,1.302563,1.074760,1.208108,0.980101,1.143277,1.100819,1.200909,1.092314,1.141793,1.086747,1.168239,1.188978,0.945739,1.107569,1.067578,1.056537,1.106313,1.052698,1.145263,1.062691,1.107472,1.188703,1.019564,1.141058,1.106321,1.148045,1.136663,1.215098,1.288092,1.133598,1.113057,1.085832,1.048228,1.062914,1.096575,1.367968,1.437523,1.231752,1.158807,1.277871,1.206511,1.150569,1.178429,1.099395,0.986269,1.012846,0.000000,1.052269,1.159315,1.206448,1.221819,1.178438,1.054646,1.029983,1.362000,1.157671,1.220769,1.190063,1.197476,1.076794,1.126109,1.212644,1.254871,1.141247,1.238804,1.313946,1.316344,1.380450,1.286426,1.279629,1.255649,1.233929,1.190191,1.226942,1.133806,1.272021,1.255209,1.108746,1.091824,1.214013,1.173259,1.243286,1.260814,1.106076,1.155479,1.017860
蓝/祝福__chunk006,1.093296,1.108019,1.191318,1.224053,1.198442,1.237305,1.101177,1.310092,1.098171,1.187067,1.099447,1.231733,1.014213,1.142016,1.096883,1.185340,1.109357,1.087439,1.160721,1.098750,1.110126,1.383168,1.024258,1.191225,1.311689,1.278671,1.113277,1.312410,1.196338,1.281284,1.292864,1.116343,1.156171,1.389159,1.217816,1.293051,1.262168,1.276992,1.156254,1.195580,1.131181,1.202812,1.152178,1.246324,1.154479,1.019144,1.033036,1.008447,0.907921,1.182270,1.118437,1.065564,1.113789,1.101155,1.113630,1.068029,1.137701,1.032203,1.037899,1.061018,1.098415,1.175395,1.215041,1.218179,1.105826,1.259956,1.365715,1.320267,1.159276,1.305675,1.222210,1.176592,1.134808,1.169164,1.226668,1.183670,1.278533,1.184458,1.083366,1.220289,1.168065,1.148545,1.293227,0.961151,1.107891,0.989841,1.121469,1.020846,1.129241,1.163997,1.159619,1.176729,1.320016,1.231671,1.056952,1.085285,1.129741,1.058817,1.207818,1.118558,1.183024,1.154206,1.053633,1.037273,1.070963,1.095171,1.210706,1.079932,1.156729,1.317450,1.152235,1.233833,1.066563,1.106990,1.046659,1.051324,1.009176,1.245787,1.227264,1.113092,1.163185,1.178484,1.207357,1.215106,1.233092,1.147923,1.066186,1.042499,1.052269,0.000000,1.061370,1.096855,1.135261,1.085399,1.060329,1.013043,1.078080,1.107481,1.278129,1.127096,1.087693,1.105518,1.016449,1.081675,1.182335,1.246613,1.179523,1.275662,1.248233,1.274116,1.161346,1.199384,1.257634,1.225554,1.237952,1.120263,1.084153,1.120406,1.211089,1.141180,1.154147,1.184908,1.123580,1.240219,1.241383,0.962141,1.102774,1.070825
蓝/祝福__chunk007,1.092078,1.258267,1.082468,1.295842,1.223025,1.142509,1.073655,1.348614,1.207387,1.285871,1.035319,1.177573,1.094032,1.213728,1.243664,1.290066,1.113117,1.135737,1.246517,1.278538,1.089467,1.566592,1.176386,1.324188,1.430253,1.383546,1.195852,1.348127,1.247599,1.324607,1.340760,1.133160,1.167620,1.227755,1.355598,1.474639,1.424350,1.530252,1.248329,1.264612,1.090088,1.191833,1.026915,1.316683,1.155261,1.174482,1.089735,1.229530,1.090757,1.240847,1.196966,1.144210,1.059499,1.373738,1.199739,1.055063,1.198268,1.155825,1.050426,1.186866,1.011737,1.047982,1.157645,1.203458,1.125991,1.102453,1.372382,1.365125,1.321361,1.462825,1.256935,1.322914,1.179424,1.256192,1.249469,1.192298,1.309732,1.266717,1.130488,1.294674,1.421287,1.301070,1.436514,1.062927,1.251692,1.001188,0.981410,1.113276,1.115790,1.137609,1.075373,1.038875,1.167312,1.094909,0.985120,1.158546,1.137457,1.097381,1.163167,0.998756,1.250654,1.104783,1.094435,1.082919,1.123056,1.074253,1.221246,1.022247,1.237681,1.219665,1.157304,1.200634,1.084372,1.250624,1.005524,1.039385,0.947883,1.316995,1.275836,1.220872,1.088038,1.150043,1.072075,0.981866,1.096060,0.995938,0.995730,1.017414,1.159315,1.061370,0.000000,1.074472,1.036546,1.101981,1.064259,1.141263,1.147144,1.133044,1.281333,0.970112,0.926024,1.216312,1.040295,1.041175,1.077703,1.116364,1.009185,1.141279,1.155483,1.255161,1.213614,1.165717,1.209378,1.181331,1.111097,1.134821,1.160170,1.168318,1.059493,1.115111,1.193564,1.160890,1.341091,1.229920,1.187728,0.999740,1.165780,1.058215
蓝/离婚__chunk001,1.066676,1.294440,1.192482,1.247606,1.179878,1.090854,1.186227,1.215674,1.065469,1.220418,1.069480,1.095524,0.939955,0.976380,0.988646,1.124074,1.072555,0.954411,1.157050,1.012570,1.126080,1.298057,1.036098,1.169016,1.186802,1.133236,1.036884,1.151662,1.057405,1.164370,1.184809,1.056616,1.088495,1.343935,1.145559,1.200178,1.116776,1.160393,1.133198,1.156340,0.967653,1.148158,1.118848,1.168929,1.180144,1.088929,1.219188,1.312042,1.180150,0.735200,1.044159,0.923165,0.974659,1.021432,0.957548,0.932726,1.136884,0.924314,1.068763,1.059623,0.948553,0.911073,0.981757,0.978204,0.931583,1.114608,1.164141,1.170069,1.182027,1.212313,1.248459,1.168788,1.064278,1.180472,1.078918,1.008377,1.202044,1.033885,1.090794,1.217226,1.238024,0.962893,1.317045,1.000891,0.896957,0.875704,0.988439,1.177201,1.117659,1.054178,1.076811,1.180118,1.125690,1.020988,0.876134,1.144060,1.071166,0.917880,0.928959,0.851553,1.004621,1.000359,0.947203,0.854611,0.895223,1.016629,1.014345,0.885149,0.958831,1.031547,0.859802,1.143979,0.905166,0.972757,0.919645,0.948772,0.945654,1.043287,1.039474,0.967449,0.971010,0.987436,1.026999,0.986505,1.035674,0.959076,0.962762,0.815656,1.206448,1.096855,1.074472,0.000000,0.881610,0.718616,0.829812,0.817419,0.873362,0.910736,1.022114,0.830858,1.036954,0.979421,0.863359,0.903362,0.843143,0.832874,0.916430,1.155385,0.976774,1.171882,1.083694,0.986689,1.078255,1.137758,1.046720,1.027832,0.996307,0.923708,0.875018,0.907306,1.140120,0.917470,0.948395,1.043602,1.236723,0.944086,0.784640,0.848174
蓝/离婚__chunk002,1.110055,1.173703,1.094125,1.206211,1.227503,1.030435,1.136468,1.284080,1.045752,1.218799,1.150173,1.220562,0.963635,1.050813,1.023063,1.141768,1.024667,0.939044,1.084388,1.065730,1.164732,1.358724,0.947104,1.246170,1.253524,1.115482,1.135408,1.285412,1.194625,1.162648,1.181767,1.032029,1.002854,1.277056,1.180753,1.301733,1.323973,1.365828,1.168074,1.248492,1.099103,1.132799,1.013277,1.298930,1.132238,1.093756,1.099747,1.326108,1.154633,1.026230,0.752533,0.976197,1.017066,1.074355,0.979522,0.889720,1.094497,1.053030,0.940559,1.028664,0.899365,0.923949,1.005209,1.184301,1.021228,1.067248,1.228203,1.266694,1.197645,1.155824,1.119290,1.144053,1.083765,1.196326,1.058358,1.100189,1.221136,1.017307,1.061731,1.132072,1.215687,1.127430,1.105400,0.963628,1.011918,0.890291,1.032130,1.148258,1.072700,1.138676,1.006037,1.027878,1.153385,1.178625,0.990481,1.152191,1.179466,0.971006,1.020934,0.948309,1.044635,0.981246,0.903915,1.050984,0.990184,1.177410,1.114278,0.904588,1.061510,1.064678,1.007579,1.244233,1.052227,1.051457,0.922365,0.916924,0.896150,1.071447,1.278935,1.042822,1.060488,1.135236,1.102954,1.046277,1.025787,1.018281,1.043303,1.037094,1.221819,1.135261,1.036546,0.881610,0.000000,0.962100,0.900423,1.038253,1.078114,0.954311,1.192328,0.983891,0.940421,1.094105,0.957006,0.878630,0.968453,1.097757,0.981095,0.985510,1.048403,1.175204,1.069178,1.060320,1.072896,1.056543,0.983142,0.995459,1.002205,0.952475,0.994436,0.878148,1.082112,1.017362,1.051937,1.127749,1.232097,0.927892,0.842454,0.924366
蓝/离婚__chunk003,1.000739,1.189222,1.046663,1.158205,1.086068,1.031020,1.001832,1.204130,1.001330,1.108903,1.116020,1.099715,0.978498,0.870252,0.981348,1.096633,1.109380,1.038569,1.098065,1.006688,0.979880,1.145640,1.005492,1.207505,1.219050,1.171957,1.017199,1.188095,0.950237,1.034410,1.207152,0.998569,1.102301,1.306397,1.176631,1.202439,1.128233,1.258924,1.080758,1.162397,1.073372,1.152666,1.152997,1.035606,1.082559,1.075527,1.099859,1.307178,1.108544,0.979723,1.003511,0.790389,0.911442,1.003571,0.868777,0.946382,1.123109,0.902273,0.923222,1.005732,0.952485,1.026386,0.989164,0.928925,1.028901,1.221337,1.120082,1.207519,1.131502,1.257989,1.097409,1.072288,1.022726,1.143599,1.177344,0.998028,1.214325,1.078290,1.118076,1.268200,1.167510,1.093443,1.302118,0.987212,1.017246,0.892969,0.940686,1.112016,1.047812,1.071620,0.955811,1.065825,1.074089,1.077815,0.969382,1.169464,0.990042,0.890619,0.999163,0.971784,1.076640,1.057401,1.081528,0.986396,0.991396,1.026770,0.861184,0.969180,0.977835,1.116969,1.014278,1.180100,1.062173,0.983098,0.988064,1.032021,1.012932,1.075214,1.048708,1.033222,1.065545,1.146720,1.089854,1.092633,1.048402,0.905361,1.009747,0.935457,1.178438,1.085399,1.101981,0.718616,0.962100,0.000000,0.881618,0.918311,0.995454,0.977658,1.065546,0.915932,1.031590,1.012320,0.930477,0.981398,0.983402,0.892205,1.145197,1.345273,0.960186,1.112195,1.268534,1.034395,1.149267,1.162653,1.091658,1.096044,1.154482,1.080132,1.017812,1.009425,1.099160,1.068300,1.098831,1.069522,1.233908,0.960500,0.930827,0.965454
蓝/肥皂__chunk001,1.010521,1.133849,0.964637,1.136736,1.098137,0.991761,1.075544,1.214812,0.955699,1.126746,1.023427,1.159603,0.815050,0.993918,0.941440,1.126994,1.055231,0.916457,1.065166,0.977167,1.135408,1.222103,1.067824,1.159482,1.161601,1.112141,0.922564,1.141616,1.061318,1.174180,1.091488,0.976767,0.951158,1.248364,1.213364,1.321517,1.261722,1.324139,1.090188,1.140756,1.073977,1.047746,1.051986,1.248790,1.076457,1.107524,1.116880,1.197884,0.973431,0.881172,0.940180,0.931677,0.660739,1.011335,0.856737,0.796427,1.114666,0.879732,0.975546,0.898352,0.864386,1.002113,0.968769,0.977068,1.025608,1.174765,1.203862,1.202394,1.178621,1.179045,1.191890,1.087971,1.085759,1.153017,1.108300,1.081895,1.273722,1.072139,0.980630,1.173798,1.290872,1.043277,1.223387,0.835637,1.009466,0.867592,0.932969,0.973571,1.123598,1.092380,0.865476,0.919955,1.132833,1.003716,0.850887,1.005712,0.892839,0.784050,0.879479,0.826549,1.050429,0.994742,0.900297,0.868023,0.957391,1.028194,0.886951,0.859107,0.903234,0.994466,0.896402,1.020018,0.872158,0.939908,0.919601,0.823736,0.905250,1.010313,1.201610,1.055077,0.940125,1.044930,1.005563,0.938388,0.939797,0.952116,0.823058,0.822754,1.054646,1.060329,1.064259,0.829812,0.900423,0.881618,0.000000,0.797345,0.881011,0.895735,0.962487,0.915344,0.871533,0.938837,0.786373,0.915048,0.887894,0.954546,0.964434,1.180729,1.048840,1.108485,1.096800,1.019993,0.964785,1.104977,0.953354,0.945943,0.905678,1.058069,0.987677,0.787993,0.941938,0.988402,0.956587,0.941898,1.137456,0.720108,0.906270,0.842455
蓝/肥皂__chunk002,1.074861,1.160377,1.105530,1.110956,0.965767,0.838570,0.967063,1.160017,0.922109,1.073883,0.996720,1.101017,0.955659,0.907396,0.914431,1.011823,1.008980,0.929626,1.059722,0.950507,0.999632,1.184432,0.939283,0.982584,1.183040,1.100275,1.050984,1.038191,0.916142,1.135938,0.988017,0.981273,1.026995,1.270365,1.165775,1.274514,1.078745,1.216116,0.966930,0.918746,0.915289,1.119356,0.970041,1.157624,1.064337,1.052581,1.005744,1.207662,1.123773,1.014864,0.922897,0.840883,0.832043,0.776992,0.956940,0.933919,1.077187,0.964895,0.953706,0.987224,0.960027,1.051557,0.997422,1.019974,1.074813,1.078562,1.200343,1.178338,1.180959,1.229951,1.113961,1.125479,1.042949,1.108930,1.045860,0.987252,1.188865,0.998573,1.024885,1.126887,1.152002,0.946490,1.139681,0.847651,0.961327,0.846206,0.971722,1.014018,1.052712,0.895479,0.938258,1.042289,1.030371,1.014775,0.803826,0.986115,0.934648,0.843807,0.828344,0.918726,0.937371,0.951846,0.967781,0.865416,0.870823,1.081983,0.855406,0.909137,0.846321,0.984651,0.914013,1.179177,0.796521,0.948876,0.948113,0.909658,0.985930,1.019411,1.111309,0.969284,0.954225,0.953983,0.891271,0.986835,0.901929,0.915727,0.949505,0.867680,1.029983,1.013043,1.141263,0.817419,1.038253,0.918311,0.797345,0.000000,0.925921,0.888447,1.015913,0.930388,1.051820,0.933544,0.871154,0.963945,0.936923,0.981732,1.155968,1.222770,1.104807,1.123926,1.125921,1.095852,1.130997,1.037073,1.090913,0.883201,0.924935,0.989035,0.970367,0.934639,1.005016,0.929064,0.921699,0.980401,1.101656,0.887995,0.922244,0.892171
蓝/肥皂__chunk003,1.248490,1.299432,1.125365,1.169093,1.216993,1.033374,1.197684,1.264131,1.124563,1.291053,1.165238,1.128106,1.057532,0.899042,0.969238,1.202821,1.209370,0.883590,1.174767,1.080994,1.179239,1.232605,1.087135,1.124409,1.112023,1.166184,1.082059,1.107883,1.096708,1.172316,1.224524,1.094969,1.104899,1.407866,1.258282,1.273925,1.197581,1.290259,1.099573,1.142955,1.149351,1.267817,1.129017,1.186080,1.130731,1.223971,1.337857,1.326355,1.085625,1.016700,1.059800,0.930637,0.981788,1.049389,0.739862,0.845368,1.224504,1.009580,1.046576,0.992638,1.070360,1.070550,1.036305,1.085280,1.124230,1.264405,1.146449,1.204721,1.145019,1.210453,1.309446,1.168841,1.133627,1.226435,1.216734,1.055870,1.243062,1.181831,1.142767,1.213724,1.394251,1.175654,1.326349,1.076582,1.098260,1.046656,1.001860,1.097090,1.124285,1.052535,1.013079,1.116110,1.334699,1.110894,0.992516,1.098523,0.998558,0.969546,0.931878,0.845069,1.161365,1.017928,1.007106,0.878792,0.934649,1.058004,0.966960,0.947102,0.988483,1.010315,0.934057,1.019881,1.000829,0.923619,0.968563,0.994771,0.938796,1.123243,1.141330,1.113890,1.002395,1.018386,1.040993,1.152332,1.047674,0.949613,0.986097,0.979296,1.362000,1.078080,1.147144,0.873362,1.078114,0.995454,0.881011,0.925921,0.000000,0.955759,1.170054,0.926032,1.069626,1.064460,0.891198,1.006255,0.990650,1.008510,1.107079,1.309661,1.115821,1.135364,1.281471,1.069583,1.112309,1.147650,1.102160,1.053809,1.069770,0.966108,0.905675,0.952683,1.088046,1.002519,1.000766,1.129205,1.234168,0.905480,0.936273,1.037936
蓝/肥皂__chunk004,1.091988,1.204325,1.173705,1.233252,1.190952,1.067782,1.084493,1.155703,1.072078,1.238427,1.154520,1.187428,0.933711,0.832386,0.913343,1.082042,1.218051,1.005395,1.105062,0.990563,1.048572,1.329700,1.049588,1.169602,1.183262,1.107925,1.165137,1.171669,1.073610,1.172687,1.120666,0.974203,1.004425,1.311514,1.231771,1.388904,1.291660,1.338091,1.072241,1.190336,1.015549,1.027768,1.121879,1.285082,1.159411,1.122708,1.123905,1.329819,1.170238,0.945577,0.895593,0.943922,0.895782,0.991003,0.913149,0.746764,1.047671,0.951638,0.969095,0.944499,0.843359,1.003818,0.925749,1.070763,1.032405,1.148973,1.123594,1.270066,1.250830,1.269255,1.152470,1.226897,1.093490,1.265923,1.119465,1.132492,1.303734,1.078816,1.143583,1.123631,1.282642,1.076563,1.295325,0.832510,1.053038,0.923303,0.985959,1.095195,0.992656,0.930651,1.034392,1.007879,1.047007,0.977674,0.867139,1.050063,1.050404,0.827888,0.877484,0.845482,0.953567,1.075864,0.912882,0.983515,0.919328,1.012310,0.975621,0.959338,0.902635,0.949110,0.879417,1.125581,0.931097,1.013112,0.955324,0.970911,0.829976,1.162751,1.201632,1.122859,0.922143,1.052398,0.914259,0.993625,1.031681,1.029263,0.925219,0.886817,1.157671,1.107481,1.133044,0.910736,0.954311,0.977658,0.895735,0.888447,0.955759,0.000000,0.932852,1.056743,0.959192,0.876490,0.829352,0.896719,0.929110,0.943162,1.047124,1.210684,0.968514,1.171351,1.159097,1.208436,1.171236,1.097979,0.969074,1.083398,0.912887,1.013724,1.041249,0.964080,1.101503,1.017773,0.975011,1.102897,1.065687,0.849656,0.907991,0.873669
蓝/药__chunk001,1.137424,1.447610,1.306268,1.418492,1.369674,1.333280,1.271370,1.207634,1.186939,1.497559,1.329216,1.396684,1.076440,1.185028,0.883429,1.176430,1.087320,1.098039,1.303847,1.302034,1.228345,1.476089,1.113938,1.277116,1.388432,1.150651,1.078121,1.276655,1.262602,1.325568,1.281534,1.035832,1.133592,1.478955,1.341297,1.477043,1.446242,1.531883,1.069478,1.341937,1.072498,1.125745,1.064184,1.421543,1.249610,1.274810,1.273664,1.439178,1.340511,1.167484,1.111726,1.189130,1.142620,1.312499,1.188911,1.057457,0.893365,0.875419,1.085034,0.937312,0.939045,0.930288,0.992533,1.101577,0.990850,1.162532,1.282941,1.313620,1.151328,1.315595,1.146650,1.233600,1.019217,1.227678,1.102958,1.152574,1.365913,1.171015,1.141319,1.237958,1.341965,1.059477,1.304751,1.003028,1.219765,1.037118,1.061833,1.218931,1.264495,1.277894,1.127223,1.139721,1.226174,0.971976,1.014840,1.410853,1.161596,0.962114,1.028617,0.763089,1.023877,1.088647,0.991845,1.215990,1.200273,1.121469,1.214752,0.895424,0.995541,1.117984,0.942669,1.188429,0.995575,1.286494,1.101130,0.933305,0.907635,1.234946,1.327649,1.284144,0.954991,1.234594,0.787498,1.025300,0.924496,1.220876,0.975229,1.079791,1.220769,1.278129,1.281333,1.022114,1.192328,1.065546,0.962487,1.015913,1.170054,0.932852,0.000000,0.903350,0.989586,0.844485,0.938734,0.785922,0.920553,0.904155,0.874581,1.152795,1.151402,1.225159,1.194929,1.078250,1.066232,1.160819,0.987531,1.132650,0.905725,1.071315,1.004401,1.000425,1.005983,0.982508,0.843185,1.011928,1.085848,0.898086,1.076448,0.876951
蓝/药__chunk002,1.208260,1.272962,1.172213,1.265253,1.305599,1.064778,1.126481,1.275799,1.087886,1.237218,1.165032,1.145276,0.939880,0.935600,0.957386,1.095248,1.002879,0.976656,1.214274,1.119566,1.147526,1.408028,1.023808,1.105286,1.248012,1.191508,0.924264,1.176831,1.180612,1.179966,1.209207,1.040595,1.050699,1.406518,1.331274,1.269686,1.240456,1.388712,1.118793,1.273372,1.063471,1.108356,1.024896,1.323703,1.221179,1.254693,1.220944,1.375213,1.180125,0.973665,0.978919,1.012578,0.942653,1.145676,0.959149,0.946355,0.914970,0.676876,1.051446,0.832292,0.906701,0.907329,0.961831,0.997523,0.992842,1.149601,1.148275,1.246234,1.091794,1.207299,1.041528,1.130652,0.913430,1.124247,1.080625,1.057563,1.212527,1.094752,1.005368,1.139620,1.186385,0.999851,1.166879,0.894412,1.145883,0.857703,1.033610,1.056862,1.100364,1.180461,1.052373,1.068287,1.236544,1.015035,0.884333,1.146473,1.058863,0.925958,0.923158,0.771209,0.968916,1.024273,0.983395,1.018440,1.006450,1.118352,1.050658,0.908246,0.950308,1.003463,0.957685,0.922901,0.968181,1.183226,0.872350,0.911086,0.893497,1.204994,1.142890,0.984930,1.025463,1.253499,0.953829,1.014312,1.059782,1.057935,1.002366,1.036954,1.190063,1.127096,0.970112,0.830858,0.983891,0.915932,0.915344,0.930388,0.926032,1.056743,0.903350,0.000000,0.930607,0.916210,0.817261,0.827192,0.778721,0.943630,0.890430,1.224371,1.081298,1.177544,1.133693,0.903144,0.988969,1.099350,0.900580,0.925872,0.980529,1.033628,0.947345,0.893602,1.093230,0.858881,0.973213,0.975933,1.063988,0.899005,0.919992,0.884978
蓝/药__chunk003,0.996216,1.195570,1.093311,1.242109,1.209006,1.061011,1.096690,1.120207,1.074874,1.310714,1.182011,1.318530,0.989422,1.096020,0.964310,1.000597,1.023210,1.065866,1.141562,1.213248,1.143771,1.436236,1.103962,1.234704,1.318026,1.189348,1.044166,1.274993,1.153778,1.278787,1.206168,0.975664,0.958711,1.224806,1.201083,1.455682,1.354238,1.372036,1.107904,1.197027,1.076577,1.049205,0.913915,1.355838,1.115989,1.135316,1.067706,1.286258,1.072406,1.106199,1.048572,1.046061,0.938333,1.185201,1.063103,0.918644,1.118566,1.012148,0.860228,0.930423,0.915377,0.906176,0.900276,1.150110,1.030926,1.123919,1.221350,1.162177,1.203314,1.205358,1.145797,1.116198,0.970201,1.233616,1.139424,1.045929,1.360432,1.127822,1.021762,1.209840,1.266297,1.075267,1.174354,0.942600,1.137239,0.892548,0.968769,1.005743,1.047993,1.120174,0.963858,0.907047,1.161107,0.941908,0.914126,1.236678,1.087150,0.840587,0.951208,0.819953,1.075749,1.028982,0.955658,1.145564,1.038588,1.014455,1.108184,0.850262,1.049346,1.080620,0.977879,1.135611,1.090358,1.137838,1.032100,0.840244,0.848007,1.139639,1.209159,1.132713,0.893550,1.146591,0.952959,1.049147,0.855644,1.079000,0.955122,0.946453,1.197476,1.087693,0.926024,1.036954,0.940421,1.031590,0.871533,1.051820,1.069626,0.959192,0.989586,0.930607,0.000000,1.032787,0.949852,0.802847,0.977350,1.035380,0.935814,1.053415,1.069457,1.139257,1.031657,1.091243,1.128774,1.012769,0.820882,1.036764,1.043183,1.065143,1.029569,0.909849,1.006068,0.957178,0.931949,1.007698,1.061291,0.920525,1.031992,0.971001
蓝/铸剑__chunk001,1.266891,1.310053,1.134538,1.184252,1.216680,1.060899,1.108759,1.093853,0.998449,1.141246,1.148028,1.268469,0.901393,0.825265,0.832409,0.970821,1.010335,0.993033,1.041780,1.077466,0.945581,1.207807,0.918819,1.102023,1.238078,1.033476,0.913159,1.116977,1.029399,1.027284,1.086888,0.952896,0.903487,1.347836,1.290376,1.339240,1.254022,1.433466,0.961787,1.131726,0.997253,1.073223,0.921728,1.202885,1.226020,1.176217,1.078214,1.280569,1.063526,1.100272,1.021652,1.119180,0.908648,0.943850,1.099486,0.919612,0.942085,0.822983,1.043103,0.521120,0.840508,0.963321,0.932518,0.955804,1.033409,1.129789,1.174489,1.094669,1.133361,1.117933,0.982341,1.114897,0.898937,1.068695,0.946028,1.079684,1.208390,1.004212,0.947561,1.037940,1.121410,1.015071,1.108851,0.950519,1.037415,0.874779,1.010661,1.093596,1.025366,1.056232,0.956927,1.021780,1.110947,0.922433,0.889302,1.066549,1.019232,0.723667,0.845648,0.731175,0.939013,0.926090,0.926176,1.055640,0.957688,1.045391,0.966860,0.951004,0.934500,1.055767,0.996463,1.084649,0.950128,1.082324,0.966432,0.850102,0.804783,1.207534,1.195101,1.076452,0.980677,1.156987,0.948308,1.082797,0.950669,1.040274,1.000153,0.991127,1.076794,1.105518,1.216312,0.979421,1.094105,1.012320,0.938837,0.933544,1.064460,0.876490,0.844485,0.916210,1.032787,0.000000,0.750554,0.824848,0.839628,0.784683,0.964148,1.201996,1.003343,1.144117,1.118639,0.907872,0.917025,1.058767,0.899189,0.993977,0.911388,1.030900,1.016061,0.960828,0.930009,0.912338,0.899831,0.956719,1.085792,0.851467,0.939306,0.928574
蓝/铸剑__chunk002,1.055070,1.137392,1.030683,1.152037,1.107495,1.004683,1.093930,1.080791,0.903030,1.149323,1.014805,1.033333,0.851854,0.860222,0.830799,0.954986,0.998154,0.813057,0.916556,0.956422,0.976420,1.205738,0.944228,0.986711,1.086908,0.940195,0.953545,1.035688,1.043562,1.072768,1.031900,0.929017,1.004417,1.307619,1.085327,1.181314,1.071657,1.264843,0.958738,0.994288,0.956554,1.050994,1.041448,1.109242,1.100075,1.041695,1.122634,1.168310,1.012058,0.941523,1.031900,0.955214,0.859874,0.939199,0.901773,0.792802,0.910392,0.784671,0.968785,0.711737,0.587156,0.900461,0.782861,0.954845,0.955961,1.051443,0.996780,1.040679,1.003214,1.035333,0.990946,1.001524,0.851684,0.956380,0.944965,1.014721,1.165466,0.861118,0.933600,0.959550,1.132169,0.895690,1.137456,0.792037,1.056659,0.835657,0.968551,1.011212,1.027179,1.079203,0.925129,1.015021,1.076955,0.895396,0.826239,1.113887,1.031113,0.779331,0.884281,0.729851,0.830286,0.994445,0.863985,0.877460,0.934011,1.072757,0.986334,0.877284,0.870926,0.957776,0.878586,0.994671,0.923902,1.022086,0.826700,0.878023,0.902649,1.037471,1.065316,0.963980,0.909660,1.035803,0.862818,0.980924,1.001611,0.926077,0.993035,0.975993,1.126109,1.016449,1.040295,0.863359,0.957006,0.930477,0.786373,0.871154,0.891198,0.829352,0.938734,0.817261,0.949852,0.750554,0.000000,0.794191,0.737807,0.911574,0.911998,1.156527,0.876654,0.953144,1.058687,0.972087,0.979148,0.933909,0.847415,0.874225,0.791219,0.987689,0.910038,0.848599,0.940991,0.863117,0.904089,0.900399,1.073782,0.832549,0.884195,0.830989
蓝/铸剑__chunk003,1.139523,1.210945,1.103362,1.181703,1.143856,1.053219,1.125462,1.102662,1.006468,1.239082,1.125654,1.318437,0.913751,0.974421,0.857725,1.009962,0.873469,0.815361,1.123128,1.114711,1.052680,1.344458,0.884274,1.141123,1.204505,1.038014,1.026312,1.154590,1.114689,1.182880,1.117247,1.003007,0.981375,1.209661,1.188187,1.217952,1.207476,1.324105,1.084354,1.168501,1.004921,1.062180,0.967573,1.244113,1.085979,1.197296,1.104906,1.285897,1.181976,1.002553,0.958745,1.033861,0.951294,1.137359,0.954396,0.879780,0.949132,0.839281,0.986868,0.820469,0.853629,0.585278,0.845545,0.961963,0.820023,1.003641,1.083822,1.094547,0.954438,1.113732,0.979214,1.032735,0.870192,1.002131,0.991138,0.998025,1.231160,0.945488,0.979439,0.985824,1.090039,0.954533,1.028114,0.910165,0.971682,0.872413,0.972402,1.065086,1.054188,1.074417,0.973260,0.976776,1.088347,0.918548,0.902930,1.142354,0.968411,0.776878,0.906991,0.695678,0.929713,0.925520,0.737028,1.031776,0.974800,1.002477,1.060491,0.829578,0.863230,1.067507,0.891105,1.071112,1.016663,1.132794,0.851650,0.867921,0.830240,1.005067,1.093609,1.071192,0.924992,1.090943,0.855674,1.020481,0.918590,1.015553,0.993200,1.082399,1.212644,1.081675,1.041175,0.903362,0.878630,0.981398,0.915048,0.963945,1.006255,0.896719,0.785922,0.827192,0.802847,0.824848,0.794191,0.000000,0.819434,0.821228,0.813613,0.981826,0.873105,1.022476,0.893536,0.871472,0.910815,0.989408,0.791416,0.926228,0.808621,0.889861,0.982248,0.889033,0.904260,0.809247,0.760773,0.936308,0.890666,0.883018,0.946830,0.811896
蓝/铸剑__chunk004,1.032521,1.209884,1.125268,1.183121,1.110900,0.976613,1.118118,1.050019,0.974127,1.148338,1.106094,1.046655,0.844264,0.917393,0.892068,0.983270,0.951282,0.875894,0.939746,1.082208,0.957752,1.181083,0.947925,1.188446,1.158688,1.123759,0.975724,1.110829,1.045990,1.102978,1.067791,0.933329,1.002161,1.326411,1.205072,1.156817,1.144612,1.299447,0.980485,1.132476,0.949738,1.102483,0.961878,1.208411,1.089241,1.162168,1.079139,1.259897,1.107113,0.928890,1.046935,1.010261,0.919290,1.021097,0.905562,0.914089,1.041031,0.763775,0.936360,0.863272,0.765613,0.892841,0.585953,0.952333,0.946023,0.986256,1.051512,1.043339,1.039735,1.168049,0.996174,1.101077,0.918629,1.086761,1.032353,0.938819,1.231846,0.984528,0.956998,1.052784,1.167601,0.993527,1.097020,0.783546,1.005155,0.870548,0.921826,1.052602,1.138249,1.020363,0.993230,1.017438,1.056657,0.905497,0.845485,1.182213,1.051288,0.820042,0.843119,0.811668,0.919594,1.001420,0.904285,0.923615,0.994847,1.057890,0.952694,0.848516,1.050539,1.012518,0.849079,1.114992,0.890065,1.087780,0.914268,0.823021,0.913399,1.086626,1.071645,0.952481,0.838443,1.062862,0.795817,1.009162,0.879586,0.987896,0.889205,1.000259,1.254871,1.182335,1.077703,0.843143,0.968453,0.983402,0.887894,0.936923,0.990650,0.929110,0.920553,0.778721,0.977350,0.839628,0.737807,0.819434,0.000000,0.853125,0.865990,0.886200,0.889598,0.973466,1.040316,0.945166,0.937149,1.014321,0.816839,0.934578,0.903344,0.952646,0.866213,0.899157,1.007070,0.787818,0.998000,0.947302,1.034025,0.839049,0.848718,0.920655
蓝/铸剑__chunk005,1.139318,1.231884,1.069527,1.274483,1.103872,1.045157,1.098252,1.030013,1.011647,1.211786,1.053378,1.240583,0.871992,0.976476,0.910335,1.012144,1.054835,1.002107,1.221062,1.128476,0.992919,1.330512,0.975583,1.175135,1.199497,1.092704,0.939502,1.041083,1.119840,1.119134,1.205038,1.026952,1.031792,1.236067,1.276250,1.243604,1.189599,1.348343,1.033070,1.162610,0.934784,1.028514,0.954165,1.206481,1.132863,1.170972,1.105096,1.311911,1.181102,1.073285,1.043844,1.050699,0.963814,1.132740,1.070789,0.936005,1.021684,0.854552,0.957229,0.911062,0.896918,0.835260,0.964355,0.631681,0.741128,1.067020,1.235917,1.222510,1.050458,1.259898,1.098591,1.195535,0.959557,1.159276,1.194021,1.077624,1.297748,1.025471,1.075905,1.075344,1.232610,0.971349,1.185868,0.981855,1.034012,0.915989,0.907974,1.101758,1.095403,1.088240,0.994209,1.039896,1.158524,0.952105,0.965971,1.168965,1.094022,0.784573,0.995703,0.836223,1.031370,0.978914,0.979374,1.035259,0.980100,1.053918,1.064797,0.851469,0.971790,1.029331,0.923568,1.000845,1.017394,1.136986,1.000774,0.903788,0.848212,1.174778,1.094275,1.135277,0.899754,1.104824,0.926355,0.959251,0.957137,1.026672,1.006337,0.939135,1.141247,1.246613,1.116364,0.832874,1.097757,0.892205,0.954546,0.981732,1.008510,0.943162,0.904155,0.943630,1.035380,0.784683,0.911574,0.821228,0.853125,0.000000,0.708541,1.129622,1.038615,1.162762,1.094881,1.042877,1.005774,1.093788,0.977883,1.116572,1.035337,1.007721,1.005605,0.940254,1.040828,0.968326,0.916795,0.995755,1.073609,0.848086,0.940526,0.904953
蓝/铸剑__chunk006,1.125935,1.381096,1.255631,1.404536,1.367634,1.304703,1.277522,1.165012,1.213041,1.487012,1.235344,1.279925,0.995406,1.176911,1.053459,1.180681,1.014424,0.971127,1.253132,1.273993,1.176402,1.529134,1.071710,1.273548,1.299745,1.236998,1.019209,1.260668,1.337685,1.333779,1.338053,1.184097,1.062724,1.413500,1.215434,1.411370,1.360283,1.416607,1.170756,1.239355,1.024806,1.067198,0.997659,1.381025,1.241650,1.279170,1.256921,1.371875,1.245063,1.081711,1.116562,1.211703,1.116547,1.242029,1.164704,1.054144,0.922587,0.984594,1.076937,0.986556,0.938301,0.789870,0.981155,0.920262,0.668218,0.894535,1.286243,1.285281,1.104052,1.196590,1.169636,1.145068,1.048096,1.165424,1.130342,1.061778,1.343504,1.147192,1.072513,1.177027,1.378122,1.122317,1.275263,1.053000,1.102933,1.043359,1.062150,1.240882,1.245822,1.228167,1.212774,1.176321,1.235103,0.906006,1.103990,1.386052,1.324232,1.050866,1.136879,0.875844,1.168295,0.948597,0.901034,1.074371,1.168087,1.182155,1.272731,0.919927,1.082546,1.073260,0.996846,1.072930,1.112931,1.224461,1.040545,0.969243,0.944791,1.172396,1.236989,1.093362,0.979043,1.141491,0.920870,0.980631,1.073695,1.092429,0.996377,1.133086,1.238804,1.179523,1.009185,0.916430,0.981095,1.145197,0.964434,1.155968,1.107079,1.047124,0.874581,0.890430,0.935814,0.964148,0.911998,0.813613,0.865990,0.708541,0.000000,0.863421,1.106774,1.198140,1.085725,1.031508,1.033140,1.063146,1.006265,1.082990,0.988835,1.023579,0.989889,0.984592,1.074846,0.981233,1.084063,1.143937,1.087651,0.937808,0.967279,0.874249
蓝/铸剑__chunk007,1.095363,1.201246,1.254977,1.096272,1.289375,1.120546,1.254787,1.141750,1.161458,1.302829,1.090204,1.174032,1.076410,1.298593,1.186568,1.077420,0.904152,0.948752,1.139485,1.177271,1.064995,1.396189,1.045674,1.397723,1.337542,1.303961,1.284047,1.237277,1.245375,1.293139,1.245517,1.156035,1.169335,1.287861,1.256842,1.474073,1.475783,1.441564,1.171903,1.033011,0.987149,1.103859,1.085870,1.291894,1.093722,1.233097,1.131133,1.286657,1.277398,1.230228,1.156439,1.130769,1.142048,1.261360,1.217522,1.149701,1.236635,1.089816,1.078225,1.112772,1.031973,0.991646,0.962953,1.193853,1.010213,0.696734,1.223819,1.260680,1.198962,1.120187,1.072740,1.167002,1.128537,1.188041,1.145781,1.024661,1.260675,1.189007,1.055041,1.084970,1.279966,1.247330,1.171396,1.026723,1.127996,1.040504,1.167527,1.151969,1.223782,1.184037,1.207999,1.246347,1.191539,1.006824,1.108951,1.361476,1.265839,1.147090,1.267744,1.070813,1.193966,0.975312,0.999649,1.184709,1.154119,1.137966,1.290702,1.030740,1.231159,1.222864,1.100096,1.453823,1.121358,1.308038,1.109150,0.996111,1.110476,1.133508,1.387282,1.256305,1.012856,1.036069,0.957192,1.114241,1.015185,1.130515,1.010645,1.182167,1.313946,1.275662,1.141279,1.155385,0.985510,1.345273,1.180729,1.222770,1.309661,1.210684,1.152795,1.224371,1.053415,1.201996,1.156527,0.981826,0.886200,1.129622,0.863421,0.000000,1.133453,1.141849,1.166868,1.080871,1.247540,1.037689,1.079171,1.051733,1.097099,0.899506,0.973975,1.154078,1.019312,1.032541,1.137932,1.328624,1.215285,1.058011,1.129282,1.000263
蓝/阿Q正传__chunk001,1.098807,1.192674,1.136927,1.218046,1.212770,1.116924,1.072989,1.082166,1.063552,1.122532,1.117668,1.194070,0.969383,1.009290,1.016588,1.148688,1.082931,0.942858,1.042351,1.065638,0.947256,1.076114,1.087311,1.307370,1.187826,1.091176,1.176683,1.099597,1.135662,1.208152,1.115790,1.022050,1.120800,1.394057,1.068703,1.217462,1.135684,1.232289,1.123534,1.152544,1.153933,1.135583,0.995712,1.070759,1.058752,1.109051,1.125685,1.327851,1.147300,0.944042,1.019618,0.960205,1.021629,1.067832,1.030849,0.929520,1.162223,1.016032,1.086207,0.916728,0.866053,1.018148,0.974809,1.110490,1.059309,1.207994,0.629425,0.856881,0.951096,0.957228,0.907440,0.921715,0.845783,0.959042,0.972285,0.876567,1.012726,0.931554,1.082162,1.105022,1.001207,1.033291,1.082958,1.012021,1.053474,0.955514,1.025860,1.168566,1.045024,1.176655,1.020342,1.097808,1.109032,0.939820,0.987287,1.133129,1.152166,0.983096,0.979535,0.947680,1.146083,0.995228,1.035200,1.014410,1.031473,1.138121,1.045755,0.957338,1.097250,1.091127,0.995925,1.370561,1.022365,1.177780,1.041898,0.975406,1.053163,1.112436,1.099334,1.120561,1.015540,1.124347,1.063693,1.093761,0.980228,0.961925,1.082106,1.163631,1.316344,1.248233,1.155483,0.976774,1.048403,0.960186,1.048840,1.104807,1.115821,0.968514,1.151402,1.081298,1.069457,1.003343,0.876654,0.873105,0.889598,1.038615,1.106774,1.133453,0.000000,0.901485,1.052833,0.876559,0.971398,0.916443,0.879054,0.936950,0.926335,0.891207,0.903870,0.918446,0.958562,0.855036,0.945087,0.972929,1.076365,0.945843,1.037152,1.050810
蓝/阿Q正传__chunk002,1.072091,1.131830,1.107073,1.167374,1.125465,1.123921,1.132743,1.107244,1.038019,1.202238,1.119383,1.128057,1.059950,1.006205,1.123244,1.136702,1.056594,0.959775,1.082135,1.185561,1.055612,1.140128,1.099225,1.156912,1.268964,1.114522,1.217137,1.117661,1.192845,1.357800,1.202095,0.996141,1.173241,1.325334,1.154021,1.306664,1.212430,1.293373,1.116501,1.069165,1.256645,1.269136,1.157805,1.063583,1.106235,1.229069,1.204100,1.218293,1.120022,1.169958,1.164991,1.017710,1.010101,1.085801,1.041653,1.019381,1.184962,1.014819,1.072718,1.059951,1.044034,1.136672,1.062525,1.154478,1.217397,1.121180,0.897593,0.738432,0.957100,0.981951,1.040276,0.884779,0.991712,1.042857,0.967896,1.012434,1.082197,0.997661,1.033921,1.004249,1.021148,1.057557,1.082118,1.097047,1.094197,1.016165,1.030153,1.070126,1.137256,1.052158,1.089568,1.114798,1.164964,1.072782,1.073259,1.271743,1.183082,1.095227,1.072362,1.076937,1.333492,1.093149,1.044299,0.990945,1.087258,1.135466,1.143360,1.040895,1.085651,1.221685,1.028809,1.455664,1.031885,1.297628,1.146529,0.912545,1.182750,0.966097,1.134447,1.113723,1.050463,1.065192,1.124333,1.207424,1.052502,0.917616,1.130583,1.278387,1.380450,1.274116,1.255161,1.171882,1.175204,1.112195,1.108485,1.123926,1.135364,1.171351,1.225159,1.177544,1.139257,1.144117,0.953144,1.022476,0.973466,1.162762,1.198140,1.141849,0.901485,0.000000,1.102152,0.868740,1.112436,0.875557,1.027388,0.869264,0.917371,0.899177,0.862675,1.023540,0.932127,0.874926,0.951350,1.005619,1.089375,1.082324,0.994918,1.181441
蓝/阿Q正传__chunk003,1.163824,1.406234,1.259633,1.410816,1.306375,1.231044,1.311261,1.315009,1.256151,1.484907,1.278529,1.536152,1.010643,1.119607,1.074681,1.172848,1.089821,1.087631,1.253546,1.291611,1.298952,1.465891,1.178130,1.264494,1.332896,1.202051,1.096367,1.301682,1.257402,1.363057,1.231539,1.205803,1.097549,1.447025,1.371348,1.403624,1.435139,1.444580,1.276853,1.311946,1.167799,1.236899,1.196547,1.325709,1.337353,1.210933,1.344827,1.252465,1.193707,1.122628,1.221532,1.151124,1.194853,1.269736,1.222434,1.100417,1.186996,1.141619,1.181504,1.097690,1.116024,1.067750,1.166175,1.226657,1.129939,1.235262,1.157970,1.070478,0.887838,1.189506,1.003713,1.106580,0.888370,1.155667,1.078470,0.993611,1.269059,1.023611,1.032075,1.038097,1.089931,0.942410,1.130397,1.045185,1.039930,1.037359,1.080961,1.183330,1.242016,1.222200,1.091628,1.158836,1.285681,1.235952,1.176127,1.415508,1.243349,0.933008,1.139194,0.954687,1.274455,1.130677,1.031445,1.160318,1.102493,1.262044,1.247017,1.071706,1.152806,1.188860,0.973444,1.257771,1.138112,1.219786,1.020026,0.987302,1.062650,1.296023,1.223456,1.071409,1.073072,1.202397,1.118328,1.158406,1.139767,1.269720,1.134208,1.189083,1.286426,1.161346,1.213614,1.083694,1.069178,1.268534,1.096800,1.125921,1.281471,1.159097,1.194929,1.133693,1.031657,1.118639,1.058687,0.893536,1.040316,1.094881,1.085725,1.166868,1.052833,1.102152,0.000000,0.916005,0.946954,0.960087,0.969930,0.958353,0.937065,1.014154,1.041874,0.952274,1.070832,0.896699,0.972403,0.965308,1.153262,0.952417,0.980402,1.117399
蓝/阿Q正传__chunk004,1.135496,1.193158,1.116893,1.149284,1.172816,1.113876,1.171372,1.142834,1.086900,1.159767,1.044554,1.316719,1.077386,1.068352,0.980824,1.133768,0.980081,0.861876,1.144514,1.204795,1.125729,1.221585,1.072057,1.285143,1.382776,1.137571,1.050593,1.090733,1.264122,1.331846,1.232254,1.049011,1.067531,1.262881,1.297554,1.371207,1.197661,1.447371,1.041615,1.085332,1.101062,1.222916,1.065282,1.156118,1.169947,1.116735,1.226187,1.227902,1.111092,1.123517,1.117729,1.029301,1.068567,1.104882,1.132338,1.047680,1.134103,0.945283,1.147083,0.894914,1.031361,1.016278,1.027837,1.113112,1.108854,1.218625,1.004133,0.959639,0.934572,0.811576,0.954876,1.028994,0.755752,0.957506,0.917647,0.899644,1.058456,0.978384,1.047117,0.974318,0.938814,1.059779,1.063648,1.068823,1.056055,1.008269,1.052168,1.107625,1.142205,1.167436,0.988794,1.039403,1.198967,1.002222,0.998381,1.212584,1.076065,0.922879,0.995804,0.876852,1.134544,0.987629,1.018815,1.096876,1.076784,1.153671,1.079027,0.964776,1.050634,1.135084,0.943966,1.215263,1.016724,1.251593,1.079322,0.842352,0.972600,1.133335,1.257316,1.106670,1.072577,1.075080,1.040531,1.130389,0.956681,1.003133,0.993866,1.107823,1.279629,1.199384,1.165717,0.986689,1.060320,1.034395,1.019993,1.095852,1.069583,1.208436,1.078250,0.903144,1.091243,0.907872,0.972087,0.871472,0.945166,1.042877,1.031508,1.080871,0.876559,0.868740,0.916005,0.000000,0.838196,0.978244,0.887574,0.806161,0.910611,0.799956,0.868509,0.966688,0.933406,0.661395,0.871772,0.992411,0.994467,0.957232,0.924021,0.963022
蓝/阿Q正传__chunk005,1.272667,1.419693,1.136487,1.346340,1.248569,1.136788,1.266017,1.276348,1.114454,1.296515,1.246815,1.475173,1.062948,1.194475,0.977873,1.245155,1.026080,1.098485,1.197414,1.334016,1.153836,1.330137,1.147689,1.340301,1.391025,1.348283,1.120035,1.152201,1.296275,1.307190,1.298901,1.137828,1.013975,1.333556,1.443867,1.509309,1.470206,1.635377,1.235397,1.353843,1.223836,1.272225,1.093394,1.245533,1.183994,1.292660,1.301030,1.446989,1.229930,1.144536,1.127348,1.085905,1.096416,1.285263,1.155134,1.118088,1.207465,1.014369,1.167170,0.931378,0.955742,1.061059,0.951935,1.110687,1.202639,1.264822,1.196446,1.104841,1.002676,1.155157,0.879430,1.152039,0.844010,1.079398,0.998796,1.048187,1.166166,1.030378,1.058385,0.994616,1.089889,1.057821,1.041332,1.045764,1.096026,0.971819,1.025172,1.133505,1.195930,1.148649,1.041675,1.102780,1.200871,1.024046,1.058573,1.246967,1.189968,1.020248,1.048186,0.816133,1.222884,1.044196,1.076742,1.104641,1.183360,1.226145,1.104176,0.959382,1.112072,1.219383,1.068861,1.138749,1.022337,1.288846,0.991284,0.923957,0.911363,1.322212,1.417339,1.247655,1.038327,1.215674,1.106070,1.127527,0.997654,1.049512,1.121544,1.149178,1.255649,1.257634,1.209378,1.078255,1.072896,1.149267,0.964785,1.130997,1.112309,1.171236,1.066232,0.988969,1.128774,0.917025,0.979148,0.910815,0.937149,1.005774,1.033140,1.247540,0.971398,1.112436,0.946954,0.838196,0.000000,1.106728,0.859917,0.853812,0.876271,0.937240,0.921013,0.884986,0.994953,0.831661,0.987036,0.898117,0.898246,0.941244,0.914787,0.941863
蓝/阿Q正传__chunk006,0.987490,1.158868,1.121906,1.179984,1.206898,1.140711,1.044877,1.119493,1.068171,1.157027,1.143052,1.152211,0.991641,1.065896,1.051122,1.088834,0.845775,0.887187,1.035921,1.132902,0.982943,1.237430,1.035063,1.132927,1.239195,1.051510,1.037970,1.023753,1.112495,1.152464,1.110090,1.089069,1.128854,1.297972,1.203231,1.375929,1.163142,1.249760,1.032488,0.960734,1.041739,1.139393,1.030394,1.065493,1.119318,1.106880,1.056597,1.198098,1.108141,1.116095,0.992644,0.999031,1.045520,1.115589,1.147426,1.024045,1.112602,1.074541,1.025246,1.034963,1.018737,1.036522,1.018897,1.106138,1.131584,1.010175,0.932996,1.036266,0.844591,0.998271,0.923746,0.700356,0.929217,1.036513,1.009397,0.841559,1.045423,0.911193,0.868041,0.917766,1.033296,1.082239,1.022417,0.948079,1.139806,0.958606,1.084111,1.131877,1.182920,1.142878,1.061456,1.117361,1.239000,0.989841,1.023039,1.361882,1.198243,0.990457,0.982608,0.968715,1.262744,0.894238,1.024954,1.065133,1.101757,1.227539,1.172647,0.968332,1.006640,1.092889,0.972568,1.259421,1.010755,1.134282,1.037036,1.000678,0.979656,1.051194,1.106757,0.972308,1.036263,1.073994,1.060342,1.196630,1.002032,1.009845,1.024429,1.138379,1.233929,1.225554,1.181331,1.137758,1.056543,1.162653,1.104977,1.037073,1.147650,1.097979,1.160819,1.099350,1.012769,1.058767,0.933909,0.989408,1.014321,1.093788,1.063146,1.037689,0.916443,0.875557,0.960087,0.978244,1.106728,0.000000,0.955949,0.927558,0.952957,0.854231,0.888605,1.027985,0.904906,0.927821,0.965403,0.953038,1.070017,1.032599,1.013141,1.047641
蓝/阿Q正传__chunk007,1.225074,1.308903,1.159416,1.267544,1.228781,1.142299,1.152696,1.049171,1.168774,1.367274,1.227838,1.317367,0.897012,1.063950,0.911700,1.073530,1.060557,1.106893,1.178278,1.273084,1.053352,1.367669,1.102456,1.296189,1.306904,1.156233,1.045027,1.275395,1.235026,1.179468,1.188468,0.984450,1.015555,1.316295,1.429853,1.430564,1.465880,1.568964,1.023171,1.269100,1.087144,1.028708,1.065064,1.362136,1.206452,1.300860,1.204759,1.279361,1.257215,1.119983,1.084354,1.148985,1.008601,1.234692,1.086944,0.966161,1.003012,0.905955,1.061947,0.907179,0.816145,0.916216,0.860596,1.135659,1.017701,1.101296,1.127028,1.092089,1.083704,1.167697,0.905410,1.028275,0.727164,1.022697,0.920749,0.930256,1.119084,0.925191,0.940738,0.865243,1.139909,0.936230,1.058923,0.829790,1.134029,0.936980,1.080977,1.128331,1.118644,1.128170,1.110565,1.096327,1.124775,0.878651,0.896028,1.271678,1.122467,0.875825,1.043030,0.779589,1.079287,1.017009,0.980447,1.117522,1.041323,1.121895,1.097734,0.841889,1.050369,1.056943,1.006752,1.060771,1.094732,1.227576,0.916358,0.869203,0.785237,1.242753,1.291309,1.246773,0.841483,1.176075,0.958716,0.951690,1.000344,1.098495,1.053363,1.149952,1.190191,1.237952,1.111097,1.046720,0.983142,1.091658,0.953354,1.090913,1.102160,0.969074,0.987531,0.900580,0.820882,0.899189,0.847415,0.791416,0.816839,0.977883,1.006265,1.079171,0.879054,1.027388,0.969930,0.887574,0.859917,0.955949,0.000000,0.880974,0.839698,0.891420,0.852777,0.818037,0.893742,0.691304,0.830580,0.844040,0.908008,0.823256,1.005423,0.881342
蓝/阿Q正传__chunk008,1.128120,1.320459,1.255823,1.227311,1.190242,1.116376,1.177671,1.109992,1.073304,1.230032,1.112017,1.235764,0.986012,1.001732,1.071940,1.048027,0.860701,0.984027,1.144518,1.130814,1.111504,1.191428,1.054517,1.192342,1.287380,1.208959,1.154112,1.069902,1.198558,1.328540,1.164098,1.113765,0.960701,1.375840,1.351590,1.342035,1.230507,1.350514,1.135425,1.145623,1.059683,1.189597,1.102615,1.213878,1.218369,1.176232,1.168504,1.232526,1.230451,1.087178,1.148044,0.992312,1.079342,1.135949,1.102212,1.094897,1.075964,0.925267,1.084871,1.001398,0.925597,1.036712,1.020872,1.053307,1.017251,1.037704,1.020655,0.990711,0.982868,1.105764,0.893024,0.986541,0.897391,0.910399,0.928301,0.883268,1.029419,0.992622,0.951444,0.910496,1.025764,0.920192,1.085781,0.933969,1.053441,0.910893,0.984116,1.172965,1.162509,1.091496,1.087430,1.096720,1.168842,0.954944,0.918181,1.112016,1.092262,0.945752,1.023301,0.898359,1.094655,0.882259,1.010180,1.007940,1.104675,1.135906,1.037998,0.927665,0.951441,1.185709,1.050460,1.270375,0.837140,1.212950,1.024594,0.915361,0.925461,1.175544,1.158349,1.109711,1.050390,1.031900,0.988313,1.045630,0.996322,1.031251,1.010033,1.171821,1.226942,1.120263,1.134821,1.027832,0.995459,1.096044,0.945943,0.883201,1.053809,1.083398,1.132650,0.925872,1.036764,0.993977,0.874225,0.926228,0.934578,1.116572,1.082990,1.051733,0.936950,0.869264,0.958353,0.806161,0.853812,0.927558,0.880974,0.000000,0.934418,0.775994,0.886809,0.940638,0.880868,0.772538,0.785837,0.955874,1.054745,0.922618,0.920405,0.929549
蓝/阿Q正传__chunk009,1.088444,1.187028,1.014984,1.140981,1.107299,1.059506,1.185411,1.057907,1.032968,1.234411,1.060275,1.195643,1.018589,0.994207,0.873692,1.062448,0.993895,0.927136,1.007365,1.067515,0.971843,1.294731,0.936193,1.011056,1.241974,1.057251,1.089622,1.065085,1.110922,1.195369,1.070286,1.044975,0.985374,1.344923,1.148432,1.253035,1.211973,1.312620,0.957006,1.076339,0.940940,1.037923,1.010822,1.147089,1.005198,1.068480,1.096578,1.189296,1.106892,1.000980,1.022719,0.976148,1.008299,1.059686,1.058461,0.908223,0.936409,0.852803,0.961738,0.838586,0.880201,0.881866,0.933231,1.073123,1.006311,1.068695,1.075849,0.936609,0.882701,1.030686,0.876259,1.021080,0.747351,1.023820,0.622780,0.925032,1.012027,0.876904,0.872834,0.941553,0.969173,0.856231,0.990828,0.836024,1.012565,0.851924,1.084886,1.052410,1.064330,1.004641,1.035446,1.043645,1.051586,1.030750,0.894246,1.165694,1.057639,0.907861,0.961754,0.817981,1.086468,0.957854,0.816030,0.947529,0.940498,1.052976,1.057300,0.944910,0.929898,1.021731,0.937376,1.149437,0.932172,1.117429,0.868444,0.874542,0.906217,1.103803,1.176879,1.106793,0.899866,0.996979,0.902235,0.994264,0.987946,0.961026,0.961998,0.957202,1.133806,1.084153,1.160170,0.996307,1.002205,1.154482,0.905678,0.924935,1.069770,0.912887,0.905725,0.980529,1.043183,0.911388,0.791219,0.808621,0.903344,1.035337,0.988835,1.097099,0.926335,0.917371,0.937065,0.910611,0.876271,0.952957,0.839698,0.934418,0.000000,0.876479,0.899746,0.773487,0.915324,0.869856,0.767023,0.840627,0.988735,0.824709,0.880122,0.951274
蓝/阿Q正传__chunk010,1.104731,1.178461,1.116354,1.107151,1.114179,1.086370,1.148421,1.061944,0.955949,1.159050,0.993451,1.122799,1.000341,1.123415,0.942858,1.065637,0.849238,0.929347,1.076133,1.114422,1.020339,1.287261,0.962225,1.158572,1.154659,1.070830,1.140623,1.033503,1.138227,1.281045,1.168426,0.955418,1.041639,1.144939,1.181301,1.288246,1.253282,1.312698,0.973351,1.054470,1.006182,1.161905,1.021666,1.142232,1.010139,1.154628,1.036956,1.158874,1.154290,1.072823,0.962064,0.891897,1.047151,1.124399,0.999609,0.976590,1.070331,0.992723,1.059249,1.003996,1.015415,0.977295,1.063216,1.095368,1.022293,1.015389,0.921355,1.006167,0.891069,0.954787,0.932500,1.016339,0.854367,0.915524,1.014729,0.672606,0.838221,0.945085,0.874635,0.934724,1.043657,0.946851,1.022570,0.935832,0.922216,0.885198,1.078047,1.150614,1.156012,1.114064,1.067175,1.106794,1.147273,0.961476,0.953502,1.225310,1.122996,0.973338,1.004424,0.941219,1.088350,0.787363,0.977758,0.998437,0.971112,1.138782,1.158183,0.807358,0.988889,1.048574,0.791548,1.310669,0.886065,1.243472,1.051218,0.794699,0.925224,1.022485,1.082895,1.194483,0.899373,0.990096,0.937190,1.099094,0.907837,0.964613,1.001253,0.997856,1.272021,1.120406,1.168318,0.923708,0.952475,1.080132,1.058069,0.989035,0.966108,1.013724,1.071315,1.033628,1.065143,1.030900,0.987689,0.889861,0.952646,1.007721,1.023579,0.899506,0.891207,0.899177,1.014154,0.799956,0.937240,0.854231,0.891420,0.775994,0.876479,0.000000,0.692706,0.966755,0.878348,0.737663,0.861417,0.979132,1.005099,0.938167,0.827648,0.854051
蓝/阿Q正传__chunk011,1.109279,1.219286,1.111145,1.070648,1.111913,1.057888,1.102900,1.071523,1.049750,1.180704,1.034944,1.130294,1.045324,1.081270,1.010729,1.037906,0.865059,0.872841,1.033241,1.084004,1.056141,1.241627,1.005561,1.137571,1.235364,1.198264,1.129365,0.975148,1.075391,1.184304,1.133587,1.021950,0.884854,1.185557,1.148770,1.316116,1.252250,1.317695,1.097930,1.028161,0.884197,1.078846,0.976328,1.113728,1.014808,1.136548,1.145861,1.110706,1.163164,1.106880,0.969007,0.986629,1.039728,1.167961,1.017461,0.926189,1.026907,0.946122,0.924627,0.991652,0.884619,0.999464,1.041859,1.102679,1.008341,0.938037,0.997985,1.002057,0.969247,1.001451,1.003681,1.063408,0.948098,0.990974,0.965611,0.788656,0.844936,0.925760,0.926068,0.961522,1.071952,0.979485,1.007393,0.916045,1.014587,0.945232,1.076887,1.148125,1.185616,1.010277,1.073440,1.048078,1.092471,0.909519,0.966396,1.155082,1.136418,0.981618,1.040665,0.849878,1.122524,0.840791,0.948152,0.817916,0.981025,1.021664,1.089866,0.783250,1.052412,1.093557,0.964855,1.243357,0.876351,1.192402,0.887586,0.894887,0.850057,1.023172,1.144101,1.077493,0.921029,0.907305,0.987356,1.077340,0.958421,0.868797,1.051351,1.084904,1.255209,1.211089,1.059493,0.875018,0.994436,1.017812,0.987677,0.970367,0.905675,1.041249,1.004401,0.947345,1.029569,1.016061,0.910038,0.982248,0.866213,1.005605,0.989889,0.973975,0.903870,0.862675,1.041874,0.868509,0.921013,0.888605,0.852777,0.886809,0.899746,0.692706,0.000000,0.918501,0.822449,0.743163,0.887841,0.828380,0.935487,0.848413,0.905252,0.965955
蓝/阿Q正传__chunk012,1.079018,1.096830,1.057771,1.209642,1.212160,0.959370,1.184131,1.161676,0.985200,1.238107,1.105756,1.118404,0.882490,0.958181,0.969009,1.128694,1.006714,0.904691,1.078683,1.042422,1.047543,1.263637,0.892499,1.156639,1.151153,1.085083,0.960435,1.091505,1.091207,1.184947,1.063727,1.044996,0.879899,1.353786,1.131175,1.199852,1.265160,1.269272,0.989127,1.140126,1.025745,1.026496,0.913875,1.241031,1.129702,1.209439,1.191746,1.296539,1.048686,0.951056,0.956877,0.943228,0.959962,1.087549,0.993497,0.882662,1.017020,0.933962,1.014866,0.885525,0.845222,0.853374,0.938993,1.088082,0.984021,1.112918,1.052267,1.074819,1.026076,1.064860,0.936367,1.031207,0.791979,1.047699,0.960832,0.978393,1.109178,0.767940,0.937366,0.967921,1.062041,0.964395,1.083795,0.928106,1.013222,0.819397,1.043439,0.944875,1.041974,0.909404,0.965452,0.957985,1.158473,0.974760,0.889905,1.066952,0.970672,0.905718,0.867268,0.777264,1.119949,0.951661,0.762892,0.893137,0.924852,1.099471,0.963788,0.756620,0.954653,0.970277,0.922717,1.060391,0.965811,0.943656,0.875839,0.934491,0.816283,0.983516,1.147332,0.928178,0.862896,1.042001,0.976884,0.880037,0.943293,0.934289,0.918680,0.963935,1.108746,1.141180,1.115111,0.907306,0.878148,1.009425,0.787993,0.934639,0.952683,0.964080,1.000425,0.893602,0.909849,0.960828,0.848599,0.889033,0.899157,0.940254,0.984592,1.154078,0.918446,1.023540,0.952274,0.966688,0.884986,1.027985,0.818037,0.940638,0.773487,0.966755,0.918501,0.000000,0.929907,0.888038,0.814769,0.818898,1.036456,0.857149,0.905278,0.970499
蓝/阿Q正传__chunk013,1.148669,1.271572,1.101828,1.014970,1.136354,1.127655,1.113071,1.020755,1.050405,1.120360,1.122085,1.340187,0.937798,1.035134,0.997346,1.041664,0.930615,0.992551,1.055624,1.119126,0.903051,1.214431,0.974016,1.103763,1.145803,1.016669,1.105941,1.084116,1.087829,1.132505,1.101848,1.019730,1.006316,1.265799,1.236980,1.299859,1.229576,1.294466,1.032600,1.040467,1.088384,1.085528,0.969778,1.120448,1.090824,1.197545,1.013541,1.183857,1.179131,1.139987,1.080278,1.065314,1.005501,1.111320,1.124299,0.935470,0.989977,0.949419,0.921928,0.848745,0.953792,0.897122,1.109695,1.128560,1.097259,1.003740,1.069218,0.976897,0.881104,1.073479,0.887533,0.974203,0.895519,0.960297,0.930573,0.968961,1.032078,0.957431,0.683343,0.868373,0.985229,1.060875,0.963334,0.995401,1.024375,0.922992,1.119567,1.089555,1.131295,1.008503,1.055719,1.043510,1.088743,0.979179,0.935950,1.186652,1.000204,0.898601,1.030552,0.902770,1.146976,0.878296,1.054501,1.070043,0.956241,1.019096,1.055060,0.991207,0.931772,1.067723,0.984402,1.218237,0.813342,1.210336,0.954820,0.917033,1.044178,1.031268,1.152553,1.122405,0.988811,1.020091,0.947822,1.078706,0.851181,0.956518,1.001502,1.023616,1.091824,1.154147,1.193564,1.140120,1.082112,1.099160,0.941938,1.005016,1.088046,1.101503,1.005983,1.093230,1.006068,0.930009,0.940991,0.904260,1.007070,1.040828,1.074846,1.019312,0.958562,0.932127,1.070832,0.933406,0.994953,0.904906,0.893742,0.880868,0.915324,0.878348,0.822449,0.929907,0.000000,0.887790,0.818414,0.904481,0.972376,0.897338,1.013046,0.882625
蓝/阿Q正传__chunk014,1.080436,1.252286,1.184754,1.147696,1.096164,1.071877,1.181695,1.115069,1.054514,1.240916,1.106085,1.199910,0.969908,0.955630,0.868575,1.003775,0.975778,0.894500,1.008170,1.206762,1.085357,1.226134,1.010286,1.136506,1.236600,1.175648,1.072047,1.140406,1.209878,1.247670,1.220595,0.974899,1.029183,1.269643,1.335420,1.355814,1.276249,1.451262,1.046720,1.074969,1.076577,1.134295,1.048212,1.242332,1.179501,1.162734,1.232283,1.272783,1.134193,1.104376,1.069390,1.008808,0.956320,1.114590,1.010160,0.952545,1.028782,0.923369,1.079648,0.872029,0.888590,0.949314,0.892993,1.012277,1.053837,1.122007,1.019632,0.971403,0.941753,0.995146,0.910939,1.034448,0.770937,0.974901,0.921065,0.848038,1.093368,0.940446,0.949262,0.854392,0.909262,0.873488,0.929915,0.951817,1.010240,0.962740,0.984710,1.024885,1.081010,0.988016,0.947513,1.060553,1.135385,0.888185,0.879464,1.141037,1.004400,0.794514,0.899700,0.773556,1.030402,0.924046,0.961113,0.947435,0.905350,1.079350,1.045360,0.827699,0.928494,1.017127,0.867998,1.075408,0.934513,1.267285,0.952899,0.798206,0.879886,1.139479,1.292467,1.106308,0.884316,1.007439,0.938346,0.990333,0.938636,0.914791,0.995758,1.037478,1.214013,1.184908,1.160890,0.917470,1.017362,1.068300,0.988402,0.929064,1.002519,1.017773,0.982508,0.858881,0.957178,0.912338,0.863117,0.809247,0.787818,0.968326,0.981233,1.032541,0.855036,0.874926,0.896699,0.661395,0.831661,0.927821,0.691304,0.772538,0.869856,0.737663,0.743163,0.888038,0.887790,0.000000,0.761171,0.885354,0.879364,0.891136,0.799800,0.924668
蓝/阿Q正传__chunk015,1.164459,1.252807,1.152529,1.158494,1.151003,1.127755,1.190766,1.012801,1.038853,1.246495,1.151677,1.317742,0.980745,1.014727,0.772683,0.934761,0.935837,0.960724,1.065538,1.126059,1.117641,1.248698,0.926517,1.018637,1.268162,1.057661,1.074551,1.062323,1.031093,1.215663,1.128157,0.926616,0.937720,1.317692,1.170878,1.308912,1.197187,1.334067,0.946207,1.116921,0.984200,1.014109,1.032519,1.187272,1.132176,1.065642,1.147922,1.235616,1.174205,1.069315,1.044356,0.994988,0.993908,1.107132,1.106667,0.953190,0.889793,0.818248,0.971823,0.812473,0.897066,0.810523,1.013422,1.006908,0.921540,1.129082,1.036738,0.997980,0.993954,0.976142,0.880179,1.012012,0.757002,0.969177,0.874684,0.963569,1.036809,0.895597,0.876625,0.845576,0.842549,0.730716,0.940480,0.894541,0.989872,0.861493,1.017529,1.128322,1.123543,1.062865,1.051055,1.083823,1.199771,1.015409,0.894795,1.244364,0.940323,0.839849,0.977007,0.758103,0.952209,0.914191,0.922407,1.042388,0.980609,1.045359,1.106094,0.883014,0.831141,1.091739,0.959509,1.167817,0.921679,1.108539,0.977420,0.821786,0.899434,1.112280,1.189671,1.220641,0.872404,1.098874,0.920246,1.107593,0.946490,1.034230,0.978806,1.039802,1.173259,1.123580,1.341091,0.948395,1.051937,1.098831,0.956587,0.921699,1.000766,0.975011,0.843185,0.973213,0.931949,0.899831,0.904089,0.760773,0.998000,0.916795,1.084063,1.137932,0.945087,0.951350,0.972403,0.871772,0.987036,0.965403,0.830580,0.785837,0.767023,0.861417,0.887841,0.814769,0.818414,0.761171,0.000000,0.873969,0.953044,0.876645,0.947148,0.968105
蓝/阿Q正传__chunk016,1.193898,1.276330,1.139219,1.174240,1.194277,1.063455,1.088291,1.187819,1.058900,1.133060,1.184389,1.322377,0.978071,1.043339,0.863979,1.083047,1.034218,1.045920,1.063968,1.195144,1.119398,1.316743,1.028296,1.119775,1.247324,1.167852,1.008351,1.095573,1.130474,1.089462,1.094849,1.085365,1.039208,1.379692,1.273229,1.175726,1.247191,1.308381,1.063148,1.165409,1.118232,1.033158,1.041986,1.263633,1.115196,1.189533,1.170256,1.277840,1.079576,1.045153,1.034189,1.023127,0.935794,1.101327,1.093403,0.937857,1.025058,0.922566,1.048885,0.873737,0.906808,1.049840,1.001630,1.091787,1.178460,1.249076,1.063268,1.065617,0.899733,1.148971,0.926000,1.016793,0.836595,0.991308,0.924161,0.985892,1.074263,0.907483,0.938806,1.043221,1.059471,0.693846,0.929996,0.945535,1.062878,0.930572,1.147624,1.143437,1.180363,1.028437,1.023601,1.057227,1.193469,1.045440,0.977883,1.138509,1.080832,0.841170,1.003317,0.811574,1.095945,1.029318,1.107638,1.002864,1.032266,1.146214,1.081115,0.954839,1.014897,1.189105,1.033222,1.231033,0.974002,1.108187,1.001332,0.972935,0.925549,1.238606,1.184671,1.046132,0.967148,1.147647,1.139266,1.039073,0.967232,1.055044,1.100248,1.087484,1.243286,1.240219,1.229920,1.043602,1.127749,1.069522,0.941898,0.980401,1.129205,1.102897,1.011928,0.975933,1.007698,0.956719,0.900399,0.936308,0.947302,0.995755,1.143937,1.328624,0.972929,1.005619,0.965308,0.992411,0.898117,0.953038,0.844040,0.955874,0.840627,0.979132,0.828380,0.818898,0.904481,0.885354,0.873969,0.000000,1.027980,1.009561,0.997670,1.127716
蓝/阿Q正传__chunk017,1.268580,1.316254,1.296671,1.272058,1.174104,1.138698,1.190061,1.173233,1.117577,1.314475,1.176718,1.343488,1.010626,1.276460,1.057523,1.082929,1.146614,1.077959,1.263649,1.284456,1.045991,1.503205,1.078329,1.325256,1.325913,1.381584,1.114516,1.309712,1.316785,1.324211,1.313233,1.144734,1.260833,1.240977,1.315843,1.451810,1.430714,1.517111,1.163302,1.168193,1.188098,1.206183,1.177080,1.416425,1.197809,1.348570,1.239229,1.427074,1.235283,1.235866,1.101774,1.156738,1.208097,1.243397,1.223436,1.125511,1.145781,1.045172,1.121184,1.053183,0.990041,0.963655,1.045450,1.211136,1.166412,1.281723,1.221017,1.188248,1.069617,1.137127,0.967310,1.247059,0.927711,1.199907,1.075988,1.019717,1.212366,1.048146,1.128743,1.088776,1.132382,1.106737,0.939373,1.065618,1.191510,1.068243,1.208001,1.256980,1.308939,1.179683,1.165897,1.194077,1.194269,1.054596,1.087074,1.350260,1.206393,0.964885,1.101696,0.953274,1.204276,1.093671,1.090013,1.159013,1.165799,1.215988,1.223712,1.097311,1.140569,1.149783,1.100923,1.028458,1.162361,1.461453,1.034532,0.990804,1.050377,1.197244,1.379898,1.214881,1.058745,1.120600,1.064881,1.110496,1.105336,1.132505,1.131561,1.254014,1.260814,1.241383,1.187728,1.236723,1.232097,1.233908,1.137456,1.101656,1.234168,1.065687,1.085848,1.063988,1.061291,1.085792,1.073782,0.890666,1.034025,1.073609,1.087651,1.215285,1.076365,1.089375,1.153262,0.994467,0.898246,1.070017,0.908008,1.054745,0.988735,1.005099,0.935487,1.036456,0.972376,0.879364,0.953044,1.027980,0.000000,1.012134,1.095252,1.058645
蓝/风波__chunk001,0.905768,1.109811,0.960568,1.093478,1.017146,0.861283,1.001060,0.982343,1.011010,1.151537,0.965666,1.281192,0.792156,0.929027,0.868273,1.010412,0.968217,0.944042,1.095844,0.988137,0.964714,1.241689,1.048986,1.034897,1.152524,1.018272,0.925156,1.003658,1.039576,1.202144,1.071369,0.858887,0.892750,1.194194,1.188663,1.282443,1.294406,1.314498,0.962354,1.079365,0.905315,0.950852,0.813690,1.155049,0.947782,1.045684,1.024141,1.106641,0.994679,0.932660,0.928201,0.865751,0.893607,1.024800,0.873527,0.792581,0.937664,0.825900,0.758703,0.787060,0.824669,0.968808,1.019106,0.904546,0.887914,0.965257,1.159370,1.158256,1.056186,1.169509,1.036972,1.022125,0.944866,1.079793,0.927893,0.930932,1.131879,1.062031,0.826722,0.984442,1.181074,0.952616,1.152800,0.573383,0.863996,0.736982,0.815592,0.950419,1.026034,0.938782,0.872933,0.902241,1.034401,0.882414,0.883145,1.129606,0.997568,0.702304,0.843117,0.801557,1.093032,0.899792,0.904384,0.900770,0.885171,0.984341,0.956336,0.881115,0.880025,0.962026,0.844452,1.027281,0.820203,1.051052,0.798295,0.765628,0.759917,1.108930,1.141336,1.073237,0.750519,0.926108,0.833790,0.854583,0.816836,0.959468,0.802209,0.792378,1.106076,0.962141,0.999740,0.944086,0.927892,0.960500,0.720108,0.887995,0.905480,0.849656,0.898086,0.899005,0.920525,0.851467,0.832549,0.883018,0.839049,0.848086,0.937808,1.058011,0.945843,1.082324,0.952417,0.957232,0.941244,1.032599,0.823256,0.922618,0.824709,0.938167,0.848413,0.857149,0.897338,0.891136,0.876645,1.009561,1.012134,0.000000,0.877481,0.799184
蓝/风波__chunk002,1.101021,1.221760,1.145440,1.202898,1.116171,1.009303,1.182171,1.205323,0.945199,1.110046,1.079530,1.227871,0.947984,0.913829,0.823707,1.071471,1.014384,0.971815,1.102905,1.051625,1.069834,1.228167,0.947398,1.245883,1.169140,1.098116,1.026033,1.097037,1.042450,1.194037,1.131609,0.965398,0.986810,1.252727,1.175607,1.245711,1.242557,1.291971,1.097477,1.167235,1.095895,1.127051,1.026220,1.202244,1.150193,0.967837,1.124848,1.229432,1.055353,0.874638,0.954257,0.917402,0.925875,0.997536,0.973537,0.823245,1.092204,0.938850,0.919750,0.877346,0.902845,0.964219,0.877539,1.035816,0.977315,1.173701,1.112582,1.122952,1.057249,1.153720,0.975719,1.096797,0.882413,1.121232,1.039859,0.986943,1.182599,0.958805,1.000423,1.095545,1.040753,1.022947,1.090216,0.902149,0.769451,0.883155,1.032558,1.156722,1.153361,1.014388,0.950061,1.047323,1.120947,1.037496,0.889894,1.172660,1.108943,0.890366,0.931355,0.918364,1.069097,0.987517,0.928442,0.938108,0.983588,1.080951,0.993724,0.964935,0.988571,0.999182,0.897001,1.061768,0.921840,1.011279,0.898994,0.857202,0.940038,0.996318,1.109370,0.947794,0.961525,1.011596,0.966949,1.049538,0.958528,0.917381,0.959400,0.903477,1.155479,1.102774,1.165780,0.784640,0.842454,0.930827,0.906270,0.922244,0.936273,0.907991,1.076448,0.919992,1.031992,0.939306,0.884195,0.946830,0.848718,0.940526,0.967279,1.129282,1.037152,0.994918,0.980402,0.924021,0.914787,1.013141,1.005423,0.920405,0.880122,0.827648,0.905252,0.905278,1.013046,0.799800,0.947148,0.997670,1.095252,0.877481,0.000000,0.876618
蓝/风波__chunk003,1.134717,1.333269,1.194042,1.339022,1.205186,1.121660,1.125464,1.117698,0.982220,1.230735,1.184888,1.275527,0.884810,1.026742,0.863869,0.964348,0.988119,0.986221,1.170418,1.019323,1.060175,1.327603,1.010803,1.207418,1.211424,1.086116,0.984670,1.142509,1.174989,1.213499,1.195332,0.951487,1.013342,1.208645,1.187698,1.376648,1.265286,1.417668,1.080247,1.154028,0.993298,1.074123,1.009686,1.200158,1.124952,1.171113,1.023121,1.193567,1.223257,1.000674,0.958948,0.989579,0.974282,1.078201,0.974385,0.903685,0.979201,0.918666,0.993268,0.989291,0.838453,0.919858,0.971996,1.014237,0.877065,0.991683,1.243844,1.251180,1.129849,1.216189,1.065292,1.161108,0.903920,1.051722,1.063635,0.972457,1.206980,1.012083,0.901433,1.032336,1.171541,1.143311,1.178955,0.850031,0.959048,0.775266,0.962862,1.139689,1.030425,1.133016,1.044820,1.084839,1.034774,0.970042,0.910000,1.206518,1.133132,0.812401,0.928704,0.786837,0.852789,0.927340,0.942819,1.093304,0.991549,1.093659,1.074010,0.883874,0.925876,0.993207,0.846424,1.029157,0.985395,1.093573,0.908164,0.876179,0.876987,1.043962,1.251079,1.141478,0.921591,1.039607,0.928259,0.935783,0.959405,1.077802,0.934941,0.914773,1.017860,1.070825,1.058215,0.848174,0.924366,0.965454,0.842455,0.892171,1.037936,0.873669,0.876951,0.884978,0.971001,0.928574,0.830989,0.811896,0.920655,0.904953,0.874249,1.000263,1.050810,1.181441,1.117399,0.963022,0.941863,1.047641,0.881342,0.929549,0.951274,0.854051,0.965955,0.970499,0.882625,0.924668,0.968105,1.127716,1.058645,0.799184,0.876618,0.000000
